feedback_id,created_at,author_type,channel,text,true_theme
F00000,2025-09-14,customer,support,"FYI Two appointments in a row moved at the last minute, I've lost a week Otherwise fine",provider_no_show
F00001,2026-01-15,customer,review,"Two appointments in a row moved at the last minute, I've lost a week",provider_no_show
F00002,2025-09-11,customer,support,"Hi, Warning light on the boiler the whole time, was told to ignore it Would appreciate a reply",safety_issue
F00003,2025-09-17,provider,support,"fyi the customer was actually two counties away, the address must have been typed wrong not impressed",lead_quality
F00004,2025-11-18,provider,support,update - uploaded a new profile photo and it shows sideways would appreciate a reply,app_bug
F00005,2026-02-20,provider,survey,two refunds approved by email but nothing showing in the account cheers,credits_refund
F00006,2026-02-19,provider,survey,"My balance went down by 11 and I didn't buy anything, what happened Please sort it out",credits_refund
F00007,2025-09-07,customer,support,"not happy. sent three messages, no reply for a week been using the site since december Regards,",provider_communication
F00008,2025-10-15,customer,review,just to say left exposed wiring behind the panel and said it would be fine thanks,safety_issue
F00009,2025-12-17,provider,review,"Quick one: The refund button does nothing, credits just disappeared Been using the site since December",credits_refund
F00010,2025-11-12,provider,support,Paid for a lead and the customer's number was disconnected Would appreciate a reply,lead_quality
F00011,2026-01-24,provider,support,"Honestly, Turned up 25 minutes into a one hour slot and still charged the full hour This was in Z23",provider_no_show
F00012,2025-11-23,provider,survey,"Hi, Lead was from Z05 which I don't even cover, why was it sent to me Second time this has happened",lead_quality
F00013,2025-11-06,provider,survey,Customers keep saying they already found someone by the time I call Please sort it out email me at ahmed83@example.com,lead_quality
F00014,2025-10-06,customer,review,"Not happy. Isolation switch didn't seem to work properly, felt unsafe Thanks Sent from my iPhone",safety_issue
F00015,2025-12-19,customer,review,"feedback: was told £30 an hour, invoice came in at £47, no explanation second time this has happened",price_dispute
F00016,2026-02-02,customer,review,"honestly, price on the profile said £31 but he charged £48 per hour second time this has happened",price_dispute
F00017,2026-02-11,customer,review,So He simply didn't show up on Saturday and went quiet afterwards Would appreciate a reply,provider_no_show
F00018,2025-10-14,customer,support,Asked for cash up front for the full job then said the rate had gone up Would appreciate a reply,price_dispute
F00019,2025-09-01,provider,review,"Hi, Was promised my money back for the fake enquiry, 2 days later still waiting",credits_refund
F00020,2025-09-12,customer,review,"quick one: felt rushed, didn't finish the sealing properly before leaving not impressed -- This message was sent via the marketplace app",workmanship_quality
F00021,2025-12-12,provider,support,Feedback: The app crashes every time I open the leads tab Second time this has happened,app_bug
F00022,2026-01-26,provider,review,customers keep saying they already found someone by the time i call not impressed,lead_quality
F00023,2026-02-13,customer,survey,"FYI Snapped at me when I asked a question, made the whole thing uncomfortable Been using the site since January",workmanship_quality
F00024,2026-01-13,provider,review,Feedback: The availability calendar doesn't keep my changes after I close it,app_bug
F00025,2025-11-02,provider,review,"feedback: the refund button does nothing, credits just disappeared",credits_refund
F00026,2025-10-01,customer,review,So Price on the profile said £30 but he charged £45 per hour This was in Z13,price_dispute
F00027,2026-02-06,customer,survey,"Hi, Expensive compared to what was advertised, felt misled Otherwise fine I live near Z24 2DD",price_dispute
F00028,2025-11-04,customer,support,"booked a morning slot, waited 40 minutes, nobody came. no explanation would appreciate a reply",provider_no_show
F00029,2025-09-28,customer,support,"hi, no dust sheets, no mask, debris left all over a room with a baby in it",safety_issue
F00030,2025-11-13,customer,review,"Quick one: Spent most of the visit on his phone, barely explained anything Would appreciate a reply",workmanship_quality
F00031,2025-12-29,customer,review,good,noise
F00032,2026-02-20,customer,review,so left exposed wiring behind the panel and said it would be fine thanks I live near Z02 7BC,safety_issue
F00033,2025-12-19,customer,review,So He simply didn't show up on Saturday and went quiet afterwards Cheers,provider_no_show
F00034,2026-01-29,provider,support,"Hi, Getting enquiries from people who want work in three months, not now Cheers -- This message was sent via the marketplace app",lead_quality
F00035,2025-11-04,provider,review,"Quick one: The customer was actually two counties away, the address must have been typed wrong",lead_quality
F00036,2026-02-12,provider,support,so two refunds approved by email but nothing showing in the account second time this has happened,credits_refund
F00037,2026-02-09,provider,support,"Hi, Credits not refunded after the customer cancelled, support not replying Please sort it out",credits_refund
F00038,2026-01-09,customer,survey,"Brilliant at talking me through the options, I was dreading this and it was painless Please sort it out -- This message was sent via the marketplace app",workmanship_quality
F00039,2025-12-03,provider,review,"Honestly, Requested a refund for a dead lead 2 weeks ago, still nothing Please sort it out",credits_refund
F00040,2026-01-13,provider,survey,"hi, lead was from z13 which i don't even cover, why was it sent to me been using the site since november",lead_quality
F00041,2026-01-25,customer,support,fine,noise
F00042,2025-10-23,customer,review,"quick one: hidden fees for materials and disposal, not mentioned before",price_dispute
F00043,2025-10-24,provider,support,feedback: bought 12 leads this month and only one picked up the phone second time this has happened,lead_quality
F00044,2026-03-01,provider,review,"Feedback: The refund button does nothing, credits just disappeared Otherwise fine",credits_refund
F00045,2025-11-05,customer,support,"Honestly, Nice enough but I didn't feel much had been done after ten hours Please sort it out",workmanship_quality
F00046,2025-12-01,customer,review,Not happy. Paid for the lead apparently but I never heard from anyone Please sort it out,provider_communication
F00047,2026-02-01,provider,review,"FYI The customer was actually two counties away, the address must have been typed wrong",lead_quality
F00048,2025-10-11,customer,review,"Sent three messages, no reply for a week Otherwise fine",provider_communication
F00049,2025-11-08,provider,support,So The availability calendar doesn't keep my changes after I close it Cheers my number is 07700 900240,app_bug
F00050,2026-01-20,customer,review,"So The ladder he used was visibly damaged, I mentioned it and got shrugged at Been using the site since September",safety_issue
F00051,2026-02-06,customer,review,,provider_communication
F00052,2025-12-08,customer,review,"Just to say Brilliant at talking me through the options, I was dreading this and it was painless Otherwise fine",workmanship_quality
F00053,2025-11-13,provider,review,The availability calendar doesn't keep my changes after I close it Second time this has happened,app_bug
F00054,2026-02-23,provider,support,"Credits not refunded after the customer cancelled, support not replying This was in Z25 Sent from my iPhone",credits_refund
F00055,2025-09-18,customer,review,"Quick one: Kept coming back for the same fault each week, no real progress at all my number is 07700 900545",workmanship_quality
F00056,2025-10-30,provider,support,"just to say can't update my coverage zones, the save button is greyed out",app_bug
F00057,2025-11-03,provider,survey,n/a,noise
F00058,2025-10-05,provider,survey,"honestly, paid for a lead and the customer's number was disconnected cheers",lead_quality
F00059,2025-12-02,provider,review,"Honestly, Two refunds approved by email but nothing showing in the account Cheers",credits_refund
F00060,2025-09-05,customer,support,"Not happy. Really thorough, explained the whole job clearly and finished ahead of time! Second time this has happened",workmanship_quality
F00061,2025-12-25,customer,survey,FYI Asked for cash up front for the full job then said the rate had gone up Cheers,price_dispute
F00062,2025-11-02,provider,review,"update - the refund button does nothing, credits just disappeared second time this has happened my number is 07700 900415",credits_refund
F00063,2025-12-23,provider,review,"FYI Requested a refund for a dead lead 2 weeks ago, still nothing",credits_refund
F00064,2025-10-30,provider,support,"Honestly, Requested a refund for a dead lead 2 weeks ago, still nothing Second time this has happened",credits_refund
F00065,2025-11-28,customer,review,Just to say Paid for the lead apparently but I never heard from anyone Not impressed -- This message was sent via the marketplace app,provider_communication
F00066,2026-01-08,customer,support,fyi asked for cash up front for the full job then said the rate had gone up would appreciate a reply -- This message was sent via the marketplace app,price_dispute
F00067,2025-10-29,customer,survey,"Update - Spent most of the visit on his phone, barely explained anything Been using the site since December",workmanship_quality
F00068,2025-12-08,customer,support,"Quick one: Felt rushed, didn't finish the sealing properly before leaving Thanks",workmanship_quality
F00069,2025-12-21,provider,support,"Someone wanting an installation sent to me, I only do repairs, that's on you Please sort it out -- This message was sent via the marketplace app",lead_quality
F00070,2025-12-17,customer,review,feedback: asked for cash up front for the full job then said the rate had gone up would appreciate a reply,price_dispute
F00071,2026-02-04,provider,support,"FYI Credits not refunded after the customer cancelled, support not replying Thanks",credits_refund
F00072,2025-11-30,customer,review,"Feedback: Explains things in a way that actually makes sense, worth every penny Please sort it out",workmanship_quality
F00073,2025-10-24,customer,support,"Feedback: Was told £32 an hour, invoice came in at £46, no explanation Second time this has happened",price_dispute
F00074,2026-02-07,customer,support,feedback: would be nice to actually get a response from the person i was matched with thanks,provider_communication
F00075,2026-02-17,customer,support,Feedback: Provider bought my lead but never contacted me Not impressed,provider_communication
F00076,2025-11-07,provider,support,"FYI Two appointments in a row moved at the last minute, I've lost a week Not impressed",provider_no_show
F00077,2025-11-30,customer,survey,"honestly, really thorough, explained the whole job clearly and finished ahead of time! would appreciate a reply",workmanship_quality
F00078,2025-12-25,customer,support,"Honestly, Kept coming back for the same fault each week, no real progress at all This was in Z17",workmanship_quality
F00079,2025-10-28,provider,review,Not happy. The availability calendar doesn't keep my changes after I close it,app_bug
F00080,2026-01-22,provider,review,fyi the app crashes every time i open the leads tab cheers I live near Z11 3ED,app_bug
F00081,2026-02-19,provider,review,"Feedback: Customer never answered, wasted credits again my number is 07700 900948 -- This message was sent via the marketplace app",lead_quality
F00082,2025-12-04,customer,support,So Nobody got in touch after I filled in the form This was in Z06,provider_communication
F00083,2026-01-17,customer,review,"Quick one: Cancelled on me twice last minute, really unreliable Please sort it out",provider_no_show
F00084,2025-10-25,provider,review,"Quick one: Someone wanting an installation sent to me, I only do repairs, that's on you Please sort it out -- This message was sent via the marketplace app",lead_quality
F00085,2025-11-16,customer,support,"Every visit had a clear plan and a recap at the end, finished in 10 days",workmanship_quality
F00086,2026-01-11,provider,review,"So Same customer sent to me twice, charged twice Been using the site since September",lead_quality
F00087,2025-09-12,customer,support,Not happy. Would be nice to actually get a response from the person I was matched with Been using the site since October,provider_communication
F00088,2025-10-23,provider,survey,FYI Notifications arrive hours late so I miss leads Been using the site since October,app_bug
F00089,2026-02-08,customer,survey,"Honestly, Sent three messages, no reply for a week Otherwise fine",provider_communication
F00090,2025-09-23,customer,survey,"Not happy. Booked a morning slot, waited 40 minutes, nobody came. No explanation my number is 07700 900449",provider_no_show
F00091,2026-01-18,customer,support,"fyi two appointments in a row moved at the last minute, i've lost a week",provider_no_show
F00092,2025-12-12,provider,survey,not happy. bought 14 leads this month and only one picked up the phone please sort it out,lead_quality
F00093,2026-02-17,provider,review,"Just to say Credits not refunded after the customer cancelled, support not replying Cheers",credits_refund
F00094,2026-01-19,provider,review,"FYI Login loop on Android, keeps sending me back to the start screen Please sort it out",app_bug
F00095,2026-01-30,provider,review,"just to say the customer was actually two counties away, the address must have been typed wrong",lead_quality
F00096,2025-12-18,provider,support,notifications arrive hours late so i miss leads Sent from my iPhone,app_bug
F00097,2025-09-03,customer,support,"Hi, Two appointments in a row moved at the last minute, I've lost a week Been using the site since November",provider_no_show
F00098,2025-12-14,customer,review,"Hi, Really thorough, explained the whole job clearly and finished ahead of time!",workmanship_quality
F00099,2025-12-25,customer,support,"Just to say Two appointments in a row moved at the last minute, I've lost a week",provider_no_show
F00100,2026-02-28,provider,support,"hi, top up went through on my card but the balance didn't change otherwise fine",credits_refund
F00101,2026-02-24,customer,support,"Update - Explains things in a way that actually makes sense, worth every penny Thanks email me at kwame25@example.com",workmanship_quality
F00102,2025-11-14,customer,review,"Hi, He simply didn't show up on Saturday and went quiet afterwards Thanks",provider_no_show
F00103,2025-12-18,provider,review,"Quick one: Can't update my coverage zones, the save button is greyed out",app_bug
F00104,2026-01-04,customer,support,just to say quoted one price then asked for more once the work started,price_dispute
F00105,2026-02-04,customer,review,"not happy. every visit had a clear plan and a recap at the end, finished in 3 days thanks",workmanship_quality
F00106,2025-09-18,customer,support,"Honestly, Explains things in a way that actually makes sense, worth every penny Thanks email me at marek10@example.com",workmanship_quality
F00107,2025-11-16,provider,support,Update - Notifications arrive hours late so I miss leads I live near Z23 1DD,app_bug
F00108,2025-12-07,provider,review,,lead_quality
F00109,2026-02-04,provider,review,So Two refunds approved by email but nothing showing in the account Not impressed my number is 07700 900061,credits_refund
F00110,2025-12-06,provider,survey,So Bought 13 leads this month and only one picked up the phone Please sort it out,lead_quality
F00111,2025-12-09,customer,review,He simply didn't show up on Saturday and went quiet afterwards Not impressed,provider_no_show
F00112,2025-11-16,provider,review,"Quick one: Was promised my money back for the fake enquiry, 14 days later still waiting Would appreciate a reply",credits_refund
F00113,2025-12-29,customer,review,"FYI Left me waiting at the property in Z20 all morning, no message nothing Otherwise fine",provider_no_show
F00114,2026-01-05,provider,support,"Hi, Someone wanting an installation sent to me, I only do repairs, that's on you Please sort it out",lead_quality
F00115,2026-02-23,customer,support,"Still waiting for someone to call me back, it's been 13 days Would appreciate a reply",provider_communication
F00116,2026-02-23,provider,support,"Quick one: Expensive compared to what was advertised, felt misled",price_dispute
F00117,2025-09-04,provider,support,"Update - Was promised my money back for the fake enquiry, 8 days later still waiting Otherwise fine",credits_refund
F00118,2025-12-06,customer,review,"Feedback: Every visit had a clear plan and a recap at the end, finished in 12 days Please sort it out",workmanship_quality
F00119,2025-12-19,customer,review,"Was told £30 an hour, invoice came in at £40, no explanation This was in Z10",price_dispute
F00120,2025-10-14,customer,support,So Paid for the lead apparently but I never heard from anyone my number is 07700 900773,provider_communication
F00121,2025-09-19,customer,review,Price on the profile said £39 but he charged £43 per hour,price_dispute
F00122,2025-11-04,provider,review,"feedback: cancelled on me twice last minute, really unreliable would appreciate a reply",provider_no_show
F00123,2025-10-15,provider,review,"Just to say Was late again by half an hour, third time this month my number is 07700 900621 Sent from my iPhone",provider_no_show
F00124,2025-12-28,customer,review,"Just to say Still waiting for someone to call me back, it's been 14 days Otherwise fine Sent from my iPhone",provider_communication
F00125,2025-09-11,provider,review,"update - the refund button does nothing, credits just disappeared not impressed",credits_refund
F00126,2026-01-20,customer,support,"Update - Explains things in a way that actually makes sense, worth every penny This was in Z28",workmanship_quality
F00127,2026-01-14,customer,review,"Spent most of the visit on his phone, barely explained anything",workmanship_quality
F00128,2025-10-09,provider,review,map view is blank on my phone since the last update I live near Z21 3BD,app_bug
F00129,2025-09-11,customer,survey,"Booked a morning slot, waited 40 minutes, nobody came. No explanation Cheers",provider_no_show
F00130,2025-10-17,customer,support,Feedback: Nice enough but I didn't feel much had been done after ten hours Been using the site since December,workmanship_quality
F00131,2026-01-03,customer,review,"Honestly, Was late again by half an hour, third time this month",provider_no_show
F00132,2025-11-27,customer,survey,"FYI Provider Olga didn't turn up for the first visit and never called Cheers Regards,",provider_no_show
F00133,2026-01-23,customer,survey,Just to say Provider Priya didn't turn up for the first visit and never called Would appreciate a reply,provider_no_show
F00134,2025-11-25,customer,review,"Just to say Cancelled on me twice last minute, really unreliable Been using the site since September",provider_no_show
F00135,2026-02-28,provider,support,Feedback: Map view is blank on my phone since the last update I live near Z29 3ED -- This message was sent via the marketplace app,app_bug
F00136,2025-11-12,customer,review,"fyi two appointments in a row moved at the last minute, i've lost a week not impressed my number is 07700 900971",provider_no_show
F00137,2026-01-11,provider,support,fyi paid for a lead and the customer's number was disconnected second time this has happened,lead_quality
F00138,2025-12-26,provider,support,"getting enquiries from people who want work in three months, not now second time this has happened I live near Z11 8BF",lead_quality
F00139,2025-09-22,customer,support,paid for the lead apparently but i never heard from anyone please sort it out,provider_communication
F00140,2025-09-21,customer,review,Feedback: Quoted one price then asked for more once the work started Would appreciate a reply -- This message was sent via the marketplace app,price_dispute
F00141,2025-12-03,customer,review,"fyi felt rushed, didn't finish the sealing properly before leaving not impressed",workmanship_quality
F00142,2025-10-03,customer,support,"explains things in a way that actually makes sense, worth every penny would appreciate a reply",workmanship_quality
F00143,2025-09-17,provider,review,"FYI Still waiting for someone to call me back, it's been 3 days Cheers",provider_communication
F00144,2026-03-01,provider,support,"Honestly, Credits not refunded after the customer cancelled, support not replying Thanks",credits_refund
F00145,2026-01-05,customer,support,Quick one: Turned up 25 minutes into a one hour slot and still charged the full hour Second time this has happened my number is 07700 900582,provider_no_show
F00146,2026-01-16,customer,review,"So Still waiting for someone to call me back, it's been 5 days I live near Z16 4AD",provider_communication
F00147,2026-01-15,provider,review,"hi, can't update my coverage zones, the save button is greyed out please sort it out",app_bug
F00148,2025-11-20,provider,survey,Uploaded a new profile photo and it shows sideways Been using the site since October,app_bug
F00149,2026-01-18,customer,review,Turned up 25 minutes into a one hour slot and still charged the full hour my number is 07700 900788 -- This message was sent via the marketplace app,provider_no_show
F00150,2025-12-08,customer,survey,"Quick one: Every visit had a clear plan and a recap at the end, finished in 12 days Not impressed",workmanship_quality
F00151,2025-12-06,customer,support,"Update - Brilliant at talking me through the options, I was dreading this and it was painless Thanks -- This message was sent via the marketplace app",workmanship_quality
F00152,2026-01-20,provider,support,"just to say still waiting for someone to call me back, it's been 7 days my number is 07700 900174 Regards,",provider_communication
F00153,2025-12-21,customer,review,"FYI Filled in my details twice and heard nothing, is this site even active",provider_communication
F00154,2025-11-15,customer,survey,"Honestly, Great tradesperson, tidy and methodical, highly recommend Second time this has happened",workmanship_quality
F00155,2025-11-20,provider,support,"requested a refund for a dead lead 2 weeks ago, still nothing been using the site since january",credits_refund
F00156,2026-02-28,provider,review,So Third enquiry this week where the person says they never filled anything in Otherwise fine my number is 07700 900389,lead_quality
F00157,2026-01-29,provider,review,"the refund button does nothing, credits just disappeared second time this has happened",credits_refund
F00158,2026-01-09,provider,survey,n/a,noise
F00159,2026-01-25,customer,support,"Just to say Spent most of the visit on his phone, barely explained anything Would appreciate a reply",workmanship_quality
F00160,2025-11-22,provider,support,"login loop on android, keeps sending me back to the start screen",app_bug
F00161,2025-10-16,customer,review,"Just to say Site left spotless and every connection checked, felt genuinely professional Thanks",safety_issue
F00162,2025-10-26,customer,survey,good,noise
F00163,2025-10-22,customer,review,"feedback: brilliant at talking me through the options, i was dreading this and it was painless second time this has happened Sent from my iPhone",workmanship_quality
F00164,2026-01-08,provider,review,"fyi customer never answered, wasted credits again not impressed",lead_quality
F00165,2025-10-11,customer,review,Update - Asked for cash up front for the full job then said the rate had gone up Otherwise fine,price_dispute
F00166,2026-02-11,customer,review,"Feedback: Brilliant at talking me through the options, I was dreading this and it was painless Second time this has happened Sent from my iPhone",workmanship_quality
F00167,2026-02-25,provider,support,"Hi, Can't update my coverage zones, the save button is greyed out Would appreciate a reply",app_bug
F00168,2025-10-20,customer,support,"Quick one: No dust sheets, no mask, debris left all over a room with a baby in it Otherwise fine my number is 07700 900062 -- This message was sent via the marketplace app",safety_issue
F00169,2025-10-09,provider,support,ok,noise
F00170,2025-11-02,provider,support,"turned up 25 minutes into a one hour slot and still charged the full hour this was in z11 Regards,",provider_no_show
F00171,2026-02-27,customer,review,"Feedback: Two appointments in a row moved at the last minute, I've lost a week Thanks",provider_no_show
F00172,2025-10-12,customer,support,Feedback: He simply didn't show up on Saturday and went quiet afterwards Thanks,provider_no_show
F00173,2026-02-02,customer,survey,"explains things in a way that actually makes sense, worth every penny",workmanship_quality
F00174,2026-02-03,provider,support,"Was promised my money back for the fake enquiry, 2 days later still waiting Regards,",credits_refund
F00175,2025-09-21,provider,survey,"FYI Getting enquiries from people who want work in three months, not now Second time this has happened -- This message was sent via the marketplace app",lead_quality
F00176,2026-01-24,provider,review,"so the customer was actually two counties away, the address must have been typed wrong cheers",lead_quality
F00177,2026-01-27,customer,survey,"So Site left spotless and every connection checked, felt genuinely professional Second time this has happened",safety_issue
F00178,2025-09-29,customer,survey,So Provider Sophie didn't turn up for the first visit and never called,provider_no_show
F00179,2026-02-21,customer,support,Quick one: Nobody got in touch after I filled in the form Been using the site since October I live near Z10 1BD,provider_communication
F00180,2025-09-04,customer,review,"So Felt rushed, didn't finish the sealing properly before leaving",workmanship_quality
F00181,2025-10-08,provider,review,"Update - The refund button does nothing, credits just disappeared Been using the site since October",credits_refund
F00182,2025-09-11,provider,support,"Customer never answered, wasted credits again Second time this has happened -- This message was sent via the marketplace app",lead_quality
F00183,2026-01-06,customer,review,"So Lovely clean job, everything tested and certified before he left",safety_issue
F00184,2025-09-05,customer,support,Turned up 25 minutes into a one hour slot and still charged the full hour Second time this has happened,provider_no_show
F00185,2025-11-30,customer,survey,"Left me waiting at the property in Z13 all morning, no message nothing Thanks -- This message was sent via the marketplace app",provider_no_show
F00186,2025-10-05,customer,support,good,noise
F00187,2025-12-01,customer,support,"Not happy. Cancelled on me twice last minute, really unreliable Would appreciate a reply",provider_no_show
F00188,2025-11-06,provider,review,map view is blank on my phone since the last update would appreciate a reply,app_bug
F00189,2025-10-28,provider,review,"hi, customer never answered, wasted credits again not impressed",lead_quality
F00190,2026-01-27,provider,review,"Hi, The app crashes every time I open the leads tab Not impressed my number is 07700 900401",app_bug
F00191,2025-11-29,customer,support,"Feedback: Spent most of the visit on his phone, barely explained anything",workmanship_quality
F00192,2025-11-13,customer,survey,"Update - Really thorough, explained the whole job clearly and finished ahead of time!",workmanship_quality
F00193,2025-09-28,provider,review,"Honestly, Map view is blank on my phone since the last update Second time this has happened",app_bug
F00194,2026-01-27,provider,support,"Quick one: Customer never answered, wasted credits again Been using the site since December",lead_quality
F00195,2025-12-21,customer,review,"Feedback: Left me waiting at the property in Z22 all morning, no message nothing This was in Z22 email me at olga64@example.com",provider_no_show
F00196,2026-02-19,provider,survey,So Customers keep saying they already found someone by the time I call,lead_quality
F00197,2026-02-01,customer,survey,"Just to say Still waiting for someone to call me back, it's been 6 days Please sort it out",provider_communication
F00198,2026-02-18,provider,support,"not happy. lead was from z06 which i don't even cover, why was it sent to me thanks",lead_quality
F00199,2026-02-19,provider,review,Notifications arrive hours late so I miss leads Would appreciate a reply,app_bug
F00200,2026-01-28,provider,review,"so was promised my money back for the fake enquiry, 6 days later still waiting please sort it out my number is 07700 900852",credits_refund
F00201,2025-12-11,customer,survey,"Honestly, Great tradesperson, tidy and methodical, highly recommend Otherwise fine",workmanship_quality
F00202,2026-01-05,customer,review,"hi, cancelled on me twice last minute, really unreliable been using the site since january email me at kwame45@example.com",provider_no_show
F00203,2026-01-27,provider,survey,FYI Top up went through on my card but the balance didn't change Been using the site since September,credits_refund
F00204,2025-12-15,customer,review,"Feedback: Snapped at me when I asked a question, made the whole thing uncomfortable Second time this has happened email me at fatima24@example.com",workmanship_quality
F00205,2025-12-23,customer,review,"honestly, sent three messages, no reply for a week cheers my number is 07700 900534",provider_communication
F00206,2025-09-03,customer,support,"Brilliant at talking me through the options, I was dreading this and it was painless Second time this has happened Sent from my iPhone",workmanship_quality
F00207,2026-02-24,customer,survey,"two appointments in a row moved at the last minute, i've lost a week please sort it out",provider_no_show
F00208,2026-02-07,customer,support,Nobody got in touch after I filled in the form Second time this has happened Sent from my iPhone,provider_communication
F00209,2026-02-10,provider,review,,credits_refund
F00210,2025-09-14,customer,survey,feedback: provider kwame didn't turn up for the first visit and never called,provider_no_show
F00211,2025-10-13,customer,review,"Hidden fees for materials and disposal, not mentioned before Otherwise fine my number is 07700 900106",price_dispute
F00212,2025-10-20,provider,support,,lead_quality
F00213,2025-12-17,provider,support,"fyi someone wanting an installation sent to me, i only do repairs, that's on you",lead_quality
F00214,2025-10-20,provider,review,"hi, can't update my coverage zones, the save button is greyed out not impressed",app_bug
F00215,2025-10-11,provider,review,nobody got in touch after i filled in the form been using the site since november my number is 07700 900321,provider_communication
F00216,2026-01-07,customer,review,"Feedback: Two appointments in a row moved at the last minute, I've lost a week Not impressed I live near Z21 8DC",provider_no_show
F00217,2025-09-01,customer,support,"Warning light on the boiler the whole time, was told to ignore it Not impressed",safety_issue
F00218,2025-10-31,customer,review,"FYI Sent three messages, no reply for a week Thanks",provider_communication
F00219,2025-09-14,provider,support,"left me waiting at the property in z20 all morning, no message nothing please sort it out Regards,",provider_no_show
F00220,2026-01-30,provider,survey,"update - the refund button does nothing, credits just disappeared my number is 07700 900946",credits_refund
F00221,2025-11-20,provider,support,"So Lead was from Z11 which I don't even cover, why was it sent to me Cheers my number is 07700 900623",lead_quality
F00222,2025-09-17,customer,review,"Snapped at me when I asked a question, made the whole thing uncomfortable",workmanship_quality
F00223,2025-09-10,customer,support,"just to say snapped at me when i asked a question, made the whole thing uncomfortable not impressed",workmanship_quality
F00224,2025-10-16,customer,review,Just to say Paid for the lead apparently but I never heard from anyone Please sort it out Sent from my iPhone,provider_communication
F00225,2026-01-15,customer,survey,Paid for the lead apparently but I never heard from anyone,provider_communication
F00226,2025-10-01,customer,support,"quick one: site left spotless and every connection checked, felt genuinely professional second time this has happened",safety_issue
F00227,2026-01-10,customer,survey,"honestly, really thorough, explained the whole job clearly and finished ahead of time! otherwise fine -- This message was sent via the marketplace app",workmanship_quality
F00228,2025-11-27,provider,support,feedback: customers keep saying they already found someone by the time i call,lead_quality
F00229,2025-10-12,customer,survey,"Quick one: Spent most of the visit on his phone, barely explained anything Would appreciate a reply",workmanship_quality
F00230,2025-12-10,customer,support,good,noise
F00231,2025-11-01,provider,support,so uploaded a new profile photo and it shows sideways been using the site since december,app_bug
F00232,2026-02-12,provider,review,"Update - Charged for a lead I never accepted, please refund Not impressed I live near Z27 1CF Regards,",credits_refund
F00233,2025-09-29,customer,support,"So Explains things in a way that actually makes sense, worth every penny Cheers",workmanship_quality
F00234,2026-01-05,provider,review,"Quick one: Spent most of the visit on his phone, barely explained anything Second time this has happened -- This message was sent via the marketplace app",workmanship_quality
F00235,2025-10-23,customer,support,Feedback: Left exposed wiring behind the panel and said it would be fine Otherwise fine -- This message was sent via the marketplace app,safety_issue
F00236,2025-09-21,customer,review,"Not happy. Warning light on the boiler the whole time, was told to ignore it Been using the site since September",safety_issue
F00237,2025-11-14,provider,survey,"Quick one: Snapped at me when I asked a question, made the whole thing uncomfortable Would appreciate a reply",workmanship_quality
F00238,2025-11-08,provider,support,uploaded a new profile photo and it shows sideways,app_bug
F00239,2026-02-07,customer,review,"Honestly, Filled in my details twice and heard nothing, is this site even active -- This message was sent via the marketplace app",provider_communication
F00240,2025-12-28,provider,review,"Someone wanting an installation sent to me, I only do repairs, that's on you Please sort it out",lead_quality
F00241,2025-10-23,customer,support,"Two appointments in a row moved at the last minute, I've lost a week",provider_no_show
F00242,2025-12-06,customer,review,"honestly, left me waiting at the property in z02 all morning, no message nothing please sort it out",provider_no_show
F00243,2026-01-08,provider,review,so the app crashes every time i open the leads tab second time this has happened,app_bug
F00244,2025-10-06,customer,review,"fyi hidden fees for materials and disposal, not mentioned before my number is 07700 900508",price_dispute
F00245,2025-10-04,provider,review,"Feedback: Lead was from Z16 which I don't even cover, why was it sent to me Thanks",lead_quality
F00246,2026-02-19,customer,survey,so left exposed wiring behind the panel and said it would be fine,safety_issue
F00247,2025-12-15,customer,review,"Great tradesperson, tidy and methodical, highly recommend my number is 07700 900647",workmanship_quality
F00248,2025-09-01,provider,support,"Honestly, Notifications arrive hours late so I miss leads Not impressed -- This message was sent via the marketplace app",app_bug
F00249,2026-01-27,provider,support,Notifications arrive hours late so I miss leads,app_bug
F00250,2026-01-14,customer,support,"Hi, Every visit had a clear plan and a recap at the end, finished in 3 days",workmanship_quality
F00251,2025-10-08,customer,support,"Honestly, Asked for cash up front for the full job then said the rate had gone up I live near Z13 7DD",price_dispute
F00252,2025-11-03,customer,review,"not happy. filled in my details twice and heard nothing, is this site even active",provider_communication
F00253,2025-09-10,provider,support,"Honestly, Can't update my coverage zones, the save button is greyed out",app_bug
F00254,2025-12-17,customer,support,"FYI Snapped at me when I asked a question, made the whole thing uncomfortable",workmanship_quality
F00255,2025-12-03,customer,review,"update - still waiting for someone to call me back, it's been 12 days not impressed Regards,",provider_communication
F00256,2025-11-22,provider,review,Paid for a lead and the customer's number was disconnected Would appreciate a reply,lead_quality
F00257,2025-11-01,customer,review,"Really thorough, explained the whole job clearly and finished ahead of time!",workmanship_quality
F00258,2025-12-27,customer,review,"Not happy. Every visit had a clear plan and a recap at the end, finished in 9 days Would appreciate a reply",workmanship_quality
F00259,2026-02-20,provider,review,"Update - Same customer sent to me twice, charged twice This was in Z05",lead_quality
F00260,2025-11-17,customer,survey,??,noise
F00261,2025-09-09,provider,review,Quick one: Third enquiry this week where the person says they never filled anything in,lead_quality
F00262,2025-11-08,provider,review,"Update - Login loop on Android, keeps sending me back to the start screen This was in Z22",app_bug
F00263,2025-10-16,customer,review,"FYI Explains things in a way that actually makes sense, worth every penny Would appreciate a reply",workmanship_quality
F00264,2025-10-22,provider,support,so paid for a lead and the customer's number was disconnected otherwise fine my number is 07700 900008,lead_quality
F00265,2025-09-22,provider,survey,Feedback: Bought 13 leads this month and only one picked up the phone Otherwise fine my number is 07700 900775,lead_quality
F00266,2025-09-02,customer,review,"So Explains things in a way that actually makes sense, worth every penny email me at ahmed95@example.com Regards,",workmanship_quality
F00267,2025-10-07,provider,review,"Credits not refunded after the customer cancelled, support not replying Would appreciate a reply",credits_refund
F00268,2025-12-09,provider,review,"Honestly, Third enquiry this week where the person says they never filled anything in",lead_quality
F00269,2025-11-16,customer,support,So Turned up 25 minutes into a one hour slot and still charged the full hour Thanks,provider_no_show
F00270,2025-12-24,customer,support,"site left spotless and every connection checked, felt genuinely professional I live near Z26 4DB Sent from my iPhone",safety_issue
F00271,2026-02-24,customer,support,"honestly, booked a morning slot, waited 40 minutes, nobody came. no explanation",provider_no_show
F00272,2025-09-01,customer,support,Asked for cash up front for the full job then said the rate had gone up,price_dispute
F00273,2025-10-07,provider,survey,"Bought 11 leads this month and only one picked up the phone Cheers Regards,",lead_quality
F00274,2026-02-09,provider,review,"Just to say Kept coming back for the same fault each week, no real progress at all Not impressed",workmanship_quality
F00275,2025-11-16,provider,survey,"Honestly, Credits not refunded after the customer cancelled, support not replying Please sort it out",credits_refund
F00276,2025-12-28,provider,review,??,noise
F00277,2025-09-20,customer,review,"Kept coming back for the same fault each week, no real progress at all Please sort it out Regards,",workmanship_quality
F00278,2025-12-25,customer,survey,asked for cash up front for the full job then said the rate had gone up,price_dispute
F00279,2025-10-21,provider,support,"Hi, Lead was from Z17 which I don't even cover, why was it sent to me",lead_quality
F00280,2025-11-16,provider,review,So The availability calendar doesn't keep my changes after I close it Second time this has happened,app_bug
F00281,2026-02-04,provider,review,"Hi, Credits not refunded after the customer cancelled, support not replying",credits_refund
F00282,2025-09-19,customer,support,"feedback: sent three messages, no reply for a week",provider_communication
F00283,2026-03-01,provider,support,"charged for a lead i never accepted, please refund",credits_refund
F00284,2025-11-29,provider,support,"Getting enquiries from people who want work in three months, not now This was in Z21",lead_quality
F00285,2026-01-01,customer,survey,"Honestly, Left exposed wiring behind the panel and said it would be fine Not impressed",safety_issue
F00286,2025-10-19,customer,review,ok,noise
F00287,2025-09-08,provider,support,Turned up 25 minutes into a one hour slot and still charged the full hour,provider_no_show
F00288,2025-10-29,provider,review,"honestly, can't update my coverage zones, the save button is greyed out otherwise fine",app_bug
F00289,2025-09-10,customer,support,"hi, turned up 25 minutes into a one hour slot and still charged the full hour",provider_no_show
F00290,2026-01-10,provider,support,"Honestly, Uploaded a new profile photo and it shows sideways This was in Z05",app_bug
F00291,2025-09-25,provider,support,"just to say the customer was actually two counties away, the address must have been typed wrong my number is 07700 900515",lead_quality
F00292,2026-02-19,provider,review,"credits not refunded after the customer cancelled, support not replying",credits_refund
F00293,2025-09-11,provider,support,??,noise
F00294,2026-01-26,customer,survey,"Hi, Isolation switch didn't seem to work properly, felt unsafe Second time this has happened",safety_issue
F00295,2025-11-02,provider,survey,"Update - Login loop on Android, keeps sending me back to the start screen Cheers I live near Z14 7CC",app_bug
F00296,2025-09-12,customer,support,"still waiting for someone to call me back, it's been 7 days cheers",provider_communication
F00297,2025-12-31,provider,support,The availability calendar doesn't keep my changes after I close it Cheers,app_bug
F00298,2025-10-07,provider,support,"FYI Same customer sent to me twice, charged twice Been using the site since December",lead_quality
F00299,2026-02-09,provider,survey,"Same customer sent to me twice, charged twice Thanks I live near Z02 7DD Regards,",lead_quality
F00300,2025-09-19,provider,review,"Feedback: Same customer sent to me twice, charged twice Been using the site since January Regards,",lead_quality
F00301,2026-02-03,provider,review,"FYI Lead was from Z20 which I don't even cover, why was it sent to me Second time this has happened",lead_quality
F00302,2025-09-01,customer,survey,"Hi, Explains things in a way that actually makes sense, worth every penny Been using the site since November",workmanship_quality
F00303,2026-01-16,provider,survey,Customers keep saying they already found someone by the time I call This was in Z30,lead_quality
F00304,2025-12-02,provider,review,Update - Provider Priya didn't turn up for the first visit and never called Otherwise fine,provider_no_show
F00305,2025-11-29,customer,review,"Honestly, Nobody got in touch after I filled in the form",provider_communication
F00306,2026-02-10,provider,review,"feedback: my balance went down by 3 and i didn't buy anything, what happened -- This message was sent via the marketplace app",credits_refund
F00307,2025-09-29,provider,support,"Honestly, Login loop on Android, keeps sending me back to the start screen Second time this has happened",app_bug
F00308,2026-01-07,provider,survey,"Not happy. Login loop on Android, keeps sending me back to the start screen",app_bug
F00309,2025-11-25,provider,survey,"Quick one: The refund button does nothing, credits just disappeared Please sort it out",credits_refund
F00310,2026-01-25,customer,support,"snapped at me when i asked a question, made the whole thing uncomfortable my number is 07700 900837",workmanship_quality
F00311,2025-09-21,customer,support,update - nobody got in touch after i filled in the form my number is 07700 900822,provider_communication
F00312,2026-02-07,customer,survey,"Not happy. Every visit had a clear plan and a recap at the end, finished in 14 days This was in Z10 Regards,",workmanship_quality
F00313,2026-01-27,provider,support,"Honestly, Really thorough, explained the whole job clearly and finished ahead of time! This was in Z08",workmanship_quality
F00314,2025-11-28,customer,review,fyi the multi-day discount on the profile turned out not to exist been using the site since december email me at fatima69@example.com,price_dispute
F00315,2025-09-12,provider,support,"not happy. filled in my details twice and heard nothing, is this site even active would appreciate a reply",provider_communication
F00316,2025-12-16,customer,support,ok,noise
F00317,2025-09-07,customer,review,Provider Marek didn't turn up for the first visit and never called Thanks,provider_no_show
F00318,2025-09-09,customer,survey,Paid for the lead apparently but I never heard from anyone Would appreciate a reply,provider_communication
F00319,2025-09-27,customer,survey,"Really thorough, explained the whole job clearly and finished ahead of time! Would appreciate a reply",workmanship_quality
F00320,2026-01-24,provider,support,"Quick one: Felt rushed, didn't finish the sealing properly before leaving Would appreciate a reply Sent from my iPhone",workmanship_quality
F00321,2025-11-04,customer,support,fyi nice enough but i didn't feel much had been done after ten hours been using the site since november Sent from my iPhone,workmanship_quality
F00322,2025-11-15,customer,survey,Turned up 25 minutes into a one hour slot and still charged the full hour,provider_no_show
F00323,2025-10-11,provider,review,"not happy. credits not refunded after the customer cancelled, support not replying",credits_refund
F00324,2025-09-15,customer,review,Feedback: Provider bought my lead but never contacted me Otherwise fine,provider_communication
F00325,2025-12-27,provider,review,"FYI Customer never answered, wasted credits again Second time this has happened",lead_quality
F00326,2025-10-22,customer,survey,good,noise
F00327,2025-09-15,provider,survey,Just to say Uploaded a new profile photo and it shows sideways,app_bug
F00328,2026-01-03,provider,support,"just to say lead was from z10 which i don't even cover, why was it sent to me not impressed",lead_quality
F00329,2026-01-10,customer,support,"Provider bought my lead but never contacted me Second time this has happened my number is 07700 900646 Regards,",provider_communication
F00330,2025-10-26,customer,support,Update - Paid for the lead apparently but I never heard from anyone Second time this has happened,provider_communication
F00331,2025-11-02,customer,review,"not happy. site left spotless and every connection checked, felt genuinely professional cheers",safety_issue
F00332,2025-11-09,provider,review,Not happy. Would be nice to actually get a response from the person I was matched with This was in Z13,provider_communication
F00333,2026-01-31,provider,support,Just to say Two refunds approved by email but nothing showing in the account Cheers email me at kwame48@example.com,credits_refund
F00334,2025-09-19,customer,review,Update - Price on the profile said £34 but he charged £45 per hour This was in Z14 my number is 07700 900919,price_dispute
F00335,2025-12-31,customer,support,Feedback: Quoted one price then asked for more once the work started,price_dispute
F00336,2025-12-20,customer,survey,"Hidden fees for materials and disposal, not mentioned before This was in Z11",price_dispute
F00337,2025-10-26,provider,support,"FYI Charged for a lead I never accepted, please refund This was in Z26 -- This message was sent via the marketplace app",credits_refund
F00338,2025-10-02,provider,support,so customers keep saying they already found someone by the time i call please sort it out,lead_quality
F00339,2025-11-17,customer,review,He simply didn't show up on Saturday and went quiet afterwards Not impressed,provider_no_show
F00340,2026-01-07,customer,support,"Was told £33 an hour, invoice came in at £42, no explanation This was in Z12",price_dispute
F00341,2025-09-02,provider,review,"Not happy. No dust sheets, no mask, debris left all over a room with a baby in it",safety_issue
F00342,2025-12-27,provider,review,Quick one: Two refunds approved by email but nothing showing in the account Otherwise fine,credits_refund
F00343,2025-12-29,customer,review,"Just to say Brilliant at talking me through the options, I was dreading this and it was painless Otherwise fine I live near Z20 1FF Sent from my iPhone",workmanship_quality
F00344,2025-12-03,provider,support,So Uploaded a new profile photo and it shows sideways Thanks,app_bug
F00345,2025-11-08,provider,review,"Feedback: Same customer sent to me twice, charged twice Thanks",lead_quality
F00346,2025-11-06,customer,review,"Honestly, Every visit had a clear plan and a recap at the end, finished in 14 days",workmanship_quality
F00347,2026-02-04,provider,review,"charged for a lead i never accepted, please refund would appreciate a reply Regards,",credits_refund
F00348,2026-01-01,customer,review,"feedback: hidden fees for materials and disposal, not mentioned before been using the site since january",price_dispute
F00349,2025-09-26,customer,support,"fyi snapped at me when i asked a question, made the whole thing uncomfortable been using the site since november",workmanship_quality
F00350,2026-02-08,provider,review,"quick one: requested a refund for a dead lead 2 weeks ago, still nothing thanks",credits_refund
F00351,2026-02-04,provider,review,"Quick one: Getting enquiries from people who want work in three months, not now",lead_quality
F00352,2026-02-14,provider,review,"hi, lead was from z17 which i don't even cover, why was it sent to me otherwise fine",lead_quality
F00353,2025-10-27,customer,survey,"Honestly, Paid for the lead apparently but I never heard from anyone Regards,",provider_communication
F00354,2025-11-29,customer,review,"Not happy. Two appointments in a row moved at the last minute, I've lost a week Otherwise fine",provider_no_show
F00355,2025-11-21,customer,support,"Not happy. Isolation switch didn't seem to work properly, felt unsafe Would appreciate a reply",safety_issue
F00356,2025-10-25,customer,support,Paid for the lead apparently but I never heard from anyone Thanks,provider_communication
F00357,2025-11-10,customer,survey,"Feedback: Great tradesperson, tidy and methodical, highly recommend Second time this has happened",workmanship_quality
F00358,2025-11-23,provider,review,"so lead was from z14 which i don't even cover, why was it sent to me",lead_quality
F00359,2026-01-29,customer,review,"So Filled in my details twice and heard nothing, is this site even active Second time this has happened",provider_communication
F00360,2025-10-27,provider,survey,"Just to say My balance went down by 9 and I didn't buy anything, what happened Otherwise fine",credits_refund
F00361,2025-11-06,customer,survey,not happy. turned up 25 minutes into a one hour slot and still charged the full hour thanks,provider_no_show
F00362,2026-01-05,customer,review,so provider bought my lead but never contacted me thanks,provider_communication
F00363,2025-12-30,provider,support,"Honestly, The refund button does nothing, credits just disappeared I live near Z19 6FF",credits_refund
F00364,2025-09-06,provider,review,FYI Turned up 25 minutes into a one hour slot and still charged the full hour,provider_no_show
F00365,2025-10-14,customer,support,"Feedback: Snapped at me when I asked a question, made the whole thing uncomfortable Been using the site since September",workmanship_quality
F00366,2026-01-03,provider,review,so customers keep saying they already found someone by the time i call thanks,lead_quality
F00367,2026-02-26,customer,survey,"Update - Really thorough, explained the whole job clearly and finished ahead of time! Thanks",workmanship_quality
F00368,2025-11-07,customer,support,"Hi, Was told £36 an hour, invoice came in at £44, no explanation Second time this has happened",price_dispute
F00369,2026-01-13,customer,support,"So Cancelled on me twice last minute, really unreliable Please sort it out -- This message was sent via the marketplace app",provider_no_show
F00370,2026-02-24,provider,support,third enquiry this week where the person says they never filled anything in second time this has happened,lead_quality
F00371,2025-11-21,customer,review,quick one: provider olga didn't turn up for the first visit and never called this was in z02,provider_no_show
F00372,2025-09-21,customer,support,feedback: nice enough but i didn't feel much had been done after ten hours second time this has happened,workmanship_quality
F00373,2026-01-16,provider,survey,Uploaded a new profile photo and it shows sideways Thanks,app_bug
F00374,2026-01-20,customer,review,"FYI Really thorough, explained the whole job clearly and finished ahead of time! Otherwise fine",workmanship_quality
F00375,2026-02-20,customer,survey,"Not happy. Spent most of the visit on his phone, barely explained anything Second time this has happened",workmanship_quality
F00376,2025-10-28,provider,review,"Not happy. Same customer sent to me twice, charged twice Cheers",lead_quality
F00377,2026-02-23,customer,survey,"Feedback: Was late again by half an hour, third time this month This was in Z17",provider_no_show
F00378,2026-02-21,provider,review,"Feedback: The refund button does nothing, credits just disappeared Not impressed",credits_refund
F00379,2026-01-29,provider,review,"Credits not refunded after the customer cancelled, support not replying",credits_refund
F00380,2025-10-27,customer,review,fyi nice enough but i didn't feel much had been done after ten hours been using the site since october my number is 07700 900122,workmanship_quality
F00381,2025-11-26,customer,support,Provider Kwame didn't turn up for the first visit and never called,provider_no_show
F00382,2025-12-20,provider,support,bought 13 leads this month and only one picked up the phone,lead_quality
F00383,2026-02-06,customer,survey,"quick one: really thorough, explained the whole job clearly and finished ahead of time! otherwise fine my number is 07700 900438 Regards,",workmanship_quality
F00384,2025-10-21,customer,review,Feedback: Turned up 25 minutes into a one hour slot and still charged the full hour Cheers,provider_no_show
F00385,2025-10-07,provider,review,"hi, bought 9 leads this month and only one picked up the phone otherwise fine",lead_quality
F00386,2026-01-14,provider,survey,Map view is blank on my phone since the last update Please sort it out,app_bug
F00387,2025-10-21,provider,survey,"Can't update my coverage zones, the save button is greyed out Please sort it out",app_bug
F00388,2026-01-13,customer,support,"Update - Left me waiting at the property in Z17 all morning, no message nothing This was in Z17",provider_no_show
F00389,2026-01-25,customer,survey,"Not happy. Provider bought my lead but never contacted me Regards,",provider_communication
F00390,2026-01-03,provider,survey,FYI The app crashes every time I open the leads tab,app_bug
F00391,2025-09-27,customer,review,"Feedback: Warning light on the boiler the whole time, was told to ignore it This was in Z26",safety_issue
F00392,2025-12-17,customer,support,"Still waiting for someone to call me back, it's been 10 days Otherwise fine",provider_communication
F00393,2026-01-14,provider,survey,"FYI Was promised my money back for the fake enquiry, 11 days later still waiting This was in Z07",credits_refund
F00394,2026-02-14,provider,survey,Update - Paid for the lead apparently but I never heard from anyone email me at tom70@example.com,provider_communication
F00395,2025-09-09,customer,survey,Feedback: Would be nice to actually get a response from the person I was matched with Otherwise fine,provider_communication
F00396,2025-09-07,customer,review,"Not happy. Felt rushed, didn't finish the sealing properly before leaving Not impressed",workmanship_quality
F00397,2025-09-23,customer,review,"FYI Kept coming back for the same fault each week, no real progress at all Otherwise fine email me at fatima89@example.com",workmanship_quality
F00398,2026-01-17,provider,review,Two refunds approved by email but nothing showing in the account Otherwise fine,credits_refund
F00399,2025-09-09,customer,review,"still waiting for someone to call me back, it's been 14 days cheers Sent from my iPhone",provider_communication
F00400,2025-09-12,provider,support,"Login loop on Android, keeps sending me back to the start screen Cheers",app_bug
F00401,2025-12-01,provider,review,Top up went through on my card but the balance didn't change Thanks,credits_refund
F00402,2025-10-28,customer,review,quick one: quoted one price then asked for more once the work started been using the site since december,price_dispute
F00403,2026-02-26,provider,review,Top up went through on my card but the balance didn't change,credits_refund
F00404,2025-09-11,customer,review,"Kept coming back for the same fault each week, no real progress at all This was in Z30",workmanship_quality
F00405,2026-01-10,customer,review,"So Expensive compared to what was advertised, felt misled Not impressed email me at tom95@example.com",price_dispute
F00406,2025-09-01,provider,review,"Feedback: My balance went down by 4 and I didn't buy anything, what happened Been using the site since January I live near Z16 6AB",credits_refund
F00407,2025-12-13,customer,review,"Feedback: Really thorough, explained the whole job clearly and finished ahead of time! Would appreciate a reply",workmanship_quality
F00408,2025-10-07,customer,support,"hi, provider olga didn't turn up for the first visit and never called otherwise fine",provider_no_show
F00409,2025-12-26,customer,review,Left exposed wiring behind the panel and said it would be fine,safety_issue
F00410,2025-11-12,provider,support,"FYI Login loop on Android, keeps sending me back to the start screen Would appreciate a reply",app_bug
F00411,2025-09-09,provider,survey,"So Customer never answered, wasted credits again my number is 07700 900561",lead_quality
F00412,2025-11-01,customer,review,"Update - The ladder he used was visibly damaged, I mentioned it and got shrugged at Thanks",safety_issue
F00413,2025-10-14,customer,support,Provider bought my lead but never contacted me Cheers Sent from my iPhone,provider_communication
F00414,2025-11-16,provider,review,Customers keep saying they already found someone by the time I call Cheers email me at marek83@example.com,lead_quality
F00415,2026-01-11,provider,review,"Update - Login loop on Android, keeps sending me back to the start screen",app_bug
F00416,2025-12-25,customer,support,"fyi filled in my details twice and heard nothing, is this site even active otherwise fine",provider_communication
F00417,2025-11-10,provider,review,Feedback: Third enquiry this week where the person says they never filled anything in Been using the site since January,lead_quality
F00418,2026-01-10,customer,support,Rates changed after the first day of work without warning Please sort it out Sent from my iPhone,price_dispute
F00419,2025-11-29,customer,review,"Felt rushed, didn't finish the sealing properly before leaving",workmanship_quality
F00420,2025-12-27,provider,survey,"Update - Explains things in a way that actually makes sense, worth every penny",workmanship_quality
F00421,2026-02-12,provider,review,"FYI Charged for a lead I never accepted, please refund",credits_refund
F00422,2026-02-04,provider,support,"Just to say Great tradesperson, tidy and methodical, highly recommend Not impressed Sent from my iPhone",workmanship_quality
F00423,2025-09-13,provider,support,"Getting enquiries from people who want work in three months, not now Second time this has happened",lead_quality
F00424,2026-02-03,customer,support,not happy. nice enough but i didn't feel much had been done after ten hours this was in z10 -- This message was sent via the marketplace app,workmanship_quality
F00425,2025-12-18,customer,support,"So Snapped at me when I asked a question, made the whole thing uncomfortable Otherwise fine",workmanship_quality
F00426,2025-12-28,provider,review,"fyi lead was from z13 which i don't even cover, why was it sent to me otherwise fine",lead_quality
F00427,2025-12-29,customer,support,"honestly, still waiting for someone to call me back, it's been 4 days please sort it out my number is 07700 900239",provider_communication
F00428,2025-10-01,customer,review,Just to say Nice enough but I didn't feel much had been done after ten hours,workmanship_quality
F00429,2026-01-06,customer,survey,"not happy. great tradesperson, tidy and methodical, highly recommend this was in z11 Sent from my iPhone",workmanship_quality
F00430,2025-11-17,provider,review,FYI Paid for a lead and the customer's number was disconnected Not impressed,lead_quality
F00431,2025-10-19,customer,review,"Update - Explains things in a way that actually makes sense, worth every penny Not impressed",workmanship_quality
F00432,2026-01-16,customer,support,"Quick one: Cancelled on me twice last minute, really unreliable",provider_no_show
F00433,2025-09-16,provider,review,Update - Paid for a lead and the customer's number was disconnected Second time this has happened,lead_quality
F00434,2025-09-09,provider,survey,"Not happy. Same customer sent to me twice, charged twice Otherwise fine email me at marek85@example.com",lead_quality
F00435,2025-11-11,provider,survey,"Quick one: Filled in my details twice and heard nothing, is this site even active Cheers",provider_communication
F00436,2025-09-03,provider,review,"Honestly, Login loop on Android, keeps sending me back to the start screen",app_bug
F00437,2025-09-29,customer,review,"Hi, Spent most of the visit on his phone, barely explained anything Sent from my iPhone",workmanship_quality
F00438,2025-12-17,customer,review,"Hi, Asked for cash up front for the full job then said the rate had gone up",price_dispute
F00439,2025-10-29,customer,survey,"Feedback: Felt rushed, didn't finish the sealing properly before leaving Thanks",workmanship_quality
F00440,2025-10-24,provider,review,fyi map view is blank on my phone since the last update,app_bug
F00441,2025-09-19,provider,support,"Honestly, Map view is blank on my phone since the last update Please sort it out Regards,",app_bug
F00442,2025-09-21,customer,support,"So Booked a morning slot, waited 40 minutes, nobody came. No explanation Thanks",provider_no_show
F00443,2025-12-08,customer,survey,"So Was told £35 an hour, invoice came in at £48, no explanation Please sort it out",price_dispute
F00444,2026-03-01,provider,support,"Was promised my money back for the fake enquiry, 14 days later still waiting Been using the site since November",credits_refund
F00445,2026-02-13,provider,support,so nobody got in touch after i filled in the form cheers -- This message was sent via the marketplace app,provider_communication
F00446,2025-12-11,provider,support,"same customer sent to me twice, charged twice",lead_quality
F00447,2025-11-17,provider,survey,good,noise
F00448,2025-10-09,provider,support,"Hi, Map view is blank on my phone since the last update Been using the site since November I live near Z04 1FE",app_bug
F00449,2025-12-15,customer,review,"feedback: spent most of the visit on his phone, barely explained anything would appreciate a reply",workmanship_quality
F00450,2025-11-26,customer,support,Nice enough but I didn't feel much had been done after ten hours This was in Z27 Sent from my iPhone,workmanship_quality
F00451,2025-11-07,customer,support,Feedback: Price on the profile said £36 but he charged £46 per hour Second time this has happened,price_dispute
F00452,2025-12-09,provider,review,"Just to say Same customer sent to me twice, charged twice Otherwise fine",lead_quality
F00453,2026-01-13,customer,review,"Update - Spent most of the visit on his phone, barely explained anything Would appreciate a reply my number is 07700 900118 -- This message was sent via the marketplace app",workmanship_quality
F00454,2025-10-11,customer,review,just to say nice enough but i didn't feel much had been done after ten hours second time this has happened,workmanship_quality
F00455,2026-01-23,provider,survey,"Not happy. My balance went down by 6 and I didn't buy anything, what happened Cheers Regards,",credits_refund
F00456,2025-11-09,provider,support,"hi, bought 9 leads this month and only one picked up the phone would appreciate a reply",lead_quality
F00457,2026-01-27,provider,support,"the refund button does nothing, credits just disappeared been using the site since september Sent from my iPhone",credits_refund
F00458,2026-02-20,provider,review,"just to say still waiting for someone to call me back, it's been 7 days not impressed",provider_communication
F00459,2025-11-20,customer,support,"Hidden fees for materials and disposal, not mentioned before my number is 07700 900354",price_dispute
F00460,2025-09-16,customer,support,rates changed after the first day of work without warning,price_dispute
F00461,2026-02-20,provider,support,"Just to say Was promised my money back for the fake enquiry, 8 days later still waiting -- This message was sent via the marketplace app",credits_refund
F00462,2025-09-02,customer,support,"Every visit had a clear plan and a recap at the end, finished in 4 days Please sort it out",workmanship_quality
F00463,2026-02-21,provider,support,Just to say Top up went through on my card but the balance didn't change Please sort it out,credits_refund
F00464,2026-01-19,customer,review,"Hi, Turned up 25 minutes into a one hour slot and still charged the full hour Been using the site since December",provider_no_show
F00465,2026-01-14,customer,support,"Quick one: Really thorough, explained the whole job clearly and finished ahead of time! Otherwise fine my number is 07700 900681 -- This message was sent via the marketplace app",workmanship_quality
F00466,2025-11-24,provider,review,"FYI Lead was from Z10 which I don't even cover, why was it sent to me Thanks -- This message was sent via the marketplace app",lead_quality
F00467,2026-02-06,customer,review,Not happy. The multi-day discount on the profile turned out not to exist Not impressed,price_dispute
F00468,2026-02-15,provider,review,"So Charged for a lead I never accepted, please refund Second time this has happened",credits_refund
F00469,2026-02-12,provider,review,"honestly, turned up 25 minutes into a one hour slot and still charged the full hour second time this has happened I live near Z26 2EB",provider_no_show
F00470,2025-11-20,customer,review,"Sent three messages, no reply for a week Been using the site since September",provider_communication
F00471,2025-10-22,customer,review,"Honestly, Every visit had a clear plan and a recap at the end, finished in 8 days Thanks",workmanship_quality
F00472,2025-12-10,customer,survey,"Just to say Felt rushed, didn't finish the sealing properly before leaving Second time this has happened",workmanship_quality
F00473,2025-09-26,provider,review,The availability calendar doesn't keep my changes after I close it This was in Z03,app_bug
F00474,2026-02-23,customer,review,"Lovely clean job, everything tested and certified before he left Please sort it out",safety_issue
F00475,2026-01-24,provider,support,Update - Top up went through on my card but the balance didn't change Not impressed,credits_refund
F00476,2025-12-24,customer,survey,"filled in my details twice and heard nothing, is this site even active not impressed",provider_communication
F00477,2025-11-10,customer,review,Feedback: He simply didn't show up on Saturday and went quiet afterwards Please sort it out,provider_no_show
F00478,2026-02-27,customer,review,price on the profile said £30 but he charged £46 per hour second time this has happened,price_dispute
F00479,2025-12-14,customer,review,"Hi, Rates changed after the first day of work without warning Cheers Regards,",price_dispute
F00480,2025-12-21,customer,review,"Hi, Great tradesperson, tidy and methodical, highly recommend Second time this has happened I live near Z10 4EC",workmanship_quality
F00481,2025-10-08,provider,review,"Honestly, Credits not refunded after the customer cancelled, support not replying Been using the site since September Regards,",credits_refund
F00482,2025-09-12,provider,survey,update - uploaded a new profile photo and it shows sideways not impressed,app_bug
F00483,2025-10-02,provider,support,"Not happy. The refund button does nothing, credits just disappeared Please sort it out",credits_refund
F00484,2025-10-03,provider,survey,update - bought 13 leads this month and only one picked up the phone cheers,lead_quality
F00485,2026-02-18,customer,support,"update - warning light on the boiler the whole time, was told to ignore it",safety_issue
F00486,2025-12-15,customer,review,"Not happy. Really thorough, explained the whole job clearly and finished ahead of time! -- This message was sent via the marketplace app",workmanship_quality
F00487,2025-09-30,customer,survey,"hi, quoted one price then asked for more once the work started",price_dispute
F00488,2026-02-15,provider,review,"honestly, login loop on android, keeps sending me back to the start screen this was in z12",app_bug
F00489,2026-02-05,provider,review,"quick one: customer never answered, wasted credits again thanks",lead_quality
F00490,2025-09-20,provider,survey,"feedback: same customer sent to me twice, charged twice been using the site since january my number is 07700 900014",lead_quality
F00491,2025-10-26,provider,support,"Customer never answered, wasted credits again Cheers my number is 07700 900025",lead_quality
F00492,2025-12-05,provider,review,Update - The app crashes every time I open the leads tab my number is 07700 900619,app_bug
F00493,2026-02-26,customer,support,"honestly, hidden fees for materials and disposal, not mentioned before Sent from my iPhone",price_dispute
F00494,2026-01-02,customer,survey,Feedback: Would be nice to actually get a response from the person I was matched with Second time this has happened,provider_communication
F00495,2025-11-10,customer,review,Just to say Provider Priya didn't turn up for the first visit and never called,provider_no_show
F00496,2025-09-21,customer,survey,"So Was late again by half an hour, third time this month Been using the site since September",provider_no_show
F00497,2025-12-27,customer,support,"So Spent most of the visit on his phone, barely explained anything Been using the site since September",workmanship_quality
F00498,2025-10-14,provider,review,"hi, the ladder he used was visibly damaged, i mentioned it and got shrugged at thanks",safety_issue
F00499,2025-11-12,customer,review,"Great tradesperson, tidy and methodical, highly recommend Thanks",workmanship_quality
F00500,2025-09-14,customer,review,"fyi left me waiting at the property in z18 all morning, no message nothing Regards,",provider_no_show
F00501,2025-11-23,provider,survey,"So Can't update my coverage zones, the save button is greyed out",app_bug
F00502,2025-12-16,customer,support,"Update - Really thorough, explained the whole job clearly and finished ahead of time! Please sort it out",workmanship_quality
F00503,2025-09-12,customer,review,"Not happy. Sent three messages, no reply for a week Please sort it out",provider_communication
F00504,2025-10-15,provider,review,so map view is blank on my phone since the last update thanks Sent from my iPhone,app_bug
F00505,2026-02-20,customer,survey,"Update - Left me waiting at the property in Z10 all morning, no message nothing",provider_no_show
F00506,2025-10-01,customer,survey,he simply didn't show up on saturday and went quiet afterwards been using the site since january,provider_no_show
F00507,2025-12-10,customer,support,"Honestly, Was late again by half an hour, third time this month",provider_no_show
F00508,2025-11-06,provider,review,"Not happy. Getting enquiries from people who want work in three months, not now Please sort it out my number is 07700 900392",lead_quality
F00509,2025-10-26,customer,support,"Honestly, Really thorough, explained the whole job clearly and finished ahead of time! Thanks my number is 07700 900694 -- This message was sent via the marketplace app",workmanship_quality
F00510,2025-11-19,customer,support,Not happy. Rates changed after the first day of work without warning This was in Z26,price_dispute
F00511,2025-12-18,customer,review,"Quick one: Kept coming back for the same fault each week, no real progress at all Been using the site since October my number is 07700 900538",workmanship_quality
F00512,2026-03-01,provider,review,"Quick one: Customer never answered, wasted credits again Cheers",lead_quality
F00513,2026-02-08,provider,survey,"lead was from z30 which i don't even cover, why was it sent to me this was in z30 my number is 07700 900216",lead_quality
F00514,2025-09-11,customer,support,"Filled in my details twice and heard nothing, is this site even active Thanks",provider_communication
F00515,2025-10-22,provider,support,"my balance went down by 4 and i didn't buy anything, what happened second time this has happened",credits_refund
F00516,2025-10-28,provider,review,"update - same customer sent to me twice, charged twice",lead_quality
F00517,2026-02-08,customer,review,"FYI Hidden fees for materials and disposal, not mentioned before Been using the site since January",price_dispute
F00518,2025-10-17,customer,review,"feedback: two appointments in a row moved at the last minute, i've lost a week been using the site since december",provider_no_show
F00519,2025-09-17,provider,review,Customers keep saying they already found someone by the time I call Cheers,lead_quality
F00520,2025-09-21,provider,review,"Not happy. Requested a refund for a dead lead 2 weeks ago, still nothing",credits_refund
F00521,2026-01-28,provider,review,Quick one: Two refunds approved by email but nothing showing in the account Sent from my iPhone,credits_refund
F00522,2026-02-28,provider,review,"FYI The app crashes every time I open the leads tab Thanks Regards,",app_bug
F00523,2025-11-05,customer,review,"fyi was late again by half an hour, third time this month would appreciate a reply",provider_no_show
F00524,2025-09-15,provider,support,"Update - Can't update my coverage zones, the save button is greyed out Not impressed",app_bug
F00525,2025-11-07,customer,review,"so two appointments in a row moved at the last minute, i've lost a week",provider_no_show
F00526,2025-10-27,provider,review,fyi the availability calendar doesn't keep my changes after i close it my number is 07700 900305,app_bug
F00527,2025-10-23,customer,support,"honestly, quoted one price then asked for more once the work started my number is 07700 900066",price_dispute
F00528,2026-01-21,customer,review,"just to say left me waiting at the property in z12 all morning, no message nothing email me at tom76@example.com",provider_no_show
F00529,2026-02-06,provider,support,"fyi got one text and then silence, no idea if i have a tradesperson or not would appreciate a reply email me at marek91@example.com",provider_communication
F00530,2026-02-19,provider,support,"fyi two appointments in a row moved at the last minute, i've lost a week thanks",provider_no_show
F00531,2025-12-23,customer,support,"FYI Sent three messages, no reply for a week Otherwise fine",provider_communication
F00532,2025-09-24,customer,review,"Every visit had a clear plan and a recap at the end, finished in 8 days Would appreciate a reply",workmanship_quality
F00533,2025-10-05,customer,review,,workmanship_quality
F00534,2025-10-31,provider,support,Bought 14 leads this month and only one picked up the phone,lead_quality
F00535,2025-11-03,provider,support,"Just to say Can't update my coverage zones, the save button is greyed out Cheers",app_bug
F00536,2025-10-11,provider,support,"Feedback: The customer was actually two counties away, the address must have been typed wrong Would appreciate a reply",lead_quality
F00537,2025-12-20,customer,support,"provider bought my lead but never contacted me second time this has happened Regards,",provider_communication
F00538,2026-01-08,customer,review,"So Left me waiting at the property in Z08 all morning, no message nothing",provider_no_show
F00539,2025-10-17,provider,support,"Was promised my money back for the fake enquiry, 4 days later still waiting Been using the site since October",credits_refund
F00540,2025-11-21,provider,survey,Feedback: Notifications arrive hours late so I miss leads Thanks my number is 07700 900359,app_bug
F00541,2026-02-07,provider,support,Just to say Top up went through on my card but the balance didn't change Not impressed I live near Z10 1BE,credits_refund
F00542,2025-10-17,customer,survey,"Honestly, Explains things in a way that actually makes sense, worth every penny",workmanship_quality
F00543,2025-09-11,customer,review,Paid for the lead apparently but I never heard from anyone Please sort it out,provider_communication
F00544,2026-02-04,provider,review,Feedback: Paid for a lead and the customer's number was disconnected Thanks,lead_quality
F00545,2026-02-01,provider,review,"Update - Requested a refund for a dead lead 2 weeks ago, still nothing This was in Z18",credits_refund
F00546,2025-09-18,customer,survey,"Expensive compared to what was advertised, felt misled",price_dispute
F00547,2025-10-24,customer,support,"Honestly, Left me waiting at the property in Z06 all morning, no message nothing Cheers",provider_no_show
F00548,2026-02-28,customer,review,"FYI Booked a morning slot, waited 40 minutes, nobody came. No explanation",provider_no_show
F00549,2025-12-25,provider,support,"just to say customer never answered, wasted credits again otherwise fine",lead_quality
F00550,2025-09-11,customer,review,Not happy. Turned up 25 minutes into a one hour slot and still charged the full hour,provider_no_show
F00551,2025-10-09,customer,survey,"Hi, Explains things in a way that actually makes sense, worth every penny I live near Z12 1AE",workmanship_quality
F00552,2025-11-24,provider,review,fyi two refunds approved by email but nothing showing in the account would appreciate a reply,credits_refund
F00553,2026-02-07,customer,review,"Hi, Rates changed after the first day of work without warning Regards,",price_dispute
F00554,2025-11-08,provider,support,"Just to say Someone wanting an installation sent to me, I only do repairs, that's on you Not impressed",lead_quality
F00555,2025-10-11,customer,survey,"hi, explains things in a way that actually makes sense, worth every penny second time this has happened",workmanship_quality
F00556,2026-02-16,customer,review,Paid for the lead apparently but I never heard from anyone Would appreciate a reply Sent from my iPhone,provider_communication
F00557,2025-11-18,customer,support,"Spent most of the visit on his phone, barely explained anything",workmanship_quality
F00558,2025-11-25,customer,review,"feedback: snapped at me when i asked a question, made the whole thing uncomfortable please sort it out Regards,",workmanship_quality
F00559,2025-11-11,provider,support,So Left exposed wiring behind the panel and said it would be fine,safety_issue
F00560,2025-09-07,customer,survey,"fyi lovely clean job, everything tested and certified before he left not impressed",safety_issue
F00561,2025-10-16,provider,survey,"So Login loop on Android, keeps sending me back to the start screen",app_bug
F00562,2025-11-02,provider,review,"Feedback: Customer never answered, wasted credits again",lead_quality
F00563,2025-11-23,provider,review,So Notifications arrive hours late so I miss leads Not impressed,app_bug
F00564,2026-01-14,customer,support,"FYI Hidden fees for materials and disposal, not mentioned before This was in Z29",price_dispute
F00565,2026-01-30,provider,survey,FYI Bought 4 leads this month and only one picked up the phone Otherwise fine,lead_quality
F00566,2025-12-03,provider,review,"Honestly, Customer never answered, wasted credits again Thanks",lead_quality
F00567,2026-02-19,customer,review,"Spent most of the visit on his phone, barely explained anything Second time this has happened",workmanship_quality
F00568,2025-12-15,customer,support,"Quick one: The ladder he used was visibly damaged, I mentioned it and got shrugged at This was in Z02",safety_issue
F00569,2025-10-16,customer,support,"Feedback: Filled in my details twice and heard nothing, is this site even active Second time this has happened",provider_communication
F00570,2025-11-07,provider,review,"can't update my coverage zones, the save button is greyed out email me at marek10@example.com",app_bug
F00571,2025-10-13,customer,support,"quick one: great tradesperson, tidy and methodical, highly recommend",workmanship_quality
F00572,2025-12-14,provider,support,"was promised my money back for the fake enquiry, 8 days later still waiting",credits_refund
F00573,2026-03-01,customer,survey,"honestly, felt rushed, didn't finish the sealing properly before leaving not impressed",workmanship_quality
F00574,2025-09-05,customer,survey,"Snapped at me when I asked a question, made the whole thing uncomfortable I live near Z19 5FF",workmanship_quality
F00575,2025-11-21,customer,survey,"Honestly, The multi-day discount on the profile turned out not to exist Second time this has happened",price_dispute
F00576,2025-11-05,provider,review,"Quick one: Charged for a lead I never accepted, please refund Thanks Sent from my iPhone",credits_refund
F00577,2025-09-27,customer,support,Feedback: Price on the profile said £31 but he charged £45 per hour Been using the site since December,price_dispute
F00578,2025-11-28,customer,support,"Feedback: Felt rushed, didn't finish the sealing properly before leaving",workmanship_quality
F00579,2025-11-06,provider,support,"Update - Someone wanting an installation sent to me, I only do repairs, that's on you Would appreciate a reply",lead_quality
F00580,2025-11-22,provider,survey,Paid for a lead and the customer's number was disconnected Not impressed I live near Z19 8FF -- This message was sent via the marketplace app,lead_quality
F00581,2025-11-11,provider,review,"Update - Requested a refund for a dead lead 2 weeks ago, still nothing Thanks my number is 07700 900807",credits_refund
F00582,2025-12-08,customer,survey,"FYI Kept coming back for the same fault each week, no real progress at all Please sort it out",workmanship_quality
F00583,2026-02-07,provider,review,"quick one: was promised my money back for the fake enquiry, 4 days later still waiting please sort it out -- This message was sent via the marketplace app",credits_refund
F00584,2025-10-28,customer,survey,"feedback: really thorough, explained the whole job clearly and finished ahead of time! please sort it out",workmanship_quality
F00585,2025-10-07,customer,review,FYI The multi-day discount on the profile turned out not to exist Would appreciate a reply my number is 07700 900934,price_dispute
F00586,2025-09-15,provider,support,"Hi, The availability calendar doesn't keep my changes after I close it Been using the site since October email me at marek17@example.com",app_bug
F00587,2026-02-10,provider,support,"so requested a refund for a dead lead 2 weeks ago, still nothing",credits_refund
F00588,2025-09-24,provider,survey,"hi, customers keep saying they already found someone by the time i call been using the site since january",lead_quality
F00589,2025-11-11,customer,review,"just to say expensive compared to what was advertised, felt misled cheers",price_dispute
F00590,2026-01-18,provider,support,"so getting enquiries from people who want work in three months, not now been using the site since september",lead_quality
F00591,2025-12-15,customer,support,"Really thorough, explained the whole job clearly and finished ahead of time!",workmanship_quality
F00592,2025-11-03,customer,support,"hi, got one text and then silence, no idea if i have a tradesperson or not otherwise fine",provider_communication
F00593,2025-10-19,customer,review,"Cancelled on me twice last minute, really unreliable Otherwise fine",provider_no_show
F00594,2025-11-01,customer,survey,"FYI Spent most of the visit on his phone, barely explained anything This was in Z12",workmanship_quality
F00595,2026-02-23,customer,review,"got one text and then silence, no idea if i have a tradesperson or not please sort it out email me at tom5@example.com",provider_communication
F00596,2025-09-24,provider,survey,Not happy. The availability calendar doesn't keep my changes after I close it Please sort it out Sent from my iPhone,app_bug
F00597,2025-11-12,customer,survey,"Quick one: Great tradesperson, tidy and methodical, highly recommend",workmanship_quality
F00598,2025-10-16,customer,review,"hi, nice enough but i didn't feel much had been done after ten hours Regards,",workmanship_quality
F00599,2025-09-07,provider,review,"Hi, The app crashes every time I open the leads tab Second time this has happened Sent from my iPhone",app_bug
F00600,2026-01-05,provider,support,"not happy. getting enquiries from people who want work in three months, not now",lead_quality
F00601,2025-09-16,customer,review,"Hi, The multi-day discount on the profile turned out not to exist Cheers",price_dispute
F00602,2025-10-07,provider,support,"feedback: customer never answered, wasted credits again thanks",lead_quality
F00603,2025-12-13,provider,review,"Feedback: Lead was from Z02 which I don't even cover, why was it sent to me",lead_quality
F00604,2026-01-26,customer,support,"just to say he simply didn't show up on saturday and went quiet afterwards not impressed Regards,",provider_no_show
F00605,2026-02-05,provider,support,"credits not refunded after the customer cancelled, support not replying please sort it out",credits_refund
F00606,2025-09-11,provider,support,"quick one: cancelled on me twice last minute, really unreliable not impressed Sent from my iPhone",provider_no_show
F00607,2025-10-13,provider,support,"So Charged for a lead I never accepted, please refund Would appreciate a reply",credits_refund
F00608,2025-11-17,customer,review,Asked for cash up front for the full job then said the rate had gone up Been using the site since October email me at marek86@example.com -- This message was sent via the marketplace app,price_dispute
F00609,2026-02-10,provider,survey,quick one: bought 13 leads this month and only one picked up the phone,lead_quality
F00610,2025-10-14,customer,support,"Not happy. Still waiting for someone to call me back, it's been 9 days Been using the site since January my number is 07700 900783",provider_communication
F00611,2026-01-06,customer,support,"spent most of the visit on his phone, barely explained anything",workmanship_quality
F00612,2025-12-14,provider,review,"FYI Was promised my money back for the fake enquiry, 10 days later still waiting Second time this has happened I live near Z10 3CF",credits_refund
F00613,2026-02-24,provider,support,"Hi, Same customer sent to me twice, charged twice Thanks",lead_quality
F00614,2026-02-01,provider,review,"Not happy. Requested a refund for a dead lead 2 weeks ago, still nothing Second time this has happened",credits_refund
F00615,2025-12-22,provider,support,"Just to say Getting enquiries from people who want work in three months, not now Not impressed",lead_quality
F00616,2025-11-11,provider,support,"can't update my coverage zones, the save button is greyed out email me at fatima24@example.com",app_bug
F00617,2025-11-03,provider,support,map view is blank on my phone since the last update,app_bug
F00618,2025-12-11,customer,survey,"Not happy. Brilliant at talking me through the options, I was dreading this and it was painless Cheers",workmanship_quality
F00619,2025-11-08,provider,support,"Not happy. The app crashes every time I open the leads tab Regards,",app_bug
F00620,2026-02-13,customer,review,"FYI Explains things in a way that actually makes sense, worth every penny Not impressed",workmanship_quality
F00621,2025-12-26,provider,support,The availability calendar doesn't keep my changes after I close it Would appreciate a reply,app_bug
F00622,2026-01-01,customer,support,"hi, provider bought my lead but never contacted me please sort it out",provider_communication
F00623,2026-02-08,provider,survey,Just to say Two refunds approved by email but nothing showing in the account Thanks,credits_refund
F00624,2025-09-28,provider,survey,Feedback: The availability calendar doesn't keep my changes after I close it Cheers my number is 07700 900565,app_bug
F00625,2025-09-04,customer,review,"honestly, nobody got in touch after i filled in the form Regards,",provider_communication
F00626,2025-12-19,customer,review,"Just to say Still waiting for someone to call me back, it's been 6 days Cheers",provider_communication
F00627,2026-01-02,customer,support,"not happy. felt rushed, didn't finish the sealing properly before leaving thanks",workmanship_quality
F00628,2025-09-30,customer,support,"Feedback: Really thorough, explained the whole job clearly and finished ahead of time! Second time this has happened",workmanship_quality
F00629,2026-02-23,provider,support,"Quick one: My balance went down by 14 and I didn't buy anything, what happened -- This message was sent via the marketplace app",credits_refund
F00630,2025-11-07,provider,survey,"Hi, Was promised my money back for the fake enquiry, 9 days later still waiting This was in Z28",credits_refund
F00631,2025-09-06,customer,review,,workmanship_quality
F00632,2025-10-05,provider,support,"Login loop on Android, keeps sending me back to the start screen Second time this has happened",app_bug
F00633,2025-09-05,provider,survey,Customers keep saying they already found someone by the time I call Otherwise fine,lead_quality
F00634,2025-11-15,provider,support,"no dust sheets, no mask, debris left all over a room with a baby in it please sort it out my number is 07700 900243",safety_issue
F00635,2026-01-23,customer,survey,"fyi kept coming back for the same fault each week, no real progress at all not impressed I live near Z14 2CF",workmanship_quality
F00636,2025-12-13,customer,survey,not happy. price on the profile said £30 but he charged £43 per hour my number is 07700 900942,price_dispute
F00637,2026-02-07,provider,review,"fyi credits not refunded after the customer cancelled, support not replying second time this has happened Regards,",credits_refund
F00638,2025-12-19,provider,review,"Honestly, Notifications arrive hours late so I miss leads Otherwise fine",app_bug
F00639,2025-10-07,customer,survey,"just to say booked a morning slot, waited 40 minutes, nobody came. no explanation please sort it out -- This message was sent via the marketplace app",provider_no_show
F00640,2026-01-15,provider,survey,"Hi, Getting enquiries from people who want work in three months, not now Not impressed",lead_quality
F00641,2026-01-12,customer,support,"So Left me waiting at the property in Z17 all morning, no message nothing Been using the site since November Regards,",provider_no_show
F00642,2025-11-21,customer,support,So Left exposed wiring behind the panel and said it would be fine Not impressed,safety_issue
F00643,2025-12-08,customer,review,"Not happy. Explains things in a way that actually makes sense, worth every penny Second time this has happened",workmanship_quality
F00644,2025-11-26,provider,review,Not happy. The availability calendar doesn't keep my changes after I close it Would appreciate a reply,app_bug
F00645,2025-09-08,customer,support,"not happy. spent most of the visit on his phone, barely explained anything thanks",workmanship_quality
F00646,2026-01-06,provider,review,"Honestly, Booked a morning slot, waited 40 minutes, nobody came. No explanation Thanks",provider_no_show
F00647,2025-09-04,customer,support,Would be nice to actually get a response from the person I was matched with Otherwise fine,provider_communication
F00648,2025-11-12,provider,review,"login loop on android, keeps sending me back to the start screen thanks",app_bug
F00649,2026-01-09,provider,support,"honestly, warning light on the boiler the whole time, was told to ignore it this was in z06",safety_issue
F00650,2025-12-19,provider,review,"Honestly, Two refunds approved by email but nothing showing in the account Otherwise fine",credits_refund
F00651,2025-12-03,provider,support,Map view is blank on my phone since the last update,app_bug
F00652,2025-10-25,provider,support,The availability calendar doesn't keep my changes after I close it email me at ahmed72@example.com,app_bug
F00653,2026-02-04,customer,review,"not happy. kept coming back for the same fault each week, no real progress at all cheers",workmanship_quality
F00654,2025-11-17,customer,support,"Honestly, Kept coming back for the same fault each week, no real progress at all Thanks my number is 07700 900448",workmanship_quality
F00655,2026-01-16,customer,review,Not happy. Would be nice to actually get a response from the person I was matched with I live near Z25 8EC,provider_communication
F00656,2025-11-03,customer,review,"Hi, Left me waiting at the property in Z01 all morning, no message nothing Not impressed Sent from my iPhone",provider_no_show
F00657,2026-02-01,provider,review,"Quick one: Requested a refund for a dead lead 2 weeks ago, still nothing Second time this has happened",credits_refund
F00658,2026-01-07,provider,support,"Honestly, Customer never answered, wasted credits again Otherwise fine",lead_quality
F00659,2025-09-10,customer,review,not happy. provider bought my lead but never contacted me would appreciate a reply,provider_communication
F00660,2025-09-30,provider,review,Quick one: The app crashes every time I open the leads tab,app_bug
F00661,2025-11-21,customer,support,"felt rushed, didn't finish the sealing properly before leaving would appreciate a reply I live near Z05 7DE",workmanship_quality
F00662,2026-02-16,provider,survey,Feedback: Paid for a lead and the customer's number was disconnected Would appreciate a reply -- This message was sent via the marketplace app,lead_quality
F00663,2025-10-23,provider,review,"Feedback: Login loop on Android, keeps sending me back to the start screen Not impressed Regards,",app_bug
F00664,2025-09-04,provider,support,fyi the app crashes every time i open the leads tab would appreciate a reply Sent from my iPhone,app_bug
F00665,2025-12-26,customer,support,The multi-day discount on the profile turned out not to exist Been using the site since November,price_dispute
F00666,2026-01-24,provider,survey,Not happy. The availability calendar doesn't keep my changes after I close it This was in Z27,app_bug
F00667,2025-10-28,provider,survey,update - the app crashes every time i open the leads tab my number is 07700 900510,app_bug
F00668,2025-11-12,provider,survey,"Update - Getting enquiries from people who want work in three months, not now Please sort it out",lead_quality
F00669,2025-12-19,provider,support,"credits not refunded after the customer cancelled, support not replying second time this has happened",credits_refund
F00670,2025-12-17,provider,survey,"honestly, two refunds approved by email but nothing showing in the account been using the site since october",credits_refund
F00671,2026-01-28,provider,survey,"Hi, Uploaded a new profile photo and it shows sideways",app_bug
F00672,2025-11-03,provider,review,just to say the app crashes every time i open the leads tab my number is 07700 900910,app_bug
F00673,2025-12-26,customer,survey,rates changed after the first day of work without warning,price_dispute
F00674,2025-09-22,customer,support,"Update - No dust sheets, no mask, debris left all over a room with a baby in it Cheers Sent from my iPhone",safety_issue
F00675,2026-01-21,provider,survey,"Not happy. Charged for a lead I never accepted, please refund Please sort it out",credits_refund
F00676,2026-02-09,customer,support,Just to say Paid for the lead apparently but I never heard from anyone Second time this has happened,provider_communication
F00677,2026-02-03,customer,review,ok,noise
F00678,2025-09-11,customer,review,"Just to say Great tradesperson, tidy and methodical, highly recommend Would appreciate a reply my number is 07700 900981",workmanship_quality
F00679,2026-01-13,customer,review,"So Got one text and then silence, no idea if I have a tradesperson or not This was in Z01",provider_communication
F00680,2025-09-12,customer,review,"Quick one: Snapped at me when I asked a question, made the whole thing uncomfortable",workmanship_quality
F00681,2025-12-06,customer,review,,workmanship_quality
F00682,2026-02-13,provider,survey,Quick one: The app crashes every time I open the leads tab Second time this has happened,app_bug
F00683,2026-02-25,provider,review,notifications arrive hours late so i miss leads been using the site since december,app_bug
F00684,2025-11-08,customer,review,"Honestly, Hidden fees for materials and disposal, not mentioned before Been using the site since November",price_dispute
F00685,2025-11-09,customer,review,"quick one: warning light on the boiler the whole time, was told to ignore it cheers",safety_issue
F00686,2026-01-25,customer,survey,Turned up 25 minutes into a one hour slot and still charged the full hour Would appreciate a reply -- This message was sent via the marketplace app,provider_no_show
F00687,2025-09-17,provider,review,Third enquiry this week where the person says they never filled anything in Cheers,lead_quality
F00688,2026-02-27,customer,support,"So Filled in my details twice and heard nothing, is this site even active Not impressed",provider_communication
F00689,2025-09-28,provider,support,"Hi, Bought 9 leads this month and only one picked up the phone Would appreciate a reply",lead_quality
F00690,2025-11-27,customer,survey,"Update - Spent most of the visit on his phone, barely explained anything",workmanship_quality
F00691,2025-11-19,customer,review,,provider_no_show
F00692,2025-10-28,customer,review,Feedback: Quoted one price then asked for more once the work started Thanks,price_dispute
F00693,2025-12-27,provider,support,"Not happy. Login loop on Android, keeps sending me back to the start screen",app_bug
F00694,2026-01-17,provider,survey,"So Requested a refund for a dead lead 2 weeks ago, still nothing Sent from my iPhone",credits_refund
F00695,2026-02-03,customer,review,"Feedback: Kept coming back for the same fault each week, no real progress at all Been using the site since January",workmanship_quality
F00696,2025-10-09,customer,support,good,noise
F00697,2025-12-15,customer,review,"so still waiting for someone to call me back, it's been 12 days cheers",provider_communication
F00698,2025-12-15,customer,review,"Filled in my details twice and heard nothing, is this site even active Not impressed",provider_communication
F00699,2025-10-31,customer,support,Not happy. Quoted one price then asked for more once the work started Otherwise fine,price_dispute
F00700,2026-02-25,provider,support,"Honestly, Top up went through on my card but the balance didn't change",credits_refund
F00701,2025-10-07,customer,survey,"Two appointments in a row moved at the last minute, I've lost a week This was in Z13",provider_no_show
F00702,2026-02-07,customer,survey,"Brilliant at talking me through the options, I was dreading this and it was painless Otherwise fine",workmanship_quality
F00703,2026-01-26,customer,survey,Not happy. Price on the profile said £32 but he charged £45 per hour,price_dispute
F00704,2026-01-19,customer,survey,"Hi, Booked a morning slot, waited 40 minutes, nobody came. No explanation",provider_no_show
F00705,2025-11-11,customer,review,"hi, cancelled on me twice last minute, really unreliable otherwise fine",provider_no_show
F00706,2025-10-28,provider,survey,"just to say lead was from z22 which i don't even cover, why was it sent to me thanks email me at fatima11@example.com",lead_quality
F00707,2025-10-07,provider,review,update - bought 2 leads this month and only one picked up the phone thanks,lead_quality
F00708,2025-11-15,provider,support,"Not happy. Someone wanting an installation sent to me, I only do repairs, that's on you Not impressed my number is 07700 900231",lead_quality
F00709,2025-11-30,provider,survey,,lead_quality
F00710,2025-10-24,customer,support,Not happy. Nice enough but I didn't feel much had been done after ten hours Been using the site since January,workmanship_quality
F00711,2025-09-12,customer,survey,"Update - Snapped at me when I asked a question, made the whole thing uncomfortable",workmanship_quality
F00712,2026-01-10,customer,review,"honestly, booked a morning slot, waited 40 minutes, nobody came. no explanation",provider_no_show
F00713,2025-12-11,provider,review,"FYI The customer was actually two counties away, the address must have been typed wrong Please sort it out",lead_quality
F00714,2025-10-12,provider,review,"Same customer sent to me twice, charged twice This was in Z20 my number is 07700 900685",lead_quality
F00715,2025-11-19,provider,survey,"Update - Customer never answered, wasted credits again",lead_quality
F00716,2026-01-05,provider,review,update - third enquiry this week where the person says they never filled anything in would appreciate a reply,lead_quality
F00717,2025-10-24,customer,review,"Update - Explains things in a way that actually makes sense, worth every penny Second time this has happened",workmanship_quality
F00718,2026-02-09,provider,review,"Honestly, Charged for a lead I never accepted, please refund",credits_refund
F00719,2025-10-02,customer,survey,good,noise
F00720,2025-10-28,provider,support,so the availability calendar doesn't keep my changes after i close it cheers,app_bug
F00721,2025-11-26,provider,review,notifications arrive hours late so i miss leads second time this has happened,app_bug
F00722,2025-11-04,customer,review,"Really thorough, explained the whole job clearly and finished ahead of time!",workmanship_quality
F00723,2026-02-19,customer,review,"FYI Was told £32 an hour, invoice came in at £42, no explanation Would appreciate a reply",price_dispute
F00724,2026-02-06,customer,review,"Not happy. Explains things in a way that actually makes sense, worth every penny Been using the site since November I live near Z29 2EA",workmanship_quality
F00725,2026-02-07,provider,support,"Honestly, Login loop on Android, keeps sending me back to the start screen Thanks",app_bug
F00726,2025-11-22,provider,review,"Getting enquiries from people who want work in three months, not now Sent from my iPhone",lead_quality
F00727,2025-12-21,customer,review,just to say would be nice to actually get a response from the person i was matched with second time this has happened,provider_communication
F00728,2026-02-22,customer,survey,"FYI Explains things in a way that actually makes sense, worth every penny Thanks",workmanship_quality
F00729,2026-01-05,provider,support,Feedback: Nice enough but I didn't feel much had been done after ten hours Not impressed,workmanship_quality
F00730,2025-09-22,customer,support,"FYI Left me waiting at the property in Z17 all morning, no message nothing Otherwise fine",provider_no_show
F00731,2026-01-10,provider,support,"honestly, the availability calendar doesn't keep my changes after i close it otherwise fine",app_bug
F00732,2025-12-10,provider,review,"FYI Someone wanting an installation sent to me, I only do repairs, that's on you Please sort it out",lead_quality
F00733,2026-01-12,provider,support,the multi-day discount on the profile turned out not to exist not impressed,price_dispute
F00734,2026-02-10,provider,review,"Just to say My balance went down by 8 and I didn't buy anything, what happened Thanks",credits_refund
F00735,2025-12-24,customer,review,"FYI Every visit had a clear plan and a recap at the end, finished in 7 days",workmanship_quality
F00736,2025-12-05,provider,support,"Can't update my coverage zones, the save button is greyed out Second time this has happened",app_bug
F00737,2025-12-03,provider,survey,good,noise
F00738,2025-12-26,customer,support,"Update - Snapped at me when I asked a question, made the whole thing uncomfortable Please sort it out",workmanship_quality
F00739,2025-09-30,provider,support,"just to say same customer sent to me twice, charged twice",lead_quality
F00740,2025-09-10,customer,review,"hi, nobody got in touch after i filled in the form -- This message was sent via the marketplace app",provider_communication
F00741,2025-10-18,customer,support,"Just to say Lovely clean job, everything tested and certified before he left This was in Z06",safety_issue
F00742,2025-09-03,customer,support,Asked for cash up front for the full job then said the rate had gone up Thanks,price_dispute
F00743,2025-09-26,customer,survey,"Left me waiting at the property in Z25 all morning, no message nothing Not impressed -- This message was sent via the marketplace app",provider_no_show
F00744,2025-12-11,provider,support,"Feedback: Login loop on Android, keeps sending me back to the start screen This was in Z18 Regards,",app_bug
F00745,2025-09-11,customer,support,"Not happy. Filled in my details twice and heard nothing, is this site even active Please sort it out",provider_communication
F00746,2026-01-24,provider,survey,"Honestly, Top up went through on my card but the balance didn't change Would appreciate a reply",credits_refund
F00747,2026-02-09,provider,support,"Honestly, My balance went down by 7 and I didn't buy anything, what happened Please sort it out",credits_refund
F00748,2026-01-02,customer,support,"So Snapped at me when I asked a question, made the whole thing uncomfortable Thanks",workmanship_quality
F00749,2025-09-07,customer,review,"Every visit had a clear plan and a recap at the end, finished in 11 days Second time this has happened Regards,",workmanship_quality
F00750,2025-10-21,provider,review,FYI Uploaded a new profile photo and it shows sideways I live near Z30 2CF,app_bug
F00751,2025-09-19,provider,review,"Feedback: The refund button does nothing, credits just disappeared Not impressed",credits_refund
F00752,2025-09-05,provider,support,Just to say Notifications arrive hours late so I miss leads,app_bug
F00753,2025-11-13,provider,review,"Feedback: Getting enquiries from people who want work in three months, not now Thanks my number is 07700 900364",lead_quality
F00754,2026-01-05,provider,survey,"Hi, Login loop on Android, keeps sending me back to the start screen Please sort it out",app_bug
F00755,2025-10-04,customer,survey,"so expensive compared to what was advertised, felt misled please sort it out email me at priya50@example.com",price_dispute
F00756,2025-12-14,provider,review,"honestly, notifications arrive hours late so i miss leads please sort it out I live near Z02 8EA",app_bug
F00757,2025-12-25,customer,support,"Feedback: Was late again by half an hour, third time this month Thanks my number is 07700 900306",provider_no_show
F00758,2025-12-17,customer,review,"not happy. nobody got in touch after i filled in the form would appreciate a reply Regards,",provider_communication
F00759,2025-11-04,provider,survey,"So Login loop on Android, keeps sending me back to the start screen Been using the site since October",app_bug
F00760,2025-10-19,provider,review,"Quick one: Cancelled on me twice last minute, really unreliable Second time this has happened -- This message was sent via the marketplace app",provider_no_show
F00761,2026-01-12,customer,review,"So Site left spotless and every connection checked, felt genuinely professional",safety_issue
F00762,2025-12-21,customer,survey,"update - no dust sheets, no mask, debris left all over a room with a baby in it not impressed my number is 07700 900696",safety_issue
F00763,2025-12-13,customer,review,"Just to say Filled in my details twice and heard nothing, is this site even active This was in Z17 my number is 07700 900196",provider_communication
F00764,2025-12-31,customer,support,"so brilliant at talking me through the options, i was dreading this and it was painless second time this has happened",workmanship_quality
F00765,2025-11-11,provider,support,"not happy. my balance went down by 2 and i didn't buy anything, what happened please sort it out",credits_refund
F00766,2026-01-09,customer,review,Not happy. Nobody got in touch after I filled in the form Please sort it out my number is 07700 900000,provider_communication
F00767,2025-11-04,customer,support,"no dust sheets, no mask, debris left all over a room with a baby in it",safety_issue
F00768,2025-11-07,provider,support,third enquiry this week where the person says they never filled anything in would appreciate a reply my number is 07700 900642,lead_quality
F00769,2026-02-15,provider,survey,"So Was promised my money back for the fake enquiry, 14 days later still waiting Not impressed",credits_refund
F00770,2025-11-23,provider,support,"my balance went down by 8 and i didn't buy anything, what happened",credits_refund
F00771,2025-09-21,customer,review,"Feedback: Warning light on the boiler the whole time, was told to ignore it Please sort it out",safety_issue
F00772,2025-09-13,provider,support,"Honestly, Rates changed after the first day of work without warning",price_dispute
F00773,2025-11-29,customer,review,Feedback: Would be nice to actually get a response from the person I was matched with Second time this has happened,provider_communication
F00774,2025-12-29,provider,support,"Can't update my coverage zones, the save button is greyed out",app_bug
F00775,2025-11-01,customer,review,"Two appointments in a row moved at the last minute, I've lost a week Otherwise fine",provider_no_show
F00776,2025-11-09,customer,support,feedback: nobody got in touch after i filled in the form,provider_communication
F00777,2026-01-13,provider,support,"kept coming back for the same fault each week, no real progress at all",workmanship_quality
F00778,2026-01-30,customer,support,Nobody got in touch after I filled in the form Cheers Sent from my iPhone,provider_communication
F00779,2025-12-24,customer,review,"Feedback: Kept coming back for the same fault each week, no real progress at all Second time this has happened",workmanship_quality
F00780,2026-01-05,provider,review,paid for a lead and the customer's number was disconnected would appreciate a reply,lead_quality
F00781,2025-11-05,customer,support,update - paid for the lead apparently but i never heard from anyone this was in z25,provider_communication
F00782,2026-01-17,provider,support,FYI Notifications arrive hours late so I miss leads This was in Z26,app_bug
F00783,2025-12-11,customer,support,not happy. provider bought my lead but never contacted me please sort it out,provider_communication
F00784,2025-09-26,provider,support,Just to say Customers keep saying they already found someone by the time I call Please sort it out,lead_quality
F00785,2026-02-16,customer,support,"Hi, The multi-day discount on the profile turned out not to exist Would appreciate a reply",price_dispute
F00786,2026-01-02,customer,review,Nobody got in touch after I filled in the form Please sort it out,provider_communication
F00787,2025-09-18,provider,survey,"Honestly, Credits not refunded after the customer cancelled, support not replying Thanks",credits_refund
F00788,2026-02-24,provider,review,"just to say explains things in a way that actually makes sense, worth every penny this was in z10",workmanship_quality
F00789,2026-01-25,provider,support,"Can't update my coverage zones, the save button is greyed out I live near Z10 1BB",app_bug
F00790,2026-02-22,provider,support,"Lovely clean job, everything tested and certified before he left Been using the site since October my number is 07700 900641",safety_issue
F00791,2025-10-02,customer,review,"honestly, site left spotless and every connection checked, felt genuinely professional otherwise fine",safety_issue
F00792,2025-12-21,customer,support,"Not happy. Filled in my details twice and heard nothing, is this site even active",provider_communication
F00793,2026-02-20,provider,survey,n/a,noise
F00794,2025-11-24,provider,review,Customers keep saying they already found someone by the time I call,lead_quality
F00795,2025-10-04,customer,review,just to say the multi-day discount on the profile turned out not to exist,price_dispute
F00796,2025-09-06,customer,support,Quick one: The multi-day discount on the profile turned out not to exist This was in Z28,price_dispute
F00797,2025-09-21,customer,review,"Feedback: Provider Fatima didn't turn up for the first visit and never called Been using the site since October Regards,",provider_no_show
F00798,2025-12-17,customer,review,"update - felt rushed, didn't finish the sealing properly before leaving thanks",workmanship_quality
F00799,2026-01-10,provider,review,quick one: customers keep saying they already found someone by the time i call please sort it out email me at fatima23@example.com,lead_quality
F00800,2025-12-04,customer,review,"update - every visit had a clear plan and a recap at the end, finished in 3 days cheers",workmanship_quality
F00801,2025-10-16,provider,support,"Hi, Third enquiry this week where the person says they never filled anything in Would appreciate a reply",lead_quality
F00802,2026-01-02,customer,review,"Update - Still waiting for someone to call me back, it's been 2 days",provider_communication
F00803,2025-10-25,customer,review,"Just to say Two appointments in a row moved at the last minute, I've lost a week Thanks",provider_no_show
F00804,2025-10-13,customer,review,"Quick one: Booked a morning slot, waited 40 minutes, nobody came. No explanation This was in Z03",provider_no_show
F00805,2025-12-06,customer,survey,good,noise
F00806,2026-01-08,customer,review,"FYI Sent three messages, no reply for a week Not impressed email me at marek1@example.com",provider_communication
F00807,2025-11-25,provider,review,"Login loop on Android, keeps sending me back to the start screen Second time this has happened email me at marek49@example.com",app_bug
F00808,2025-09-12,customer,support,"Not happy. The multi-day discount on the profile turned out not to exist Would appreciate a reply Regards,",price_dispute
F00809,2026-02-06,customer,support,"left me waiting at the property in z03 all morning, no message nothing",provider_no_show
F00810,2026-01-03,customer,review,"So Felt rushed, didn't finish the sealing properly before leaving",workmanship_quality
F00811,2026-01-31,customer,review,FYI Quoted one price then asked for more once the work started,price_dispute
F00812,2026-01-03,customer,support,Turned up 25 minutes into a one hour slot and still charged the full hour This was in Z19,provider_no_show
F00813,2025-12-01,provider,review,map view is blank on my phone since the last update otherwise fine my number is 07700 900232,app_bug
F00814,2026-01-07,customer,support,"update - filled in my details twice and heard nothing, is this site even active",provider_communication
F00815,2025-10-11,provider,support,Feedback: Asked for cash up front for the full job then said the rate had gone up Would appreciate a reply,price_dispute
F00816,2026-02-18,customer,support,"not happy. brilliant at talking me through the options, i was dreading this and it was painless please sort it out",workmanship_quality
F00817,2025-10-19,provider,support,"Not happy. Login loop on Android, keeps sending me back to the start screen Second time this has happened",app_bug
F00818,2025-12-21,customer,survey,"Feedback: Felt rushed, didn't finish the sealing properly before leaving Thanks",workmanship_quality
F00819,2025-10-08,customer,support,"Honestly, Expensive compared to what was advertised, felt misled This was in Z28",price_dispute
F00820,2025-12-28,customer,support,Quick one: Provider bought my lead but never contacted me,provider_communication
F00821,2025-09-17,provider,review,"Hi, Customer never answered, wasted credits again Would appreciate a reply -- This message was sent via the marketplace app",lead_quality
F00822,2025-10-18,provider,support,"Update - Was promised my money back for the fake enquiry, 4 days later still waiting Thanks",credits_refund
F00823,2026-02-17,customer,support,"honestly, nobody got in touch after i filled in the form I live near Z03 1DE",provider_communication
F00824,2025-09-28,provider,survey,"just to say the customer was actually two counties away, the address must have been typed wrong",lead_quality
F00825,2025-09-07,customer,review,"Not happy. Got one text and then silence, no idea if I have a tradesperson or not This was in Z12",provider_communication
F00826,2025-12-11,customer,support,"Not happy. Warning light on the boiler the whole time, was told to ignore it This was in Z13",safety_issue
F00827,2025-12-16,customer,review,"expensive compared to what was advertised, felt misled otherwise fine",price_dispute
F00828,2025-11-01,customer,support,"Hidden fees for materials and disposal, not mentioned before Been using the site since October",price_dispute
F00829,2025-10-04,provider,survey,Just to say Third enquiry this week where the person says they never filled anything in Please sort it out,lead_quality
F00830,2025-09-08,provider,review,fyi two refunds approved by email but nothing showing in the account been using the site since october,credits_refund
F00831,2026-02-20,customer,survey,"Spent most of the visit on his phone, barely explained anything Second time this has happened",workmanship_quality
F00832,2026-02-04,provider,support,Uploaded a new profile photo and it shows sideways Otherwise fine,app_bug
F00833,2025-11-20,provider,survey,"Update - Can't update my coverage zones, the save button is greyed out Been using the site since December",app_bug
F00834,2025-12-12,provider,review,n/a,noise
F00835,2025-10-23,provider,support,"Honestly, Notifications arrive hours late so I miss leads",app_bug
F00836,2025-12-20,customer,support,"not happy. great tradesperson, tidy and methodical, highly recommend second time this has happened",workmanship_quality
F00837,2025-10-03,customer,review,"Snapped at me when I asked a question, made the whole thing uncomfortable Second time this has happened",workmanship_quality
F00838,2026-01-08,customer,survey,Just to say Turned up 25 minutes into a one hour slot and still charged the full hour Been using the site since January,provider_no_show
F00839,2025-11-30,customer,review,Nobody got in touch after I filled in the form,provider_communication
F00840,2025-10-24,provider,support,"FYI Explains things in a way that actually makes sense, worth every penny Would appreciate a reply",workmanship_quality
F00841,2025-11-01,provider,review,"Hi, Uploaded a new profile photo and it shows sideways Please sort it out",app_bug
F00842,2026-01-05,provider,survey,"Felt rushed, didn't finish the sealing properly before leaving Please sort it out",workmanship_quality
F00843,2025-09-26,customer,support,so paid for the lead apparently but i never heard from anyone this was in z08,provider_communication
F00844,2025-12-10,provider,review,Quick one: Map view is blank on my phone since the last update,app_bug
F00845,2025-10-02,provider,review,"FYI The customer was actually two counties away, the address must have been typed wrong Cheers I live near Z20 5FB",lead_quality
F00846,2025-09-14,customer,support,"quick one: warning light on the boiler the whole time, was told to ignore it not impressed",safety_issue
F00847,2026-02-18,customer,survey,"got one text and then silence, no idea if i have a tradesperson or not otherwise fine -- This message was sent via the marketplace app",provider_communication
F00848,2025-10-28,provider,survey,"Honestly, Map view is blank on my phone since the last update Cheers",app_bug
F00849,2025-11-23,provider,survey,,app_bug
F00850,2025-11-11,provider,support,The availability calendar doesn't keep my changes after I close it This was in Z25 my number is 07700 900267,app_bug
F00851,2026-02-15,provider,review,"Just to say Same customer sent to me twice, charged twice Otherwise fine",lead_quality
F00852,2025-12-14,customer,support,FYI Turned up 25 minutes into a one hour slot and still charged the full hour Thanks,provider_no_show
F00853,2025-10-27,customer,support,"Just to say Was told £33 an hour, invoice came in at £48, no explanation",price_dispute
F00854,2026-02-16,provider,review,"The customer was actually two counties away, the address must have been typed wrong",lead_quality
F00855,2025-11-13,customer,review,Update - Nice enough but I didn't feel much had been done after ten hours Thanks -- This message was sent via the marketplace app,workmanship_quality
F00856,2025-09-04,customer,support,"Cancelled on me twice last minute, really unreliable Would appreciate a reply",provider_no_show
F00857,2025-11-07,provider,survey,He simply didn't show up on Saturday and went quiet afterwards Not impressed,provider_no_show
F00858,2025-09-28,customer,review,Paid for the lead apparently but I never heard from anyone,provider_communication
F00859,2025-12-11,customer,review,"so spent most of the visit on his phone, barely explained anything",workmanship_quality
F00860,2026-02-11,provider,review,FYI Top up went through on my card but the balance didn't change Please sort it out,credits_refund
F00861,2026-02-12,provider,review,"Hi, The refund button does nothing, credits just disappeared",credits_refund
F00862,2025-11-27,customer,survey,Paid for the lead apparently but I never heard from anyone Thanks,provider_communication
F00863,2025-12-11,customer,support,"Honestly, Left exposed wiring behind the panel and said it would be fine Second time this has happened",safety_issue
F00864,2025-09-13,customer,review,"hi, no dust sheets, no mask, debris left all over a room with a baby in it -- This message was sent via the marketplace app",safety_issue
F00865,2025-11-22,provider,survey,Feedback: Notifications arrive hours late so I miss leads Second time this has happened,app_bug
F00866,2025-11-19,customer,survey,"Honestly, Price on the profile said £39 but he charged £41 per hour Been using the site since November",price_dispute
F00867,2025-10-28,customer,support,Not happy. Rates changed after the first day of work without warning Cheers,price_dispute
F00868,2025-12-21,customer,support,"Not happy. Cancelled on me twice last minute, really unreliable Cheers",provider_no_show
F00869,2025-09-08,customer,support,"Hi, Turned up 25 minutes into a one hour slot and still charged the full hour",provider_no_show
F00870,2026-01-18,provider,support,"update - map view is blank on my phone since the last update my number is 07700 900358 Regards,",app_bug
F00871,2026-01-28,customer,survey,"fyi brilliant at talking me through the options, i was dreading this and it was painless cheers",workmanship_quality
F00872,2026-01-10,provider,support,"Quick one: Same customer sent to me twice, charged twice Otherwise fine",lead_quality
F00873,2026-01-17,customer,review,"FYI Kept coming back for the same fault each week, no real progress at all",workmanship_quality
F00874,2025-11-22,customer,review,"Honestly, Provider bought my lead but never contacted me Not impressed",provider_communication
F00875,2026-01-03,provider,support,"FYI Same customer sent to me twice, charged twice Thanks",lead_quality
F00876,2026-02-02,customer,support,"So Sent three messages, no reply for a week Not impressed",provider_communication
F00877,2026-01-05,provider,support,"Two refunds approved by email but nothing showing in the account Regards,",credits_refund
F00878,2026-01-21,provider,review,"Just to say Was told £31 an hour, invoice came in at £41, no explanation Second time this has happened",price_dispute
F00879,2025-12-21,provider,review,just to say top up went through on my card but the balance didn't change second time this has happened,credits_refund
F00880,2025-12-08,provider,support,Not happy. Third enquiry this week where the person says they never filled anything in Second time this has happened,lead_quality
F00881,2026-01-30,provider,survey,"Requested a refund for a dead lead 2 weeks ago, still nothing Not impressed",credits_refund
F00882,2025-11-25,provider,review,"honestly, the refund button does nothing, credits just disappeared cheers",credits_refund
F00883,2026-02-03,customer,survey,"Feedback: Great tradesperson, tidy and methodical, highly recommend Not impressed",workmanship_quality
F00884,2026-02-23,customer,review,"Feedback: Price on the profile said £32 but he charged £45 per hour This was in Z04 Regards,",price_dispute
F00885,2026-01-04,customer,support,"honestly, spent most of the visit on his phone, barely explained anything thanks",workmanship_quality
F00886,2026-01-20,provider,support,"hi, customer never answered, wasted credits again I live near Z08 2DF Sent from my iPhone",lead_quality
F00887,2025-09-11,customer,review,"Hi, Left me waiting at the property in Z19 all morning, no message nothing This was in Z19 Regards,",provider_no_show
F00888,2025-11-01,provider,support,"Same customer sent to me twice, charged twice Not impressed Regards,",lead_quality
F00889,2025-09-20,provider,support,"Hi, Third enquiry this week where the person says they never filled anything in Second time this has happened",lead_quality
F00890,2026-02-13,provider,survey,"Not happy. My balance went down by 9 and I didn't buy anything, what happened",credits_refund
F00891,2025-11-16,provider,support,"Update - Customer never answered, wasted credits again Otherwise fine",lead_quality
F00892,2026-02-26,provider,review,Feedback: Two refunds approved by email but nothing showing in the account This was in Z16,credits_refund
F00893,2025-12-30,customer,support,"Hi, Paid for the lead apparently but I never heard from anyone Not impressed",provider_communication
F00894,2025-09-04,customer,survey,"expensive compared to what was advertised, felt misled not impressed",price_dispute
F00895,2025-12-01,customer,review,"So Really thorough, explained the whole job clearly and finished ahead of time! Please sort it out",workmanship_quality
F00896,2026-02-03,customer,survey,"Expensive compared to what was advertised, felt misled Otherwise fine",price_dispute
F00897,2025-10-08,provider,review,"Feedback: Someone wanting an installation sent to me, I only do repairs, that's on you Otherwise fine",lead_quality
F00898,2025-10-17,customer,survey,"Lovely clean job, everything tested and certified before he left Cheers",safety_issue
F00899,2025-09-29,customer,support,"So Lovely clean job, everything tested and certified before he left",safety_issue
F00900,2026-02-04,provider,support,Third enquiry this week where the person says they never filled anything in Second time this has happened email me at sophie16@example.com,lead_quality
F00901,2026-02-04,provider,review,"Just to say Credits not refunded after the customer cancelled, support not replying",credits_refund
F00902,2025-10-04,provider,review,"Not happy. Every visit had a clear plan and a recap at the end, finished in 14 days -- This message was sent via the marketplace app",workmanship_quality
F00903,2025-12-06,customer,review,"Update - Still waiting for someone to call me back, it's been 14 days Second time this has happened I live near Z25 8CE",provider_communication
F00904,2025-12-04,customer,support,"Was told £37 an hour, invoice came in at £45, no explanation",price_dispute
F00905,2025-09-12,customer,review,"honestly, sent three messages, no reply for a week would appreciate a reply",provider_communication
F00906,2025-11-14,provider,support,"not happy. great tradesperson, tidy and methodical, highly recommend not impressed",workmanship_quality
F00907,2025-12-22,provider,support,So The availability calendar doesn't keep my changes after I close it Cheers I live near Z06 5BC,app_bug
F00908,2026-01-15,customer,review,so rates changed after the first day of work without warning,price_dispute
F00909,2026-01-06,customer,review,So Would be nice to actually get a response from the person I was matched with Otherwise fine,provider_communication
F00910,2025-10-04,provider,review,"Login loop on Android, keeps sending me back to the start screen Not impressed my number is 07700 900395",app_bug
F00911,2025-10-14,customer,support,"Update - Still waiting for someone to call me back, it's been 13 days Second time this has happened",provider_communication
F00912,2026-01-14,customer,survey,"FYI Great tradesperson, tidy and methodical, highly recommend Please sort it out",workmanship_quality
F00913,2026-02-11,provider,review,quick one: top up went through on my card but the balance didn't change,credits_refund
F00914,2026-01-01,provider,survey,"Update - The app crashes every time I open the leads tab Second time this has happened Regards,",app_bug
F00915,2025-10-22,customer,review,,provider_no_show
F00916,2025-12-10,provider,support,"Not happy. Lead was from Z26 which I don't even cover, why was it sent to me Thanks",lead_quality
F00917,2025-11-17,provider,review,"update - getting enquiries from people who want work in three months, not now would appreciate a reply Sent from my iPhone",lead_quality
F00918,2025-11-22,customer,survey,"hi, spent most of the visit on his phone, barely explained anything been using the site since november",workmanship_quality
F00919,2026-01-29,provider,review,"Charged for a lead I never accepted, please refund Been using the site since November",credits_refund
F00920,2026-01-22,provider,support,Just to say Uploaded a new profile photo and it shows sideways Please sort it out,app_bug
F00921,2025-10-25,provider,support,"So Someone wanting an installation sent to me, I only do repairs, that's on you",lead_quality
F00922,2025-10-09,provider,review,Quick one: The availability calendar doesn't keep my changes after I close it Not impressed,app_bug
F00923,2025-09-09,customer,support,Nice enough but I didn't feel much had been done after ten hours Thanks,workmanship_quality
F00924,2025-12-01,provider,survey,"Not happy. Credits not refunded after the customer cancelled, support not replying Thanks",credits_refund
F00925,2026-02-12,provider,review,feedback: customers keep saying they already found someone by the time i call not impressed,lead_quality
F00926,2025-11-23,customer,support,"hi, left exposed wiring behind the panel and said it would be fine would appreciate a reply",safety_issue
F00927,2026-02-16,customer,survey,"the ladder he used was visibly damaged, i mentioned it and got shrugged at thanks",safety_issue
F00928,2025-11-11,provider,review,??,noise
F00929,2025-09-30,customer,review,good,noise
F00930,2025-11-11,provider,review,"Honestly, Uploaded a new profile photo and it shows sideways",app_bug
F00931,2025-09-08,provider,support,"Not happy. Customer never answered, wasted credits again",lead_quality
F00932,2025-11-30,customer,support,"Honestly, Rates changed after the first day of work without warning Otherwise fine",price_dispute
F00933,2025-12-22,customer,survey,"Update - Spent most of the visit on his phone, barely explained anything",workmanship_quality
F00934,2026-02-27,provider,survey,"Update - Can't update my coverage zones, the save button is greyed out",app_bug
F00935,2025-09-24,provider,review,Customers keep saying they already found someone by the time I call Not impressed,lead_quality
F00936,2026-02-09,customer,support,FYI Price on the profile said £39 but he charged £41 per hour Cheers,price_dispute
F00937,2026-03-01,customer,review,"so sent three messages, no reply for a week second time this has happened I live near Z01 4FF",provider_communication
F00938,2026-01-30,provider,review,Feedback: Provider Sophie didn't turn up for the first visit and never called This was in Z15,provider_no_show
F00939,2025-10-21,customer,survey,"Feedback: Left me waiting at the property in Z24 all morning, no message nothing Would appreciate a reply",provider_no_show
F00940,2025-10-17,provider,review,"not happy. can't update my coverage zones, the save button is greyed out would appreciate a reply -- This message was sent via the marketplace app",app_bug
F00941,2025-09-10,provider,review,"Honestly, Uploaded a new profile photo and it shows sideways",app_bug
F00942,2025-09-15,customer,support,"Just to say Lovely clean job, everything tested and certified before he left This was in Z09",safety_issue
F00943,2025-12-17,customer,review,"Honestly, Brilliant at talking me through the options, I was dreading this and it was painless Please sort it out",workmanship_quality
F00944,2026-02-20,customer,support,price on the profile said £34 but he charged £42 per hour thanks,price_dispute
F00945,2025-09-15,customer,survey,"kept coming back for the same fault each week, no real progress at all otherwise fine",workmanship_quality
F00946,2025-12-05,provider,review,"Feedback: Uploaded a new profile photo and it shows sideways Not impressed Regards,",app_bug
F00947,2025-12-06,provider,support,"Just to say Can't update my coverage zones, the save button is greyed out email me at sophie64@example.com",app_bug
F00948,2025-10-12,customer,support,"Filled in my details twice and heard nothing, is this site even active",provider_communication
F00949,2026-02-03,provider,review,"not happy. the customer was actually two counties away, the address must have been typed wrong my number is 07700 900330",lead_quality
F00950,2026-02-14,provider,review,"Same customer sent to me twice, charged twice Otherwise fine",lead_quality
F00951,2025-11-07,customer,review,"hi, would be nice to actually get a response from the person i was matched with cheers",provider_communication
F00952,2026-02-28,customer,survey,,safety_issue
F00953,2025-12-15,customer,review,"fyi sent three messages, no reply for a week",provider_communication
F00954,2026-02-15,customer,review,"Update - Got one text and then silence, no idea if I have a tradesperson or not Please sort it out",provider_communication
F00955,2025-12-13,provider,support,map view is blank on my phone since the last update this was in z11,app_bug
F00956,2025-09-23,customer,support,"Honestly, Spent most of the visit on his phone, barely explained anything Thanks my number is 07700 900407",workmanship_quality
F00957,2025-09-27,provider,review,fyi top up went through on my card but the balance didn't change would appreciate a reply,credits_refund
F00958,2025-09-05,provider,survey,Update - The app crashes every time I open the leads tab Cheers,app_bug
F00959,2025-09-09,provider,review,Quick one: Nobody got in touch after I filled in the form Second time this has happened -- This message was sent via the marketplace app,provider_communication
F00960,2025-11-12,provider,support,"hi, third enquiry this week where the person says they never filled anything in",lead_quality
F00961,2025-11-30,provider,survey,Just to say Uploaded a new profile photo and it shows sideways,app_bug
F00962,2025-12-28,customer,support,"FYI Filled in my details twice and heard nothing, is this site even active Been using the site since November Sent from my iPhone",provider_communication
F00963,2026-02-17,provider,support,"Brilliant at talking me through the options, I was dreading this and it was painless",workmanship_quality
F00964,2025-12-22,provider,support,Customers keep saying they already found someone by the time I call,lead_quality
F00965,2025-12-29,provider,support,"hi, customer never answered, wasted credits again been using the site since december",lead_quality
F00966,2025-12-09,customer,review,"feedback: the ladder he used was visibly damaged, i mentioned it and got shrugged at been using the site since november Regards,",safety_issue
F00967,2025-09-06,provider,survey,"So Same customer sent to me twice, charged twice Please sort it out",lead_quality
F00968,2025-10-30,customer,review,fyi asked for cash up front for the full job then said the rate had gone up thanks Sent from my iPhone,price_dispute
F00969,2026-01-03,provider,survey,FYI The availability calendar doesn't keep my changes after I close it,app_bug
F00970,2025-11-06,provider,support,"The refund button does nothing, credits just disappeared Been using the site since December",credits_refund
F00971,2026-01-04,provider,support,"fyi getting enquiries from people who want work in three months, not now cheers I live near Z29 6BA",lead_quality
F00972,2025-10-15,provider,support,"Not happy. The refund button does nothing, credits just disappeared Been using the site since September",credits_refund
F00973,2025-10-13,customer,support,"Honestly, He simply didn't show up on Saturday and went quiet afterwards This was in Z18",provider_no_show
F00974,2025-10-14,customer,review,"FYI Felt rushed, didn't finish the sealing properly before leaving my number is 07700 900220",workmanship_quality
F00975,2026-02-10,customer,review,??,noise
F00976,2026-01-14,customer,review,update - rates changed after the first day of work without warning second time this has happened,price_dispute
F00977,2025-10-14,provider,support,"Honestly, Same customer sent to me twice, charged twice",lead_quality
F00978,2025-10-31,customer,support,"Honestly, Kept coming back for the same fault each week, no real progress at all This was in Z01",workmanship_quality
F00979,2025-11-18,customer,review,Nobody got in touch after I filled in the form Cheers,provider_communication
F00980,2025-10-28,customer,survey,not happy. provider bought my lead but never contacted me my number is 07700 900725,provider_communication
F00981,2026-01-30,provider,survey,"just to say requested a refund for a dead lead 2 weeks ago, still nothing not impressed",credits_refund
F00982,2025-11-04,provider,review,n/a,noise
F00983,2025-12-05,provider,support,"Honestly, Someone wanting an installation sent to me, I only do repairs, that's on you Been using the site since October",lead_quality
F00984,2026-01-31,provider,review,"Quick one: Was promised my money back for the fake enquiry, 11 days later still waiting This was in Z22",credits_refund
F00985,2025-12-28,customer,support,"Quick one: Booked a morning slot, waited 40 minutes, nobody came. No explanation Cheers my number is 07700 900497",provider_no_show
F00986,2025-11-09,customer,support,"fyi warning light on the boiler the whole time, was told to ignore it thanks",safety_issue
F00987,2025-11-03,customer,review,"Hi, Really thorough, explained the whole job clearly and finished ahead of time! This was in Z11 email me at olga34@example.com",workmanship_quality
F00988,2025-11-15,provider,review,"Quick one: My balance went down by 4 and I didn't buy anything, what happened Please sort it out",credits_refund
F00989,2025-09-06,customer,support,??,noise
F00990,2025-09-18,customer,support,"sent three messages, no reply for a week cheers",provider_communication
F00991,2025-12-13,customer,review,"Honestly, Nice enough but I didn't feel much had been done after ten hours Been using the site since January",workmanship_quality
F00992,2026-01-23,provider,review,"Feedback: Lovely clean job, everything tested and certified before he left Been using the site since October",safety_issue
F00993,2025-12-20,provider,review,"Just to say Sent three messages, no reply for a week Been using the site since October Regards,",provider_communication
F00994,2026-01-05,customer,review,So Provider Kwame didn't turn up for the first visit and never called Cheers,provider_no_show
F00995,2025-09-12,customer,review,"Update - Explains things in a way that actually makes sense, worth every penny I live near Z23 1BA",workmanship_quality
F00996,2025-09-20,customer,support,"honestly, filled in my details twice and heard nothing, is this site even active this was in z01",provider_communication
F00997,2026-01-23,customer,support,"Honestly, The ladder he used was visibly damaged, I mentioned it and got shrugged at This was in Z20",safety_issue
F00998,2026-02-13,customer,support,"Feedback: Really thorough, explained the whole job clearly and finished ahead of time! This was in Z28",workmanship_quality
F00999,2025-11-10,customer,support,"Sent three messages, no reply for a week",provider_communication
F01000,2026-01-02,customer,support,"Filled in my details twice and heard nothing, is this site even active This was in Z20",provider_communication
F01001,2025-10-22,customer,review,"Isolation switch didn't seem to work properly, felt unsafe Otherwise fine Regards,",safety_issue
F01002,2025-12-17,customer,review,"Update - Really thorough, explained the whole job clearly and finished ahead of time! Not impressed I live near Z16 4CA",workmanship_quality
F01003,2025-09-08,customer,support,"Was told £31 an hour, invoice came in at £42, no explanation Not impressed Regards,",price_dispute
F01004,2025-12-30,customer,survey,"Quick one: Explains things in a way that actually makes sense, worth every penny This was in Z02 Sent from my iPhone",workmanship_quality
F01005,2025-10-24,customer,support,"Left me waiting at the property in Z12 all morning, no message nothing This was in Z12 Regards,",provider_no_show
F01006,2026-02-12,customer,review,"Honestly, Paid for the lead apparently but I never heard from anyone Thanks",provider_communication
F01007,2025-12-23,customer,support,n/a,noise
F01008,2025-12-09,provider,support,"fyi login loop on android, keeps sending me back to the start screen otherwise fine my number is 07700 900823",app_bug
F01009,2025-10-25,customer,support,Nice enough but I didn't feel much had been done after ten hours -- This message was sent via the marketplace app,workmanship_quality
F01010,2025-12-03,provider,survey,The availability calendar doesn't keep my changes after I close it Not impressed,app_bug
F01011,2026-02-26,provider,support,"Lead was from Z13 which I don't even cover, why was it sent to me This was in Z13 email me at marek62@example.com -- This message was sent via the marketplace app",lead_quality
F01012,2025-12-01,customer,review,Not happy. Nobody got in touch after I filled in the form Thanks,provider_communication
F01013,2025-09-30,customer,support,"honestly, cancelled on me twice last minute, really unreliable been using the site since october",provider_no_show
F01014,2025-10-11,provider,support,??,noise
F01015,2025-09-18,provider,review,"hi, bought 9 leads this month and only one picked up the phone",lead_quality
F01016,2026-02-13,customer,review,Not happy. Would be nice to actually get a response from the person I was matched with,provider_communication
F01017,2026-01-11,provider,review,Customers keep saying they already found someone by the time I call This was in Z27,lead_quality
F01018,2025-10-02,customer,support,So Rates changed after the first day of work without warning my number is 07700 900137 Sent from my iPhone,price_dispute
F01019,2025-09-14,customer,review,"kept coming back for the same fault each week, no real progress at all thanks Regards,",workmanship_quality
F01020,2026-02-15,provider,review,"Quick one: Requested a refund for a dead lead 2 weeks ago, still nothing I live near Z26 8AF",credits_refund
F01021,2025-11-27,provider,survey,Not happy. Uploaded a new profile photo and it shows sideways Please sort it out,app_bug
F01022,2026-01-04,customer,survey,"Not happy. Really thorough, explained the whole job clearly and finished ahead of time! Would appreciate a reply",workmanship_quality
F01023,2026-01-28,customer,support,"brilliant at talking me through the options, i was dreading this and it was painless otherwise fine email me at sophie79@example.com",workmanship_quality
F01024,2025-11-25,customer,support,"still waiting for someone to call me back, it's been 13 days not impressed",provider_communication
F01025,2025-09-12,customer,support,"feedback: felt rushed, didn't finish the sealing properly before leaving been using the site since january Regards,",workmanship_quality
F01026,2026-01-07,provider,support,"Explains things in a way that actually makes sense, worth every penny This was in Z23",workmanship_quality
F01027,2025-11-03,customer,support,"really thorough, explained the whole job clearly and finished ahead of time!",workmanship_quality
F01028,2025-11-08,customer,review,Update - Paid for the lead apparently but I never heard from anyone Please sort it out,provider_communication
F01029,2025-09-09,customer,review,"quick one: isolation switch didn't seem to work properly, felt unsafe cheers",safety_issue
F01030,2025-09-29,customer,survey,provider bought my lead but never contacted me cheers,provider_communication
F01031,2025-09-11,customer,survey,"FYI Was told £31 an hour, invoice came in at £41, no explanation Not impressed",price_dispute
F01032,2025-12-09,provider,survey,Quick one: Third enquiry this week where the person says they never filled anything in Thanks -- This message was sent via the marketplace app,lead_quality
F01033,2025-12-06,provider,review,"hi, uploaded a new profile photo and it shows sideways this was in z13 my number is 07700 900260",app_bug
F01034,2025-09-16,customer,survey,"honestly, expensive compared to what was advertised, felt misled would appreciate a reply",price_dispute
F01035,2025-12-29,provider,review,n/a,noise
F01036,2025-12-24,customer,review,"quick one: quoted one price then asked for more once the work started would appreciate a reply Regards,",price_dispute
F01037,2025-12-10,customer,support,"warning light on the boiler the whole time, was told to ignore it been using the site since january",safety_issue
F01038,2025-10-02,customer,support,"Honestly, Kept coming back for the same fault each week, no real progress at all This was in Z06 Sent from my iPhone",workmanship_quality
F01039,2025-10-05,customer,survey,"Update - Snapped at me when I asked a question, made the whole thing uncomfortable",workmanship_quality
F01040,2026-01-03,customer,survey,,provider_no_show
F01041,2026-03-01,provider,support,"Hi, Notifications arrive hours late so I miss leads Thanks",app_bug
F01042,2025-09-03,provider,review,"Lovely clean job, everything tested and certified before he left Not impressed",safety_issue
F01043,2026-01-28,provider,support,"update - charged for a lead i never accepted, please refund this was in z24 I live near Z26 3BE",credits_refund
F01044,2026-02-07,provider,support,"Hi, Credits not refunded after the customer cancelled, support not replying Please sort it out",credits_refund
F01045,2026-02-04,provider,review,Update - Two refunds approved by email but nothing showing in the account,credits_refund
F01046,2025-09-30,customer,survey,"Really thorough, explained the whole job clearly and finished ahead of time! Please sort it out",workmanship_quality
F01047,2025-09-26,provider,support,not happy. notifications arrive hours late so i miss leads,app_bug
F01048,2025-09-14,provider,support,feedback: customers keep saying they already found someone by the time i call thanks,lead_quality
F01049,2025-12-13,customer,review,"Kept coming back for the same fault each week, no real progress at all Otherwise fine Sent from my iPhone",workmanship_quality
F01050,2025-10-27,customer,support,"Feedback: Brilliant at talking me through the options, I was dreading this and it was painless email me at ahmed98@example.com",workmanship_quality
F01051,2025-12-04,customer,review,Update - Paid for the lead apparently but I never heard from anyone This was in Z13,provider_communication
F01052,2026-02-21,customer,review,"So Site left spotless and every connection checked, felt genuinely professional",safety_issue
F01053,2026-02-21,provider,review,"hi, requested a refund for a dead lead 2 weeks ago, still nothing",credits_refund
F01054,2025-10-22,provider,support,"not happy. login loop on android, keeps sending me back to the start screen would appreciate a reply",app_bug
F01055,2025-10-17,provider,support,"Feedback: Getting enquiries from people who want work in three months, not now",lead_quality
F01056,2025-10-05,customer,survey,"explains things in a way that actually makes sense, worth every penny",workmanship_quality
F01057,2025-09-22,customer,support,update - provider bought my lead but never contacted me thanks,provider_communication
F01058,2025-09-21,provider,review,"Charged for a lead I never accepted, please refund Otherwise fine",credits_refund
F01059,2026-01-15,customer,support,just to say the multi-day discount on the profile turned out not to exist not impressed,price_dispute
F01060,2025-12-20,provider,support,"Honestly, Two refunds approved by email but nothing showing in the account Cheers I live near Z04 3FD",credits_refund
F01061,2026-03-01,provider,support,Quick one: Bought 2 leads this month and only one picked up the phone,lead_quality
F01062,2025-11-06,provider,support,Quoted one price then asked for more once the work started This was in Z05,price_dispute
F01063,2026-01-28,provider,review,map view is blank on my phone since the last update would appreciate a reply email me at fatima84@example.com,app_bug
F01064,2026-01-22,customer,review,so would be nice to actually get a response from the person i was matched with this was in z06,provider_communication
F01065,2026-01-08,customer,survey,"Just to say Cancelled on me twice last minute, really unreliable",provider_no_show
F01066,2025-11-21,provider,support,Third enquiry this week where the person says they never filled anything in Second time this has happened,lead_quality
F01067,2026-01-09,customer,support,paid for the lead apparently but i never heard from anyone this was in z26 I live near Z08 8ED,provider_communication
F01068,2025-12-09,customer,survey,"Update - Filled in my details twice and heard nothing, is this site even active Please sort it out",provider_communication
F01069,2025-11-05,provider,review,Quick one: Nobody got in touch after I filled in the form Cheers,provider_communication
F01070,2025-11-27,customer,review,Not happy. Nobody got in touch after I filled in the form Not impressed,provider_communication
F01071,2025-09-26,customer,support,"so brilliant at talking me through the options, i was dreading this and it was painless would appreciate a reply",workmanship_quality
F01072,2025-09-10,provider,survey,Third enquiry this week where the person says they never filled anything in Been using the site since December -- This message was sent via the marketplace app,lead_quality
F01073,2025-12-22,customer,support,Just to say Rates changed after the first day of work without warning Second time this has happened Sent from my iPhone,price_dispute
F01074,2025-11-03,customer,survey,FYI The multi-day discount on the profile turned out not to exist Otherwise fine,price_dispute
F01075,2026-02-25,provider,review,"update - lead was from z15 which i don't even cover, why was it sent to me this was in z15 my number is 07700 900846 -- This message was sent via the marketplace app",lead_quality
F01076,2025-11-24,provider,survey,"Honestly, Was promised my money back for the fake enquiry, 2 days later still waiting This was in Z13",credits_refund
F01077,2025-12-18,provider,survey,"FYI Someone wanting an installation sent to me, I only do repairs, that's on you Cheers my number is 07700 900025",lead_quality
F01078,2026-02-14,provider,survey,Uploaded a new profile photo and it shows sideways Been using the site since September,app_bug
F01079,2026-01-06,customer,review,"Hi, Booked a morning slot, waited 40 minutes, nobody came. No explanation email me at ahmed34@example.com",provider_no_show
F01080,2026-02-12,provider,review,"Just to say Customer never answered, wasted credits again Been using the site since November",lead_quality
F01081,2026-02-19,provider,support,update - customers keep saying they already found someone by the time i call not impressed,lead_quality
F01082,2026-01-20,customer,review,"update - was told £35 an hour, invoice came in at £40, no explanation been using the site since january",price_dispute
F01083,2026-02-04,provider,review,"So Getting enquiries from people who want work in three months, not now Not impressed",lead_quality
F01084,2025-11-09,customer,support,Quoted one price then asked for more once the work started This was in Z28 my number is 07700 900161,price_dispute
F01085,2026-01-27,provider,support,The app crashes every time I open the leads tab Cheers,app_bug
F01086,2026-01-13,provider,support,"Quick one: Same customer sent to me twice, charged twice Would appreciate a reply",lead_quality
F01087,2026-01-13,customer,review,"Not happy. Felt rushed, didn't finish the sealing properly before leaving Otherwise fine my number is 07700 900393",workmanship_quality
F01088,2025-12-20,customer,survey,"update - explains things in a way that actually makes sense, worth every penny would appreciate a reply my number is 07700 900903",workmanship_quality
F01089,2025-11-30,provider,review,Customers keep saying they already found someone by the time I call Cheers,lead_quality
F01090,2026-02-22,provider,support,FYI Paid for a lead and the customer's number was disconnected Please sort it out,lead_quality
F01091,2025-11-21,customer,review,"Hi, Great tradesperson, tidy and methodical, highly recommend Otherwise fine",workmanship_quality
F01092,2025-12-28,customer,survey,"Hi, Asked for cash up front for the full job then said the rate had gone up Been using the site since November",price_dispute
F01093,2025-12-11,customer,review,Not happy. Turned up 25 minutes into a one hour slot and still charged the full hour Been using the site since October,provider_no_show
F01094,2025-12-01,customer,survey,fyi would be nice to actually get a response from the person i was matched with cheers,provider_communication
F01095,2025-10-20,customer,review,Provider Olga didn't turn up for the first visit and never called,provider_no_show
F01096,2025-11-24,customer,support,"Quick one: Felt rushed, didn't finish the sealing properly before leaving -- This message was sent via the marketplace app",workmanship_quality
F01097,2025-10-23,provider,survey,"honestly, uploaded a new profile photo and it shows sideways otherwise fine email me at marek49@example.com",app_bug
F01098,2025-12-08,customer,review,"Great tradesperson, tidy and methodical, highly recommend Cheers",workmanship_quality
F01099,2026-02-25,provider,support,fyi paid for a lead and the customer's number was disconnected been using the site since january,lead_quality
F01100,2025-10-11,provider,support,Update - Bought 12 leads this month and only one picked up the phone -- This message was sent via the marketplace app,lead_quality
F01101,2025-09-19,customer,review,"Honestly, Great tradesperson, tidy and methodical, highly recommend",workmanship_quality
F01102,2026-01-02,customer,support,FYI Provider bought my lead but never contacted me Second time this has happened,provider_communication
F01103,2026-01-02,provider,support,"Login loop on Android, keeps sending me back to the start screen Second time this has happened",app_bug
F01104,2026-02-19,provider,support,Update - Top up went through on my card but the balance didn't change -- This message was sent via the marketplace app,credits_refund
F01105,2025-12-11,customer,support,"Snapped at me when I asked a question, made the whole thing uncomfortable Would appreciate a reply",workmanship_quality
F01106,2026-02-15,customer,review,So Asked for cash up front for the full job then said the rate had gone up email me at sophie30@example.com,price_dispute
F01107,2026-02-23,customer,review,"fyi really thorough, explained the whole job clearly and finished ahead of time! please sort it out",workmanship_quality
F01108,2026-02-15,provider,survey,Update - Customers keep saying they already found someone by the time I call Would appreciate a reply,lead_quality
F01109,2025-09-12,customer,support,"Was told £33 an hour, invoice came in at £49, no explanation Not impressed",price_dispute
F01110,2026-01-16,customer,survey,"not happy. was late again by half an hour, third time this month",provider_no_show
F01111,2025-10-15,customer,survey,"Hi, Snapped at me when I asked a question, made the whole thing uncomfortable Thanks",workmanship_quality
F01112,2026-02-08,customer,survey,"Sent three messages, no reply for a week Cheers",provider_communication
F01113,2025-11-29,customer,support,quick one: paid for the lead apparently but i never heard from anyone,provider_communication
F01114,2026-02-06,customer,survey,"Hi, Booked a morning slot, waited 40 minutes, nobody came. No explanation Thanks",provider_no_show
F01115,2025-09-05,provider,survey,"so explains things in a way that actually makes sense, worth every penny",workmanship_quality
F01116,2026-02-10,customer,review,"Not happy. Was told £34 an hour, invoice came in at £40, no explanation",price_dispute
F01117,2026-01-15,customer,support,"FYI Booked a morning slot, waited 40 minutes, nobody came. No explanation Otherwise fine",provider_no_show
F01118,2026-02-10,customer,survey,So Would be nice to actually get a response from the person I was matched with Cheers,provider_communication
F01119,2026-01-08,provider,survey,"honestly, price on the profile said £30 but he charged £41 per hour this was in z19",price_dispute
F01120,2025-10-31,customer,review,"Brilliant at talking me through the options, I was dreading this and it was painless email me at ahmed72@example.com",workmanship_quality
F01121,2026-02-16,provider,review,Bought 2 leads this month and only one picked up the phone Would appreciate a reply,lead_quality
F01122,2025-09-07,customer,support,"just to say lovely clean job, everything tested and certified before he left otherwise fine Regards,",safety_issue
F01123,2025-09-23,customer,survey,"fyi filled in my details twice and heard nothing, is this site even active been using the site since september my number is 07700 900585",provider_communication
F01124,2025-09-11,customer,review,"hi, was late again by half an hour, third time this month thanks",provider_no_show
F01125,2025-12-06,provider,review,So The availability calendar doesn't keep my changes after I close it Thanks my number is 07700 900155,app_bug
F01126,2025-10-08,provider,support,"Login loop on Android, keeps sending me back to the start screen Would appreciate a reply",app_bug
F01127,2025-11-18,customer,review,"so great tradesperson, tidy and methodical, highly recommend",workmanship_quality
F01128,2025-11-05,customer,support,"not happy. two appointments in a row moved at the last minute, i've lost a week would appreciate a reply",provider_no_show
F01129,2025-10-18,customer,survey,"Expensive compared to what was advertised, felt misled",price_dispute
F01130,2025-10-03,provider,review,"Just to say Someone wanting an installation sent to me, I only do repairs, that's on you Would appreciate a reply my number is 07700 900359",lead_quality
F01131,2025-09-14,provider,survey,"honestly, credits not refunded after the customer cancelled, support not replying please sort it out my number is 07700 900829",credits_refund
F01132,2026-02-13,provider,review,Just to say The availability calendar doesn't keep my changes after I close it Been using the site since September,app_bug
F01133,2025-10-06,provider,support,update - two refunds approved by email but nothing showing in the account not impressed,credits_refund
F01134,2025-11-01,customer,survey,"Honestly, Nobody got in touch after I filled in the form Cheers",provider_communication
F01135,2025-09-06,provider,review,"Quick one: Credits not refunded after the customer cancelled, support not replying",credits_refund
F01136,2025-10-11,provider,review,FYI Third enquiry this week where the person says they never filled anything in,lead_quality
F01137,2025-10-06,customer,review,Price on the profile said £32 but he charged £40 per hour,price_dispute
F01138,2026-02-02,provider,review,"Not happy. Customer never answered, wasted credits again Otherwise fine",lead_quality
F01139,2025-11-17,customer,survey,fine,noise
F01140,2026-02-26,customer,survey,"Just to say Left me waiting at the property in Z17 all morning, no message nothing Otherwise fine",provider_no_show
F01141,2025-12-02,customer,review,"Not happy. Brilliant at talking me through the options, I was dreading this and it was painless Please sort it out",workmanship_quality
F01142,2026-02-07,provider,review,"Hi, Paid for a lead and the customer's number was disconnected Cheers",lead_quality
F01143,2025-12-20,customer,review,"update - no dust sheets, no mask, debris left all over a room with a baby in it otherwise fine my number is 07700 900881",safety_issue
F01144,2025-11-21,customer,support,so provider priya didn't turn up for the first visit and never called cheers,provider_no_show
F01145,2025-10-21,customer,support,FYI Rates changed after the first day of work without warning Otherwise fine I live near Z29 4AF,price_dispute
F01146,2025-12-03,customer,review,"Brilliant at talking me through the options, I was dreading this and it was painless Not impressed Regards,",workmanship_quality
F01147,2025-12-18,provider,review,Update - The app crashes every time I open the leads tab Second time this has happened,app_bug
F01148,2026-02-14,provider,support,"The customer was actually two counties away, the address must have been typed wrong Please sort it out",lead_quality
F01149,2025-12-24,provider,review,"so customer never answered, wasted credits again please sort it out",lead_quality
F01150,2025-12-02,customer,support,Quoted one price then asked for more once the work started Cheers,price_dispute
F01151,2025-09-03,customer,review,"honestly, was late again by half an hour, third time this month second time this has happened",provider_no_show
F01152,2026-01-12,provider,survey,"Update - Credits not refunded after the customer cancelled, support not replying",credits_refund
F01153,2025-12-25,customer,support,"Update - Isolation switch didn't seem to work properly, felt unsafe Would appreciate a reply Sent from my iPhone",safety_issue
F01154,2025-12-29,provider,support,Quick one: Map view is blank on my phone since the last update Would appreciate a reply,app_bug
F01155,2025-11-29,customer,review,"Just to say Felt rushed, didn't finish the sealing properly before leaving Second time this has happened",workmanship_quality
F01156,2025-09-23,provider,review,"honestly, same customer sent to me twice, charged twice cheers email me at priya75@example.com",lead_quality
F01157,2025-10-04,customer,support,Quick one: Turned up 25 minutes into a one hour slot and still charged the full hour,provider_no_show
F01158,2025-10-26,provider,support,Update - The availability calendar doesn't keep my changes after I close it,app_bug
F01159,2025-10-30,customer,review,So Left exposed wiring behind the panel and said it would be fine Would appreciate a reply,safety_issue
F01160,2026-02-05,provider,review,Top up went through on my card but the balance didn't change Please sort it out email me at tom28@example.com,credits_refund
F01161,2026-02-26,customer,review,"was told £38 an hour, invoice came in at £45, no explanation",price_dispute
F01162,2026-02-20,provider,review,"Not happy. Login loop on Android, keeps sending me back to the start screen Would appreciate a reply",app_bug
F01163,2026-02-21,customer,review,"Cancelled on me twice last minute, really unreliable Sent from my iPhone",provider_no_show
F01164,2025-12-23,customer,survey,"explains things in a way that actually makes sense, worth every penny",workmanship_quality
F01165,2026-01-07,provider,review,"So Same customer sent to me twice, charged twice Would appreciate a reply",lead_quality
F01166,2025-10-13,customer,review,"fyi snapped at me when i asked a question, made the whole thing uncomfortable would appreciate a reply",workmanship_quality
F01167,2025-10-05,customer,support,Quick one: Provider Fatima didn't turn up for the first visit and never called Second time this has happened,provider_no_show
F01168,2025-09-12,customer,support,"Not happy. Still waiting for someone to call me back, it's been 12 days Second time this has happened my number is 07700 900433",provider_communication
F01169,2025-12-29,provider,support,Two refunds approved by email but nothing showing in the account Not impressed Sent from my iPhone,credits_refund
F01170,2025-12-19,customer,survey,"honestly, every visit had a clear plan and a recap at the end, finished in 7 days cheers Regards,",workmanship_quality
F01171,2026-01-04,provider,support,"Honestly, Map view is blank on my phone since the last update Second time this has happened",app_bug
F01172,2026-01-10,customer,review,"Explains things in a way that actually makes sense, worth every penny",workmanship_quality
F01173,2026-01-21,provider,review,"Hi, Can't update my coverage zones, the save button is greyed out Second time this has happened my number is 07700 900955",app_bug
F01174,2025-09-03,provider,review,"Just to say Great tradesperson, tidy and methodical, highly recommend Otherwise fine my number is 07700 900453",workmanship_quality
F01175,2026-03-01,customer,review,Just to say He simply didn't show up on Saturday and went quiet afterwards Otherwise fine,provider_no_show
F01176,2026-02-14,customer,support,"hi, site left spotless and every connection checked, felt genuinely professional cheers email me at ahmed81@example.com",safety_issue
F01177,2025-10-01,customer,review,price on the profile said £35 but he charged £46 per hour this was in z06,price_dispute
F01178,2025-11-21,provider,review,Update - The app crashes every time I open the leads tab Not impressed,app_bug
F01179,2025-11-18,provider,survey,"Honestly, Third enquiry this week where the person says they never filled anything in",lead_quality
F01180,2026-02-14,provider,survey,"hi, charged for a lead i never accepted, please refund would appreciate a reply",credits_refund
F01181,2025-12-10,customer,survey,"just to say every visit had a clear plan and a recap at the end, finished in 3 days cheers my number is 07700 900396",workmanship_quality
F01182,2026-01-11,customer,survey,quick one: nice enough but i didn't feel much had been done after ten hours,workmanship_quality
F01183,2025-11-21,customer,survey,"Quick one: Sent three messages, no reply for a week Not impressed",provider_communication
F01184,2025-09-26,customer,support,"Update - Spent most of the visit on his phone, barely explained anything Been using the site since December",workmanship_quality
F01185,2026-02-17,customer,support,"Quick one: Kept coming back for the same fault each week, no real progress at all Second time this has happened",workmanship_quality
F01186,2026-02-22,customer,review,"Explains things in a way that actually makes sense, worth every penny Cheers I live near Z06 8FC",workmanship_quality
F01187,2025-11-21,provider,review,Bought 7 leads this month and only one picked up the phone Cheers,lead_quality
F01188,2026-02-02,customer,review,"Feedback: Two appointments in a row moved at the last minute, I've lost a week Thanks",provider_no_show
F01189,2026-01-12,customer,support,"Update - Left me waiting at the property in Z18 all morning, no message nothing Cheers Regards,",provider_no_show
F01190,2025-09-22,provider,review,"Quick one: Getting enquiries from people who want work in three months, not now Would appreciate a reply",lead_quality
F01191,2025-11-05,customer,review,"Filled in my details twice and heard nothing, is this site even active Not impressed I live near Z02 2FF",provider_communication
F01192,2025-12-23,provider,review,"Honestly, Requested a refund for a dead lead 2 weeks ago, still nothing Otherwise fine",credits_refund
F01193,2025-11-16,provider,support,"Hi, Login loop on Android, keeps sending me back to the start screen Thanks",app_bug
F01194,2025-11-09,provider,survey,"Someone wanting an installation sent to me, I only do repairs, that's on you Otherwise fine",lead_quality
F01195,2025-10-22,customer,review,"Honestly, Turned up 25 minutes into a one hour slot and still charged the full hour",provider_no_show
F01196,2025-11-19,provider,survey,FYI Third enquiry this week where the person says they never filled anything in,lead_quality
F01197,2025-09-14,customer,survey,"Hi, Hidden fees for materials and disposal, not mentioned before Otherwise fine",price_dispute
F01198,2026-01-09,customer,support,"Just to say The ladder he used was visibly damaged, I mentioned it and got shrugged at Please sort it out",safety_issue
F01199,2026-01-08,provider,support,"Honestly, Uploaded a new profile photo and it shows sideways Sent from my iPhone",app_bug
F01200,2025-10-31,provider,review,Quick one: Paid for the lead apparently but I never heard from anyone Please sort it out,provider_communication
F01201,2025-12-02,customer,support,,provider_communication
F01202,2025-10-26,customer,support,not happy. he simply didn't show up on saturday and went quiet afterwards thanks my number is 07700 900233,provider_no_show
F01203,2025-12-31,customer,review,??,noise
F01204,2025-09-25,customer,review,"Not happy. Hidden fees for materials and disposal, not mentioned before",price_dispute
F01205,2025-11-04,customer,review,"quick one: site left spotless and every connection checked, felt genuinely professional second time this has happened",safety_issue
F01206,2025-09-06,customer,review,"so warning light on the boiler the whole time, was told to ignore it please sort it out",safety_issue
F01207,2025-10-23,provider,review,"Really thorough, explained the whole job clearly and finished ahead of time! Cheers",workmanship_quality
F01208,2025-10-07,provider,support,FYI Map view is blank on my phone since the last update Would appreciate a reply,app_bug
F01209,2026-02-22,provider,review,"hi, quoted one price then asked for more once the work started cheers",price_dispute
F01210,2025-11-08,provider,survey,"the ladder he used was visibly damaged, i mentioned it and got shrugged at thanks I live near Z25 5BB -- This message was sent via the marketplace app",safety_issue
F01211,2025-12-17,provider,review,"Honestly, Can't update my coverage zones, the save button is greyed out",app_bug
F01212,2026-01-24,customer,support,"honestly, paid for the lead apparently but i never heard from anyone this was in z15",provider_communication
F01213,2025-11-22,provider,review,"Quick one: Can't update my coverage zones, the save button is greyed out Cheers",app_bug
F01214,2025-10-24,customer,review,"Hi, Isolation switch didn't seem to work properly, felt unsafe",safety_issue
F01215,2025-09-13,provider,review,"not happy. credits not refunded after the customer cancelled, support not replying would appreciate a reply",credits_refund
F01216,2025-11-15,provider,review,Quick one: The availability calendar doesn't keep my changes after I close it Cheers,app_bug
F01217,2026-02-20,customer,support,"not happy. great tradesperson, tidy and methodical, highly recommend second time this has happened",workmanship_quality
F01218,2026-01-30,provider,support,"Update - My balance went down by 4 and I didn't buy anything, what happened",credits_refund
F01219,2025-12-31,customer,support,"Still waiting for someone to call me back, it's been 10 days Been using the site since November",provider_communication
F01220,2026-02-14,customer,support,Quoted one price then asked for more once the work started Sent from my iPhone,price_dispute
F01221,2025-11-07,provider,support,Provider Marek didn't turn up for the first visit and never called Thanks my number is 07700 900071,provider_no_show
F01222,2026-01-12,customer,review,"just to say still waiting for someone to call me back, it's been 11 days please sort it out my number is 07700 900989",provider_communication
F01223,2026-02-25,provider,review,"so was promised my money back for the fake enquiry, 6 days later still waiting my number is 07700 900594",credits_refund
F01224,2026-01-01,customer,survey,Asked for cash up front for the full job then said the rate had gone up Been using the site since September,price_dispute
F01225,2025-10-25,provider,support,"Feedback: Charged for a lead I never accepted, please refund Second time this has happened Regards,",credits_refund
F01226,2025-09-13,customer,support,He simply didn't show up on Saturday and went quiet afterwards Would appreciate a reply,provider_no_show
F01227,2026-02-11,provider,review,The app crashes every time I open the leads tab Thanks Sent from my iPhone,app_bug
F01228,2026-01-28,customer,review,"Hi, The multi-day discount on the profile turned out not to exist Otherwise fine",price_dispute
F01229,2025-11-13,provider,review,"Can't update my coverage zones, the save button is greyed out Cheers",app_bug
F01230,2025-09-29,customer,review,He simply didn't show up on Saturday and went quiet afterwards Been using the site since January email me at sophie75@example.com,provider_no_show
F01231,2026-02-15,customer,review,"update - the ladder he used was visibly damaged, i mentioned it and got shrugged at cheers my number is 07700 900148",safety_issue
F01232,2026-02-19,customer,review,so he simply didn't show up on saturday and went quiet afterwards,provider_no_show
F01233,2025-11-08,provider,review,"Quick one: Was promised my money back for the fake enquiry, 5 days later still waiting Cheers",credits_refund
F01234,2026-01-16,provider,survey,"honestly, two refunds approved by email but nothing showing in the account please sort it out",credits_refund
F01235,2025-12-25,customer,review,"Update - Every visit had a clear plan and a recap at the end, finished in 6 days Would appreciate a reply",workmanship_quality
F01236,2025-12-31,provider,review,ok,noise
F01237,2026-01-18,provider,support,quick one: bought 2 leads this month and only one picked up the phone please sort it out Sent from my iPhone,lead_quality
F01238,2025-10-09,provider,survey,"honestly, turned up 25 minutes into a one hour slot and still charged the full hour my number is 07700 900781",provider_no_show
F01239,2026-01-14,provider,support,"Update - Really thorough, explained the whole job clearly and finished ahead of time! Please sort it out",workmanship_quality
F01240,2025-09-01,customer,support,"Feedback: Really thorough, explained the whole job clearly and finished ahead of time! Second time this has happened",workmanship_quality
F01241,2025-12-03,provider,survey,So Notifications arrive hours late so I miss leads Cheers,app_bug
F01242,2025-10-24,provider,support,"Honestly, Getting enquiries from people who want work in three months, not now Thanks -- This message was sent via the marketplace app",lead_quality
F01243,2025-11-21,customer,survey,"Honestly, Site left spotless and every connection checked, felt genuinely professional",safety_issue
F01244,2026-01-05,provider,review,Not happy. Top up went through on my card but the balance didn't change Cheers,credits_refund
F01245,2026-01-25,provider,survey,"Hidden fees for materials and disposal, not mentioned before",price_dispute
F01246,2026-02-08,provider,support,Notifications arrive hours late so I miss leads Thanks my number is 07700 900981,app_bug
F01247,2025-09-30,provider,support,"not happy. same customer sent to me twice, charged twice",lead_quality
F01248,2025-09-01,provider,review,"hi, customers keep saying they already found someone by the time i call would appreciate a reply",lead_quality
F01249,2026-02-11,customer,survey,"Snapped at me when I asked a question, made the whole thing uncomfortable Cheers",workmanship_quality
F01250,2026-02-21,customer,support,"Feedback: Asked for cash up front for the full job then said the rate had gone up This was in Z18 Regards,",price_dispute
F01251,2025-10-28,provider,support,"Kept coming back for the same fault each week, no real progress at all Cheers",workmanship_quality
F01252,2026-02-14,customer,support,"Explains things in a way that actually makes sense, worth every penny Otherwise fine -- This message was sent via the marketplace app",workmanship_quality
F01253,2026-02-15,customer,support,So Provider bought my lead but never contacted me Not impressed,provider_communication
F01254,2025-09-06,customer,review,"so filled in my details twice and heard nothing, is this site even active thanks",provider_communication
F01255,2025-10-18,customer,support,"Great tradesperson, tidy and methodical, highly recommend Please sort it out",workmanship_quality
F01256,2025-12-13,provider,review,So Map view is blank on my phone since the last update -- This message was sent via the marketplace app,app_bug
F01257,2026-02-20,customer,survey,"feedback: sent three messages, no reply for a week been using the site since december",provider_communication
F01258,2025-09-30,provider,support,"hi, getting enquiries from people who want work in three months, not now not impressed",lead_quality
F01259,2026-01-14,customer,support,"Quick one: Was late again by half an hour, third time this month",provider_no_show
F01260,2025-12-16,customer,survey,"Was late again by half an hour, third time this month Not impressed",provider_no_show
F01261,2025-11-19,provider,support,"Just to say Login loop on Android, keeps sending me back to the start screen Would appreciate a reply",app_bug
F01262,2025-12-21,customer,support,"feedback: no dust sheets, no mask, debris left all over a room with a baby in it please sort it out",safety_issue
F01263,2025-11-15,provider,survey,Notifications arrive hours late so I miss leads Second time this has happened,app_bug
F01264,2026-02-02,provider,survey,"So Was promised my money back for the fake enquiry, 5 days later still waiting",credits_refund
F01265,2025-11-17,customer,support,"Honestly, Explains things in a way that actually makes sense, worth every penny Been using the site since January",workmanship_quality
F01266,2026-01-30,provider,support,"FYI The refund button does nothing, credits just disappeared Second time this has happened",credits_refund
F01267,2025-10-14,customer,review,"hidden fees for materials and disposal, not mentioned before not impressed",price_dispute
F01268,2025-12-09,customer,review,??,noise
F01269,2026-01-24,customer,support,"so every visit had a clear plan and a recap at the end, finished in 13 days would appreciate a reply",workmanship_quality
F01270,2025-10-10,customer,survey,he simply didn't show up on saturday and went quiet afterwards,provider_no_show
F01271,2026-02-03,customer,review,Quick one: Asked for cash up front for the full job then said the rate had gone up This was in Z11,price_dispute
F01272,2025-10-11,provider,review,Feedback: Top up went through on my card but the balance didn't change Otherwise fine,credits_refund
F01273,2025-10-02,customer,support,"Just to say Explains things in a way that actually makes sense, worth every penny Second time this has happened Regards,",workmanship_quality
F01274,2026-02-28,customer,survey,"every visit had a clear plan and a recap at the end, finished in 8 days second time this has happened",workmanship_quality
F01275,2025-12-23,customer,support,"Hi, Great tradesperson, tidy and methodical, highly recommend Been using the site since November",workmanship_quality
F01276,2025-10-19,customer,survey,"not happy. the ladder he used was visibly damaged, i mentioned it and got shrugged at",safety_issue
F01277,2025-10-06,customer,review,"not happy. booked a morning slot, waited 40 minutes, nobody came. no explanation please sort it out",provider_no_show
F01278,2026-01-28,provider,review,"Honestly, The availability calendar doesn't keep my changes after I close it Second time this has happened",app_bug
F01279,2025-12-05,provider,review,"Honestly, Can't update my coverage zones, the save button is greyed out Otherwise fine",app_bug
F01280,2025-10-27,provider,support,Just to say The availability calendar doesn't keep my changes after I close it,app_bug
F01281,2025-12-17,customer,review,"FYI Got one text and then silence, no idea if I have a tradesperson or not Would appreciate a reply",provider_communication
F01282,2026-02-22,customer,support,"Just to say Brilliant at talking me through the options, I was dreading this and it was painless Been using the site since November",workmanship_quality
F01283,2026-02-19,provider,survey,"The customer was actually two counties away, the address must have been typed wrong",lead_quality
F01284,2025-12-31,customer,support,update - turned up 25 minutes into a one hour slot and still charged the full hour this was in z10,provider_no_show
F01285,2025-09-10,customer,review,Update - Nice enough but I didn't feel much had been done after ten hours,workmanship_quality
F01286,2025-10-16,customer,support,Feedback: Nice enough but I didn't feel much had been done after ten hours,workmanship_quality
F01287,2026-01-23,customer,review,"Not happy. Two appointments in a row moved at the last minute, I've lost a week Please sort it out",provider_no_show
F01288,2025-12-13,provider,review,"Not happy. Explains things in a way that actually makes sense, worth every penny This was in Z23",workmanship_quality
F01289,2025-10-18,customer,support,"quick one: filled in my details twice and heard nothing, is this site even active otherwise fine",provider_communication
F01290,2026-01-23,provider,support,quick one: paid for a lead and the customer's number was disconnected this was in z27,lead_quality
F01291,2025-12-09,provider,review,"quick one: was promised my money back for the fake enquiry, 3 days later still waiting this was in z06",credits_refund
F01292,2025-09-06,customer,review,FYI Price on the profile said £36 but he charged £41 per hour Been using the site since November,price_dispute
F01293,2025-09-03,customer,review,"Not happy. The ladder he used was visibly damaged, I mentioned it and got shrugged at Would appreciate a reply -- This message was sent via the marketplace app",safety_issue
F01294,2025-09-27,provider,review,Just to say The availability calendar doesn't keep my changes after I close it Cheers,app_bug
F01295,2025-11-17,provider,review,"Hi, Map view is blank on my phone since the last update This was in Z23",app_bug
F01296,2026-01-26,customer,review,"Update - Still waiting for someone to call me back, it's been 2 days Please sort it out",provider_communication
F01297,2025-10-08,provider,review,"feedback: can't update my coverage zones, the save button is greyed out thanks",app_bug
F01298,2025-12-08,customer,survey,"Felt rushed, didn't finish the sealing properly before leaving Not impressed Sent from my iPhone",workmanship_quality
F01299,2025-09-20,customer,support,"update - explains things in a way that actually makes sense, worth every penny please sort it out",workmanship_quality
F01300,2026-01-19,customer,support,"Quick one: Really thorough, explained the whole job clearly and finished ahead of time! Been using the site since October Regards,",workmanship_quality
F01301,2025-09-12,customer,survey,n/a,noise
F01302,2026-02-24,provider,review,"So My balance went down by 14 and I didn't buy anything, what happened Please sort it out Sent from my iPhone",credits_refund
F01303,2026-01-22,customer,review,"Honestly, Left me waiting at the property in Z05 all morning, no message nothing Sent from my iPhone",provider_no_show
F01304,2026-02-22,provider,survey,"Hi, Can't update my coverage zones, the save button is greyed out This was in Z11",app_bug
F01305,2026-02-07,customer,review,"Feedback: Got one text and then silence, no idea if I have a tradesperson or not Cheers",provider_communication
F01306,2025-11-16,customer,support,"Really thorough, explained the whole job clearly and finished ahead of time! Thanks my number is 07700 900676",workmanship_quality
F01307,2025-09-11,provider,support,Quick one: Third enquiry this week where the person says they never filled anything in Cheers my number is 07700 900839,lead_quality
F01308,2026-02-09,provider,support,"Quick one: Requested a refund for a dead lead 2 weeks ago, still nothing",credits_refund
F01309,2026-01-14,provider,support,"hi, customers keep saying they already found someone by the time i call cheers Sent from my iPhone",lead_quality
F01310,2026-02-05,provider,review,"Not happy. Kept coming back for the same fault each week, no real progress at all Been using the site since January",workmanship_quality
F01311,2026-01-13,customer,support,ok,noise
F01312,2026-02-18,provider,support,"requested a refund for a dead lead 2 weeks ago, still nothing otherwise fine",credits_refund
F01313,2025-12-27,customer,support,fine,noise
F01314,2026-02-10,provider,support,"so charged for a lead i never accepted, please refund please sort it out",credits_refund
F01315,2026-02-06,provider,support,ok,noise
F01316,2026-03-01,customer,survey,"Just to say Snapped at me when I asked a question, made the whole thing uncomfortable Second time this has happened",workmanship_quality
F01317,2025-10-06,provider,review,"Not happy. Can't update my coverage zones, the save button is greyed out Please sort it out",app_bug
F01318,2025-09-22,provider,review,"Feedback: Can't update my coverage zones, the save button is greyed out -- This message was sent via the marketplace app",app_bug
F01319,2026-03-01,provider,support,"Update - Lead was from Z20 which I don't even cover, why was it sent to me",lead_quality
F01320,2025-11-14,customer,review,"FYI Spent most of the visit on his phone, barely explained anything I live near Z25 1DC",workmanship_quality
F01321,2026-01-04,customer,review,"FYI Booked a morning slot, waited 40 minutes, nobody came. No explanation Thanks",provider_no_show
F01322,2025-10-03,customer,review,"Quick one: Left me waiting at the property in Z10 all morning, no message nothing This was in Z10 I live near Z19 4BA",provider_no_show
F01323,2026-02-24,provider,support,Provider bought my lead but never contacted me my number is 07700 900989,provider_communication
F01324,2025-11-04,provider,support,Feedback: Map view is blank on my phone since the last update Been using the site since December Sent from my iPhone,app_bug
F01325,2025-10-25,customer,review,"Honestly, Lovely clean job, everything tested and certified before he left Otherwise fine -- This message was sent via the marketplace app",safety_issue
F01326,2025-10-09,provider,survey,"Honestly, The refund button does nothing, credits just disappeared Been using the site since September",credits_refund
F01327,2026-01-13,provider,survey,"update - credits not refunded after the customer cancelled, support not replying not impressed",credits_refund
F01328,2026-03-01,customer,support,"Booked a morning slot, waited 40 minutes, nobody came. No explanation Second time this has happened",provider_no_show
F01329,2026-01-30,customer,review,Not happy. He simply didn't show up on Saturday and went quiet afterwards Thanks -- This message was sent via the marketplace app,provider_no_show
F01330,2025-11-07,customer,support,"Just to say Warning light on the boiler the whole time, was told to ignore it Not impressed my number is 07700 900346 Sent from my iPhone",safety_issue
F01331,2025-11-11,customer,support,"Snapped at me when I asked a question, made the whole thing uncomfortable Please sort it out Regards,",workmanship_quality
F01332,2025-09-05,provider,support,Customers keep saying they already found someone by the time I call Please sort it out,lead_quality
F01333,2025-11-22,customer,review,"just to say explains things in a way that actually makes sense, worth every penny second time this has happened",workmanship_quality
F01334,2025-10-01,customer,review,quick one: paid for the lead apparently but i never heard from anyone not impressed,provider_communication
F01335,2025-11-30,customer,survey,update - asked for cash up front for the full job then said the rate had gone up this was in z09 my number is 07700 900842,price_dispute
F01336,2026-02-10,provider,survey,"was late again by half an hour, third time this month thanks",provider_no_show
F01337,2025-12-14,provider,support,update - third enquiry this week where the person says they never filled anything in please sort it out,lead_quality
F01338,2025-11-11,customer,review,"Explains things in a way that actually makes sense, worth every penny Second time this has happened",workmanship_quality
F01339,2026-01-17,customer,support,"feedback: great tradesperson, tidy and methodical, highly recommend not impressed",workmanship_quality
F01340,2026-02-28,provider,review,The availability calendar doesn't keep my changes after I close it Please sort it out,app_bug
F01341,2026-02-13,provider,support,Just to say Two refunds approved by email but nothing showing in the account Otherwise fine my number is 07700 900774,credits_refund
F01342,2025-10-24,customer,review,just to say provider bought my lead but never contacted me been using the site since september,provider_communication
F01343,2025-10-04,customer,review,nice enough but i didn't feel much had been done after ten hours cheers my number is 07700 900975,workmanship_quality
F01344,2025-11-11,customer,survey,FYI Nobody got in touch after I filled in the form -- This message was sent via the marketplace app,provider_communication
F01345,2025-09-15,provider,review,"Quick one: My balance went down by 10 and I didn't buy anything, what happened Please sort it out",credits_refund
F01346,2025-09-21,customer,support,"Was late again by half an hour, third time this month -- This message was sent via the marketplace app",provider_no_show
F01347,2026-02-11,provider,survey,"FYI The customer was actually two counties away, the address must have been typed wrong Cheers",lead_quality
F01348,2025-10-25,customer,support,"Lovely clean job, everything tested and certified before he left",safety_issue
F01349,2026-01-07,customer,support,"Warning light on the boiler the whole time, was told to ignore it Been using the site since October",safety_issue
F01350,2026-02-11,provider,survey,"Just to say My balance went down by 2 and I didn't buy anything, what happened This was in Z02",credits_refund
F01351,2026-02-20,customer,review,Nobody got in touch after I filled in the form Please sort it out,provider_communication
F01352,2025-10-10,provider,support,"Credits not refunded after the customer cancelled, support not replying This was in Z13 Sent from my iPhone",credits_refund
F01353,2026-02-06,provider,support,notifications arrive hours late so i miss leads thanks,app_bug
F01354,2025-12-25,customer,support,"Kept coming back for the same fault each week, no real progress at all Thanks -- This message was sent via the marketplace app",workmanship_quality
F01355,2025-11-27,customer,survey,"Explains things in a way that actually makes sense, worth every penny This was in Z14",workmanship_quality
F01356,2026-01-28,customer,survey,Not happy. Asked for cash up front for the full job then said the rate had gone up Thanks,price_dispute
F01357,2026-01-23,customer,support,Left exposed wiring behind the panel and said it would be fine,safety_issue
F01358,2025-09-23,provider,support,Quick one: Notifications arrive hours late so I miss leads I live near Z16 3EB,app_bug
F01359,2025-12-14,customer,review,"Every visit had a clear plan and a recap at the end, finished in 3 days Cheers",workmanship_quality
F01360,2025-09-26,customer,survey,So Nobody got in touch after I filled in the form,provider_communication
F01361,2026-01-10,customer,support,"Quick one: Was told £31 an hour, invoice came in at £45, no explanation Would appreciate a reply -- This message was sent via the marketplace app",price_dispute
F01362,2025-12-05,customer,support,"Update - Felt rushed, didn't finish the sealing properly before leaving Would appreciate a reply",workmanship_quality
F01363,2026-01-12,customer,review,"Brilliant at talking me through the options, I was dreading this and it was painless Would appreciate a reply",workmanship_quality
F01364,2025-12-02,customer,survey,"Not happy. Kept coming back for the same fault each week, no real progress at all Thanks",workmanship_quality
F01365,2025-10-27,provider,support,Not happy. The availability calendar doesn't keep my changes after I close it,app_bug
F01366,2026-02-01,provider,survey,"Not happy. Same customer sent to me twice, charged twice Would appreciate a reply Sent from my iPhone",lead_quality
F01367,2025-11-19,provider,review,"Login loop on Android, keeps sending me back to the start screen Please sort it out",app_bug
F01368,2025-09-09,provider,survey,"Honestly, Someone wanting an installation sent to me, I only do repairs, that's on you Not impressed",lead_quality
F01369,2026-02-17,customer,review,So Asked for cash up front for the full job then said the rate had gone up Please sort it out,price_dispute
F01370,2026-01-27,customer,review,Paid for the lead apparently but I never heard from anyone Cheers,provider_communication
F01371,2025-10-12,provider,review,"Not happy. Was told £39 an hour, invoice came in at £41, no explanation Regards,",price_dispute
F01372,2025-12-04,customer,review,Provider bought my lead but never contacted me,provider_communication
F01373,2026-01-21,provider,support,"Honestly, Getting enquiries from people who want work in three months, not now Been using the site since December",lead_quality
F01374,2025-10-21,provider,review,"Quick one: The customer was actually two counties away, the address must have been typed wrong Second time this has happened email me at sophie65@example.com",lead_quality
F01375,2025-12-21,provider,review,"Feedback: Was promised my money back for the fake enquiry, 7 days later still waiting Otherwise fine",credits_refund
F01376,2026-01-26,customer,review,"Not happy. Asked for cash up front for the full job then said the rate had gone up Not impressed Regards,",price_dispute
F01377,2025-12-05,customer,survey,"Hi, Filled in my details twice and heard nothing, is this site even active Otherwise fine -- This message was sent via the marketplace app",provider_communication
F01378,2026-02-22,customer,review,Rates changed after the first day of work without warning Otherwise fine,price_dispute
F01379,2025-11-25,customer,review,"Expensive compared to what was advertised, felt misled email me at priya62@example.com",price_dispute
F01380,2025-12-27,customer,survey,Quick one: Would be nice to actually get a response from the person I was matched with Otherwise fine,provider_communication
F01381,2025-12-28,customer,review,"Kept coming back for the same fault each week, no real progress at all Otherwise fine",workmanship_quality
F01382,2025-09-23,customer,review,"explains things in a way that actually makes sense, worth every penny this was in z01",workmanship_quality
F01383,2025-09-28,provider,review,Not happy. The availability calendar doesn't keep my changes after I close it Would appreciate a reply,app_bug
F01384,2026-01-19,customer,review,update - turned up 25 minutes into a one hour slot and still charged the full hour my number is 07700 900459,provider_no_show
F01385,2026-02-13,provider,survey,The multi-day discount on the profile turned out not to exist Thanks,price_dispute
F01386,2025-12-03,customer,support,"Just to say Hidden fees for materials and disposal, not mentioned before This was in Z21",price_dispute
F01387,2026-02-03,customer,review,"Update - Site left spotless and every connection checked, felt genuinely professional Would appreciate a reply I live near Z27 1CD",safety_issue
F01388,2025-10-29,customer,support,"FYI Asked for cash up front for the full job then said the rate had gone up Would appreciate a reply Regards,",price_dispute
F01389,2026-02-10,customer,review,not happy. paid for the lead apparently but i never heard from anyone,provider_communication
F01390,2025-09-17,customer,review,quick one: nobody got in touch after i filled in the form would appreciate a reply,provider_communication
F01391,2025-11-08,customer,review,Just to say He simply didn't show up on Saturday and went quiet afterwards Not impressed,provider_no_show
F01392,2025-11-19,customer,support,"Just to say Great tradesperson, tidy and methodical, highly recommend",workmanship_quality
F01393,2025-11-17,provider,support,"charged for a lead i never accepted, please refund",credits_refund
F01394,2026-01-20,provider,support,"So Login loop on Android, keeps sending me back to the start screen Not impressed",app_bug
F01395,2026-02-07,provider,support,"So Requested a refund for a dead lead 2 weeks ago, still nothing Otherwise fine",credits_refund
F01396,2025-10-02,provider,support,"login loop on android, keeps sending me back to the start screen please sort it out my number is 07700 900711",app_bug
F01397,2026-01-26,provider,survey,"Hi, Getting enquiries from people who want work in three months, not now Would appreciate a reply",lead_quality
F01398,2025-12-02,provider,review,"Can't update my coverage zones, the save button is greyed out email me at olga50@example.com",app_bug
F01399,2025-11-20,customer,support,"Feedback: Still waiting for someone to call me back, it's been 4 days Please sort it out email me at ahmed57@example.com",provider_communication
F01400,2025-12-14,customer,review,"Hi, Kept coming back for the same fault each week, no real progress at all Second time this has happened",workmanship_quality
F01401,2026-02-09,provider,review,update - paid for a lead and the customer's number was disconnected please sort it out,lead_quality
F01402,2025-10-05,customer,support,"update - explains things in a way that actually makes sense, worth every penny been using the site since october I live near Z29 7AE",workmanship_quality
F01403,2026-01-10,provider,review,"Hi, Can't update my coverage zones, the save button is greyed out Not impressed",app_bug
F01404,2025-09-09,provider,survey,Feedback: The multi-day discount on the profile turned out not to exist Would appreciate a reply -- This message was sent via the marketplace app,price_dispute
F01405,2025-12-04,customer,support,Nobody got in touch after I filled in the form Sent from my iPhone,provider_communication
F01406,2026-01-16,provider,review,fine,noise
F01407,2025-09-02,customer,survey,fyi nobody got in touch after i filled in the form cheers my number is 07700 900276,provider_communication
F01408,2026-01-15,customer,review,"So Great tradesperson, tidy and methodical, highly recommend Please sort it out my number is 07700 900694",workmanship_quality
F01409,2025-11-13,provider,review,The app crashes every time I open the leads tab Would appreciate a reply,app_bug
F01410,2025-10-22,provider,review,Update - Map view is blank on my phone since the last update Been using the site since October,app_bug
F01411,2025-09-23,customer,review,"Honestly, Still waiting for someone to call me back, it's been 11 days Cheers Sent from my iPhone",provider_communication
F01412,2026-01-12,customer,review,"Explains things in a way that actually makes sense, worth every penny Not impressed email me at priya56@example.com Sent from my iPhone",workmanship_quality
F01413,2025-11-25,customer,support,"Feedback: Kept coming back for the same fault each week, no real progress at all Would appreciate a reply",workmanship_quality
F01414,2025-10-27,provider,survey,"feedback: login loop on android, keeps sending me back to the start screen cheers",app_bug
F01415,2025-10-11,customer,review,"So Snapped at me when I asked a question, made the whole thing uncomfortable",workmanship_quality
F01416,2026-01-20,customer,survey,provider ahmed didn't turn up for the first visit and never called please sort it out I live near Z30 1BC -- This message was sent via the marketplace app,provider_no_show
F01417,2025-09-19,provider,survey,"Honestly, Uploaded a new profile photo and it shows sideways Thanks",app_bug
F01418,2025-09-11,provider,review,"Honestly, Warning light on the boiler the whole time, was told to ignore it Please sort it out",safety_issue
F01419,2026-02-03,customer,support,"fyi great tradesperson, tidy and methodical, highly recommend cheers",workmanship_quality
F01420,2026-02-09,customer,review,So Nice enough but I didn't feel much had been done after ten hours,workmanship_quality
F01421,2025-10-13,provider,support,"Update - Was promised my money back for the fake enquiry, 11 days later still waiting This was in Z12",credits_refund
F01422,2026-02-25,customer,support,"Really thorough, explained the whole job clearly and finished ahead of time! Second time this has happened",workmanship_quality
F01423,2025-12-04,provider,support,"honestly, requested a refund for a dead lead 2 weeks ago, still nothing second time this has happened",credits_refund
F01424,2025-12-18,customer,support,"just to say kept coming back for the same fault each week, no real progress at all would appreciate a reply",workmanship_quality
F01425,2025-09-16,customer,review,"Just to say Great tradesperson, tidy and methodical, highly recommend Thanks",workmanship_quality
F01426,2026-02-04,provider,support,"quick one: credits not refunded after the customer cancelled, support not replying otherwise fine my number is 07700 900512 -- This message was sent via the marketplace app",credits_refund
F01427,2026-02-08,provider,support,"Update - Credits not refunded after the customer cancelled, support not replying Would appreciate a reply",credits_refund
F01428,2025-12-23,provider,survey,the availability calendar doesn't keep my changes after i close it this was in z28,app_bug
F01429,2026-01-27,customer,survey,"Just to say Kept coming back for the same fault each week, no real progress at all Not impressed",workmanship_quality
F01430,2025-12-18,provider,support,"Quick one: Charged for a lead I never accepted, please refund Otherwise fine I live near Z30 7FF",credits_refund
F01431,2025-11-26,provider,review,Two refunds approved by email but nothing showing in the account Would appreciate a reply,credits_refund
F01432,2026-02-10,customer,support,"Kept coming back for the same fault each week, no real progress at all",workmanship_quality
F01433,2025-12-11,provider,review,"Update - Left me waiting at the property in Z29 all morning, no message nothing Otherwise fine",provider_no_show
F01434,2026-02-26,provider,support,Paid for a lead and the customer's number was disconnected,lead_quality
F01435,2025-10-07,provider,review,"Not happy. Spent most of the visit on his phone, barely explained anything Please sort it out my number is 07700 900794 Regards,",workmanship_quality
F01436,2025-10-26,provider,support,"honestly, the customer was actually two counties away, the address must have been typed wrong this was in z25",lead_quality
F01437,2026-01-10,customer,support,"hi, would be nice to actually get a response from the person i was matched with been using the site since september",provider_communication
F01438,2026-01-04,provider,survey,just to say bought 7 leads this month and only one picked up the phone second time this has happened,lead_quality
F01439,2025-12-10,customer,support,??,noise
F01440,2025-09-05,customer,review,so quoted one price then asked for more once the work started otherwise fine,price_dispute
F01441,2025-11-07,provider,review,good,noise
F01442,2025-12-05,provider,review,"Feedback: Sent three messages, no reply for a week Been using the site since December",provider_communication
F01443,2025-12-17,provider,support,Not happy. Notifications arrive hours late so I miss leads Cheers,app_bug
F01444,2025-11-11,provider,support,just to say bought 7 leads this month and only one picked up the phone second time this has happened,lead_quality
F01445,2026-02-11,customer,survey,"quick one: expensive compared to what was advertised, felt misled",price_dispute
F01446,2025-09-07,provider,survey,"FYI Lead was from Z24 which I don't even cover, why was it sent to me Been using the site since November",lead_quality
F01447,2026-01-16,customer,review,"feedback: every visit had a clear plan and a recap at the end, finished in 6 days this was in z11 I live near Z12 1DF",workmanship_quality
F01448,2025-10-25,provider,support,"Hi, The app crashes every time I open the leads tab",app_bug
F01449,2025-11-25,provider,survey,The availability calendar doesn't keep my changes after I close it Not impressed,app_bug
F01450,2025-12-29,customer,review,"sent three messages, no reply for a week this was in z06",provider_communication
F01451,2025-09-16,provider,review,Quick one: The availability calendar doesn't keep my changes after I close it Cheers,app_bug
F01452,2026-01-11,customer,support,Asked for cash up front for the full job then said the rate had gone up Not impressed,price_dispute
F01453,2025-12-10,customer,support,Update - He simply didn't show up on Saturday and went quiet afterwards Please sort it out,provider_no_show
F01454,2025-09-25,provider,review,Quick one: Top up went through on my card but the balance didn't change Would appreciate a reply I live near Z22 5AE,credits_refund
F01455,2025-12-16,provider,review,"Quick one: Filled in my details twice and heard nothing, is this site even active -- This message was sent via the marketplace app",provider_communication
F01456,2025-09-05,provider,support,update - bought 4 leads this month and only one picked up the phone cheers,lead_quality
F01457,2025-10-31,provider,survey,"Feedback: Can't update my coverage zones, the save button is greyed out Would appreciate a reply email me at sophie82@example.com",app_bug
F01458,2025-09-20,provider,review,"Update - Cancelled on me twice last minute, really unreliable Sent from my iPhone",provider_no_show
F01459,2026-01-01,customer,support,"Just to say Great tradesperson, tidy and methodical, highly recommend This was in Z12 email me at priya88@example.com",workmanship_quality
F01460,2026-01-04,customer,review,"kept coming back for the same fault each week, no real progress at all cheers",workmanship_quality
F01461,2026-02-21,provider,survey,"Someone wanting an installation sent to me, I only do repairs, that's on you Would appreciate a reply Regards,",lead_quality
F01462,2026-02-24,customer,support,Not happy. Would be nice to actually get a response from the person I was matched with,provider_communication
F01463,2025-12-27,customer,review,"lovely clean job, everything tested and certified before he left second time this has happened -- This message was sent via the marketplace app",safety_issue
F01464,2026-01-07,customer,review,Quick one: Nice enough but I didn't feel much had been done after ten hours Cheers,workmanship_quality
F01465,2026-02-26,customer,support,"Hi, Expensive compared to what was advertised, felt misled",price_dispute
F01466,2025-11-02,provider,support,Quick one: Notifications arrive hours late so I miss leads Cheers,app_bug
F01467,2026-02-04,provider,review,"Not happy. The refund button does nothing, credits just disappeared Been using the site since October I live near Z08 2BA Sent from my iPhone",credits_refund
F01468,2025-10-25,provider,support,"quick one: was promised my money back for the fake enquiry, 4 days later still waiting",credits_refund
F01469,2026-01-04,customer,review,FYI Paid for the lead apparently but I never heard from anyone Not impressed,provider_communication
F01470,2025-11-15,customer,review,"fyi explains things in a way that actually makes sense, worth every penny been using the site since november my number is 07700 900254",workmanship_quality
F01471,2025-10-27,customer,survey,Update - Provider Priya didn't turn up for the first visit and never called,provider_no_show
F01472,2025-09-27,provider,support,"Just to say Really thorough, explained the whole job clearly and finished ahead of time! Would appreciate a reply",workmanship_quality
F01473,2025-12-28,customer,survey,fyi quoted one price then asked for more once the work started second time this has happened,price_dispute
F01474,2025-09-26,customer,survey,"Kept coming back for the same fault each week, no real progress at all Please sort it out Sent from my iPhone",workmanship_quality
F01475,2026-01-02,provider,support,"just to say my balance went down by 6 and i didn't buy anything, what happened cheers my number is 07700 900398",credits_refund
F01476,2025-10-18,customer,review,"really thorough, explained the whole job clearly and finished ahead of time! thanks",workmanship_quality
F01477,2025-12-28,customer,review,not happy. price on the profile said £30 but he charged £46 per hour my number is 07700 900862,price_dispute
F01478,2026-02-03,customer,review,So Turned up 25 minutes into a one hour slot and still charged the full hour Would appreciate a reply,provider_no_show
F01479,2025-10-24,customer,survey,"Snapped at me when I asked a question, made the whole thing uncomfortable",workmanship_quality
F01480,2026-01-26,customer,support,Paid for the lead apparently but I never heard from anyone my number is 07700 900437,provider_communication
F01481,2026-01-27,customer,support,"so every visit had a clear plan and a recap at the end, finished in 10 days thanks",workmanship_quality
F01482,2026-01-07,customer,survey,"Honestly, Brilliant at talking me through the options, I was dreading this and it was painless Would appreciate a reply I live near Z13 5AD",workmanship_quality
F01483,2026-02-01,customer,support,good,noise
F01484,2025-11-27,customer,survey,"filled in my details twice and heard nothing, is this site even active otherwise fine",provider_communication
F01485,2025-09-07,customer,support,Quick one: Paid for the lead apparently but I never heard from anyone I live near Z21 4BE Sent from my iPhone,provider_communication
F01486,2026-02-27,provider,survey,just to say two refunds approved by email but nothing showing in the account please sort it out,credits_refund
F01487,2025-09-04,customer,support,"not happy. felt rushed, didn't finish the sealing properly before leaving thanks",workmanship_quality
F01488,2026-02-01,customer,support,"Honestly, Snapped at me when I asked a question, made the whole thing uncomfortable Not impressed -- This message was sent via the marketplace app",workmanship_quality
F01489,2025-10-23,provider,review,"Hi, Two refunds approved by email but nothing showing in the account",credits_refund
F01490,2026-02-08,customer,review,"Update - Really thorough, explained the whole job clearly and finished ahead of time!",workmanship_quality
F01491,2026-02-24,customer,support,"just to say snapped at me when i asked a question, made the whole thing uncomfortable please sort it out",workmanship_quality
F01492,2026-02-16,provider,survey,update - nice enough but i didn't feel much had been done after ten hours not impressed,workmanship_quality
F01493,2026-02-01,customer,review,"got one text and then silence, no idea if i have a tradesperson or not thanks email me at ahmed75@example.com",provider_communication
F01494,2025-09-30,customer,survey,"Cancelled on me twice last minute, really unreliable Would appreciate a reply",provider_no_show
F01495,2025-10-28,customer,review,"Honestly, Expensive compared to what was advertised, felt misled",price_dispute
F01496,2025-11-12,provider,review,"Update - Customer never answered, wasted credits again Not impressed",lead_quality
F01497,2026-01-17,customer,review,"update - two appointments in a row moved at the last minute, i've lost a week this was in z03 my number is 07700 900861",provider_no_show
F01498,2026-01-09,provider,survey,"So Every visit had a clear plan and a recap at the end, finished in 2 days This was in Z25",workmanship_quality
F01499,2025-11-07,customer,support,"Update - The ladder he used was visibly damaged, I mentioned it and got shrugged at This was in Z26",safety_issue
F00851,2026-02-15,provider,review,"Just to say Same customer sent to me twice, charged twice Otherwise fine",lead_quality
F00816,2026-02-18,customer,support,"not happy. brilliant at talking me through the options, i was dreading this and it was painless please sort it out",workmanship_quality
F00919,2026-01-29,provider,review,"Charged for a lead I never accepted, please refund Been using the site since November",credits_refund
F01042,2025-09-03,provider,review,"Lovely clean job, everything tested and certified before he left Not impressed",safety_issue
F00581,2025-11-11,provider,review,"Update - Requested a refund for a dead lead 2 weeks ago, still nothing Thanks my number is 07700 900807",credits_refund
F00859,2025-12-11,customer,review,"so spent most of the visit on his phone, barely explained anything",workmanship_quality
F00456,2025-11-09,provider,support,"hi, bought 9 leads this month and only one picked up the phone would appreciate a reply",lead_quality
F01209,2026-02-22,provider,review,"hi, quoted one price then asked for more once the work started cheers",price_dispute
F00688,2026-02-27,customer,support,"So Filled in my details twice and heard nothing, is this site even active Not impressed",provider_communication
F01457,2025-10-31,provider,survey,"Feedback: Can't update my coverage zones, the save button is greyed out Would appreciate a reply email me at sophie82@example.com",app_bug
F00216,2026-01-07,customer,review,"Feedback: Two appointments in a row moved at the last minute, I've lost a week Not impressed I live near Z21 8DC",provider_no_show
F00707,2025-10-07,provider,review,update - bought 2 leads this month and only one picked up the phone thanks,lead_quality
F01387,2026-02-03,customer,review,"Update - Site left spotless and every connection checked, felt genuinely professional Would appreciate a reply I live near Z27 1CD",safety_issue
F01151,2025-09-03,customer,review,"honestly, was late again by half an hour, third time this month second time this has happened",provider_no_show
F00016,2026-02-02,customer,review,"honestly, price on the profile said £31 but he charged £48 per hour second time this has happened",price_dispute
F00355,2025-11-21,customer,support,"Not happy. Isolation switch didn't seem to work properly, felt unsafe Would appreciate a reply",safety_issue
F00069,2025-12-21,provider,support,"Someone wanting an installation sent to me, I only do repairs, that's on you Please sort it out -- This message was sent via the marketplace app",lead_quality
F00085,2025-11-16,customer,support,"Every visit had a clear plan and a recap at the end, finished in 10 days",workmanship_quality
F01270,2025-10-10,customer,survey,he simply didn't show up on saturday and went quiet afterwards,provider_no_show
F00679,2026-01-13,customer,review,"So Got one text and then silence, no idea if I have a tradesperson or not This was in Z01",provider_communication
F00349,2025-09-26,customer,support,"fyi snapped at me when i asked a question, made the whole thing uncomfortable been using the site since november",workmanship_quality
F00727,2025-12-21,customer,review,just to say would be nice to actually get a response from the person i was matched with second time this has happened,provider_communication
F00845,2025-10-02,provider,review,"FYI The customer was actually two counties away, the address must have been typed wrong Cheers I live near Z20 5FB",lead_quality
F00815,2025-10-11,provider,support,Feedback: Asked for cash up front for the full job then said the rate had gone up Would appreciate a reply,price_dispute
F00675,2026-01-21,provider,survey,,credits_refund
F00304,2025-12-02,provider,review,Update - Provider Priya didn't turn up for the first visit and never called Otherwise fine,provider_no_show
F00099,2025-12-25,customer,support,"Just to say Two appointments in a row moved at the last minute, I've lost a week",provider_no_show
F00608,2025-11-17,customer,review,Asked for cash up front for the full job then said the rate had gone up Been using the site since October email me at marek86@example.com -- This message was sent via the marketplace app,price_dispute
F00602,2025-10-07,provider,support,"feedback: customer never answered, wasted credits again thanks",lead_quality
F00692,2025-10-28,customer,review,Feedback: Quoted one price then asked for more once the work started Thanks,price_dispute
F00442,2025-09-21,customer,support,"So Booked a morning slot, waited 40 minutes, nobody came. No explanation Thanks",provider_no_show
F00768,2025-11-07,provider,support,third enquiry this week where the person says they never filled anything in would appreciate a reply my number is 07700 900642,lead_quality
F00204,2025-12-15,customer,review,"Feedback: Snapped at me when I asked a question, made the whole thing uncomfortable Second time this has happened email me at fatima24@example.com",workmanship_quality
F01284,2025-12-31,customer,support,update - turned up 25 minutes into a one hour slot and still charged the full hour this was in z10,provider_no_show
F00050,2026-01-20,customer,review,good,noise
F01310,2026-02-05,provider,review,"Not happy. Kept coming back for the same fault each week, no real progress at all Been using the site since January",workmanship_quality
F00197,2026-02-01,customer,survey,"Just to say Still waiting for someone to call me back, it's been 6 days Please sort it out",provider_communication
F01410,2025-10-22,provider,review,Update - Map view is blank on my phone since the last update Been using the site since October,app_bug
F00293,2025-09-11,provider,support,Just to say Uploaded a new profile photo and it shows sideways Otherwise fine,app_bug
F00471,2025-10-22,customer,review,"Honestly, Every visit had a clear plan and a recap at the end, finished in 8 days Thanks",workmanship_quality
F01363,2026-01-12,customer,review,"Brilliant at talking me through the options, I was dreading this and it was painless Would appreciate a reply",workmanship_quality
F01210,2025-11-08,provider,survey,"the ladder he used was visibly damaged, i mentioned it and got shrugged at thanks I live near Z25 5BB -- This message was sent via the marketplace app",safety_issue
F00266,2025-09-02,customer,review,good,noise
F00061,2025-12-25,customer,survey,FYI Asked for cash up front for the full job then said the rate had gone up Cheers,price_dispute
F00824,2025-09-28,provider,survey,"just to say the customer was actually two counties away, the address must have been typed wrong",lead_quality
F00140,2025-09-21,customer,review,Feedback: Quoted one price then asked for more once the work started Would appreciate a reply -- This message was sent via the marketplace app,price_dispute
F00883,2026-02-03,customer,survey,"Feedback: Great tradesperson, tidy and methodical, highly recommend Not impressed",workmanship_quality
F00328,2026-01-03,provider,support,"just to say lead was from z10 which i don't even cover, why was it sent to me not impressed",lead_quality
F00083,2026-01-17,customer,review,"Quick one: Cancelled on me twice last minute, really unreliable Please sort it out",provider_no_show
F01283,2026-02-19,provider,survey,"The customer was actually two counties away, the address must have been typed wrong",lead_quality
F00539,2025-10-17,provider,support,"Was promised my money back for the fake enquiry, 4 days later still waiting Been using the site since October",credits_refund
F01092,2025-12-28,customer,survey,"Hi, Asked for cash up front for the full job then said the rate had gone up Been using the site since November",price_dispute
F01333,2025-11-22,customer,review,"just to say explains things in a way that actually makes sense, worth every penny second time this has happened",workmanship_quality
F00263,2025-10-16,customer,review,"FYI Explains things in a way that actually makes sense, worth every penny Would appreciate a reply",workmanship_quality
F00884,2026-02-23,customer,review,"Feedback: Price on the profile said £32 but he charged £45 per hour This was in Z04 Regards,",price_dispute
F01043,2026-01-28,provider,support,"update - charged for a lead i never accepted, please refund this was in z24 I live near Z26 3BE",credits_refund
F00638,2025-12-19,provider,review,good,noise
F01232,2026-02-19,customer,review,so he simply didn't show up on saturday and went quiet afterwards,provider_no_show
F01231,2026-02-15,customer,review,"update - the ladder he used was visibly damaged, i mentioned it and got shrugged at cheers my number is 07700 900148",safety_issue
F01161,2026-02-26,customer,review,"was told £38 an hour, invoice came in at £45, no explanation",price_dispute
