lead_id,created_at,zone,job_type,weekday_day,weekday_eve,weekend,budget_max,urgency,hours_wanted,pref_gender,language,is_returning,source
L00006,2025-09-01,Z07,repair,0,1,0,34.0,none,10,any,en,0,organic
L02238,2025-09-03,Z21,repair,0,1,1,43.0,deadline,20,any,ur,0,organic
L02125,2025-09-08,Z26,repair,0,0,1,38.0,none,20,F,en,1,organic
L01976,2025-09-08,Z28,repair,1,0,1,38.0,emergency,30,any,en,0,paid_search
L02676,2025-09-09,Z29,install,1,1,0,41.0,none,20,F,en,0,organic
L01700,2025-09-10,Z14,repair,1,1,0,,none,10,any,en,0,paid_search
L00924,2025-09-10,Z05,repair,1,0,1,36.0,deadline,20,any,en,0,organic
L00476,2025-09-11,Z25,repair,1,0,0,34.0,deadline,20,any,en,0,referral
L02362,2025-09-12,Z18,install,0,1,0,39.0,deadline,30,any,en,0,paid_search
L00418,2025-09-12,Z04,repair,1,0,1,39.0,emergency,20,any,en,0,paid_search
L01699,2025-09-12,UNKNOWN,repair,1,1,1,33.0,none,10,any,ur,0,paid_search
L00678,2025-09-13,Z13,repair,0,1,0,41.0,none,20,F,pl,0,paid_search
L02315,2025-09-13,Z19,repair,0,1,0,43.0,none,10,any,en,0,paid_search
L00485,2025-09-13,Z26,install,1,0,0,50.0,none,20,any,en,1,paid_search
L02824,2025-09-13,UNKNOWN,install,1,0,0,44.0,deadline,30,any,en,0,paid_search
L02040,2025-09-14,Z07,repair,1,1,0,46.0,none,40,F,pl,0,paid_search
L02425,2025-09-14,Z15,repair,1,1,1,36.0,deadline,20,F,en,0,organic
L02581,2025-09-14,Z08,install,1,1,1,31.0,deadline,40,any,ro,0,paid_search
L00177,2025-09-14,Z02,repair,1,1,0,37.0,deadline,40,any,ro,0,paid_search
L02009,2025-09-14,Z26,install,0,0,0,36.0,deadline,10,any,pl,0,referral
L00790,2025-09-14,UNKNOWN,repair,0,0,0,,deadline,10,any,en,0,paid_search
L01746,2025-09-15,Z25,repair,0,0,0,41.0,emergency,10,any,ro,1,paid_search
L01771,2025-09-15,UNKNOWN,repair,0,0,1,38.0,none,20,any,en,0,organic
L01762,2025-09-15,Z01,install,1,0,0,33.0,none,40,any,en,0,paid_search
L02184,2025-09-15,Z25,repair,1,0,1,33.0,none,10,any,en,0,organic
L00121,2025-09-15,Z26,install,0,1,0,30.0,none,10,any,pl,0,referral
L02442,2025-09-15,Z01,repair,1,1,1,34.0,none,10,any,en,1,paid_search
L02654,2025-09-15,Z10,install,1,0,0,29.0,none,10,any,en,0,paid_search
L02340,2025-09-15,Z11,repair,0,1,0,41.0,deadline,20,any,pl,0,organic
L01390,2025-09-15,Z05,install,1,0,0,26.0,emergency,20,F,ro,0,paid_search
L02718,2025-09-16,Z09,repair,1,1,0,35.0,none,20,any,en,0,paid_search
L01052,2025-09-16,Z11,repair,0,0,1,,none,20,F,tr,1,referral
L01040,2025-09-16,Z08,install,1,1,1,,emergency,10,any,ur,0,referral
L02779,2025-09-16,Z19,repair,0,1,1,40.0,none,30,F,en,0,paid_search
L01597,2025-09-16,Z14,install,0,1,1,38.0,none,20,F,ro,0,paid_search
L02218,2025-09-16,Z30,repair,1,1,1,,none,20,any,tr,0,referral
L02409,2025-09-16,Z19,repair,1,0,1,40.0,deadline,20,any,tr,0,organic
L02374,2025-09-17,Z01,repair,0,0,1,38.0,none,30,any,tr,0,organic
L00980,2025-09-17,Z13,install,0,1,1,40.0,none,10,any,en,0,organic
L02195,2025-09-17,Z15,repair,0,1,1,47.0,emergency,40,any,en,0,paid_search
L02249,2025-09-17,Z14,repair,0,1,1,40.0,deadline,20,F,ro,0,organic
L00129,2025-09-17,Z08,repair,1,0,1,36.0,none,10,any,ro,0,organic
L01024,2025-09-18,Z24,install,1,0,1,41.0,none,30,any,en,0,paid_search
L00682,2025-09-18,Z06,install,0,1,1,34.0,none,40,any,en,0,paid_search
L02227,2025-09-19,Z21,repair,1,1,0,40.0,none,40,F,en,0,paid_search
L02826,2025-09-19,Z11,install,0,0,0,33.0,none,30,any,ro,0,paid_search
L02113,2025-09-19,Z29,repair,1,0,0,50.0,emergency,30,F,en,0,paid_search
L01838,2025-09-19,Z20,install,0,1,0,54.0,deadline,20,F,en,0,organic
L02247,2025-09-19,Z27,repair,0,1,1,32.0,deadline,40,F,ur,0,organic
L02860,2025-09-19,Z22,repair,1,0,1,41.0,deadline,20,any,ur,0,paid_search
L01314,2025-09-20,Z14,install,1,0,0,39.0,deadline,10,any,en,0,organic
L02488,2025-09-20,Z22,repair,1,1,1,,none,30,any,en,0,paid_search
L00928,2025-09-20,Z08,install,1,1,0,32.0,none,10,F,pl,0,paid_search
L01812,2025-09-20,Z17,install,0,0,0,46.0,none,30,F,ro,0,referral
L02941,2025-09-21,Z24,repair,0,1,1,33.0,none,30,any,ro,0,referral
L01326,2025-09-21,Z04,install,0,0,1,35.0,deadline,10,any,tr,0,organic
L00465,2025-09-21,Z18,repair,1,0,1,33.0,none,20,any,en,1,organic
L00020,2025-09-22,Z08,repair,1,1,1,44.0,emergency,30,any,en,0,paid_search
L01872,2025-09-22,Z08,install,0,1,0,33.0,deadline,30,any,en,0,organic
L00454,2025-09-22,Z10,repair,0,0,0,45.0,deadline,30,any,tr,0,paid_search
L00817,2025-09-22,Z24,install,0,1,1,38.0,none,10,any,en,0,organic
L02286,2025-09-22,Z27,repair,0,1,0,36.0,none,30,any,ur,0,organic
L02144,2025-09-22,Z19,repair,0,0,0,41.0,none,10,any,ro,0,paid_search
L00435,2025-09-22,Z16,repair,1,0,0,38.0,emergency,20,F,tr,0,referral
L01015,2025-09-23,UNKNOWN,repair,0,1,0,42.0,deadline,30,any,en,0,paid_search
L02402,2025-09-23,Z02,repair,1,1,1,32.0,none,30,any,en,0,organic
L00836,2025-09-23,Z11,repair,1,0,1,41.0,none,40,any,en,0,organic
L01158,2025-09-23,Z04,install,0,0,0,40.0,none,10,any,ur,0,organic
L00126,2025-09-23,Z04,repair,0,1,1,57.0,deadline,40,any,en,1,paid_search
L00769,2025-09-24,Z19,install,1,0,0,46.0,none,10,F,tr,0,organic
L02311,2025-09-24,Z19,repair,0,1,0,34.0,none,10,any,pl,0,organic
L01509,2025-09-24,UNKNOWN,install,0,1,1,39.0,deadline,10,any,en,0,organic
L02662,2025-09-24,Z06,repair,1,0,0,37.0,none,20,any,ro,0,paid_search
L02448,2025-09-24,Z06,repair,0,0,0,33.0,none,30,F,en,0,referral
L02379,2025-09-24,Z17,install,0,0,1,36.0,none,30,any,en,0,organic
L02030,2025-09-24,Z24,repair,0,0,1,46.0,deadline,10,any,en,0,organic
L00324,2025-09-24,UNKNOWN,repair,1,1,1,25.0,none,20,any,ur,0,paid_search
L01816,2025-09-24,Z10,install,0,1,0,39.0,none,30,F,en,0,organic
L01716,2025-09-24,Z09,install,0,0,0,36.0,none,30,any,en,0,organic
L00330,2025-09-24,Z06,install,0,1,1,35.0,deadline,30,any,en,0,paid_search
L01145,2025-09-24,Z23,install,0,1,1,23.0,emergency,10,F,tr,0,organic
L00915,2025-09-25,Z10,install,0,1,1,42.0,none,30,any,ro,0,organic
L00079,2025-09-25,Z28,install,0,0,0,43.0,none,20,any,en,0,paid_search
L02460,2025-09-25,Z14,repair,0,0,1,41.0,none,20,any,ur,0,referral
L00100,2025-09-25,Z16,repair,0,1,1,41.0,none,30,F,en,0,paid_search
L02573,2025-09-25,Z29,install,1,1,0,42.0,none,20,any,ur,0,paid_search
L01239,2025-09-25,Z07,repair,0,1,0,38.0,deadline,20,any,en,0,organic
L02739,2025-09-25,Z21,install,1,1,1,44.0,none,10,any,en,0,paid_search
L01953,2025-09-26,UNKNOWN,repair,0,0,1,30.0,deadline,20,any,ro,0,organic
L02004,2025-09-26,Z28,repair,0,1,1,39.0,deadline,20,any,en,0,referral
L00760,2025-09-26,Z21,install,0,0,0,34.0,deadline,10,any,tr,0,organic
L01017,2025-09-27,Z19,install,1,1,0,35.0,deadline,30,any,en,1,organic
L00017,2025-09-27,Z27,repair,0,1,1,46.0,deadline,40,any,pl,0,paid_search
L00952,2025-09-27,Z12,install,0,0,0,38.0,none,20,any,ro,0,paid_search
L00175,2025-09-27,Z28,repair,1,1,1,36.0,none,20,any,pl,0,paid_search
L01589,2025-09-27,Z27,install,0,1,0,26.0,deadline,30,any,tr,0,referral
L00150,2025-09-27,Z24,install,0,1,1,38.0,none,10,any,en,0,paid_search
L02427,2025-09-28,Z23,install,0,1,0,39.0,none,30,any,tr,0,paid_search
L01901,2025-09-28,Z20,repair,1,1,0,40.0,deadline,30,any,en,0,referral
L02026,2025-09-28,Z22,install,1,0,1,34.0,none,20,any,ro,0,paid_search
L01506,2025-09-28,Z13,repair,1,1,0,37.0,none,30,F,pl,0,organic
L01698,2025-09-28,Z07,repair,1,1,0,48.0,none,30,any,ur,1,paid_search
L01262,2025-09-28,Z19,repair,0,1,0,36.0,none,10,any,ro,0,organic
L00152,2025-09-29,Z08,install,0,1,0,33.0,none,20,any,pl,0,paid_search
L02212,2025-09-29,Z07,install,1,1,0,43.0,deadline,30,any,en,1,organic
L00525,2025-09-29,Z19,repair,0,1,0,44.0,none,10,any,ur,0,organic
L01892,2025-09-29,Z04,install,0,0,1,39.0,emergency,30,any,en,0,organic
L00754,2025-09-29,Z14,install,0,1,0,,none,40,any,en,0,paid_search
L00740,2025-09-29,Z20,install,0,1,1,36.0,none,20,F,en,1,organic
L00307,2025-09-29,Z11,repair,0,0,0,38.0,none,20,any,en,0,organic
L02360,2025-09-29,Z26,install,1,1,0,33.0,none,20,any,ur,0,organic
L01429,2025-09-29,Z26,install,0,1,0,42.0,none,10,any,en,0,paid_search
L00705,2025-09-29,Z20,repair,0,1,0,38.0,deadline,10,F,tr,1,paid_search
L01708,2025-09-30,Z16,install,1,0,0,39.0,none,20,any,en,0,organic
L01256,2025-09-30,Z03,install,1,1,1,35.0,deadline,20,any,en,0,paid_search
L00839,2025-09-30,Z09,install,0,1,1,46.0,deadline,10,any,pl,0,paid_search
L02962,2025-09-30,Z28,install,0,1,0,28.0,deadline,10,any,en,0,organic
L00893,2025-09-30,Z02,repair,1,1,0,33.0,none,20,any,ro,0,paid_search
L02111,2025-09-30,Z14,repair,0,0,1,43.0,none,30,any,ur,0,paid_search
L00706,2025-09-30,Z28,install,0,1,0,30.0,none,10,any,pl,0,paid_search
L01740,2025-09-30,Z30,install,1,1,0,44.0,deadline,20,any,pl,0,organic
L00906,2025-09-30,Z05,repair,1,0,0,46.0,none,20,any,tr,0,paid_search
L00391,2025-09-30,Z08,repair,1,0,1,,none,40,any,en,0,paid_search
L02491,2025-09-30,Z16,repair,1,1,1,37.0,deadline,30,any,pl,0,paid_search
L01200,2025-09-30,Z19,repair,0,1,1,37.0,deadline,10,F,en,0,paid_search
L01257,2025-09-30,Z11,repair,0,1,1,29.0,none,30,any,en,0,paid_search
L00750,2025-10-01,Z16,repair,0,1,0,47.0,deadline,40,any,en,0,referral
L01258,2025-10-01,Z10,repair,1,1,0,41.0,deadline,20,any,pl,1,paid_search
L01504,2025-10-01,Z11,repair,0,1,1,33.0,emergency,20,any,ro,1,paid_search
L02529,2025-10-01,Z03,repair,1,0,0,41.0,none,10,any,en,0,paid_search
L01922,2025-10-01,Z26,repair,0,1,1,35.0,emergency,10,any,tr,1,paid_search
L01820,2025-10-01,Z13,install,0,1,0,38.0,none,30,any,tr,0,organic
L00958,2025-10-01,Z24,install,1,1,1,40.0,none,30,any,en,0,paid_search
L02507,2025-10-01,Z07,install,0,1,0,31.0,none,20,any,en,0,paid_search
L00593,2025-10-01,Z06,install,1,0,1,31.0,none,30,any,tr,0,paid_search
L00181,2025-10-01,Z22,repair,1,1,1,34.0,none,10,any,en,0,paid_search
L00338,2025-10-02,Z27,repair,1,1,0,32.0,none,20,any,ur,0,referral
L00543,2025-10-02,Z30,install,0,0,0,43.0,none,20,any,ro,0,paid_search
L00457,2025-10-02,UNKNOWN,repair,1,1,0,38.0,none,30,any,en,0,paid_search
L02875,2025-10-02,Z08,repair,1,1,0,43.0,emergency,20,any,en,0,referral
L00656,2025-10-02,Z13,repair,1,0,0,42.0,deadline,20,any,ur,0,organic
L01179,2025-10-02,Z25,repair,0,1,0,39.0,deadline,10,any,en,0,paid_search
L01285,2025-10-02,Z26,repair,1,1,1,36.0,none,30,any,en,0,organic
L00600,2025-10-02,Z18,install,0,1,1,44.0,deadline,10,any,pl,0,organic
L02173,2025-10-02,Z16,repair,0,0,1,36.0,deadline,40,any,ur,0,paid_search
L01640,2025-10-02,Z19,repair,0,1,1,,none,10,any,en,0,paid_search
L01677,2025-10-02,Z24,install,0,0,1,50.0,none,10,any,ur,0,paid_search
L02318,2025-10-02,Z20,repair,0,1,0,32.0,none,10,any,pl,0,organic
L01879,2025-10-03,Z27,repair,0,1,0,42.0,deadline,30,any,en,0,organic
L02895,2025-10-03,Z06,repair,1,0,1,42.0,none,10,F,ur,0,paid_search
L02494,2025-10-03,Z10,install,1,1,1,36.0,none,20,any,en,0,paid_search
L02986,2025-10-03,Z12,repair,1,0,1,40.0,deadline,30,any,en,0,paid_search
L00320,2025-10-03,Z11,repair,0,1,0,42.0,none,10,any,pl,0,organic
L02180,2025-10-04,Z12,install,1,0,1,42.0,none,10,any,en,0,paid_search
L00265,2025-10-04,Z11,repair,1,0,0,38.0,none,20,any,ro,0,paid_search
L00198,2025-10-04,Z16,repair,1,1,1,49.0,none,10,any,ur,0,organic
L02164,2025-10-04,Z08,install,1,0,0,39.0,none,30,F,ro,0,referral
L02003,2025-10-04,Z14,repair,1,0,1,41.0,emergency,20,any,en,0,paid_search
L01023,2025-10-04,Z18,repair,1,1,0,31.0,none,30,any,ro,1,referral
L02844,2025-10-04,Z16,install,1,1,1,35.0,deadline,20,any,ur,0,organic
L01321,2025-10-04,Z11,repair,0,1,1,38.0,none,40,any,en,0,organic
L00901,2025-10-05,Z01,repair,1,1,1,34.0,deadline,30,any,ur,0,paid_search
L00071,2025-10-05,Z05,repair,1,1,0,36.0,none,20,any,pl,0,paid_search
L01789,2025-10-05,Z20,install,0,0,1,44.0,none,10,any,en,0,organic
L00806,2025-10-05,Z12,install,1,1,1,41.0,deadline,20,any,tr,0,paid_search
L02632,2025-10-05,Z27,repair,0,0,0,32.0,deadline,20,any,ro,0,paid_search
L00608,2025-10-06,Z28,install,1,1,0,36.0,none,20,any,pl,0,referral
L00801,2025-10-06,Z21,repair,0,0,1,40.0,emergency,40,any,en,0,referral
L00087,2025-10-06,Z04,repair,0,1,0,37.0,none,20,any,en,0,organic
L00212,2025-10-06,Z23,repair,0,0,1,,none,10,any,en,0,organic
L00878,2025-10-06,Z16,repair,1,1,1,35.0,deadline,30,any,en,0,paid_search
L00746,2025-10-06,Z25,install,1,1,1,39.0,deadline,20,F,ro,0,organic
L00971,2025-10-06,Z28,repair,1,0,0,40.0,deadline,20,any,pl,0,referral
L01986,2025-10-06,Z21,repair,1,1,0,46.0,none,10,any,pl,0,referral
L01151,2025-10-06,Z08,install,1,0,1,40.0,deadline,30,any,en,0,paid_search
L02592,2025-10-06,Z14,repair,1,1,0,40.0,none,20,any,en,0,referral
L00214,2025-10-07,Z12,repair,0,1,1,37.0,none,40,any,en,0,paid_search
L00710,2025-10-07,Z02,repair,0,1,0,36.0,deadline,10,any,ro,1,organic
L01610,2025-10-07,Z25,repair,1,1,1,35.0,none,10,any,en,0,paid_search
L02745,2025-10-07,Z27,install,1,1,1,38.0,none,30,F,ur,1,paid_search
L01487,2025-10-07,Z17,repair,1,1,0,43.0,none,40,any,ro,0,paid_search
L00240,2025-10-07,Z16,repair,1,1,0,43.0,none,10,any,tr,0,organic
L01348,2025-10-07,Z21,repair,0,1,0,32.0,none,30,any,ro,0,paid_search
L02834,2025-10-08,Z18,install,0,1,0,33.0,deadline,30,any,tr,0,organic
L01601,2025-10-08,Z15,repair,0,0,1,43.0,deadline,20,any,en,0,paid_search
L01536,2025-10-08,Z12,repair,0,0,1,28.0,deadline,10,any,en,0,paid_search
L00882,2025-10-08,Z10,repair,0,1,0,35.0,deadline,10,any,ro,0,paid_search
L01373,2025-10-08,Z30,install,1,1,0,27.0,none,20,any,en,0,paid_search
L00154,2025-10-08,Z24,repair,1,1,0,39.0,deadline,30,any,en,0,paid_search
L01199,2025-10-08,Z16,install,0,1,1,30.0,none,20,any,pl,0,organic
L01242,2025-10-08,Z15,install,0,0,0,35.0,deadline,20,any,en,0,paid_search
L00625,2025-10-08,UNKNOWN,install,1,0,0,34.0,none,20,F,pl,0,paid_search
L01918,2025-10-09,Z12,repair,0,0,0,33.0,none,20,any,tr,0,paid_search
L00655,2025-10-09,Z04,repair,0,1,1,,none,20,any,ur,0,organic
L02307,2025-10-09,Z24,repair,0,0,1,34.0,emergency,30,F,ur,0,organic
L00800,2025-10-09,Z30,repair,0,0,1,47.0,deadline,20,any,tr,0,paid_search
L01794,2025-10-09,Z26,install,1,1,0,47.0,none,10,any,en,0,paid_search
L01810,2025-10-09,Z25,install,0,0,1,36.0,none,20,any,tr,0,organic
L02999,2025-10-09,Z17,install,1,0,1,33.0,none,20,F,en,0,organic
L02579,2025-10-09,Z28,repair,1,1,1,45.0,none,10,any,tr,0,organic
L02700,2025-10-09,Z16,repair,0,1,1,43.0,deadline,20,any,en,0,paid_search
L00492,2025-10-10,Z12,install,1,1,1,35.0,none,10,any,ur,0,paid_search
L01482,2025-10-10,Z21,install,0,1,0,,emergency,30,any,pl,0,paid_search
L01408,2025-10-10,Z24,install,0,0,1,30.0,none,20,any,ur,0,paid_search
L01391,2025-10-10,Z14,install,1,1,1,36.0,deadline,20,any,tr,0,paid_search
L01550,2025-10-10,Z25,repair,0,0,1,41.0,none,30,any,pl,0,paid_search
L00905,2025-10-10,Z04,repair,0,0,0,27.0,none,20,any,tr,0,paid_search
L00488,2025-10-10,Z28,repair,1,0,1,44.0,deadline,10,any,en,0,paid_search
L00966,2025-10-10,Z01,repair,1,1,1,44.0,none,20,any,en,0,paid_search
L00101,2025-10-10,UNKNOWN,install,1,0,1,31.0,deadline,20,any,ro,0,paid_search
L00351,2025-10-10,Z29,install,0,1,1,34.0,none,10,any,tr,0,organic
L02217,2025-10-11,Z30,repair,0,1,0,38.0,none,10,any,en,0,organic
L02678,2025-10-11,Z28,install,0,1,1,44.0,deadline,30,any,ro,0,organic
L00590,2025-10-11,Z26,repair,0,1,1,36.0,none,20,any,en,1,paid_search
L02044,2025-10-11,Z05,repair,1,0,1,43.0,deadline,20,F,ur,0,paid_search
L00768,2025-10-11,Z16,repair,0,1,0,38.0,deadline,40,F,en,0,paid_search
L00833,2025-10-11,Z12,repair,0,0,0,40.0,deadline,20,any,ro,0,paid_search
L00995,2025-10-11,Z06,install,0,1,1,42.0,none,30,any,en,0,paid_search
L01176,2025-10-11,Z04,install,1,0,1,36.0,none,30,F,ro,0,organic
L00230,2025-10-11,Z24,repair,1,1,0,36.0,deadline,20,any,ro,0,organic
L02479,2025-10-12,Z13,repair,0,1,0,32.0,emergency,20,any,pl,0,paid_search
L02734,2025-10-12,Z03,repair,1,1,0,31.0,none,30,any,en,0,organic
L02513,2025-10-12,Z11,repair,0,1,1,45.0,deadline,10,any,en,0,organic
L01434,2025-10-12,Z20,install,0,0,0,35.0,emergency,20,any,en,1,paid_search
L01430,2025-10-12,Z11,repair,0,1,0,47.0,emergency,20,any,en,0,organic
L01709,2025-10-12,Z28,repair,0,0,0,38.0,none,10,any,ur,0,paid_search
L00657,2025-10-12,Z03,install,0,0,1,34.0,emergency,20,any,en,0,paid_search
L02743,2025-10-12,Z13,repair,0,0,1,38.0,deadline,20,any,en,1,paid_search
L00088,2025-10-12,Z28,repair,1,0,1,49.0,none,10,any,ur,0,paid_search
L01375,2025-10-13,Z16,repair,0,0,1,38.0,deadline,30,any,pl,0,organic
L00336,2025-10-13,Z05,repair,0,1,1,44.0,none,20,F,en,0,paid_search
L02324,2025-10-13,Z05,install,0,0,1,30.0,none,20,any,ur,0,paid_search
L00325,2025-10-13,Z01,install,0,1,1,28.0,emergency,20,any,en,1,organic
L02891,2025-10-13,Z02,repair,1,0,0,42.0,deadline,10,any,ro,0,organic
L00096,2025-10-13,Z03,install,1,1,1,36.0,deadline,10,any,ro,0,organic
L01959,2025-10-14,Z22,install,0,1,1,29.0,deadline,10,any,en,1,organic
L02274,2025-10-14,Z28,install,0,1,1,41.0,none,20,any,ro,0,organic
L02966,2025-10-14,Z25,repair,0,1,0,40.0,none,30,any,en,1,paid_search
L02010,2025-10-14,Z07,install,1,0,0,35.0,deadline,10,any,en,0,paid_search
L02613,2025-10-14,Z11,install,0,1,0,34.0,none,20,F,en,0,paid_search
L00972,2025-10-14,Z07,install,0,1,0,43.0,deadline,30,any,en,1,organic
L01875,2025-10-14,Z29,repair,1,1,1,44.0,deadline,10,any,en,0,paid_search
L01447,2025-10-14,Z06,repair,1,1,1,41.0,deadline,20,any,ur,0,paid_search
L00869,2025-10-14,Z17,repair,0,1,0,41.0,deadline,40,any,pl,0,paid_search
L02122,2025-10-14,Z10,repair,1,1,1,30.0,none,20,any,en,0,referral
L02636,2025-10-14,Z22,repair,1,0,1,31.0,emergency,20,any,en,0,paid_search
L01062,2025-10-14,Z29,install,1,0,0,42.0,deadline,20,any,pl,0,paid_search
L02375,2025-10-14,Z28,install,0,0,1,39.0,deadline,30,any,ro,0,paid_search
L00595,2025-10-14,Z24,repair,1,0,1,36.0,emergency,10,F,en,0,organic
L02759,2025-10-14,Z15,repair,1,1,0,25.0,none,40,any,en,0,paid_search
L02455,2025-10-14,Z08,repair,0,0,0,43.0,deadline,40,any,tr,0,paid_search
L01253,2025-10-15,Z15,repair,0,0,1,44.0,none,20,F,en,0,paid_search
L01117,2025-10-15,Z02,repair,0,1,1,36.0,none,20,any,ur,0,paid_search
L02907,2025-10-15,Z12,install,1,1,1,41.0,deadline,10,any,en,0,paid_search
L02800,2025-10-15,Z11,install,1,0,1,39.0,deadline,20,any,en,0,paid_search
L01969,2025-10-15,Z03,install,0,0,1,33.0,none,20,any,ur,0,paid_search
L00802,2025-10-15,Z06,install,1,0,1,34.0,emergency,10,any,en,0,paid_search
L01674,2025-10-15,Z21,install,0,0,0,23.0,none,30,any,ro,0,referral
L02666,2025-10-15,Z01,repair,0,1,0,33.0,none,20,any,tr,0,paid_search
L00299,2025-10-15,Z13,repair,1,1,1,39.0,none,10,any,en,0,organic
L01646,2025-10-15,Z03,install,0,0,0,40.0,none,20,any,ro,0,paid_search
L02500,2025-10-15,Z09,repair,1,0,0,39.0,deadline,30,any,en,0,paid_search
L02452,2025-10-15,Z18,repair,1,1,1,32.0,deadline,30,any,en,1,paid_search
L00612,2025-10-15,Z29,repair,1,0,0,37.0,deadline,10,any,tr,0,organic
L00569,2025-10-15,Z11,repair,1,1,0,36.0,deadline,10,F,en,0,paid_search
L01643,2025-10-15,Z10,repair,1,1,1,34.0,deadline,10,any,ur,0,organic
L01370,2025-10-15,Z06,repair,0,1,1,,deadline,40,F,en,0,paid_search
L02855,2025-10-15,Z23,install,0,1,1,41.0,none,20,any,en,0,organic
L02836,2025-10-15,Z20,repair,1,1,1,30.0,none,20,any,en,0,organic
L00865,2025-10-16,Z26,install,0,1,0,36.0,none,30,any,en,0,paid_search
L02438,2025-10-16,Z21,repair,0,0,1,34.0,none,30,any,ur,0,organic
L02960,2025-10-16,Z12,repair,1,0,0,30.0,none,30,any,en,0,paid_search
L02086,2025-10-16,Z14,install,1,1,1,45.0,emergency,30,any,en,0,organic
L00001,2025-10-16,Z24,install,0,0,1,37.0,none,10,any,en,0,organic
L02056,2025-10-16,Z12,repair,0,0,1,38.0,deadline,30,F,en,0,paid_search
L02329,2025-10-16,Z28,repair,0,1,1,44.0,none,30,any,ur,0,paid_search
L00389,2025-10-16,Z13,repair,0,0,0,32.0,none,10,any,en,0,organic
L00162,2025-10-16,Z13,install,1,0,1,43.0,deadline,20,any,en,0,paid_search
L01071,2025-10-16,Z08,repair,0,1,0,43.0,deadline,20,any,en,0,paid_search
L00024,2025-10-16,Z06,repair,0,1,0,28.0,none,10,any,en,0,paid_search
L01298,2025-10-16,Z06,install,0,0,0,40.0,emergency,40,any,pl,0,paid_search
L01295,2025-10-16,Z08,repair,0,0,0,37.0,none,30,any,en,0,paid_search
L01271,2025-10-16,Z11,repair,0,1,0,42.0,none,20,any,ur,0,paid_search
L02889,2025-10-16,Z01,install,1,1,1,44.0,deadline,10,any,pl,0,paid_search
L00955,2025-10-16,Z23,repair,1,1,1,44.0,none,30,any,en,0,paid_search
L00479,2025-10-16,Z11,repair,0,0,1,31.0,emergency,20,any,pl,0,paid_search
L00985,2025-10-16,Z17,repair,0,1,1,,none,30,any,en,0,paid_search
L02656,2025-10-16,Z06,install,1,0,1,38.0,none,30,any,en,0,paid_search
L02294,2025-10-16,Z03,repair,1,0,1,37.0,deadline,10,any,en,0,organic
L02797,2025-10-16,Z26,repair,0,1,0,29.0,none,10,any,tr,1,paid_search
L00870,2025-10-16,Z11,repair,0,1,1,38.0,none,40,any,ro,0,paid_search
L01552,2025-10-16,Z13,install,0,1,1,40.0,deadline,40,any,pl,0,referral
L01522,2025-10-16,Z10,repair,1,1,1,43.0,emergency,20,any,ro,0,paid_search
L02682,2025-10-17,Z01,repair,0,1,0,39.0,deadline,10,any,tr,0,paid_search
L01112,2025-10-17,Z05,repair,0,1,1,38.0,none,10,any,ur,0,paid_search
L02663,2025-10-17,Z27,install,0,1,1,21.0,deadline,20,any,en,0,referral
L00835,2025-10-17,Z26,install,1,0,0,40.0,deadline,20,F,pl,0,paid_search
L01277,2025-10-17,Z03,install,1,0,1,45.0,none,40,any,en,0,paid_search
L00387,2025-10-17,Z27,install,1,1,1,44.0,none,20,any,pl,0,paid_search
L02551,2025-10-17,Z29,install,1,1,0,46.0,none,10,any,ur,0,referral
L02883,2025-10-17,Z12,install,1,1,0,29.0,none,10,any,en,1,paid_search
L02008,2025-10-18,Z23,install,1,0,0,39.0,emergency,20,any,en,0,paid_search
L02657,2025-10-18,Z03,install,0,1,0,44.0,deadline,30,F,en,0,referral
L01177,2025-10-18,Z09,repair,0,1,0,48.0,none,30,any,ro,0,referral
L00203,2025-10-18,Z20,install,0,1,1,,deadline,10,any,en,0,paid_search
L00723,2025-10-18,Z15,install,1,1,0,38.0,none,40,any,en,0,paid_search
L01795,2025-10-18,Z29,repair,1,1,1,40.0,none,20,F,tr,1,organic
L00075,2025-10-18,Z10,install,1,1,0,42.0,deadline,20,F,ur,0,paid_search
L00493,2025-10-18,UNKNOWN,install,0,0,1,32.0,none,30,any,en,1,paid_search
L01261,2025-10-18,Z22,repair,1,1,1,38.0,emergency,10,any,en,0,organic
L00094,2025-10-18,Z07,repair,0,0,1,43.0,none,10,any,pl,0,referral
L01647,2025-10-18,Z08,repair,0,1,0,31.0,none,20,any,en,0,referral
L02322,2025-10-18,Z03,repair,0,1,0,36.0,deadline,20,any,ur,1,paid_search
L02415,2025-10-18,Z24,install,0,1,1,33.0,deadline,30,any,ur,0,organic
L00250,2025-10-18,Z14,install,0,1,1,44.0,none,20,any,en,0,referral
L02697,2025-10-18,Z17,install,0,1,1,40.0,deadline,20,any,en,0,paid_search
L02878,2025-10-18,Z26,install,1,0,1,37.0,deadline,30,any,pl,0,referral
L01659,2025-10-18,Z19,install,0,0,0,,none,40,any,en,0,referral
L01517,2025-10-18,Z10,install,0,1,0,32.0,none,10,any,ur,0,paid_search
L01412,2025-10-19,Z09,repair,0,1,0,35.0,none,20,F,tr,0,organic
L01508,2025-10-19,Z23,install,0,1,1,36.0,deadline,20,any,en,0,organic
L00038,2025-10-19,Z14,repair,0,1,0,36.0,none,10,any,en,0,paid_search
L01417,2025-10-19,Z11,repair,1,1,1,,deadline,10,any,ro,0,paid_search
L01084,2025-10-19,Z05,install,0,0,0,35.0,none,10,any,en,0,paid_search
L00481,2025-10-19,Z17,install,1,1,1,35.0,none,40,any,en,0,paid_search
L00461,2025-10-19,Z07,install,1,1,1,31.0,none,30,any,pl,0,paid_search
L01011,2025-10-19,Z25,install,0,0,0,43.0,none,10,any,ur,0,paid_search
L01724,2025-10-19,Z17,repair,1,0,1,43.0,emergency,10,any,tr,0,paid_search
L00444,2025-10-19,Z13,install,1,1,1,50.0,deadline,20,any,en,0,organic
L00429,2025-10-19,Z04,install,0,0,1,41.0,none,40,any,en,0,paid_search
L00708,2025-10-19,Z10,repair,0,0,1,38.0,none,20,any,en,0,paid_search
L01107,2025-10-19,Z28,install,0,0,0,45.0,none,30,any,pl,0,paid_search
L01560,2025-10-19,Z15,repair,0,0,1,41.0,deadline,20,F,en,0,paid_search
L00757,2025-10-20,Z19,repair,0,1,0,37.0,none,30,any,ur,0,organic
L01149,2025-10-20,Z02,repair,0,1,1,41.0,deadline,20,any,ur,0,paid_search
L00420,2025-10-20,Z04,install,0,1,0,44.0,none,40,any,ro,0,organic
L00254,2025-10-20,Z11,install,1,1,0,23.0,deadline,10,any,en,0,organic
L02160,2025-10-20,Z29,repair,1,1,1,47.0,deadline,40,any,en,1,paid_search
L02569,2025-10-20,Z14,repair,0,1,0,40.0,none,40,any,ro,0,paid_search
L02928,2025-10-20,Z21,repair,0,0,1,33.0,none,30,any,en,0,organic
L02744,2025-10-20,Z06,repair,0,0,0,40.0,emergency,10,any,en,1,paid_search
L01213,2025-10-20,Z11,install,1,1,0,38.0,none,20,any,en,0,paid_search
L01296,2025-10-20,Z29,install,0,1,0,35.0,deadline,30,F,ro,0,paid_search
L01157,2025-10-20,Z20,repair,0,1,1,49.0,none,10,any,tr,0,paid_search
L01086,2025-10-20,Z30,repair,1,0,1,33.0,deadline,30,any,pl,0,referral
L01667,2025-10-20,Z22,install,0,0,1,32.0,emergency,20,any,ro,0,paid_search
L02784,2025-10-20,Z24,install,1,1,1,41.0,none,10,any,en,0,organic
L01796,2025-10-21,Z15,install,1,1,0,43.0,deadline,20,any,ur,0,organic
L00686,2025-10-21,Z22,repair,1,1,1,34.0,emergency,30,any,en,0,organic
L02913,2025-10-21,Z17,repair,1,1,0,44.0,deadline,40,any,en,0,paid_search
L02556,2025-10-21,Z13,repair,0,0,0,36.0,none,30,any,en,0,referral
L00448,2025-10-21,Z16,repair,1,1,1,32.0,none,10,any,tr,0,paid_search
L00631,2025-10-21,Z02,install,0,0,0,39.0,deadline,20,any,ur,0,paid_search
L01082,2025-10-21,Z27,install,1,1,1,39.0,deadline,10,F,en,0,paid_search
L02809,2025-10-21,Z05,repair,0,1,1,40.0,none,30,any,en,0,organic
L00758,2025-10-21,Z22,repair,0,1,0,32.0,none,30,any,tr,0,paid_search
L00310,2025-10-21,Z29,repair,1,1,1,39.0,deadline,20,any,ro,0,organic
L01874,2025-10-21,Z20,install,0,0,1,50.0,none,20,any,ro,0,paid_search
L02630,2025-10-21,Z20,repair,0,1,0,43.0,deadline,20,any,en,0,paid_search
L02175,2025-10-22,Z29,repair,0,0,0,39.0,none,10,any,ro,0,paid_search
L02807,2025-10-22,Z26,repair,1,1,1,48.0,none,20,any,en,0,paid_search
L00123,2025-10-22,Z14,repair,0,0,1,37.0,none,10,any,en,0,paid_search
L02273,2025-10-22,Z29,install,1,0,1,36.0,deadline,10,any,ro,0,paid_search
L02349,2025-10-22,Z30,repair,0,1,1,33.0,none,40,any,tr,0,paid_search
L00030,2025-10-22,Z21,install,0,0,0,39.0,none,40,any,ur,0,paid_search
L01323,2025-10-22,Z03,install,1,0,0,30.0,none,10,any,pl,0,paid_search
L01118,2025-10-22,Z22,install,0,1,1,38.0,deadline,20,any,en,0,paid_search
L01207,2025-10-23,Z05,install,0,1,0,46.0,deadline,20,any,pl,0,organic
L00414,2025-10-23,Z15,install,0,0,1,,deadline,10,any,en,0,paid_search
L01478,2025-10-23,Z27,install,0,1,1,41.0,none,20,any,en,0,paid_search
L01505,2025-10-23,Z24,repair,0,1,1,40.0,none,40,any,en,0,paid_search
L02266,2025-10-23,Z11,install,0,0,0,25.0,none,20,any,ro,0,paid_search
L00773,2025-10-23,Z08,install,1,0,1,43.0,emergency,10,any,en,0,referral
L01196,2025-10-23,Z26,install,0,1,1,29.0,none,20,any,ur,0,paid_search
L02116,2025-10-23,Z10,repair,1,1,0,41.0,none,20,any,ur,1,paid_search
L02870,2025-10-23,Z19,repair,0,1,0,44.0,deadline,10,any,en,0,paid_search
L02469,2025-10-23,Z28,install,0,0,0,39.0,none,10,any,en,0,paid_search
L00503,2025-10-23,Z02,repair,0,0,1,31.0,none,40,any,en,0,referral
L00144,2025-10-23,Z20,repair,0,1,1,34.0,deadline,20,any,en,0,organic
L00170,2025-10-23,Z18,repair,0,0,0,31.0,none,20,any,ur,0,organic
L00347,2025-10-23,Z16,repair,0,1,0,33.0,none,10,any,en,0,organic
L00643,2025-10-23,Z28,install,1,1,0,44.0,none,40,F,en,0,paid_search
L00205,2025-10-23,Z11,install,1,0,0,30.0,none,40,any,en,0,paid_search
L02849,2025-10-24,Z05,repair,1,0,1,37.0,none,20,any,en,0,paid_search
L01705,2025-10-24,Z03,install,1,0,1,40.0,none,10,any,ur,0,organic
L00664,2025-10-24,Z16,install,0,0,0,44.0,none,10,any,ro,0,paid_search
L00837,2025-10-24,UNKNOWN,repair,1,1,1,24.0,none,20,any,ro,0,paid_search
L00781,2025-10-24,Z09,install,0,1,0,31.0,none,40,any,tr,0,paid_search
L00698,2025-10-24,Z07,repair,0,0,0,33.0,deadline,30,any,ro,0,referral
L00676,2025-10-24,UNKNOWN,repair,0,0,1,41.0,none,20,any,ur,1,paid_search
L01779,2025-10-24,Z24,install,0,0,1,49.0,none,10,any,en,0,paid_search
L01564,2025-10-24,Z02,repair,0,0,1,32.0,deadline,10,F,en,0,paid_search
L02681,2025-10-24,Z30,install,0,0,0,30.0,none,20,any,en,0,paid_search
L00312,2025-10-25,Z15,repair,0,1,1,41.0,none,20,any,en,0,paid_search
L01061,2025-10-25,Z25,repair,0,0,1,,none,20,F,en,0,paid_search
L01018,2025-10-25,Z05,repair,1,1,0,30.0,deadline,20,any,en,0,referral
L02988,2025-10-25,Z22,repair,1,0,0,32.0,deadline,30,any,en,0,organic
L01125,2025-10-25,Z01,repair,1,0,1,34.0,none,30,any,en,0,organic
L01675,2025-10-25,Z20,repair,0,1,1,,none,30,any,en,0,organic
L00660,2025-10-25,Z24,install,1,0,0,37.0,none,20,F,pl,0,paid_search
L00112,2025-10-25,Z19,repair,1,1,1,27.0,deadline,10,any,ur,0,paid_search
L00964,2025-10-25,Z22,repair,1,1,1,31.0,none,20,any,tr,0,organic
L00885,2025-10-25,Z07,install,1,1,1,37.0,none,30,any,pl,0,referral
L01743,2025-10-26,Z19,repair,1,0,0,36.0,deadline,10,F,en,0,organic
L02388,2025-10-26,Z02,repair,0,1,0,40.0,none,20,any,ur,0,paid_search
L02973,2025-10-26,Z09,install,1,1,1,53.0,none,10,any,pl,0,referral
L00010,2025-10-26,Z17,install,0,1,0,32.0,none,10,any,ro,0,paid_search
L01332,2025-10-26,Z24,install,0,1,0,34.0,none,20,any,en,0,referral
L02510,2025-10-26,Z07,install,1,0,1,39.0,deadline,20,any,ur,0,referral
L02728,2025-10-26,Z30,repair,0,1,0,36.0,none,20,any,tr,0,organic
L00023,2025-10-26,Z09,install,1,1,0,31.0,none,30,F,en,0,organic
L00658,2025-10-26,Z29,install,0,0,1,39.0,none,20,any,en,0,paid_search
L02220,2025-10-26,Z12,repair,1,0,1,47.0,none,30,any,en,0,referral
L02117,2025-10-26,Z22,install,1,0,1,38.0,none,10,any,en,0,paid_search
L02335,2025-10-26,Z22,repair,0,1,0,42.0,none,10,F,ur,0,paid_search
L02290,2025-10-26,Z25,repair,0,1,1,39.0,none,40,any,pl,0,referral
L02323,2025-10-26,Z12,install,1,0,1,34.0,deadline,30,any,en,0,paid_search
L00520,2025-10-26,Z19,repair,0,1,1,36.0,none,10,F,en,0,paid_search
L01510,2025-10-26,Z21,install,1,1,1,32.0,none,10,any,ur,0,paid_search
L01919,2025-10-26,Z18,repair,0,1,1,43.0,none,20,any,ro,0,paid_search
L01361,2025-10-26,Z10,repair,1,1,0,48.0,emergency,10,any,en,0,paid_search
L02344,2025-10-26,Z19,repair,0,1,1,32.0,none,10,any,pl,0,paid_search
L02806,2025-10-26,Z16,install,1,1,1,39.0,none,10,any,tr,1,paid_search
L02865,2025-10-26,Z07,repair,1,1,1,49.0,deadline,20,any,en,0,referral
L01761,2025-10-27,Z06,repair,0,1,1,37.0,none,20,any,en,0,paid_search
L00518,2025-10-27,Z22,repair,1,0,0,37.0,none,40,any,tr,0,paid_search
L00447,2025-10-27,Z17,install,1,0,1,21.0,none,10,any,tr,0,paid_search
L01441,2025-10-27,Z23,repair,1,1,0,31.0,none,30,any,tr,0,organic
L01587,2025-10-27,Z21,install,1,1,1,,deadline,20,any,en,0,organic
L02350,2025-10-27,Z22,repair,0,0,0,40.0,none,30,any,pl,0,referral
L01027,2025-10-27,Z28,install,0,0,0,,none,20,F,en,1,referral
L02281,2025-10-27,Z18,repair,1,0,1,37.0,none,10,F,en,0,organic
L02268,2025-10-27,UNKNOWN,install,1,1,0,49.0,none,40,F,ro,0,paid_search
L02882,2025-10-27,Z04,install,0,1,0,33.0,deadline,20,any,en,1,organic
L02576,2025-10-27,Z13,install,1,1,0,42.0,none,20,any,en,0,paid_search
L02635,2025-10-27,UNKNOWN,install,0,0,0,43.0,emergency,40,any,en,0,paid_search
L01489,2025-10-27,Z07,repair,0,1,0,28.0,none,40,any,en,0,paid_search
L01548,2025-10-27,Z21,install,0,0,0,,deadline,30,any,tr,0,paid_search
L00830,2025-10-27,Z24,install,1,1,0,36.0,emergency,10,any,en,0,organic
L00736,2025-10-27,Z23,install,0,1,1,45.0,none,30,any,pl,0,referral
L02038,2025-10-27,Z22,repair,1,1,1,39.0,none,10,any,en,1,referral
L00138,2025-10-27,Z25,repair,0,1,0,46.0,deadline,10,any,en,0,organic
L00789,2025-10-27,Z23,repair,0,0,0,45.0,emergency,40,any,pl,0,paid_search
L00224,2025-10-27,Z15,install,0,1,1,38.0,none,40,any,pl,0,paid_search
L00748,2025-10-27,Z06,install,0,0,1,35.0,none,10,F,en,0,paid_search
L02481,2025-10-27,Z15,repair,0,1,0,45.0,none,10,any,en,0,paid_search
L02486,2025-10-27,Z27,install,0,0,0,32.0,deadline,20,F,en,0,paid_search
L01752,2025-10-28,Z02,repair,0,0,0,38.0,deadline,40,any,pl,0,paid_search
L00738,2025-10-28,Z03,repair,0,1,1,32.0,none,10,F,en,0,paid_search
L01653,2025-10-28,Z21,repair,0,0,1,28.0,none,20,any,en,1,paid_search
L02483,2025-10-28,Z17,repair,0,1,0,40.0,none,20,any,en,0,organic
L00825,2025-10-28,Z21,install,1,0,1,36.0,none,10,any,en,0,paid_search
L02683,2025-10-28,Z06,install,1,1,1,34.0,none,20,any,ro,0,paid_search
L00879,2025-10-28,Z24,repair,0,1,0,32.0,deadline,10,any,ur,0,referral
L01719,2025-10-28,Z25,install,1,1,1,44.0,deadline,10,any,tr,0,organic
L01217,2025-10-28,Z28,repair,1,0,0,23.0,none,20,F,ro,0,paid_search
L02687,2025-10-28,Z11,install,0,0,1,33.0,none,10,any,tr,0,paid_search
L02555,2025-10-28,Z05,install,0,0,1,40.0,deadline,10,any,en,0,paid_search
L00504,2025-10-28,Z23,repair,1,1,0,42.0,none,10,any,tr,0,paid_search
L00864,2025-10-28,Z16,repair,0,1,1,46.0,none,20,any,en,0,paid_search
L02087,2025-10-28,Z26,install,0,0,1,39.0,deadline,30,F,tr,0,referral
L00273,2025-10-29,Z02,repair,0,0,0,32.0,none,10,any,pl,0,organic
L00639,2025-10-29,Z26,install,0,1,0,57.0,none,40,any,ro,0,paid_search
L02017,2025-10-29,Z16,repair,0,1,1,34.0,none,20,F,en,1,referral
L01767,2025-10-29,Z22,install,1,1,0,32.0,none,20,F,pl,0,paid_search
L00329,2025-10-29,Z27,repair,0,0,0,46.0,none,30,any,en,0,referral
L01947,2025-10-29,Z07,repair,1,1,1,,none,30,any,ur,0,paid_search
L02142,2025-10-29,Z20,repair,0,1,0,48.0,none,20,any,ur,0,organic
L00856,2025-10-29,Z05,install,1,1,0,30.0,none,20,any,ro,0,paid_search
L01389,2025-10-29,Z28,repair,1,0,1,25.0,deadline,30,any,en,0,organic
L02169,2025-10-29,Z06,install,0,0,1,31.0,deadline,10,any,pl,0,organic
L01854,2025-10-29,Z16,repair,1,1,1,36.0,none,20,any,en,0,paid_search
L02361,2025-10-29,Z19,install,0,1,1,42.0,none,10,F,pl,0,organic
L01749,2025-10-29,UNKNOWN,install,1,1,1,34.0,none,20,any,en,0,referral
L01451,2025-10-29,Z12,repair,0,0,0,36.0,none,10,F,en,0,paid_search
L02711,2025-10-29,Z04,install,0,1,0,41.0,none,30,any,tr,0,paid_search
L00421,2025-10-29,Z19,repair,0,0,1,41.0,none,10,any,tr,0,referral
L00563,2025-10-29,Z10,install,1,0,1,32.0,deadline,20,any,en,0,paid_search
L01573,2025-10-30,Z25,install,0,1,0,46.0,deadline,20,any,en,0,paid_search
L01568,2025-10-30,Z19,install,0,1,0,31.0,deadline,20,any,pl,0,organic
L01393,2025-10-30,Z13,install,0,1,0,49.0,none,10,any,ur,0,paid_search
L00688,2025-10-30,Z07,repair,1,0,0,37.0,none,20,any,en,0,organic
L02079,2025-10-30,Z01,install,0,0,0,43.0,none,20,any,en,0,organic
L01547,2025-10-30,Z11,repair,0,1,1,38.0,none,20,any,en,0,organic
L02864,2025-10-30,Z25,install,1,1,1,41.0,none,20,F,en,0,paid_search
L02645,2025-10-30,Z17,install,0,1,1,40.0,none,10,any,en,0,organic
L00441,2025-10-30,Z01,install,0,0,1,39.0,emergency,20,F,en,0,paid_search
L00381,2025-10-30,Z25,install,0,1,1,,none,10,any,en,0,paid_search
L00211,2025-10-30,Z05,install,0,0,0,32.0,none,10,any,tr,0,paid_search
L01090,2025-10-30,Z26,repair,0,1,1,49.0,deadline,20,any,ur,0,paid_search
L01844,2025-10-30,Z13,install,0,0,1,,none,20,F,en,0,paid_search
L01898,2025-10-30,Z29,install,0,1,1,35.0,none,10,F,en,0,paid_search
L00792,2025-10-30,Z08,repair,1,1,1,34.0,none,30,F,pl,0,paid_search
L00846,2025-10-30,Z22,repair,0,1,0,34.0,none,10,any,ur,0,organic
L02085,2025-10-31,Z05,repair,0,1,1,41.0,none,10,any,pl,0,paid_search
L00920,2025-10-31,Z23,repair,0,0,1,28.0,deadline,30,any,en,0,organic
L00508,2025-10-31,Z18,install,1,1,0,38.0,none,20,F,en,0,organic
L01353,2025-10-31,Z23,install,0,0,0,32.0,deadline,20,any,en,0,paid_search
L00141,2025-10-31,Z18,repair,0,1,1,33.0,none,20,any,ro,0,paid_search
L00247,2025-10-31,Z29,install,0,1,0,47.0,deadline,10,any,en,0,paid_search
L00665,2025-10-31,Z29,install,0,0,0,38.0,none,20,any,pl,0,paid_search
L00315,2025-10-31,Z12,repair,0,0,0,46.0,emergency,20,F,en,0,organic
L02756,2025-10-31,Z28,install,0,0,1,42.0,none,40,F,pl,0,organic
L01637,2025-10-31,Z10,install,1,1,0,48.0,none,10,any,en,0,organic
L00858,2025-10-31,Z24,repair,1,0,1,30.0,none,30,any,en,0,organic
L01936,2025-10-31,Z27,repair,0,1,1,39.0,emergency,10,any,pl,0,organic
L00104,2025-10-31,Z11,repair,1,0,0,43.0,none,20,any,ur,0,paid_search
L01058,2025-10-31,Z06,install,0,0,1,42.0,deadline,20,any,en,0,paid_search
L02186,2025-10-31,Z13,install,0,0,0,34.0,none,20,any,pl,0,paid_search
L02544,2025-11-01,Z05,install,0,1,0,45.0,none,20,any,pl,0,organic
L02401,2025-11-01,Z03,install,0,1,1,37.0,none,40,any,en,1,paid_search
L02752,2025-11-01,Z02,install,0,0,0,45.0,emergency,30,any,pl,0,paid_search
L02096,2025-11-01,Z20,repair,0,0,0,32.0,deadline,30,F,en,0,paid_search
L02598,2025-11-01,Z09,repair,1,0,0,32.0,none,20,any,ro,0,paid_search
L00025,2025-11-01,Z19,repair,1,1,1,47.0,deadline,20,any,ro,0,paid_search
L02651,2025-11-01,Z09,repair,1,0,0,,none,10,any,en,1,referral
L01583,2025-11-01,Z02,repair,1,1,1,35.0,none,30,any,en,0,paid_search
L00098,2025-11-01,Z30,repair,0,1,1,42.0,emergency,30,any,tr,0,paid_search
L02316,2025-11-02,Z24,install,0,1,0,44.0,none,10,any,tr,0,paid_search
L00220,2025-11-02,Z20,install,0,0,0,,none,10,F,ur,0,paid_search
L00538,2025-11-02,Z01,repair,0,0,0,40.0,none,20,any,en,0,organic
L00731,2025-11-02,Z09,install,0,1,0,34.0,none,20,any,en,0,paid_search
L00097,2025-11-02,Z13,repair,1,0,1,32.0,none,20,any,en,0,paid_search
L00727,2025-11-02,Z03,install,0,1,1,37.0,none,20,any,pl,0,organic
L01322,2025-11-02,Z28,install,1,0,1,34.0,none,10,any,tr,0,referral
L00453,2025-11-02,Z03,install,1,1,0,22.0,deadline,10,any,en,0,paid_search
L00853,2025-11-02,Z17,install,0,0,0,40.0,none,10,F,en,0,paid_search
L01349,2025-11-02,Z11,repair,0,0,0,28.0,emergency,40,any,pl,0,paid_search
L01413,2025-11-02,Z06,repair,1,1,1,35.0,deadline,10,any,ro,0,paid_search
L02623,2025-11-02,Z13,repair,1,1,0,44.0,deadline,10,any,en,0,paid_search
L00877,2025-11-02,Z18,repair,1,0,0,37.0,emergency,20,any,en,0,paid_search
L02534,2025-11-02,Z29,install,0,1,1,43.0,deadline,20,any,ur,0,paid_search
L02930,2025-11-02,Z08,repair,0,0,1,,none,10,any,en,0,paid_search
L02031,2025-11-02,Z13,install,0,1,1,32.0,none,30,any,ur,0,paid_search
L00483,2025-11-02,Z29,install,0,1,1,47.0,deadline,10,any,en,0,paid_search
L01223,2025-11-02,Z01,install,0,0,1,32.0,deadline,30,any,en,0,paid_search
L00670,2025-11-02,Z10,install,0,1,0,36.0,emergency,30,F,en,0,organic
L00651,2025-11-02,Z21,install,1,1,0,27.0,none,40,any,en,0,paid_search
L02935,2025-11-02,Z28,repair,1,1,1,36.0,none,20,any,ur,0,paid_search
L00669,2025-11-02,Z22,install,0,0,0,29.0,none,20,any,ur,1,paid_search
L01161,2025-11-02,Z07,repair,0,1,1,35.0,deadline,20,any,en,0,organic
L00125,2025-11-03,Z02,repair,1,0,1,38.0,none,10,F,en,1,paid_search
L00297,2025-11-03,Z17,repair,1,0,0,38.0,deadline,10,any,en,0,paid_search
L02859,2025-11-03,Z04,install,0,0,0,37.0,none,20,any,en,0,organic
L01787,2025-11-03,Z24,install,1,1,0,39.0,none,40,any,en,0,organic
L01336,2025-11-03,Z13,repair,1,1,0,25.0,none,40,any,en,0,organic
L01205,2025-11-03,Z27,repair,1,1,1,37.0,none,30,any,pl,0,paid_search
L02822,2025-11-03,Z27,repair,0,1,0,,none,20,any,ur,0,paid_search
L02795,2025-11-03,Z04,install,1,1,1,35.0,none,20,any,en,0,referral
L01819,2025-11-03,Z08,repair,1,1,1,44.0,none,20,any,tr,0,referral
L02848,2025-11-03,Z20,install,1,0,1,35.0,none,30,F,ro,0,paid_search
L01106,2025-11-03,Z13,repair,0,1,0,45.0,deadline,10,any,en,0,paid_search
L00294,2025-11-03,Z26,install,0,0,0,32.0,none,20,any,ur,0,paid_search
L01243,2025-11-03,Z01,install,1,1,1,41.0,deadline,20,any,tr,0,paid_search
L01119,2025-11-03,Z09,install,0,1,1,43.0,none,20,F,pl,0,paid_search
L02669,2025-11-03,Z22,repair,0,0,1,52.0,none,20,any,en,0,organic
L01128,2025-11-03,Z22,install,0,1,1,35.0,emergency,20,any,ro,0,referral
L02885,2025-11-03,Z22,install,1,1,0,33.0,none,10,any,en,0,organic
L02714,2025-11-03,Z28,repair,0,1,1,37.0,none,30,any,en,0,paid_search
L01584,2025-11-03,Z13,repair,1,1,0,33.0,deadline,40,any,ur,1,organic
L01030,2025-11-03,Z19,repair,0,1,1,37.0,none,30,any,en,0,referral
L01694,2025-11-03,Z04,repair,0,0,0,34.0,deadline,30,any,ro,0,paid_search
L01029,2025-11-03,Z19,repair,0,1,0,44.0,none,30,any,pl,0,organic
L02722,2025-11-03,Z03,install,0,1,1,28.0,none,20,any,en,0,referral
L02552,2025-11-03,Z25,install,0,1,1,29.0,none,10,F,en,0,organic
L00998,2025-11-03,Z27,repair,0,1,0,34.0,deadline,10,any,ro,0,paid_search
L00372,2025-11-04,Z13,repair,0,1,0,,none,40,any,en,0,organic
L01311,2025-11-04,Z06,install,0,0,0,44.0,none,20,F,en,0,organic
L01460,2025-11-04,Z01,repair,0,0,1,42.0,deadline,30,any,en,0,paid_search
L01967,2025-11-04,Z12,install,1,1,0,39.0,none,20,any,en,0,paid_search
L01212,2025-11-04,Z29,repair,0,1,1,37.0,deadline,30,any,ro,0,paid_search
L00683,2025-11-04,Z16,repair,1,1,1,36.0,none,30,any,en,0,organic
L00003,2025-11-04,Z07,repair,1,0,1,37.0,none,10,any,en,0,referral
L01115,2025-11-04,Z03,repair,0,0,1,47.0,none,20,any,en,0,paid_search
L01114,2025-11-04,Z07,install,0,0,0,47.0,none,20,any,ur,0,organic
L02813,2025-11-04,Z13,repair,0,0,1,36.0,none,30,any,pl,0,paid_search
L00063,2025-11-04,Z17,repair,1,0,0,29.0,none,10,any,ur,0,organic
L02162,2025-11-04,Z14,repair,1,1,1,46.0,none,20,any,tr,0,paid_search
L00510,2025-11-04,Z02,repair,1,1,1,25.0,none,20,any,en,0,organic
L01325,2025-11-04,Z20,repair,1,1,1,49.0,deadline,30,any,en,0,paid_search
L01398,2025-11-04,Z30,repair,0,1,0,36.0,none,20,any,en,0,paid_search
L01474,2025-11-04,Z05,install,1,1,0,34.0,none,20,any,ur,0,paid_search
L00578,2025-11-04,Z02,repair,1,1,0,31.0,emergency,10,any,en,0,paid_search
L01585,2025-11-04,Z02,repair,0,1,1,,deadline,30,any,ur,0,paid_search
L00018,2025-11-04,Z02,repair,1,0,1,36.0,deadline,30,any,en,0,paid_search
L00238,2025-11-04,Z14,install,0,0,0,44.0,none,30,any,en,0,organic
L00646,2025-11-04,Z07,install,1,1,0,30.0,none,10,any,en,0,paid_search
L01422,2025-11-04,Z06,install,0,0,0,39.0,deadline,20,any,pl,0,organic
L00900,2025-11-04,Z03,install,1,1,1,33.0,none,20,any,en,0,organic
L00991,2025-11-04,Z12,install,1,1,1,36.0,none,20,F,pl,0,paid_search
L02397,2025-11-04,Z27,install,0,1,1,34.0,deadline,30,any,ur,0,organic
L00517,2025-11-04,Z03,repair,1,0,0,,none,30,any,pl,0,paid_search
L00358,2025-11-04,Z02,install,0,1,1,44.0,emergency,10,any,en,0,paid_search
L01745,2025-11-04,Z21,install,0,0,0,48.0,emergency,40,F,ur,0,paid_search
L00145,2025-11-05,Z05,install,1,1,0,37.0,deadline,10,any,pl,0,paid_search
L02035,2025-11-05,Z28,repair,1,0,0,36.0,deadline,20,F,ro,0,paid_search
L01663,2025-11-05,Z01,repair,1,1,1,40.0,deadline,20,any,en,0,paid_search
L01219,2025-11-05,Z15,install,0,0,1,28.0,none,20,any,en,0,organic
L02919,2025-11-05,Z16,install,0,0,1,37.0,deadline,30,any,ro,1,paid_search
L00364,2025-11-05,Z18,install,0,0,1,28.0,none,10,F,en,0,paid_search
L00318,2025-11-05,Z25,repair,0,0,1,37.0,none,30,any,en,0,paid_search
L00898,2025-11-05,Z03,repair,0,1,1,45.0,none,30,any,en,0,paid_search
L01554,2025-11-05,Z17,install,1,1,1,40.0,deadline,20,any,en,0,organic
L00712,2025-11-05,Z05,install,0,0,1,39.0,deadline,10,any,ro,0,paid_search
L02198,2025-11-05,Z12,install,0,1,1,35.0,emergency,10,any,ur,0,paid_search
L01853,2025-11-05,Z22,repair,0,0,1,32.0,none,10,any,en,0,paid_search
L00103,2025-11-05,Z28,repair,1,0,0,40.0,none,40,any,tr,0,paid_search
L02194,2025-11-05,Z10,repair,1,1,0,39.0,emergency,20,any,ur,1,organic
L02708,2025-11-05,Z17,repair,0,0,1,39.0,deadline,20,any,en,1,paid_search
L02695,2025-11-05,Z04,install,1,0,0,44.0,deadline,10,any,en,0,paid_search
L02228,2025-11-05,Z24,install,0,1,1,31.0,deadline,20,any,ur,0,paid_search
L00982,2025-11-06,Z02,repair,0,0,1,43.0,emergency,40,any,ro,0,organic
L01559,2025-11-06,Z26,repair,1,0,1,37.0,none,10,F,en,0,organic
L00734,2025-11-06,Z27,install,0,1,0,,none,20,any,en,0,paid_search
L00178,2025-11-06,Z25,repair,0,0,0,47.0,deadline,30,any,tr,0,paid_search
L02781,2025-11-06,Z23,repair,0,1,1,41.0,none,10,F,ur,1,organic
L02902,2025-11-06,Z16,repair,0,0,1,52.0,none,20,any,pl,0,paid_search
L00042,2025-11-06,Z02,repair,1,1,1,34.0,none,10,any,ur,0,paid_search
L01072,2025-11-06,Z19,repair,0,1,0,27.0,deadline,20,any,ro,0,paid_search
L01135,2025-11-06,Z02,install,0,1,0,,deadline,10,any,pl,0,paid_search
L01048,2025-11-06,Z08,repair,1,1,1,38.0,none,20,any,en,1,paid_search
L01049,2025-11-06,Z19,repair,0,0,1,37.0,none,20,any,en,1,organic
L00078,2025-11-06,Z09,install,0,0,1,34.0,none,30,any,ro,0,paid_search
L00118,2025-11-06,Z05,install,1,0,1,31.0,deadline,20,any,en,0,referral
L02641,2025-11-06,Z08,repair,0,1,1,41.0,none,20,any,en,0,organic
L00873,2025-11-07,Z25,repair,0,1,0,35.0,deadline,10,any,ur,0,paid_search
L01113,2025-11-07,Z18,repair,0,1,0,40.0,none,10,any,en,0,organic
L00986,2025-11-07,Z17,repair,0,1,1,26.0,none,40,any,en,0,organic
L00049,2025-11-07,Z05,install,0,1,0,44.0,none,20,any,ur,0,paid_search
L01735,2025-11-07,Z27,repair,1,0,1,39.0,deadline,10,any,ro,0,paid_search
L01402,2025-11-07,Z21,repair,1,0,1,,emergency,10,any,en,0,paid_search
L02910,2025-11-07,Z17,install,0,1,0,36.0,deadline,30,any,ro,0,paid_search
L02140,2025-11-07,Z16,repair,1,1,1,35.0,deadline,20,any,en,0,organic
L02179,2025-11-07,Z17,repair,0,1,1,42.0,none,10,any,en,0,paid_search
L01089,2025-11-07,Z28,repair,0,1,0,32.0,none,30,any,en,0,organic
L02419,2025-11-07,Z30,install,1,1,1,46.0,none,20,any,en,0,organic
L02364,2025-11-07,Z28,install,1,0,1,42.0,deadline,20,F,en,0,paid_search
L00617,2025-11-07,Z08,repair,0,1,0,39.0,deadline,10,any,en,0,paid_search
L02319,2025-11-07,Z27,repair,1,0,1,27.0,none,20,F,ro,0,organic
L01811,2025-11-07,Z30,repair,1,0,1,40.0,none,20,any,en,0,organic
L01064,2025-11-08,Z06,install,0,0,1,39.0,none,40,any,pl,0,paid_search
L02196,2025-11-08,Z27,install,1,0,0,36.0,none,20,any,tr,0,paid_search
L01069,2025-11-08,Z05,repair,1,0,1,31.0,none,10,any,ur,0,referral
L00262,2025-11-08,Z04,repair,1,0,1,41.0,deadline,10,any,tr,0,organic
L00352,2025-11-08,Z29,repair,0,0,0,29.0,none,20,any,en,1,paid_search
L02618,2025-11-08,Z09,repair,1,1,0,28.0,none,20,any,tr,0,paid_search
L02462,2025-11-08,Z12,repair,0,0,1,47.0,deadline,30,any,pl,0,paid_search
L00385,2025-11-08,Z21,repair,0,1,1,49.0,none,20,any,en,0,paid_search
L02937,2025-11-08,Z18,repair,1,0,1,37.0,none,10,any,pl,0,paid_search
L01834,2025-11-08,Z22,repair,1,1,1,35.0,deadline,10,any,en,0,organic
L00788,2025-11-08,Z04,repair,0,0,0,46.0,none,20,any,en,0,referral
L00091,2025-11-08,Z01,install,0,1,0,35.0,none,40,any,ro,0,paid_search
L01170,2025-11-08,Z07,repair,1,0,0,33.0,none,10,any,en,0,paid_search
L01211,2025-11-08,Z18,repair,1,1,1,,emergency,30,any,en,0,paid_search
L00634,2025-11-08,Z12,install,0,1,1,37.0,none,10,any,ro,0,paid_search
L02477,2025-11-08,Z28,repair,0,0,1,,none,20,any,en,0,paid_search
L00948,2025-11-08,Z05,repair,1,1,1,35.0,none,10,F,en,0,organic
L02852,2025-11-08,Z30,repair,1,0,1,37.0,emergency,40,any,pl,0,paid_search
L01993,2025-11-08,Z12,install,0,1,1,36.0,none,10,any,en,0,organic
L00146,2025-11-08,Z20,repair,0,1,1,36.0,none,40,any,tr,0,paid_search
L01328,2025-11-08,Z12,install,1,1,0,44.0,none,10,any,en,1,paid_search
L01823,2025-11-08,Z10,repair,1,1,1,43.0,emergency,10,any,en,0,paid_search
L00981,2025-11-09,Z03,install,0,1,0,41.0,deadline,10,F,ro,0,paid_search
L00767,2025-11-09,Z22,install,1,1,0,35.0,none,10,F,ro,0,paid_search
L02470,2025-11-09,Z13,install,0,1,0,33.0,none,20,any,tr,0,paid_search
L00266,2025-11-09,Z20,repair,0,1,1,44.0,emergency,20,any,en,0,paid_search
L00259,2025-11-09,Z27,install,0,1,1,38.0,deadline,20,any,pl,0,paid_search
L00342,2025-11-09,Z30,repair,1,1,0,41.0,deadline,20,any,en,0,paid_search
L01305,2025-11-09,Z05,install,0,1,1,33.0,none,20,any,en,0,organic
L00589,2025-11-09,Z26,install,0,0,0,33.0,deadline,30,any,en,0,paid_search
L01304,2025-11-09,Z04,install,1,1,1,28.0,none,20,any,en,0,organic
L00268,2025-11-09,Z11,install,1,1,1,44.0,none,40,F,tr,0,organic
L01438,2025-11-09,Z02,install,0,1,0,35.0,none,20,F,ro,0,paid_search
L00526,2025-11-09,Z20,install,1,0,0,35.0,none,10,any,en,0,organic
L00174,2025-11-09,Z19,repair,1,0,0,29.0,deadline,20,any,en,0,paid_search
L02355,2025-11-09,Z02,install,0,0,1,39.0,deadline,20,any,pl,0,organic
L02487,2025-11-09,Z13,install,1,0,1,43.0,none,10,any,en,0,paid_search
L01664,2025-11-09,Z18,repair,1,1,0,27.0,none,20,any,en,0,organic
L02432,2025-11-09,Z11,repair,0,1,1,50.0,deadline,30,any,en,0,paid_search
L00632,2025-11-09,Z24,repair,0,1,0,28.0,none,30,any,ur,0,paid_search
L02458,2025-11-09,Z25,repair,0,1,1,36.0,deadline,20,any,en,0,paid_search
L02424,2025-11-09,Z15,install,1,0,0,35.0,deadline,30,any,en,0,organic
L02107,2025-11-10,Z18,repair,0,0,0,43.0,deadline,10,any,en,0,paid_search
L00413,2025-11-10,Z19,install,1,1,1,35.0,deadline,20,any,en,0,paid_search
L01618,2025-11-10,Z18,install,0,1,0,34.0,deadline,20,any,ro,0,referral
L02593,2025-11-10,Z09,repair,0,0,0,39.0,emergency,30,any,en,0,paid_search
L00337,2025-11-10,Z07,install,0,1,0,33.0,deadline,20,any,en,0,organic
L01711,2025-11-10,Z12,install,0,1,1,28.0,deadline,20,any,ur,0,paid_search
L02075,2025-11-10,Z11,install,1,1,0,41.0,deadline,10,any,en,0,referral
L00507,2025-11-10,UNKNOWN,install,0,0,1,35.0,none,40,any,tr,0,paid_search
L01765,2025-11-10,Z23,install,0,1,1,45.0,none,10,any,en,0,paid_search
L01847,2025-11-10,Z11,install,1,1,1,38.0,deadline,10,F,pl,1,referral
L02387,2025-11-10,Z09,install,0,1,1,,deadline,10,any,en,1,paid_search
L01897,2025-11-10,Z21,install,0,1,0,43.0,none,10,any,ur,1,paid_search
L01273,2025-11-10,Z30,repair,1,1,1,43.0,none,30,any,en,0,organic
L01883,2025-11-10,Z17,install,1,0,1,43.0,emergency,20,any,pl,0,paid_search
L02672,2025-11-10,Z05,install,1,0,1,40.0,none,10,F,en,0,referral
L01333,2025-11-11,Z02,install,0,1,1,33.0,none,20,any,tr,0,referral
L02696,2025-11-11,Z02,install,1,0,0,24.0,none,20,any,tr,0,organic
L00629,2025-11-11,Z13,repair,0,1,0,29.0,emergency,20,any,en,0,referral
L02692,2025-11-11,Z15,install,0,0,0,44.0,emergency,20,any,ur,0,referral
L00218,2025-11-11,Z19,install,1,1,0,39.0,deadline,40,any,pl,0,paid_search
L01654,2025-11-11,Z01,repair,0,0,0,47.0,deadline,40,any,tr,0,paid_search
L00116,2025-11-11,Z26,repair,1,1,1,40.0,deadline,30,any,en,0,paid_search
L02119,2025-11-11,Z21,install,1,0,0,33.0,emergency,30,any,ur,0,organic
L02416,2025-11-11,Z25,install,0,0,1,,deadline,30,any,ur,1,paid_search
L02248,2025-11-11,Z29,repair,1,1,0,27.0,deadline,10,any,en,0,paid_search
L02163,2025-11-11,Z06,repair,1,0,1,37.0,none,20,any,pl,0,paid_search
L02661,2025-11-11,Z01,repair,1,1,0,,none,30,any,ur,1,paid_search
L02607,2025-11-11,Z25,repair,0,1,1,50.0,none,20,any,en,0,paid_search
L02604,2025-11-11,Z30,repair,1,1,1,29.0,deadline,20,any,ur,0,organic
L00292,2025-11-11,Z18,repair,1,0,1,40.0,none,10,any,en,0,paid_search
L01857,2025-11-11,Z23,repair,1,1,1,32.0,none,10,any,ur,0,paid_search
L00598,2025-11-11,UNKNOWN,repair,0,0,1,50.0,none,10,any,tr,0,organic
L02045,2025-11-11,Z19,install,0,1,1,40.0,none,30,any,en,0,paid_search
L02557,2025-11-11,Z08,repair,0,1,1,36.0,none,10,any,en,0,referral
L02371,2025-11-11,UNKNOWN,install,1,1,1,33.0,none,40,any,ur,1,organic
L02769,2025-11-11,Z06,install,0,1,1,31.0,deadline,20,any,tr,1,paid_search
L00745,2025-11-12,Z24,install,0,0,1,39.0,deadline,10,any,en,0,organic
L02648,2025-11-12,Z24,install,0,1,0,38.0,deadline,20,F,ur,0,organic
L00724,2025-11-12,Z06,repair,0,1,1,34.0,none,20,any,ro,0,paid_search
L00132,2025-11-12,Z01,repair,0,0,1,43.0,deadline,10,any,en,0,organic
L01041,2025-11-12,Z24,repair,0,0,0,53.0,deadline,10,any,ro,0,organic
L00742,2025-11-12,Z27,repair,1,1,0,36.0,none,10,any,pl,0,paid_search
L02901,2025-11-12,Z15,repair,0,1,1,36.0,none,40,any,en,0,referral
L00798,2025-11-12,Z10,install,0,1,0,35.0,none,20,any,pl,0,paid_search
L01276,2025-11-12,Z15,repair,0,0,1,47.0,none,20,any,en,0,paid_search
L02984,2025-11-12,Z08,repair,1,1,0,36.0,none,10,any,en,0,referral
L00992,2025-11-12,Z05,install,0,1,1,33.0,none,30,any,pl,0,paid_search
L00580,2025-11-12,Z29,install,0,0,0,27.0,none,20,any,en,0,referral
L02505,2025-11-12,Z08,install,0,1,1,44.0,deadline,40,any,en,0,paid_search
L00892,2025-11-12,Z02,install,1,1,1,40.0,none,20,any,en,0,organic
L02158,2025-11-12,Z14,repair,0,1,0,42.0,none,10,any,en,0,organic
L00095,2025-11-12,Z03,install,0,1,0,40.0,none,20,any,pl,0,paid_search
L00073,2025-11-12,Z13,repair,1,0,0,41.0,deadline,20,any,ur,0,referral
L00930,2025-11-13,Z30,repair,0,1,1,41.0,none,20,any,en,0,paid_search
L02006,2025-11-13,Z12,repair,0,1,0,50.0,deadline,30,F,tr,0,organic
L01983,2025-11-13,Z14,install,0,1,1,46.0,none,40,any,en,0,paid_search
L02933,2025-11-13,Z24,install,1,1,0,28.0,deadline,20,F,pl,0,paid_search
L02985,2025-11-13,Z25,repair,0,0,0,43.0,deadline,10,any,en,0,paid_search
L02046,2025-11-13,Z27,install,1,1,0,34.0,none,20,any,tr,0,referral
L00208,2025-11-13,Z13,repair,1,0,1,46.0,deadline,20,any,en,1,paid_search
L00649,2025-11-13,Z11,repair,0,1,0,39.0,none,20,any,en,0,organic
L01859,2025-11-13,Z09,install,1,1,0,36.0,deadline,20,any,en,0,organic
L01252,2025-11-13,Z30,repair,1,1,1,42.0,none,20,any,en,0,paid_search
L01908,2025-11-13,Z30,install,1,1,0,50.0,deadline,20,any,tr,1,paid_search
L01861,2025-11-13,Z03,repair,0,1,0,39.0,none,10,any,en,0,referral
L01833,2025-11-13,Z18,install,0,0,1,45.0,none,20,any,ur,0,organic
L01826,2025-11-13,Z03,install,1,1,1,28.0,none,40,any,ur,0,paid_search
L01363,2025-11-13,Z05,install,1,1,0,43.0,none,30,F,pl,0,paid_search
L02873,2025-11-13,Z02,repair,0,0,1,26.0,none,30,F,tr,0,paid_search
L01357,2025-11-13,Z23,repair,0,0,1,34.0,none,10,any,en,0,paid_search
L02211,2025-11-14,Z01,install,0,0,1,35.0,none,10,any,ro,0,organic
L01437,2025-11-14,Z12,install,0,0,1,27.0,none,10,any,ro,0,paid_search
L02560,2025-11-14,Z10,install,0,1,0,31.0,none,20,any,pl,0,paid_search
L02768,2025-11-14,Z29,repair,0,1,1,32.0,none,10,any,en,0,paid_search
L01463,2025-11-14,Z07,repair,0,0,1,38.0,emergency,20,any,en,0,paid_search
L00521,2025-11-14,Z20,repair,0,1,0,30.0,none,20,any,en,0,referral
L01250,2025-11-14,Z18,install,0,1,1,38.0,none,10,any,pl,0,paid_search
L01215,2025-11-14,Z25,repair,1,0,0,33.0,none,40,any,en,0,organic
L02484,2025-11-14,Z07,repair,1,0,0,36.0,none,10,any,ur,0,paid_search
L02464,2025-11-14,Z04,repair,0,0,1,34.0,deadline,10,any,pl,0,organic
L00256,2025-11-14,Z30,install,0,0,0,37.0,none,20,any,en,0,paid_search
L02628,2025-11-14,Z18,repair,1,1,1,42.0,none,10,any,en,1,organic
L00401,2025-11-14,Z28,install,0,1,1,28.0,none,10,any,en,0,paid_search
L02069,2025-11-14,Z30,repair,1,1,0,35.0,none,20,any,tr,0,paid_search
L00662,2025-11-14,Z15,install,1,0,0,21.0,none,40,any,tr,0,paid_search
L02019,2025-11-14,Z07,repair,0,1,0,50.0,none,30,any,ur,0,organic
L00411,2025-11-14,Z28,repair,1,0,0,46.0,none,30,any,ur,0,paid_search
L00725,2025-11-14,Z10,repair,1,1,1,43.0,deadline,10,any,en,0,organic
L01704,2025-11-14,Z14,install,0,0,0,36.0,none,20,any,ro,0,organic
L02120,2025-11-14,Z22,install,0,1,1,38.0,deadline,30,any,ur,0,paid_search
L01910,2025-11-15,Z05,repair,1,1,1,45.0,none,40,any,tr,0,paid_search
L01167,2025-11-15,Z27,install,1,0,1,32.0,deadline,20,any,en,0,organic
L01122,2025-11-15,Z19,repair,0,0,1,47.0,none,10,any,en,0,paid_search
L01180,2025-11-15,Z19,repair,1,0,0,37.0,deadline,20,any,en,0,paid_search
L02482,2025-11-15,Z06,install,1,1,0,36.0,none,20,any,pl,1,paid_search
L01272,2025-11-15,Z27,repair,1,0,1,46.0,none,40,any,en,0,paid_search
L01280,2025-11-15,Z09,install,1,0,0,43.0,none,20,any,en,0,paid_search
L00908,2025-11-15,Z20,repair,0,0,0,33.0,none,10,any,en,0,paid_search
L00431,2025-11-15,Z30,repair,1,0,1,45.0,none,10,any,en,0,paid_search
L01544,2025-11-15,Z25,repair,0,1,0,39.0,none,30,any,en,0,paid_search
L00450,2025-11-15,Z05,install,1,0,0,45.0,none,20,any,ur,0,referral
L01485,2025-11-15,Z30,repair,0,1,0,34.0,none,30,any,pl,0,paid_search
L00770,2025-11-15,Z15,repair,1,1,0,32.0,emergency,10,any,en,1,referral
L01466,2025-11-15,Z16,repair,0,1,0,43.0,none,20,any,tr,1,paid_search
L02716,2025-11-15,Z28,repair,0,1,1,34.0,deadline,10,any,pl,0,paid_search
L02226,2025-11-15,Z29,install,0,0,1,30.0,deadline,40,any,pl,0,organic
L01068,2025-11-15,Z03,repair,0,0,0,41.0,none,20,any,ur,0,organic
L01491,2025-11-16,Z20,repair,1,0,1,41.0,deadline,10,any,en,0,referral
L01046,2025-11-16,Z23,repair,1,0,0,54.0,none,20,any,tr,0,paid_search
L01479,2025-11-16,Z09,install,1,0,1,43.0,none,20,any,en,0,paid_search
L02723,2025-11-16,Z13,install,1,1,1,33.0,emergency,40,any,tr,0,paid_search
L02830,2025-11-16,Z06,repair,0,1,0,37.0,none,20,F,en,0,paid_search
L01920,2025-11-16,Z09,repair,1,0,0,33.0,deadline,20,F,ur,0,referral
L02263,2025-11-16,Z01,install,0,1,0,39.0,none,10,F,en,0,paid_search
L01290,2025-11-16,Z30,repair,1,1,0,36.0,none,30,any,ur,0,paid_search
L01300,2025-11-16,Z15,repair,0,0,0,42.0,emergency,20,any,ur,0,paid_search
L01308,2025-11-16,Z01,repair,0,1,1,37.0,deadline,10,any,en,0,paid_search
L01346,2025-11-16,Z27,repair,0,1,1,41.0,deadline,30,any,pl,0,paid_search
L01432,2025-11-16,Z16,repair,0,1,0,27.0,deadline,20,any,en,0,paid_search
L02337,2025-11-16,Z11,install,0,1,0,42.0,none,20,any,ur,0,paid_search
L02927,2025-11-16,Z12,install,1,1,1,47.0,none,40,any,ur,0,paid_search
L01960,2025-11-16,Z26,repair,1,1,0,40.0,none,30,any,pl,0,organic
L00000,2025-11-16,Z19,install,1,1,0,33.0,none,40,any,pl,0,paid_search
L00065,2025-11-16,Z06,repair,0,0,1,40.0,none,10,any,ur,0,paid_search
L00659,2025-11-16,Z11,install,0,0,0,40.0,emergency,10,any,en,0,paid_search
L00187,2025-11-16,Z13,repair,1,0,1,43.0,none,10,any,en,1,paid_search
L00392,2025-11-16,Z14,install,0,0,1,28.0,none,20,any,en,0,organic
L00343,2025-11-16,Z20,repair,0,0,1,45.0,deadline,20,any,en,1,paid_search
L00615,2025-11-16,Z29,repair,1,1,1,40.0,none,20,any,en,0,paid_search
L01638,2025-11-17,Z06,repair,1,0,1,47.0,deadline,10,any,ro,1,organic
L01131,2025-11-17,Z29,install,1,1,1,46.0,deadline,20,F,tr,0,paid_search
L02339,2025-11-17,Z07,repair,0,0,0,30.0,deadline,20,any,en,0,paid_search
L01016,2025-11-17,Z26,repair,0,1,0,29.0,none,20,any,en,0,organic
L01026,2025-11-17,Z26,install,0,1,0,37.0,none,20,any,en,0,paid_search
L02912,2025-11-17,Z20,repair,0,1,1,41.0,deadline,30,any,ro,1,organic
L02439,2025-11-17,Z16,repair,0,1,0,40.0,deadline,10,F,en,0,paid_search
L01055,2025-11-17,Z26,install,0,1,0,27.0,deadline,30,any,en,0,paid_search
L02893,2025-11-17,Z27,install,1,0,1,39.0,none,20,any,ro,0,organic
L01989,2025-11-17,Z12,repair,1,0,1,42.0,deadline,30,any,pl,0,paid_search
L00490,2025-11-17,Z29,repair,0,0,1,46.0,none,10,any,ur,0,organic
L00979,2025-11-17,Z25,repair,0,1,0,37.0,none,40,any,en,0,organic
L01998,2025-11-17,Z18,repair,0,1,0,43.0,emergency,10,any,en,0,paid_search
L02012,2025-11-17,Z08,install,1,1,1,41.0,emergency,30,F,en,0,organic
L02159,2025-11-17,Z03,repair,0,0,1,37.0,none,30,F,en,0,paid_search
L02532,2025-11-17,Z02,install,0,1,1,40.0,deadline,20,any,en,0,paid_search
L00231,2025-11-17,Z14,repair,0,0,0,37.0,none,20,any,en,0,organic
L01234,2025-11-17,Z01,repair,1,1,1,52.0,deadline,20,any,en,1,organic
L01056,2025-11-17,Z30,repair,1,0,1,30.0,none,10,F,ro,0,referral
L02780,2025-11-17,Z07,install,0,1,0,30.0,none,10,any,ro,0,paid_search
L00341,2025-11-17,Z05,repair,1,1,0,38.0,none,10,any,en,0,paid_search
L00068,2025-11-17,Z14,repair,1,0,1,32.0,none,20,F,ur,0,organic
L02242,2025-11-18,Z20,install,0,0,0,48.0,none,40,F,tr,0,organic
L01035,2025-11-18,Z04,install,0,0,1,,none,10,any,en,0,paid_search
L00388,2025-11-18,Z12,install,0,0,0,36.0,none,20,any,en,0,paid_search
L00780,2025-11-18,Z10,repair,1,1,0,43.0,none,20,any,tr,0,organic
L00988,2025-11-18,Z11,install,1,1,0,27.0,none,10,any,en,0,paid_search
L02015,2025-11-18,Z23,install,1,0,1,31.0,none,10,any,en,0,paid_search
L00344,2025-11-18,Z18,repair,0,0,0,39.0,deadline,10,any,ur,0,paid_search
L02313,2025-11-18,Z24,repair,0,1,1,26.0,none,20,any,en,0,referral
L00416,2025-11-18,Z03,repair,1,0,0,41.0,emergency,20,any,tr,0,organic
L00090,2025-11-18,Z02,install,1,1,0,45.0,none,30,any,en,0,organic
L01313,2025-11-18,UNKNOWN,repair,0,1,0,45.0,deadline,20,any,en,0,organic
L01286,2025-11-18,Z18,install,1,1,0,,deadline,20,F,en,0,paid_search
L00572,2025-11-18,Z28,install,0,1,1,38.0,none,30,any,ur,0,organic
L01267,2025-11-18,Z15,install,0,1,0,31.0,none,20,any,en,0,organic
L00559,2025-11-18,Z04,repair,0,1,1,41.0,none,20,any,en,0,paid_search
L00085,2025-11-18,Z29,repair,0,1,1,33.0,none,20,any,tr,0,paid_search
L01484,2025-11-18,Z03,repair,0,1,0,17.0,none,30,F,en,0,referral
L01494,2025-11-18,Z12,install,0,0,1,32.0,none,20,F,en,0,paid_search
L01534,2025-11-18,Z03,repair,0,1,0,54.0,none,20,any,en,0,paid_search
L01604,2025-11-18,Z23,install,1,0,1,39.0,none,20,any,en,0,organic
L00883,2025-11-18,Z16,install,1,0,1,37.0,emergency,20,any,en,0,organic
L00422,2025-11-18,Z15,repair,0,0,1,,none,20,any,pl,0,referral
L00680,2025-11-18,Z28,repair,1,0,1,39.0,none,40,any,ur,0,organic
L01093,2025-11-18,Z15,repair,0,1,0,43.0,none,20,any,en,0,paid_search
L01100,2025-11-18,Z30,install,0,1,1,52.0,deadline,20,any,pl,1,organic
L01753,2025-11-18,Z16,repair,0,0,1,47.0,none,10,any,ur,0,paid_search
L01948,2025-11-19,Z24,repair,0,1,1,28.0,deadline,10,any,pl,0,paid_search
L02953,2025-11-19,Z23,repair,1,0,1,35.0,none,10,any,ur,0,paid_search
L02808,2025-11-19,Z27,repair,1,1,0,38.0,none,10,any,en,0,paid_search
L02947,2025-11-19,Z06,repair,1,0,0,36.0,none,30,any,en,0,paid_search
L00035,2025-11-19,Z21,install,0,1,0,41.0,deadline,20,F,ur,0,paid_search
L02595,2025-11-19,Z26,install,1,0,0,47.0,emergency,20,any,en,0,organic
L02047,2025-11-19,Z27,install,0,1,0,27.0,none,10,any,en,0,paid_search
L02642,2025-11-19,Z10,install,1,0,1,42.0,deadline,20,any,tr,0,referral
L02039,2025-11-19,Z18,repair,0,1,0,39.0,deadline,40,any,en,1,organic
L00359,2025-11-19,Z19,install,0,1,0,35.0,deadline,30,any,tr,0,paid_search
L01726,2025-11-19,Z26,repair,1,1,1,44.0,none,10,any,en,0,referral
L00636,2025-11-19,Z26,repair,1,1,1,45.0,none,20,F,ur,0,paid_search
L01840,2025-11-19,Z26,install,0,1,1,46.0,none,40,any,ro,0,referral
L00978,2025-11-19,Z11,install,0,1,1,37.0,none,20,any,ro,0,paid_search
L02643,2025-11-19,Z16,repair,1,1,1,44.0,none,30,F,pl,0,paid_search
L01636,2025-11-19,Z06,install,0,0,0,37.0,none,40,any,en,0,referral
L01929,2025-11-19,Z25,repair,0,0,0,31.0,deadline,20,any,pl,0,paid_search
L02177,2025-11-19,Z01,install,0,0,0,37.0,deadline,40,any,ur,1,paid_search
L01860,2025-11-19,Z20,repair,1,1,0,38.0,none,20,any,en,0,organic
L02346,2025-11-19,Z11,install,1,0,1,39.0,none,20,any,pl,0,paid_search
L02351,2025-11-19,Z30,repair,0,1,1,36.0,deadline,20,any,en,0,referral
L01045,2025-11-20,Z25,install,0,1,0,42.0,none,20,any,en,0,organic
L00741,2025-11-20,Z20,install,0,1,1,36.0,deadline,30,any,ro,0,paid_search
L01079,2025-11-20,Z10,repair,0,1,1,34.0,emergency,10,any,pl,0,organic
L00522,2025-11-20,Z27,install,0,0,1,31.0,none,10,any,ur,0,paid_search
L01103,2025-11-20,Z05,repair,1,1,1,35.0,deadline,10,any,tr,0,paid_search
L00785,2025-11-20,Z15,install,0,1,0,43.0,deadline,20,any,pl,0,paid_search
L00953,2025-11-20,Z18,repair,1,1,1,37.0,deadline,20,any,ro,0,paid_search
L01516,2025-11-20,UNKNOWN,install,0,1,1,37.0,deadline,40,any,en,1,organic
L01407,2025-11-20,Z18,repair,0,1,1,38.0,none,10,F,en,0,referral
L00866,2025-11-20,Z04,install,0,0,1,40.0,deadline,20,any,tr,0,paid_search
L01515,2025-11-20,Z30,repair,0,0,0,35.0,deadline,10,F,en,1,organic
L02887,2025-11-21,Z24,repair,0,1,1,46.0,none,40,F,tr,0,paid_search
L00252,2025-11-21,Z12,repair,0,1,0,36.0,none,10,any,en,0,paid_search
L02644,2025-11-21,Z19,install,1,1,0,32.0,none,20,any,ur,0,paid_search
L00452,2025-11-21,Z27,repair,0,1,1,44.0,none,20,any,ur,0,organic
L02145,2025-11-21,Z04,install,1,0,1,31.0,deadline,20,any,pl,0,paid_search
L02957,2025-11-21,Z28,install,1,1,0,35.0,none,20,F,en,0,paid_search
L01384,2025-11-21,Z04,repair,0,0,1,57.0,emergency,20,F,en,0,paid_search
L01958,2025-11-21,Z20,install,1,1,0,41.0,deadline,30,any,pl,0,organic
L01569,2025-11-21,Z21,repair,1,1,0,36.0,none,30,any,ur,0,organic
L02033,2025-11-21,Z24,install,0,0,1,38.0,none,10,any,tr,0,referral
L01657,2025-11-21,Z11,repair,1,1,1,20.0,emergency,10,F,en,0,paid_search
L00168,2025-11-21,Z18,repair,1,0,0,40.0,none,10,any,tr,0,organic
L02193,2025-11-21,Z17,install,1,1,1,45.0,emergency,10,F,pl,0,paid_search
L02706,2025-11-21,Z13,repair,0,1,0,31.0,deadline,40,F,en,0,paid_search
L02816,2025-11-21,Z23,repair,1,1,0,36.0,none,40,F,tr,0,paid_search
L02269,2025-11-21,Z17,install,0,1,1,42.0,none,20,any,tr,0,paid_search
L00434,2025-11-21,Z24,repair,0,0,0,45.0,none,10,any,ro,0,organic
L00959,2025-11-22,Z21,install,0,1,0,43.0,deadline,20,F,tr,0,paid_search
L02582,2025-11-22,UNKNOWN,install,0,0,1,29.0,none,20,any,ro,0,organic
L02512,2025-11-22,Z03,repair,1,1,1,33.0,none,20,any,en,0,organic
L01206,2025-11-22,Z17,repair,1,1,0,44.0,none,20,F,en,0,paid_search
L02048,2025-11-22,Z03,repair,0,0,1,41.0,none,30,F,en,0,organic
L02330,2025-11-22,Z07,install,0,0,0,30.0,none,20,F,ro,1,referral
L02562,2025-11-22,Z26,install,0,1,0,40.0,none,10,any,tr,0,paid_search
L02133,2025-11-22,Z11,install,0,0,1,33.0,none,20,any,pl,0,paid_search
L00999,2025-11-22,Z13,install,1,1,0,39.0,none,10,any,en,1,paid_search
L00644,2025-11-22,Z08,repair,1,1,1,41.0,deadline,20,any,ro,1,paid_search
L01165,2025-11-22,Z16,install,1,0,0,41.0,none,10,any,en,0,paid_search
L02658,2025-11-22,Z25,install,0,1,1,39.0,none,20,any,ur,0,paid_search
L00721,2025-11-22,Z13,install,1,1,0,45.0,none,10,any,ro,0,organic
L00019,2025-11-22,Z05,repair,1,0,1,38.0,deadline,20,any,en,0,paid_search
L01153,2025-11-22,Z01,repair,0,1,1,53.0,emergency,20,any,en,0,paid_search
L02333,2025-11-22,Z21,repair,1,0,0,30.0,none,10,F,ur,0,paid_search
L00276,2025-11-22,Z21,repair,0,0,1,36.0,deadline,10,any,en,0,paid_search
L00047,2025-11-22,Z24,repair,0,0,1,33.0,emergency,20,any,pl,0,paid_search
L02942,2025-11-23,Z19,install,0,0,1,43.0,none,10,any,ro,0,paid_search
L01031,2025-11-23,Z21,install,1,0,1,45.0,deadline,30,any,en,0,paid_search
L02348,2025-11-23,Z22,install,0,1,0,35.0,none,20,any,ro,0,paid_search
L01842,2025-11-23,Z05,repair,1,1,1,28.0,deadline,10,any,ro,0,paid_search
L00060,2025-11-23,Z15,repair,0,1,1,40.0,deadline,10,any,pl,0,paid_search
L00498,2025-11-23,Z19,install,0,0,0,41.0,deadline,10,any,ur,0,organic
L01067,2025-11-23,Z25,repair,0,1,1,39.0,none,10,any,ur,0,organic
L01603,2025-11-23,Z11,install,0,0,0,44.0,none,10,any,en,0,paid_search
L02105,2025-11-23,Z24,install,0,0,0,40.0,none,20,F,en,0,organic
L02267,2025-11-23,Z09,repair,0,1,1,39.0,none,40,any,ur,0,paid_search
L01926,2025-11-23,UNKNOWN,repair,1,0,0,40.0,deadline,20,any,tr,0,paid_search
L00739,2025-11-23,Z30,repair,0,1,0,41.0,none,30,any,tr,0,referral
L02720,2025-11-23,Z30,repair,1,1,1,46.0,none,20,any,en,0,paid_search
L02088,2025-11-23,Z25,repair,0,1,1,38.0,none,40,any,pl,0,organic
L02773,2025-11-24,Z05,install,1,1,1,47.0,none,10,F,ro,0,organic
L02921,2025-11-24,Z04,install,0,1,0,40.0,none,20,any,ro,0,organic
L01002,2025-11-24,Z21,install,1,0,1,36.0,none,30,F,tr,0,paid_search
L00160,2025-11-24,Z12,install,1,0,0,42.0,none,10,any,ur,0,paid_search
L01462,2025-11-24,Z17,install,0,1,0,35.0,deadline,20,any,en,0,referral
L01386,2025-11-24,Z20,repair,0,0,0,40.0,deadline,10,any,en,0,organic
L02737,2025-11-24,Z18,install,1,1,0,41.0,none,30,F,en,0,paid_search
L00430,2025-11-24,Z16,repair,0,0,0,46.0,none,30,any,tr,0,paid_search
L00215,2025-11-24,Z01,install,0,0,1,36.0,deadline,20,any,pl,1,paid_search
L00130,2025-11-24,Z25,install,0,1,1,40.0,none,20,any,ur,1,referral
L02174,2025-11-24,Z11,install,1,0,1,37.0,deadline,30,any,ro,0,organic
L00601,2025-11-24,Z14,install,0,1,0,29.0,emergency,10,any,ur,0,referral
L00691,2025-11-24,Z20,repair,0,1,1,49.0,deadline,20,any,pl,0,paid_search
L02433,2025-11-24,Z02,repair,1,0,0,39.0,none,40,F,tr,0,paid_search
L00684,2025-11-24,Z13,repair,0,1,1,34.0,none,20,any,tr,0,paid_search
L01203,2025-11-24,Z17,install,0,1,1,41.0,none,10,any,en,0,paid_search
L02665,2025-11-24,Z03,install,1,0,0,40.0,deadline,10,any,pl,0,paid_search
L02459,2025-11-24,Z10,repair,1,1,0,34.0,none,10,F,en,0,paid_search
L00938,2025-11-24,Z20,install,0,1,0,34.0,none,20,any,pl,0,paid_search
L02516,2025-11-24,Z27,install,1,0,0,43.0,none,30,any,en,0,paid_search
L00819,2025-11-24,Z07,repair,0,0,0,40.0,deadline,10,any,ur,0,paid_search
L02093,2025-11-24,UNKNOWN,repair,0,1,1,37.0,emergency,30,any,ro,0,organic
L00474,2025-11-25,Z20,install,0,1,1,36.0,none,30,any,en,0,organic
L01159,2025-11-25,Z08,repair,0,1,1,40.0,none,10,F,tr,0,paid_search
L02869,2025-11-25,Z26,install,0,0,1,34.0,deadline,20,any,tr,0,organic
L01121,2025-11-25,Z07,repair,1,0,0,44.0,none,20,any,en,0,organic
L01553,2025-11-25,Z13,install,0,1,0,41.0,none,20,any,ro,0,paid_search
L01788,2025-11-25,Z28,repair,0,0,0,32.0,deadline,20,any,en,0,paid_search
L01785,2025-11-25,Z04,repair,1,0,1,35.0,deadline,20,any,ro,0,organic
L00527,2025-11-25,Z27,repair,1,1,1,36.0,none,30,any,pl,0,paid_search
L00164,2025-11-25,UNKNOWN,install,0,1,1,46.0,none,30,any,en,0,organic
L02900,2025-11-25,Z09,install,0,1,0,35.0,none,10,any,tr,0,paid_search
L02587,2025-11-25,Z01,repair,0,0,1,37.0,deadline,20,any,pl,0,paid_search
L00255,2025-11-25,Z22,repair,0,1,1,36.0,deadline,20,any,tr,0,referral
L00408,2025-11-25,Z17,repair,0,1,1,35.0,none,10,any,ro,0,referral
L00841,2025-11-25,Z09,repair,1,1,1,45.0,deadline,40,any,en,0,referral
L02312,2025-11-25,Z13,repair,0,1,1,40.0,deadline,30,any,en,1,organic
L02332,2025-11-25,Z20,install,0,1,1,,deadline,10,any,pl,0,referral
L01768,2025-11-25,Z19,install,0,0,0,34.0,none,10,F,en,0,paid_search
L01442,2025-11-25,Z07,repair,0,1,0,48.0,none,20,F,en,0,paid_search
L02508,2025-11-25,Z24,install,0,0,1,,emergency,10,any,en,0,referral
L00963,2025-11-25,Z16,repair,0,1,0,38.0,deadline,20,F,ur,0,referral
L00921,2025-11-25,Z21,repair,1,0,0,49.0,deadline,10,any,en,0,organic
L00968,2025-11-25,Z20,repair,0,1,1,49.0,deadline,20,any,en,0,paid_search
L00564,2025-11-25,Z25,install,1,1,1,32.0,deadline,10,any,pl,0,organic
L02167,2025-11-25,Z16,repair,0,0,1,25.0,emergency,10,any,ro,0,paid_search
L02065,2025-11-25,Z23,repair,0,1,0,33.0,deadline,20,any,en,0,paid_search
L00196,2025-11-25,Z02,install,0,1,0,45.0,deadline,20,any,en,1,referral
L00967,2025-11-25,Z03,install,0,1,0,35.0,none,10,any,ro,0,paid_search
L02005,2025-11-25,Z08,repair,0,1,0,40.0,none,40,any,en,0,paid_search
L02385,2025-11-25,Z27,install,0,1,0,35.0,none,20,F,en,0,organic
L02118,2025-11-25,Z30,repair,0,1,0,49.0,none,30,any,en,0,paid_search
L00904,2025-11-25,Z13,install,1,0,1,28.0,emergency,20,F,en,0,paid_search
L01334,2025-11-25,Z24,install,0,1,1,30.0,none,10,any,ro,0,paid_search
L00903,2025-11-25,Z03,install,1,1,1,36.0,none,30,any,en,0,paid_search
L01022,2025-11-26,Z07,install,0,1,0,40.0,none,20,any,ur,0,paid_search
L01264,2025-11-26,Z21,repair,0,1,1,45.0,deadline,20,any,tr,0,paid_search
L00539,2025-11-26,Z10,install,1,1,1,27.0,emergency,20,any,en,0,referral
L01909,2025-11-26,Z17,repair,1,1,0,38.0,deadline,20,any,en,0,organic
L02135,2025-11-26,Z16,install,0,1,1,42.0,none,20,F,tr,0,paid_search
L02021,2025-11-26,Z27,install,1,1,1,33.0,deadline,20,any,en,0,paid_search
L01868,2025-11-26,Z23,repair,0,1,1,44.0,deadline,10,any,ur,0,paid_search
L00822,2025-11-26,Z26,repair,0,1,1,40.0,emergency,20,any,ro,0,paid_search
L02376,2025-11-26,UNKNOWN,install,0,0,1,41.0,deadline,10,any,ur,0,paid_search
L02489,2025-11-26,Z14,repair,0,1,1,41.0,emergency,20,any,ur,0,paid_search
L02558,2025-11-26,Z02,install,0,0,1,39.0,deadline,20,any,en,0,organic
L01590,2025-11-26,Z10,install,1,1,0,26.0,none,20,any,ur,0,organic
L02000,2025-11-26,Z10,repair,1,1,1,29.0,deadline,20,any,tr,0,organic
L01781,2025-11-26,Z13,repair,1,1,0,37.0,none,40,F,en,0,referral
L01979,2025-11-26,Z27,repair,1,0,0,35.0,deadline,20,any,en,0,paid_search
L00568,2025-11-26,Z27,repair,1,1,0,33.0,deadline,10,any,ur,1,paid_search
L02471,2025-11-26,Z22,repair,1,0,1,29.0,none,20,any,en,0,paid_search
L00199,2025-11-26,Z26,install,1,0,0,44.0,emergency,30,any,ro,0,paid_search
L01577,2025-11-26,Z09,install,0,0,1,41.0,emergency,20,any,tr,0,paid_search
L02760,2025-11-26,Z02,repair,0,0,1,32.0,deadline,20,any,ro,1,paid_search
L01582,2025-11-26,Z07,repair,1,0,0,31.0,none,20,any,en,0,paid_search
L01201,2025-11-26,Z20,repair,1,1,0,37.0,none,10,any,ro,0,paid_search
L00709,2025-11-27,Z20,install,1,1,1,43.0,deadline,20,any,en,0,organic
L02588,2025-11-27,Z21,repair,1,0,1,32.0,emergency,30,any,ur,0,organic
L00400,2025-11-27,Z28,install,1,0,0,39.0,none,20,F,ro,0,paid_search
L00848,2025-11-27,Z03,repair,1,0,1,48.0,deadline,10,any,tr,0,organic
L01102,2025-11-27,Z02,repair,0,0,0,38.0,none,20,any,en,0,organic
L01221,2025-11-27,Z20,install,1,0,0,39.0,emergency,30,F,en,0,paid_search
L01885,2025-11-27,Z06,repair,1,1,0,47.0,none,30,any,tr,0,organic
L01329,2025-11-27,Z18,repair,1,0,1,40.0,deadline,40,any,tr,0,organic
L01309,2025-11-27,Z15,install,0,1,1,36.0,none,10,any,ro,0,paid_search
L01545,2025-11-27,Z17,repair,1,0,1,37.0,deadline,20,any,en,0,referral
L02203,2025-11-27,Z08,install,1,1,1,40.0,deadline,20,any,en,0,paid_search
L02244,2025-11-27,Z27,repair,1,1,0,23.0,deadline,30,any,ur,0,paid_search
L02650,2025-11-27,Z30,repair,0,1,0,33.0,none,30,F,en,0,paid_search
L00340,2025-11-27,Z06,install,0,1,0,35.0,none,20,any,pl,0,referral
L00894,2025-11-27,Z07,repair,1,0,1,40.0,emergency,20,any,en,0,paid_search
L02922,2025-11-27,Z05,repair,0,1,0,50.0,deadline,30,any,en,0,organic
L02566,2025-11-27,Z27,repair,0,0,0,38.0,none,30,F,pl,1,paid_search
L01209,2025-11-27,Z12,install,1,1,0,38.0,deadline,20,any,pl,0,paid_search
L01528,2025-11-27,UNKNOWN,repair,1,0,0,28.0,none,20,any,en,0,paid_search
L01668,2025-11-27,Z01,install,0,1,1,38.0,none,20,F,en,0,paid_search
L02129,2025-11-27,Z18,repair,1,1,0,41.0,none,20,F,ur,0,organic
L02939,2025-11-27,Z21,repair,0,0,1,29.0,deadline,10,any,en,0,paid_search
L02029,2025-11-27,Z23,install,1,1,0,37.0,none,30,any,en,0,organic
L01558,2025-11-27,Z13,install,1,1,1,24.0,deadline,10,any,en,0,paid_search
L00332,2025-11-28,Z13,repair,0,1,0,39.0,none,20,any,tr,0,paid_search
L00700,2025-11-28,Z20,install,1,0,1,41.0,none,20,any,en,0,paid_search
L02221,2025-11-28,Z29,install,0,1,0,41.0,none,10,F,en,0,referral
L01497,2025-11-28,Z19,install,0,0,0,37.0,none,10,any,en,0,paid_search
L02081,2025-11-28,Z29,repair,0,1,1,43.0,none,40,any,en,0,referral
L01766,2025-11-28,Z01,install,0,1,0,29.0,none,20,any,ro,0,paid_search
L00032,2025-11-28,Z13,install,0,1,1,37.0,none,20,any,en,0,referral
L00795,2025-11-28,Z22,install,1,0,1,34.0,none,20,any,en,0,paid_search
L01148,2025-11-28,Z14,install,1,0,1,34.0,deadline,10,any,tr,0,paid_search
L02007,2025-11-28,Z13,install,0,0,0,46.0,none,20,any,en,0,paid_search
L00293,2025-11-28,Z04,repair,1,1,0,38.0,deadline,30,any,ur,0,paid_search
L02347,2025-11-28,Z25,repair,1,1,1,37.0,none,30,any,ro,1,paid_search
L00889,2025-11-28,Z01,repair,1,1,1,41.0,deadline,30,any,ro,0,organic
L02810,2025-11-28,Z07,install,0,0,1,50.0,none,30,F,ro,0,paid_search
L02363,2025-11-28,Z18,repair,1,1,0,47.0,none,30,any,pl,0,paid_search
L00043,2025-11-28,Z23,repair,0,1,1,40.0,emergency,20,any,tr,0,organic
L02443,2025-11-28,Z03,repair,0,1,1,43.0,none,10,any,tr,0,organic
L02457,2025-11-28,Z14,repair,0,1,1,27.0,none,10,any,ro,0,organic
L02338,2025-11-28,Z07,install,1,0,0,32.0,none,20,any,en,0,organic
L02914,2025-11-28,Z06,repair,1,0,1,35.0,none,30,any,ro,0,referral
L02410,2025-11-28,Z17,install,1,0,0,38.0,none,30,any,en,0,paid_search
L00305,2025-11-28,Z23,repair,1,1,1,,none,10,any,en,0,paid_search
L01717,2025-11-28,Z03,repair,0,1,1,53.0,deadline,10,any,en,0,organic
L01693,2025-11-29,Z18,repair,0,1,1,39.0,none,40,F,ro,0,organic
L02393,2025-11-29,Z09,repair,1,1,0,45.0,none,30,any,en,0,paid_search
L00509,2025-11-29,Z08,repair,1,1,1,38.0,none,30,any,ur,0,paid_search
L01574,2025-11-29,Z08,install,0,1,1,39.0,none,20,any,en,0,paid_search
L02130,2025-11-29,Z03,repair,0,1,0,,none,30,any,tr,1,paid_search
L02200,2025-11-29,Z10,repair,0,1,0,,emergency,30,any,en,0,referral
L00202,2025-11-29,Z11,repair,0,1,1,39.0,deadline,10,any,ro,0,organic
L02001,2025-11-29,Z16,repair,1,0,1,33.0,deadline,30,any,en,0,organic
L02057,2025-11-29,Z05,repair,0,1,0,43.0,none,20,any,pl,0,organic
L00818,2025-11-29,Z25,repair,0,0,0,37.0,none,30,any,en,0,paid_search
L02366,2025-11-29,Z12,install,1,1,0,48.0,deadline,10,any,en,0,organic
L00860,2025-11-29,Z25,repair,0,1,1,,none,10,any,tr,0,paid_search
L01359,2025-11-29,Z12,install,1,0,1,,deadline,20,any,en,0,referral
L00847,2025-11-29,Z01,install,0,1,0,,none,30,any,en,0,paid_search
L02772,2025-11-29,Z17,repair,0,1,0,38.0,deadline,10,any,en,0,paid_search
L00581,2025-11-30,Z21,install,1,1,1,37.0,none,10,any,ro,0,organic
L02531,2025-11-30,Z02,install,1,1,0,37.0,none,20,any,en,0,paid_search
L01546,2025-11-30,Z30,install,0,1,0,39.0,none,20,any,tr,0,organic
L01916,2025-11-30,Z12,repair,1,0,1,43.0,none,20,any,en,1,organic
L02955,2025-11-30,Z01,install,0,0,1,50.0,deadline,10,any,en,0,organic
L00426,2025-11-30,Z29,install,1,1,1,42.0,emergency,30,any,pl,0,paid_search
L02670,2025-11-30,Z22,install,0,1,1,44.0,emergency,10,any,tr,0,organic
L01240,2025-11-30,Z27,install,0,1,0,34.0,deadline,20,any,tr,0,organic
L01415,2025-11-30,Z04,install,1,0,0,,none,20,any,en,0,paid_search
L01141,2025-11-30,UNKNOWN,repair,0,1,1,42.0,deadline,10,F,pl,0,paid_search
L00365,2025-11-30,Z22,install,1,1,1,,emergency,20,any,tr,0,paid_search
L00987,2025-11-30,Z27,repair,0,0,1,37.0,none,20,any,pl,0,paid_search
L00495,2025-11-30,Z02,install,0,1,1,38.0,deadline,10,any,ur,0,organic
L01431,2025-11-30,Z21,install,1,0,1,26.0,none,30,any,en,0,paid_search
L01236,2025-11-30,Z20,repair,1,0,1,38.0,emergency,10,any,en,0,paid_search
L01598,2025-11-30,Z10,repair,0,0,1,41.0,none,20,any,en,0,referral
L02243,2025-11-30,Z14,repair,0,0,1,41.0,none,10,any,en,0,referral
L00751,2025-11-30,Z09,install,0,0,0,44.0,emergency,10,any,ro,0,organic
L02792,2025-11-30,Z12,install,0,1,1,44.0,none,20,any,pl,1,paid_search
L02064,2025-11-30,Z01,repair,0,0,0,49.0,emergency,10,any,ro,0,paid_search
L01475,2025-11-30,Z10,install,0,0,0,37.0,deadline,20,any,en,0,paid_search
L02841,2025-11-30,Z28,install,0,1,1,39.0,deadline,30,any,en,0,paid_search
L00523,2025-11-30,Z20,repair,0,1,1,31.0,deadline,20,any,ro,0,organic
L02453,2025-11-30,Z29,repair,1,1,1,38.0,emergency,20,F,ro,0,referral
L02155,2025-12-01,Z08,install,0,0,0,31.0,none,20,any,en,0,referral
L02570,2025-12-01,Z06,repair,1,1,1,35.0,deadline,40,any,en,0,paid_search
L00891,2025-12-01,Z29,repair,1,0,1,29.0,deadline,20,any,tr,0,paid_search
L02668,2025-12-01,Z08,install,1,1,0,45.0,deadline,20,any,en,0,paid_search
L01347,2025-12-01,Z04,install,1,1,1,37.0,deadline,20,any,en,0,paid_search
L00163,2025-12-01,Z05,repair,0,1,1,40.0,deadline,20,any,pl,0,referral
L01821,2025-12-01,Z02,install,1,0,1,48.0,deadline,20,any,ro,0,paid_search
L00373,2025-12-01,Z11,repair,0,1,0,38.0,none,20,any,ro,0,organic
L01615,2025-12-01,Z06,install,0,0,0,38.0,deadline,10,any,pl,0,referral
L00784,2025-12-01,Z29,install,0,1,1,42.0,none,30,any,en,0,organic
L01169,2025-12-01,Z06,repair,0,0,0,37.0,deadline,30,any,en,0,organic
L00668,2025-12-01,Z14,install,1,0,1,35.0,emergency,30,F,en,0,organic
L00666,2025-12-01,Z17,install,1,0,1,37.0,none,40,F,pl,0,organic
L01907,2025-12-01,Z11,install,0,0,1,44.0,none,10,any,tr,0,organic
L01105,2025-12-01,Z24,repair,0,1,0,29.0,none,30,F,en,0,paid_search
L01495,2025-12-01,Z01,install,1,0,1,41.0,deadline,20,any,ur,0,organic
L01869,2025-12-01,UNKNOWN,install,0,1,1,46.0,deadline,30,any,en,0,organic
L00834,2025-12-01,Z11,repair,1,1,1,42.0,none,10,any,ur,0,organic
L01523,2025-12-01,Z06,install,0,1,0,41.0,none,20,any,en,0,paid_search
L01459,2025-12-01,Z12,repair,1,1,1,31.0,deadline,40,any,en,0,organic
L00048,2025-12-01,Z28,repair,1,1,0,41.0,none,20,any,en,0,paid_search
L00624,2025-12-02,Z15,repair,1,1,1,29.0,deadline,20,any,en,0,paid_search
L00327,2025-12-02,Z21,install,0,1,1,38.0,none,20,any,tr,0,organic
L00494,2025-12-02,Z15,repair,0,0,1,,emergency,30,any,en,0,paid_search
L00289,2025-12-02,Z10,repair,0,1,1,40.0,none,40,F,en,0,paid_search
L02850,2025-12-02,Z26,repair,0,1,1,40.0,none,20,any,en,0,organic
L02929,2025-12-02,Z02,install,1,1,1,31.0,none,20,any,en,1,paid_search
L02421,2025-12-02,Z17,install,0,0,0,23.0,none,20,F,pl,0,organic
L02262,2025-12-02,Z14,install,0,1,0,43.0,none,30,any,ur,0,referral
L01394,2025-12-02,Z17,repair,1,0,0,33.0,none,10,any,ro,0,referral
L00223,2025-12-02,Z13,install,1,0,0,43.0,none,30,any,ur,0,paid_search
L01814,2025-12-02,Z30,install,0,0,0,32.0,deadline,10,any,en,0,organic
L02296,2025-12-02,Z29,repair,0,1,0,39.0,none,40,any,en,0,organic
L02171,2025-12-02,Z12,install,1,1,0,42.0,deadline,10,any,pl,0,paid_search
L00545,2025-12-02,Z05,install,1,0,1,41.0,none,30,F,en,0,paid_search
L00937,2025-12-02,Z29,repair,1,1,1,41.0,none,20,any,en,0,paid_search
L02754,2025-12-02,UNKNOWN,install,1,1,1,36.0,none,40,any,tr,0,paid_search
L01655,2025-12-02,Z12,install,0,0,1,34.0,none,40,any,ro,0,organic
L00916,2025-12-02,Z09,install,1,0,0,42.0,none,20,any,pl,0,organic
L02916,2025-12-02,Z11,repair,0,1,0,32.0,none,40,any,en,0,organic
L02622,2025-12-02,Z25,install,1,1,1,32.0,none,30,any,en,0,paid_search
L02517,2025-12-02,Z16,repair,1,1,1,36.0,none,40,any,ro,0,organic
L01841,2025-12-02,Z23,repair,0,1,1,47.0,none,10,any,ur,0,paid_search
L01671,2025-12-02,Z09,repair,0,1,0,29.0,none,10,any,ro,0,organic
L01445,2025-12-03,Z13,install,1,1,0,42.0,none,20,any,ro,0,referral
L01439,2025-12-03,Z10,install,1,0,1,38.0,emergency,40,F,en,0,paid_search
L01404,2025-12-03,UNKNOWN,repair,0,0,0,28.0,none,30,any,en,0,paid_search
L01238,2025-12-03,Z05,repair,0,0,0,34.0,none,10,any,en,0,paid_search
L01227,2025-12-03,Z21,repair,1,1,0,42.0,deadline,30,any,pl,0,organic
L02819,2025-12-03,Z22,install,0,1,0,33.0,deadline,40,any,en,0,organic
L01458,2025-12-03,Z15,repair,0,1,1,34.0,deadline,20,F,tr,0,organic
L00106,2025-12-03,Z11,install,0,0,1,48.0,emergency,20,F,en,0,organic
L02763,2025-12-03,Z18,repair,1,1,1,37.0,emergency,10,any,pl,0,organic
L01178,2025-12-03,Z06,repair,0,1,1,45.0,emergency,20,any,en,0,paid_search
L02461,2025-12-03,Z15,install,0,1,1,29.0,deadline,20,F,pl,0,paid_search
L02446,2025-12-03,Z16,install,0,1,0,42.0,deadline,30,any,ro,0,organic
L02207,2025-12-03,Z06,repair,1,1,0,40.0,deadline,40,any,ro,0,referral
L01665,2025-12-03,Z26,repair,0,0,0,49.0,none,30,any,pl,0,paid_search
L02327,2025-12-03,Z20,repair,0,1,0,,deadline,30,any,ur,0,paid_search
L00356,2025-12-03,Z02,repair,0,1,1,39.0,none,20,any,en,0,paid_search
L00675,2025-12-03,Z07,install,0,1,0,31.0,none,40,any,pl,1,paid_search
L00462,2025-12-03,Z23,repair,0,1,1,47.0,none,30,any,en,0,referral
L00409,2025-12-03,Z27,repair,0,0,1,39.0,deadline,10,any,en,0,paid_search
L01972,2025-12-03,Z15,install,0,1,1,39.0,none,20,any,ur,0,organic
L00782,2025-12-03,Z14,repair,1,0,0,40.0,deadline,30,any,en,0,paid_search
L00322,2025-12-03,Z09,repair,1,0,0,30.0,none,20,any,en,0,paid_search
L01639,2025-12-03,Z25,install,0,1,1,39.0,none,20,any,ur,0,organic
L00427,2025-12-03,Z09,repair,0,1,0,35.0,deadline,10,any,ur,0,paid_search
L02897,2025-12-03,Z18,install,0,0,1,39.0,emergency,20,any,pl,0,paid_search
L02868,2025-12-04,Z15,install,0,1,1,43.0,deadline,30,F,en,0,paid_search
L00681,2025-12-04,Z26,install,0,1,0,38.0,deadline,20,any,ro,0,organic
L02888,2025-12-04,Z15,install,0,1,0,35.0,none,20,F,ur,0,organic
L01956,2025-12-04,Z30,repair,0,0,1,40.0,deadline,10,any,pl,0,paid_search
L01775,2025-12-04,Z14,install,0,1,0,31.0,deadline,10,any,en,0,referral
L02627,2025-12-04,Z04,install,0,0,0,37.0,none,20,any,en,0,paid_search
L00219,2025-12-04,Z21,repair,1,0,0,42.0,none,30,F,tr,0,paid_search
L01457,2025-12-04,Z03,install,0,0,0,28.0,none,10,any,en,0,organic
L02915,2025-12-04,Z25,install,1,0,0,52.0,deadline,20,any,en,0,paid_search
L00395,2025-12-04,UNKNOWN,repair,1,0,1,40.0,none,20,F,en,0,paid_search
L00397,2025-12-04,Z19,install,1,0,0,28.0,none,40,any,tr,0,paid_search
L01210,2025-12-04,Z28,repair,0,1,1,41.0,deadline,30,F,ro,0,paid_search
L02603,2025-12-04,Z04,repair,0,0,1,47.0,none,20,any,en,1,paid_search
L00592,2025-12-04,Z03,install,1,1,0,29.0,none,20,any,en,0,paid_search
L00637,2025-12-04,Z16,repair,1,0,0,45.0,none,30,any,en,0,referral
L00555,2025-12-04,Z29,repair,0,0,1,37.0,none,20,F,ro,0,paid_search
L01734,2025-12-04,Z21,install,0,1,0,45.0,none,20,F,pl,0,paid_search
L01047,2025-12-04,Z09,repair,0,0,0,33.0,none,20,any,ro,0,organic
L00577,2025-12-04,Z14,install,1,1,1,42.0,none,10,any,ur,0,paid_search
L02997,2025-12-04,Z04,repair,0,0,1,37.0,none,10,any,ro,0,paid_search
L02255,2025-12-04,Z25,repair,0,0,0,38.0,none,10,F,en,0,paid_search
L00945,2025-12-04,Z28,repair,1,1,0,28.0,deadline,20,F,en,0,organic
L00346,2025-12-04,Z10,install,1,0,1,30.0,none,40,F,en,0,paid_search
L02097,2025-12-04,Z03,repair,1,1,1,35.0,none,10,any,ro,0,paid_search
L01555,2025-12-04,Z30,repair,1,1,0,55.0,deadline,30,any,pl,0,paid_search
L01104,2025-12-04,Z25,repair,0,0,0,38.0,deadline,20,any,en,0,paid_search
L02541,2025-12-04,Z06,install,0,1,0,35.0,none,30,any,en,0,paid_search
L00158,2025-12-04,Z13,repair,1,1,1,39.0,deadline,10,F,en,0,paid_search
L00551,2025-12-05,Z26,repair,0,1,0,38.0,none,10,F,en,0,paid_search
L02580,2025-12-05,Z08,install,1,1,1,36.0,deadline,10,F,en,0,paid_search
L02278,2025-12-05,Z16,install,0,1,0,41.0,deadline,30,any,en,0,paid_search
L02946,2025-12-05,Z19,install,0,1,0,,none,20,any,pl,0,paid_search
L01000,2025-12-05,Z12,install,1,1,1,46.0,none,40,any,ro,0,paid_search
L01380,2025-12-05,Z24,install,1,1,1,35.0,none,20,any,en,1,paid_search
L01335,2025-12-05,Z24,repair,0,1,0,41.0,none,10,any,tr,0,paid_search
L01975,2025-12-05,Z18,install,1,1,0,52.0,deadline,40,any,en,1,paid_search
L02480,2025-12-05,Z19,repair,1,1,1,40.0,none,40,any,en,1,paid_search
L02741,2025-12-05,Z16,repair,0,1,1,,none,30,any,en,0,paid_search
L01324,2025-12-05,Z06,repair,1,1,0,44.0,deadline,20,any,ro,0,organic
L02474,2025-12-05,Z29,install,0,1,0,32.0,deadline,10,any,pl,0,paid_search
L01043,2025-12-05,Z11,repair,0,0,0,34.0,deadline,30,any,pl,0,paid_search
L02473,2025-12-05,Z21,repair,1,0,1,47.0,emergency,30,any,ro,1,paid_search
L02367,2025-12-05,Z24,repair,1,1,1,38.0,none,10,any,en,0,referral
L01036,2025-12-05,Z26,repair,0,0,0,33.0,none,10,any,tr,0,paid_search
L00805,2025-12-05,Z28,repair,0,0,1,41.0,deadline,20,any,pl,0,referral
L02890,2025-12-05,Z26,install,1,0,0,36.0,emergency,10,F,en,0,paid_search
L01624,2025-12-05,Z14,install,1,0,1,,emergency,20,any,pl,0,paid_search
L00648,2025-12-05,Z17,install,0,0,0,,deadline,20,any,tr,0,organic
L01831,2025-12-05,Z16,install,0,1,0,29.0,none,40,any,pl,0,paid_search
L01588,2025-12-05,Z03,repair,0,1,1,45.0,deadline,20,any,en,0,organic
L01822,2025-12-05,Z22,repair,0,1,0,32.0,deadline,20,any,pl,0,organic
L02717,2025-12-05,Z27,repair,1,0,1,38.0,none,20,any,en,0,organic
L02990,2025-12-05,Z16,install,0,0,0,34.0,none,20,any,en,0,paid_search
L01612,2025-12-05,Z11,repair,1,0,1,33.0,deadline,10,any,en,0,paid_search
L02667,2025-12-05,Z19,install,1,0,0,,deadline,40,any,tr,0,paid_search
L01133,2025-12-05,Z11,repair,0,1,0,38.0,none,20,any,en,0,organic
L01757,2025-12-06,Z18,repair,0,1,0,38.0,deadline,30,any,en,0,paid_search
L00556,2025-12-06,Z30,install,1,0,1,44.0,none,10,any,ro,0,paid_search
L01368,2025-12-06,Z25,install,1,1,1,35.0,none,30,any,en,0,paid_search
L00274,2025-12-06,Z29,repair,0,1,1,30.0,emergency,30,any,ur,0,paid_search
L01681,2025-12-06,Z30,repair,0,1,0,32.0,none,20,any,tr,0,organic
L00815,2025-12-06,Z19,repair,0,1,0,38.0,none,30,any,tr,0,paid_search
L02270,2025-12-06,Z14,install,0,0,1,36.0,none,20,any,tr,0,organic
L01686,2025-12-06,Z25,repair,0,0,0,34.0,emergency,40,F,en,0,organic
L01419,2025-12-06,Z28,repair,0,0,0,34.0,none,10,any,en,0,paid_search
L00728,2025-12-06,Z10,install,0,1,0,42.0,none,40,any,en,0,paid_search
L01556,2025-12-06,Z11,install,0,1,1,36.0,none,20,any,ur,0,paid_search
L00965,2025-12-06,Z27,install,1,0,1,40.0,deadline,30,any,en,0,paid_search
L01949,2025-12-06,Z06,repair,0,0,1,52.0,none,30,F,en,0,paid_search
L01852,2025-12-06,Z14,repair,1,1,1,38.0,none,30,any,tr,0,paid_search
L01946,2025-12-06,Z19,install,0,0,1,29.0,deadline,10,any,pl,0,paid_search
L02308,2025-12-06,Z09,install,0,1,1,40.0,deadline,30,F,ur,0,organic
L00947,2025-12-06,Z02,install,0,1,1,33.0,none,10,any,en,0,paid_search
L00213,2025-12-06,Z04,install,0,1,1,,emergency,10,any,en,0,paid_search
L01955,2025-12-06,Z07,repair,0,1,1,38.0,none,20,any,ur,0,referral
L01446,2025-12-06,Z18,install,1,0,0,48.0,none,40,any,tr,0,paid_search
L01782,2025-12-06,Z11,repair,1,1,0,42.0,none,20,any,en,0,paid_search
L00591,2025-12-06,Z07,install,0,0,1,31.0,none,10,any,en,0,organic
L00850,2025-12-06,Z20,install,0,1,1,,none,20,any,pl,1,referral
L02675,2025-12-07,Z29,repair,0,0,0,,deadline,10,any,en,0,referral
L01268,2025-12-07,Z29,repair,0,1,0,46.0,emergency,30,any,en,0,paid_search
L01166,2025-12-07,Z06,install,0,0,1,,none,30,F,en,1,paid_search
L00045,2025-12-07,Z17,install,0,1,0,41.0,none,20,any,tr,0,referral
L00189,2025-12-07,Z19,install,0,1,1,42.0,none,20,any,en,0,paid_search
L00970,2025-12-07,Z20,install,0,1,1,38.0,none,20,any,ro,0,paid_search
L02331,2025-12-07,Z19,repair,0,1,0,22.0,deadline,30,any,ur,0,organic
L00195,2025-12-07,Z30,install,1,1,1,42.0,none,10,any,tr,0,paid_search
L02101,2025-12-07,Z04,install,0,0,0,,none,20,any,ro,0,paid_search
L01150,2025-12-07,Z14,install,0,1,1,35.0,none,10,F,pl,0,organic
L01436,2025-12-07,Z15,repair,0,1,1,29.0,deadline,10,any,ro,0,paid_search
L01198,2025-12-07,Z19,install,0,1,0,45.0,none,10,any,en,0,paid_search
L01905,2025-12-07,Z02,repair,0,0,1,26.0,none,40,any,en,1,paid_search
L02292,2025-12-07,Z06,install,1,0,0,33.0,none,20,any,en,0,paid_search
L01850,2025-12-07,Z05,repair,0,0,1,48.0,deadline,10,any,en,0,organic
L02456,2025-12-07,Z25,install,0,1,0,27.0,none,10,any,en,0,organic
L00570,2025-12-07,Z02,install,1,1,0,37.0,none,10,any,pl,1,paid_search
L01338,2025-12-08,Z30,repair,1,1,1,46.0,deadline,20,any,en,0,paid_search
L02231,2025-12-08,Z02,repair,1,0,1,,none,40,any,ur,0,paid_search
L02390,2025-12-08,Z14,install,1,0,0,36.0,none,20,F,pl,0,paid_search
L01339,2025-12-08,Z20,install,1,0,1,38.0,none,10,any,en,0,organic
L00534,2025-12-08,Z15,install,1,0,0,37.0,none,20,F,ro,0,paid_search
L01109,2025-12-08,Z19,install,0,1,0,42.0,none,40,F,en,0,organic
L01818,2025-12-08,Z12,repair,1,0,1,46.0,emergency,10,any,en,0,paid_search
L00717,2025-12-08,Z03,repair,1,1,0,34.0,deadline,20,any,en,0,organic
L02422,2025-12-08,Z17,install,1,1,0,19.0,none,20,F,en,0,paid_search
L01763,2025-12-08,Z18,install,1,0,1,34.0,emergency,20,any,ro,0,organic
L00093,2025-12-08,Z05,repair,0,0,1,38.0,emergency,20,F,ur,0,paid_search
L02707,2025-12-08,Z20,repair,1,0,0,34.0,deadline,10,any,en,0,organic
L02821,2025-12-08,Z21,install,0,1,0,49.0,none,20,any,ro,1,organic
L01454,2025-12-08,Z05,install,1,1,1,34.0,emergency,20,any,en,1,organic
L01259,2025-12-08,Z14,repair,0,1,1,39.0,none,20,F,en,0,paid_search
L01260,2025-12-08,Z25,repair,0,1,1,46.0,none,30,F,en,1,paid_search
L00069,2025-12-08,Z30,repair,1,0,1,38.0,none,10,any,en,1,paid_search
L02673,2025-12-08,Z11,repair,1,1,1,33.0,emergency,20,any,ro,0,paid_search
L02599,2025-12-09,Z18,install,1,0,1,52.0,none,20,F,ro,0,referral
L00487,2025-12-09,Z28,repair,1,1,0,55.0,none,20,any,en,0,referral
L01957,2025-12-09,Z23,install,1,1,1,39.0,none,40,any,tr,0,paid_search
L00468,2025-12-09,Z14,install,0,1,1,31.0,none,10,F,pl,1,paid_search
L01935,2025-12-09,Z20,repair,1,1,0,32.0,deadline,10,any,tr,0,organic
L02538,2025-12-09,Z09,install,0,0,0,33.0,none,10,any,en,0,paid_search
L00484,2025-12-09,Z10,repair,0,1,1,45.0,none,20,any,ro,0,organic
L01602,2025-12-09,Z09,repair,1,0,0,39.0,deadline,30,any,en,0,paid_search
L00036,2025-12-09,Z02,repair,1,0,0,41.0,deadline,30,F,en,0,paid_search
L02833,2025-12-09,Z20,install,0,1,0,41.0,emergency,20,any,pl,0,paid_search
L00843,2025-12-09,Z04,repair,1,1,0,40.0,deadline,40,any,en,0,paid_search
L01204,2025-12-09,Z09,repair,0,1,0,37.0,none,20,any,en,1,referral
L00977,2025-12-09,Z26,install,0,0,0,47.0,none,30,any,pl,0,paid_search
L00654,2025-12-09,Z29,install,0,1,0,53.0,none,20,any,tr,0,referral
L00249,2025-12-10,Z10,install,1,1,0,35.0,none,20,any,tr,0,paid_search
L02832,2025-12-10,UNKNOWN,install,1,0,1,33.0,none,20,any,ur,0,paid_search
L01443,2025-12-10,Z07,install,1,0,0,33.0,none,20,any,en,0,paid_search
L02680,2025-12-10,Z02,install,1,1,0,39.0,deadline,10,any,ro,0,paid_search
L01512,2025-12-10,Z14,install,1,1,0,38.0,deadline,20,any,tr,0,paid_search
L00909,2025-12-10,Z18,repair,1,0,1,40.0,none,20,any,en,0,paid_search
L00861,2025-12-10,Z08,install,1,0,0,43.0,emergency,10,any,ur,0,organic
L00275,2025-12-10,Z17,install,1,0,0,39.0,none,30,any,ro,0,paid_search
L02909,2025-12-10,Z08,install,1,1,0,26.0,none,30,any,pl,0,organic
L02295,2025-12-10,Z12,install,1,1,1,37.0,none,10,any,en,0,organic
L02302,2025-12-10,Z23,repair,1,0,1,35.0,none,30,any,en,1,paid_search
L02314,2025-12-10,Z19,repair,0,1,1,37.0,none,20,any,ro,0,referral
L02236,2025-12-10,Z03,install,1,1,0,36.0,none,20,any,en,1,referral
L00082,2025-12-10,Z12,repair,0,1,1,35.0,none,30,any,ur,0,paid_search
L00542,2025-12-10,Z01,install,0,0,1,45.0,deadline,10,any,en,0,paid_search
L00961,2025-12-10,Z24,install,1,1,0,46.0,deadline,10,any,en,0,paid_search
L01987,2025-12-10,Z10,install,0,1,0,37.0,none,10,any,ro,0,referral
L01096,2025-12-10,Z16,repair,0,1,1,35.0,deadline,20,any,ro,1,organic
L01756,2025-12-10,Z18,repair,1,1,0,45.0,emergency,20,any,en,0,organic
L00737,2025-12-10,Z24,install,0,1,1,37.0,none,20,any,en,0,organic
L02536,2025-12-10,UNKNOWN,install,1,1,1,34.0,none,20,any,en,0,paid_search
L02392,2025-12-10,Z17,install,1,0,0,32.0,none,20,any,en,0,paid_search
L00997,2025-12-11,Z29,install,0,0,0,43.0,none,20,any,ur,0,paid_search
L01828,2025-12-11,Z25,repair,0,0,1,42.0,deadline,10,any,en,0,paid_search
L02790,2025-12-11,Z30,repair,0,1,0,46.0,none,10,any,en,0,paid_search
L02526,2025-12-11,Z25,install,0,1,0,37.0,none,10,any,ur,0,paid_search
L01051,2025-12-11,Z21,repair,1,1,1,39.0,none,20,any,en,0,paid_search
L01263,2025-12-11,Z04,repair,1,1,0,35.0,none,30,any,tr,0,referral
L02721,2025-12-11,Z07,install,0,1,1,28.0,none,40,any,ro,0,organic
L02291,2025-12-11,Z15,repair,0,0,0,37.0,none,20,any,pl,0,paid_search
L00515,2025-12-11,Z19,repair,1,1,1,27.0,deadline,10,any,ur,0,paid_search
L00703,2025-12-11,Z24,repair,0,1,1,36.0,none,40,any,en,0,paid_search
L02742,2025-12-11,Z16,repair,1,1,1,44.0,none,10,any,en,0,referral
L00777,2025-12-11,Z11,repair,1,0,1,42.0,none,40,any,tr,0,organic
L01994,2025-12-11,Z23,repair,1,1,0,39.0,deadline,30,any,ro,0,organic
L01140,2025-12-11,Z02,repair,1,0,0,34.0,none,10,any,en,0,paid_search
L02199,2025-12-11,UNKNOWN,install,1,0,0,38.0,deadline,30,any,en,0,organic
L01501,2025-12-11,Z06,install,1,0,0,42.0,none,20,any,ro,0,referral
L00117,2025-12-11,Z21,repair,0,1,1,43.0,none,20,any,ro,1,organic
L00925,2025-12-11,Z13,install,0,1,1,29.0,none,30,any,pl,1,paid_search
L01480,2025-12-11,Z08,install,0,1,1,38.0,none,20,any,pl,0,paid_search
L02148,2025-12-11,Z24,install,0,0,0,39.0,none,20,any,ro,0,paid_search
L02498,2025-12-11,Z06,repair,0,1,0,31.0,none,10,any,pl,0,paid_search
L00210,2025-12-11,Z25,install,1,1,0,45.0,none,30,any,ro,0,paid_search
L00004,2025-12-11,Z04,install,0,0,0,44.0,none,20,any,pl,0,organic
L02210,2025-12-11,Z30,install,0,1,0,37.0,emergency,40,any,en,0,paid_search
L01541,2025-12-11,Z25,repair,1,0,0,30.0,none,10,any,en,0,paid_search
L01791,2025-12-11,Z09,repair,0,0,1,41.0,emergency,20,any,ur,0,paid_search
L01687,2025-12-11,Z29,install,0,0,0,,deadline,20,any,ur,0,paid_search
L02837,2025-12-12,Z28,install,0,0,0,39.0,deadline,30,any,en,0,paid_search
L00931,2025-12-12,Z13,repair,1,0,0,49.0,none,10,any,pl,0,paid_search
L01392,2025-12-12,Z29,install,0,1,1,41.0,none,10,any,en,0,paid_search
L00558,2025-12-12,Z08,repair,0,1,0,38.0,none,10,any,en,0,paid_search
L00813,2025-12-12,Z17,repair,0,0,1,28.0,deadline,10,any,en,0,paid_search
L02450,2025-12-12,Z05,install,1,1,1,33.0,deadline,20,any,en,0,referral
L01760,2025-12-12,Z04,repair,0,0,0,46.0,none,40,any,en,0,referral
L00719,2025-12-12,Z18,repair,1,0,1,47.0,none,30,any,en,0,organic
L00480,2025-12-12,Z12,install,0,0,1,36.0,deadline,20,any,ur,0,paid_search
L02399,2025-12-12,Z14,install,1,0,0,38.0,none,40,any,tr,1,paid_search
L02394,2025-12-12,Z02,repair,1,1,0,41.0,none,10,any,ur,0,paid_search
L01010,2025-12-12,Z30,repair,1,1,1,42.0,deadline,10,any,tr,1,organic
L01085,2025-12-12,Z18,repair,0,1,1,29.0,none,10,any,en,0,paid_search
L01181,2025-12-12,Z08,install,1,1,0,39.0,deadline,20,any,pl,0,paid_search
L02288,2025-12-12,Z05,repair,1,1,1,24.0,deadline,40,any,en,0,paid_search
L00216,2025-12-12,Z20,install,0,0,0,46.0,none,10,any,ur,0,paid_search
L00844,2025-12-12,Z27,install,0,1,1,40.0,none,20,any,en,0,referral
L00357,2025-12-12,Z28,install,0,0,1,31.0,deadline,10,any,en,0,organic
L01289,2025-12-12,Z11,repair,1,1,1,,deadline,20,any,tr,0,paid_search
L02435,2025-12-12,Z28,repair,0,1,1,47.0,emergency,20,any,ro,0,organic
L01594,2025-12-13,Z14,install,0,1,1,46.0,emergency,10,any,en,0,organic
L01951,2025-12-13,Z15,repair,0,1,0,,deadline,10,any,en,0,paid_search
L01317,2025-12-13,Z09,repair,1,0,1,,deadline,10,any,ur,1,paid_search
L00077,2025-12-13,Z10,repair,0,0,1,37.0,none,20,F,ro,0,organic
L02428,2025-12-13,Z01,repair,0,1,0,43.0,none,10,F,tr,0,paid_search
L01701,2025-12-13,Z18,install,1,0,1,39.0,deadline,10,F,ur,0,paid_search
L02206,2025-12-13,Z27,install,0,1,0,36.0,deadline,10,F,en,0,paid_search
L02545,2025-12-13,Z07,repair,1,1,1,37.0,deadline,20,any,en,0,organic
L02712,2025-12-13,Z24,repair,1,1,0,35.0,none,20,any,tr,0,paid_search
L02139,2025-12-13,Z29,install,0,1,1,34.0,none,10,any,en,1,paid_search
L00122,2025-12-13,Z04,repair,1,0,1,43.0,none,10,any,ro,0,organic
L01127,2025-12-13,Z10,install,0,0,1,36.0,none,20,any,ro,0,organic
L02903,2025-12-13,Z20,install,0,1,0,50.0,none,30,any,ur,0,paid_search
L02223,2025-12-13,Z18,repair,0,1,1,33.0,none,40,any,pl,0,organic
L01132,2025-12-13,Z20,repair,1,0,0,39.0,none,10,any,en,0,paid_search
L00855,2025-12-13,Z25,repair,0,0,1,45.0,none,40,F,en,0,organic
L02798,2025-12-13,Z19,install,1,1,0,35.0,none,30,any,ur,0,paid_search
L01007,2025-12-13,Z09,repair,0,0,0,33.0,deadline,30,any,tr,1,paid_search
L02726,2025-12-13,Z16,install,0,1,1,34.0,none,10,any,pl,0,paid_search
L02275,2025-12-13,Z29,install,0,1,0,32.0,none,20,F,pl,0,organic
L01950,2025-12-13,Z24,repair,0,1,1,35.0,none,20,any,en,0,paid_search
L02412,2025-12-13,Z02,repair,1,1,0,45.0,deadline,40,any,ur,0,organic
L01519,2025-12-13,Z11,repair,1,1,1,47.0,deadline,20,any,ro,1,paid_search
L00440,2025-12-13,Z18,install,1,0,0,38.0,none,10,any,ro,0,referral
L02747,2025-12-13,Z13,install,0,1,1,31.0,deadline,20,any,en,0,paid_search
L00913,2025-12-13,Z29,install,0,1,0,30.0,none,20,F,tr,0,referral
L02146,2025-12-14,Z20,repair,1,1,0,49.0,emergency,10,any,tr,0,paid_search
L01424,2025-12-14,Z22,repair,0,1,1,49.0,none,20,any,en,0,paid_search
L02082,2025-12-14,Z15,install,0,1,1,36.0,deadline,20,any,en,0,referral
L00597,2025-12-14,Z04,repair,0,1,0,39.0,emergency,20,any,ro,0,paid_search
L01315,2025-12-14,Z16,repair,0,0,1,29.0,deadline,20,any,en,0,paid_search
L00050,2025-12-14,Z02,repair,0,0,1,33.0,none,30,any,en,0,organic
L01009,2025-12-14,Z29,repair,0,0,0,36.0,deadline,20,any,tr,0,referral
L00619,2025-12-14,Z08,install,0,0,1,43.0,none,20,any,ur,0,paid_search
L01608,2025-12-14,Z09,install,1,1,1,35.0,none,20,any,tr,0,paid_search
L01116,2025-12-14,Z05,install,0,1,0,46.0,none,30,any,en,0,organic
L00287,2025-12-14,Z03,repair,0,1,0,33.0,deadline,40,any,en,0,paid_search
L00874,2025-12-14,Z08,repair,1,0,1,37.0,deadline,20,F,en,0,paid_search
L01074,2025-12-14,Z24,repair,0,1,0,37.0,deadline,20,any,pl,0,paid_search
L00828,2025-12-14,Z14,install,1,0,0,48.0,none,30,F,tr,0,organic
L00562,2025-12-14,Z16,repair,0,1,0,41.0,none,20,any,en,0,paid_search
L00267,2025-12-14,Z22,repair,1,1,0,28.0,deadline,20,any,en,0,paid_search
L02345,2025-12-14,Z11,install,1,0,1,38.0,emergency,10,any,en,0,organic
L01843,2025-12-14,Z11,install,0,0,1,44.0,none,30,F,en,0,paid_search
L01524,2025-12-14,Z05,install,0,0,1,44.0,deadline,20,any,ro,0,paid_search
L01388,2025-12-14,Z30,repair,1,0,1,31.0,deadline,20,any,pl,0,paid_search
L02857,2025-12-14,Z12,install,0,1,0,33.0,none,20,any,en,0,paid_search
L02905,2025-12-14,Z08,install,0,1,1,37.0,none,40,any,pl,0,paid_search
L02497,2025-12-14,Z03,repair,0,0,0,35.0,none,10,any,en,0,organic
L00008,2025-12-14,Z25,repair,0,0,0,27.0,none,30,any,ro,0,paid_search
L02698,2025-12-14,Z21,install,0,0,1,37.0,emergency,20,any,en,0,paid_search
L01448,2025-12-15,Z29,repair,0,1,1,38.0,emergency,40,any,en,1,organic
L02577,2025-12-15,Z11,install,1,1,0,43.0,none,30,any,en,0,paid_search
L00599,2025-12-15,Z04,install,1,0,1,,none,20,any,en,0,organic
L01228,2025-12-15,Z10,repair,0,1,1,36.0,deadline,10,any,en,0,paid_search
L01722,2025-12-15,Z30,install,0,0,0,41.0,none,30,any,pl,0,referral
L00061,2025-12-15,UNKNOWN,repair,0,1,1,33.0,none,40,any,en,0,paid_search
L02856,2025-12-15,Z26,repair,0,0,0,35.0,deadline,20,F,en,0,referral
L02299,2025-12-15,Z16,repair,1,1,1,37.0,deadline,20,any,en,0,paid_search
L01572,2025-12-15,Z03,install,1,1,1,52.0,none,40,any,en,0,paid_search
L02701,2025-12-15,Z29,repair,1,0,1,45.0,none,30,any,en,0,organic
L02522,2025-12-15,Z03,repair,0,1,0,38.0,deadline,10,any,ro,0,paid_search
L02634,2025-12-15,Z29,install,0,1,0,40.0,none,10,any,pl,0,paid_search
L01129,2025-12-15,Z17,install,0,1,1,43.0,none,20,any,ur,0,paid_search
L00867,2025-12-15,Z07,install,0,0,1,35.0,none,20,any,ro,0,paid_search
L00942,2025-12-15,Z04,repair,0,1,1,51.0,none,20,any,en,0,paid_search
L02053,2025-12-15,Z30,repair,1,0,1,39.0,none,20,any,ur,0,paid_search
L02967,2025-12-15,Z21,install,0,0,0,35.0,none,40,any,en,0,organic
L00912,2025-12-15,Z11,install,1,1,1,39.0,deadline,30,any,pl,0,paid_search
L00611,2025-12-15,Z04,repair,1,1,1,45.0,none,10,F,en,0,paid_search
L00786,2025-12-15,Z13,install,1,0,1,34.0,none,20,any,ro,0,paid_search
L00086,2025-12-16,Z20,repair,1,0,1,45.0,deadline,10,any,ur,0,organic
L02866,2025-12-16,Z25,repair,0,1,0,44.0,none,20,any,en,0,paid_search
L00623,2025-12-16,Z21,repair,0,1,1,,emergency,30,any,tr,0,organic
L01561,2025-12-16,UNKNOWN,install,0,1,0,30.0,none,20,F,en,0,paid_search
L01498,2025-12-16,Z13,install,0,0,1,38.0,emergency,20,any,pl,0,paid_search
L00512,2025-12-16,Z01,install,1,0,0,40.0,none,10,any,ro,0,paid_search
L02284,2025-12-16,Z05,install,1,1,0,44.0,none,20,any,en,0,referral
L01784,2025-12-16,Z13,repair,0,1,0,30.0,none,10,any,en,0,paid_search
L02383,2025-12-16,Z25,install,0,1,0,44.0,none,30,F,en,0,organic
L01032,2025-12-16,Z01,repair,0,1,0,45.0,deadline,30,any,en,0,organic
L02209,2025-12-16,Z01,repair,0,0,1,34.0,none,10,any,pl,0,organic
L00500,2025-12-16,Z23,repair,1,0,0,37.0,deadline,10,any,ro,0,paid_search
L01783,2025-12-16,Z26,install,0,1,1,34.0,none,20,F,ur,0,referral
L00366,2025-12-16,Z01,repair,0,1,1,45.0,none,20,any,en,0,paid_search
L02515,2025-12-16,Z24,repair,1,0,0,44.0,emergency,20,any,en,0,referral
L01567,2025-12-16,Z28,install,0,0,0,35.0,deadline,20,any,ur,0,paid_search
L00804,2025-12-17,Z30,repair,0,1,1,36.0,none,20,any,en,0,organic
L02398,2025-12-17,Z03,install,0,1,1,33.0,none,10,any,tr,0,paid_search
L01809,2025-12-17,Z15,install,0,1,0,34.0,none,20,any,en,0,paid_search
L00603,2025-12-17,Z13,repair,1,0,1,31.0,emergency,20,any,ro,0,referral
L01803,2025-12-17,Z29,repair,1,0,1,43.0,none,10,any,ro,0,paid_search
L01531,2025-12-17,Z16,repair,0,0,1,,emergency,10,any,tr,0,paid_search
L00565,2025-12-17,Z02,repair,1,1,0,54.0,none,10,any,ro,0,organic
L02948,2025-12-17,Z08,repair,0,1,1,30.0,deadline,10,any,ro,0,organic
L02736,2025-12-17,Z03,repair,1,0,1,38.0,emergency,10,any,en,0,organic
L00826,2025-12-17,Z23,repair,0,1,0,36.0,none,20,any,tr,0,referral
L01772,2025-12-17,Z10,repair,1,1,0,33.0,deadline,20,any,en,0,organic
L01525,2025-12-17,Z12,install,0,0,1,42.0,none,10,any,en,0,referral
L02156,2025-12-17,Z14,repair,1,0,1,33.0,deadline,10,any,ro,0,organic
L02977,2025-12-17,Z15,install,0,0,1,24.0,deadline,10,any,en,0,paid_search
L01291,2025-12-17,Z06,install,0,1,0,27.0,none,40,any,pl,0,paid_search
L01452,2025-12-17,Z14,repair,1,0,0,42.0,deadline,20,any,en,0,organic
L00621,2025-12-17,Z08,repair,0,1,1,41.0,none,40,any,en,0,paid_search
L00109,2025-12-17,Z26,install,1,1,1,33.0,none,20,any,en,0,paid_search
L02152,2025-12-17,Z14,install,1,0,1,48.0,deadline,10,any,ur,0,paid_search
L01649,2025-12-17,Z21,install,0,1,1,27.0,none,10,any,en,0,paid_search
L02417,2025-12-17,Z28,install,0,1,0,31.0,none,10,F,tr,0,paid_search
L02761,2025-12-17,Z28,repair,1,0,1,28.0,deadline,10,any,en,0,organic
L02072,2025-12-17,Z15,install,0,1,1,41.0,none,30,any,en,0,organic
L02853,2025-12-17,Z17,repair,0,1,0,32.0,deadline,10,F,en,0,paid_search
L00207,2025-12-17,Z25,repair,1,1,0,35.0,emergency,10,any,ro,0,paid_search
L02109,2025-12-17,Z09,install,1,1,0,36.0,none,20,F,ro,1,paid_search
L01985,2025-12-17,Z04,install,0,0,1,50.0,deadline,30,any,ro,0,paid_search
L02845,2025-12-18,Z06,repair,0,0,1,36.0,none,20,any,pl,0,paid_search
L01172,2025-12-18,Z09,repair,1,1,1,42.0,none,20,any,pl,0,paid_search
L00524,2025-12-18,Z26,repair,0,1,1,32.0,none,20,any,en,0,paid_search
L00015,2025-12-18,Z27,repair,0,1,1,36.0,none,30,any,ro,0,paid_search
L02168,2025-12-18,Z05,install,0,1,1,32.0,none,30,any,tr,0,paid_search
L01886,2025-12-18,Z21,repair,1,1,0,34.0,deadline,10,any,en,0,paid_search
L02796,2025-12-18,Z26,repair,0,0,1,43.0,deadline,10,any,en,0,organic
L01865,2025-12-18,Z25,install,0,0,1,36.0,deadline,10,F,en,0,referral
L00704,2025-12-18,Z17,install,0,1,0,37.0,none,20,any,en,0,paid_search
L00513,2025-12-18,Z16,install,1,0,0,29.0,emergency,10,any,tr,0,paid_search
L00663,2025-12-18,Z03,install,0,0,0,40.0,deadline,20,any,en,1,paid_search
L01123,2025-12-18,Z08,install,0,1,0,36.0,deadline,20,any,tr,0,paid_search
L00165,2025-12-18,Z06,repair,0,1,1,44.0,none,20,any,en,0,organic
L00887,2025-12-18,Z06,install,0,0,0,42.0,none,20,any,ur,0,referral
L01428,2025-12-18,Z12,install,1,1,1,52.0,deadline,10,any,pl,1,paid_search
L01607,2025-12-18,Z16,repair,1,0,1,41.0,none,30,any,ur,0,paid_search
L01316,2025-12-18,Z13,repair,1,0,0,38.0,deadline,30,any,en,0,paid_search
L00233,2025-12-18,Z02,repair,1,0,0,32.0,none,30,any,pl,0,paid_search
L02617,2025-12-18,Z27,repair,0,0,1,29.0,emergency,20,F,en,0,paid_search
L02924,2025-12-18,Z22,install,0,1,1,31.0,none,40,any,en,0,paid_search
L01168,2025-12-18,Z08,repair,0,1,0,45.0,deadline,10,any,ur,0,paid_search
L02317,2025-12-18,Z21,repair,0,1,1,44.0,none,20,any,tr,0,referral
L01327,2025-12-19,Z01,install,0,0,1,29.0,none,30,any,ro,0,paid_search
L00362,2025-12-19,Z18,repair,0,1,1,42.0,none,10,any,en,1,paid_search
L02230,2025-12-19,Z27,repair,0,0,1,40.0,none,20,F,en,1,organic
L00927,2025-12-19,Z09,install,1,1,0,37.0,none,20,any,en,0,organic
L00616,2025-12-19,Z10,repair,0,1,1,45.0,none,20,any,pl,0,organic
L01862,2025-12-19,Z23,repair,0,1,1,,deadline,10,any,en,0,paid_search
L02858,2025-12-19,Z15,install,1,0,1,35.0,none,40,any,en,0,paid_search
L02785,2025-12-19,Z02,install,0,1,1,36.0,none,30,any,ur,0,paid_search
L02659,2025-12-19,Z01,install,0,1,0,42.0,none,10,any,ro,0,referral
L00791,2025-12-19,Z04,repair,1,1,0,29.0,deadline,20,any,en,0,organic
L02876,2025-12-19,Z26,repair,1,1,0,35.0,deadline,30,any,en,0,organic
L01725,2025-12-19,Z01,install,1,1,1,29.0,none,10,any,en,0,paid_search
L01513,2025-12-19,Z20,repair,0,1,1,35.0,none,10,any,en,0,referral
L01889,2025-12-19,Z23,install,0,0,0,36.0,none,20,any,en,0,organic
L00234,2025-12-19,Z14,install,0,1,0,38.0,none,20,any,ur,0,paid_search
L00433,2025-12-19,Z13,repair,1,1,0,36.0,deadline,40,any,en,0,organic
L00932,2025-12-19,Z11,install,0,1,0,40.0,none,20,any,ro,0,paid_search
L01449,2025-12-19,Z11,install,0,1,1,36.0,deadline,10,any,tr,0,paid_search
L01706,2025-12-19,Z07,repair,0,1,0,45.0,none,10,any,ro,0,organic
L02943,2025-12-19,Z01,repair,1,1,1,41.0,deadline,10,any,en,0,referral
L01500,2025-12-19,Z27,repair,1,1,1,33.0,none,30,any,en,1,paid_search
L00880,2025-12-19,Z03,repair,0,1,0,26.0,none,40,F,en,0,referral
L00415,2025-12-19,Z14,install,0,1,0,29.0,none,30,any,pl,0,referral
L00115,2025-12-19,Z24,install,0,1,1,38.0,deadline,20,any,en,0,organic
L00302,2025-12-19,Z21,install,0,0,1,36.0,none,20,any,ro,0,organic
L02197,2025-12-19,Z25,repair,0,0,1,30.0,emergency,40,any,en,0,paid_search
L00799,2025-12-19,Z04,install,0,0,0,39.0,none,20,any,en,0,organic
L01021,2025-12-19,Z21,install,1,0,1,31.0,none,20,any,en,1,paid_search
L01237,2025-12-19,Z10,repair,0,1,1,41.0,none,20,any,tr,0,paid_search
L01173,2025-12-19,Z19,repair,1,1,0,37.0,deadline,10,any,pl,0,organic
L00037,2025-12-20,Z08,install,0,1,0,39.0,none,20,any,en,0,paid_search
L01858,2025-12-20,Z16,install,0,1,0,40.0,none,40,F,ro,0,paid_search
L01878,2025-12-20,Z02,repair,1,0,1,30.0,none,20,F,en,1,referral
L02585,2025-12-20,Z20,repair,0,0,0,43.0,none,10,any,ur,0,referral
L01932,2025-12-20,Z18,repair,0,1,1,35.0,none,10,F,tr,0,paid_search
L01731,2025-12-20,Z26,install,0,1,0,47.0,none,20,any,pl,0,referral
L02370,2025-12-20,Z23,install,0,1,1,34.0,none,10,F,en,0,paid_search
L00530,2025-12-20,Z27,repair,1,1,1,,none,10,any,ur,0,referral
L00881,2025-12-20,Z23,repair,0,1,0,47.0,none,10,any,pl,0,paid_search
L02749,2025-12-20,Z15,install,0,1,0,37.0,emergency,20,any,en,0,paid_search
L00354,2025-12-20,Z17,repair,0,1,0,31.0,deadline,40,F,en,0,organic
L01529,2025-12-20,Z27,repair,0,0,0,32.0,deadline,20,any,en,0,organic
L02436,2025-12-20,Z20,install,0,1,0,40.0,deadline,10,F,en,0,paid_search
L02256,2025-12-20,Z03,repair,1,1,1,,none,20,any,en,1,organic
L00002,2025-12-20,Z16,repair,1,0,1,40.0,none,20,any,en,0,paid_search
L01385,2025-12-20,Z17,repair,1,0,0,,none,20,any,ro,0,organic
L02440,2025-12-20,Z03,repair,0,0,0,42.0,none,10,any,en,0,referral
L01800,2025-12-21,Z22,repair,1,0,1,32.0,none,20,any,ur,0,referral
L01481,2025-12-21,Z02,install,1,0,0,47.0,none,20,F,en,0,organic
L01963,2025-12-21,Z30,repair,1,1,1,42.0,emergency,10,any,en,1,organic
L02691,2025-12-21,Z29,repair,1,1,0,37.0,none,20,any,pl,0,paid_search
L01456,2025-12-21,Z12,repair,0,1,0,43.0,none,20,any,tr,0,referral
L02188,2025-12-21,Z19,install,0,0,1,46.0,none,30,any,en,0,paid_search
L01600,2025-12-21,Z22,repair,0,0,1,34.0,none,10,any,ur,0,paid_search
L02325,2025-12-21,Z09,repair,1,0,1,33.0,deadline,30,any,en,0,organic
L00934,2025-12-21,Z11,repair,1,0,1,,none,10,any,tr,1,organic
L01350,2025-12-21,Z01,repair,1,0,0,42.0,deadline,40,any,en,0,organic
L01175,2025-12-21,Z08,install,0,1,1,41.0,emergency,20,any,ro,0,organic
L00772,2025-12-21,Z14,install,0,0,1,38.0,none,10,any,en,0,organic
L00217,2025-12-21,Z02,repair,0,1,1,31.0,deadline,30,any,tr,0,paid_search
L01331,2025-12-21,Z19,repair,1,1,0,37.0,deadline,30,any,en,0,paid_search
L00576,2025-12-21,UNKNOWN,install,0,1,0,41.0,none,10,any,en,0,paid_search
L01216,2025-12-21,Z16,repair,0,0,1,37.0,none,20,any,en,0,paid_search
L01563,2025-12-21,Z13,repair,0,1,1,32.0,none,10,any,ro,0,organic
L01715,2025-12-21,Z22,install,1,0,1,38.0,deadline,20,any,ur,0,paid_search
L01194,2025-12-21,Z20,install,0,1,1,43.0,none,20,any,ur,0,referral
L02002,2025-12-21,Z14,repair,1,0,1,32.0,deadline,20,any,pl,0,paid_search
L00039,2025-12-21,Z19,repair,1,0,1,50.0,none,20,F,en,0,referral
L02224,2025-12-21,Z17,install,1,1,0,46.0,none,10,F,en,0,paid_search
L00871,2025-12-21,UNKNOWN,repair,0,1,0,39.0,none,20,any,en,0,organic
L00667,2025-12-21,Z30,install,1,1,1,26.0,none,20,any,ur,0,organic
L02594,2025-12-21,Z06,repair,1,1,1,42.0,deadline,20,F,en,0,paid_search
L01134,2025-12-21,Z29,install,0,1,0,44.0,none,10,F,ur,0,paid_search
L01661,2025-12-22,Z10,repair,0,1,1,50.0,none,20,any,en,0,paid_search
L00701,2025-12-22,Z07,install,1,0,1,31.0,deadline,20,any,tr,0,paid_search
L02775,2025-12-22,Z27,repair,0,1,0,47.0,deadline,10,any,en,0,referral
L02279,2025-12-22,Z05,install,1,1,0,34.0,deadline,10,F,en,0,referral
L01870,2025-12-22,Z21,repair,0,0,1,36.0,none,20,F,tr,0,organic
L01352,2025-12-22,Z23,install,1,0,0,36.0,none,10,any,pl,0,organic
L01609,2025-12-22,Z26,install,1,1,0,32.0,deadline,30,any,en,0,paid_search
L00469,2025-12-22,Z23,repair,1,0,0,40.0,none,10,any,en,1,paid_search
L01423,2025-12-22,Z14,install,0,1,0,33.0,deadline,20,any,tr,0,paid_search
L01933,2025-12-22,Z22,repair,0,1,0,32.0,deadline,40,any,ro,0,paid_search
L00248,2025-12-22,Z13,install,0,1,0,34.0,none,40,any,en,0,paid_search
L00550,2025-12-22,Z18,repair,0,0,0,42.0,emergency,20,any,en,0,paid_search
L02204,2025-12-22,Z15,install,0,1,1,29.0,none,30,any,tr,0,paid_search
L01450,2025-12-22,Z28,repair,0,0,1,42.0,deadline,20,any,pl,1,paid_search
L01070,2025-12-22,Z02,repair,0,0,0,44.0,deadline,10,any,pl,0,paid_search
L01539,2025-12-22,Z18,repair,0,1,1,40.0,emergency,10,any,ro,0,referral
L01492,2025-12-22,Z06,install,0,1,0,33.0,none,20,any,tr,0,paid_search
L02843,2025-12-22,Z12,repair,1,0,1,48.0,deadline,30,any,tr,0,paid_search
L02042,2025-12-22,Z11,repair,0,1,1,35.0,none,20,F,en,0,paid_search
L02426,2025-12-22,Z16,install,1,1,0,39.0,none,10,any,en,0,organic
L01182,2025-12-22,Z27,repair,0,1,1,36.0,deadline,10,any,en,0,paid_search
L02368,2025-12-22,Z17,repair,1,1,1,38.0,deadline,10,any,tr,0,organic
L02071,2025-12-22,Z23,repair,0,1,1,,emergency,20,any,en,0,paid_search
L01470,2025-12-23,Z15,repair,0,1,0,43.0,emergency,20,F,en,0,referral
L01710,2025-12-23,Z15,install,0,1,1,38.0,none,20,any,tr,0,organic
L01680,2025-12-23,Z17,install,0,1,1,44.0,emergency,10,any,pl,0,paid_search
L02134,2025-12-23,Z14,repair,1,0,1,41.0,none,20,any,ur,1,organic
L01630,2025-12-23,Z15,install,1,0,1,47.0,emergency,10,F,pl,0,organic
L02610,2025-12-23,Z22,repair,1,1,0,26.0,deadline,10,any,en,0,paid_search
L00363,2025-12-23,Z21,install,1,0,0,29.0,none,30,any,en,0,paid_search
L00058,2025-12-23,Z12,install,0,0,0,45.0,none,20,any,ro,1,organic
L00183,2025-12-23,Z18,repair,1,1,1,39.0,emergency,20,any,en,0,paid_search
L02911,2025-12-23,Z04,install,1,0,0,34.0,deadline,30,any,en,0,organic
L00159,2025-12-23,Z04,install,1,1,0,43.0,none,30,any,en,0,paid_search
L00809,2025-12-23,Z08,install,0,1,0,36.0,none,20,any,en,0,paid_search
L02052,2025-12-23,Z04,install,0,1,0,41.0,deadline,30,F,en,0,paid_search
L02252,2025-12-23,Z06,install,0,1,1,37.0,none,20,any,en,0,organic
L00594,2025-12-23,Z04,install,0,1,0,29.0,none,20,any,en,0,paid_search
L00406,2025-12-23,Z15,repair,1,0,0,41.0,deadline,20,any,en,0,paid_search
L02024,2025-12-23,Z12,repair,1,0,1,47.0,none,10,any,tr,0,paid_search
L02025,2025-12-23,Z30,install,0,1,0,31.0,none,20,any,pl,0,paid_search
L00697,2025-12-23,Z01,install,1,1,0,32.0,deadline,10,any,en,0,paid_search
L01063,2025-12-23,Z30,install,1,1,0,32.0,none,30,F,tr,0,paid_search
L02201,2025-12-23,Z19,repair,1,1,1,30.0,deadline,30,any,en,0,paid_search
L01940,2025-12-23,Z22,repair,1,0,0,38.0,none,30,any,en,0,paid_search
L00368,2025-12-23,Z29,repair,0,1,1,52.0,deadline,30,any,en,0,paid_search
L00720,2025-12-23,Z06,repair,0,1,0,26.0,none,20,any,en,0,organic
L02684,2025-12-23,Z15,install,0,1,0,26.0,emergency,20,any,ro,0,paid_search
L01961,2025-12-23,Z07,install,1,1,1,32.0,none,10,any,en,0,paid_search
L02793,2025-12-23,Z14,install,1,1,0,28.0,deadline,40,any,ur,0,paid_search
L01320,2025-12-23,Z02,install,0,0,0,34.0,emergency,20,any,en,0,paid_search
L00417,2025-12-23,Z25,repair,1,1,0,39.0,none,20,any,en,0,organic
L01786,2025-12-23,Z03,install,0,0,1,39.0,none,10,any,en,0,organic
L02945,2025-12-23,Z16,install,0,0,1,32.0,none,20,any,ro,0,referral
L01224,2025-12-23,Z02,repair,1,1,1,35.0,deadline,20,any,en,0,paid_search
L00726,2025-12-24,Z29,install,1,1,1,46.0,emergency,20,F,ur,0,organic
L00345,2025-12-24,Z11,repair,1,0,0,37.0,none,10,any,en,0,organic
L00007,2025-12-24,Z01,repair,1,1,0,44.0,none,20,any,ur,1,organic
L00108,2025-12-24,Z27,install,1,0,1,,deadline,30,any,ur,0,paid_search
L01954,2025-12-24,Z09,repair,0,0,0,38.0,none,20,any,en,0,organic
L00361,2025-12-24,Z03,repair,0,0,1,42.0,none,10,any,ro,0,paid_search
L00438,2025-12-24,Z03,repair,1,1,0,31.0,none,40,any,en,0,organic
L01467,2025-12-24,Z18,install,0,0,1,33.0,emergency,20,any,en,0,paid_search
L00845,2025-12-24,Z07,repair,0,1,0,37.0,deadline,10,any,en,0,paid_search
L02018,2025-12-24,Z02,install,1,1,1,50.0,none,40,any,en,0,paid_search
L02441,2025-12-24,Z13,repair,1,1,0,32.0,none,20,any,ur,0,paid_search
L01281,2025-12-24,Z30,install,0,1,1,51.0,none,10,F,pl,0,paid_search
L01927,2025-12-24,Z06,repair,0,1,1,33.0,emergency,40,any,tr,0,paid_search
L02987,2025-12-24,Z02,repair,1,1,1,31.0,none,30,any,ro,0,paid_search
L02629,2025-12-24,Z30,install,0,1,1,30.0,none,40,F,ro,0,paid_search
L00715,2025-12-24,Z03,install,1,1,1,43.0,none,30,any,en,0,paid_search
L01904,2025-12-24,Z28,install,0,1,0,30.0,none,30,any,en,0,referral
L02112,2025-12-24,Z13,install,1,1,1,32.0,none,10,any,en,0,paid_search
L00172,2025-12-24,Z12,install,1,1,0,35.0,emergency,20,any,en,0,paid_search
L02304,2025-12-24,Z09,install,1,1,1,36.0,none,20,any,en,0,organic
L00285,2025-12-24,Z17,repair,0,1,1,47.0,none,20,any,pl,0,paid_search
L01444,2025-12-24,Z05,repair,0,0,0,31.0,deadline,40,any,ur,0,organic
L02066,2025-12-24,Z19,install,1,1,0,43.0,none,20,any,tr,0,referral
L00436,2025-12-25,Z08,repair,0,1,0,43.0,emergency,40,any,en,0,referral
L02805,2025-12-25,Z08,install,1,0,1,43.0,emergency,20,any,en,0,paid_search
L02384,2025-12-25,Z13,repair,0,1,0,37.0,deadline,40,any,ro,0,paid_search
L02624,2025-12-25,Z14,repair,1,0,1,39.0,none,10,any,pl,0,organic
L01830,2025-12-25,Z20,install,1,1,0,38.0,none,10,any,pl,0,organic
L00583,2025-12-25,Z13,repair,0,1,1,41.0,none,30,any,ur,0,paid_search
L02391,2025-12-25,Z30,install,0,1,1,45.0,deadline,30,F,tr,0,organic
L01692,2025-12-25,Z03,install,1,1,1,29.0,none,40,any,en,0,organic
L00679,2025-12-25,Z25,repair,0,1,1,38.0,none,20,any,ur,0,paid_search
L02437,2025-12-25,Z21,install,1,0,0,42.0,deadline,10,F,en,0,paid_search
L02589,2025-12-25,Z15,install,1,1,1,33.0,none,20,any,en,0,organic
L01364,2025-12-25,Z23,repair,1,1,1,35.0,none,10,any,en,1,paid_search
L01999,2025-12-25,Z20,repair,0,1,1,33.0,emergency,20,any,ur,1,paid_search
L01996,2025-12-25,Z24,repair,0,1,1,33.0,none,10,any,ur,0,paid_search
L02546,2025-12-25,Z25,repair,0,0,1,29.0,none,20,F,en,0,referral
L00304,2025-12-25,Z02,repair,0,0,0,,none,20,any,ur,1,paid_search
L01616,2025-12-25,Z28,repair,0,0,1,38.0,emergency,20,any,en,0,paid_search
L00766,2025-12-25,Z17,install,1,1,0,43.0,deadline,20,any,en,0,paid_search
L02468,2025-12-25,Z24,install,1,1,0,44.0,deadline,40,any,pl,0,paid_search
L01915,2025-12-25,Z26,repair,1,1,1,41.0,none,10,any,ro,0,paid_search
L01906,2025-12-25,Z04,repair,0,0,1,36.0,none,20,F,en,0,organic
L02918,2025-12-25,Z27,install,1,0,1,40.0,none,10,any,ur,0,paid_search
L00228,2025-12-25,Z29,repair,0,1,0,44.0,none,10,any,en,0,organic
L01890,2025-12-25,Z28,install,0,1,1,44.0,emergency,10,any,tr,0,organic
L02293,2025-12-25,Z18,install,1,1,1,43.0,none,30,any,en,0,paid_search
L02272,2025-12-25,Z09,install,0,1,0,42.0,deadline,30,F,ro,0,paid_search
L00376,2025-12-26,Z09,repair,0,1,1,40.0,emergency,10,any,en,0,paid_search
L01977,2025-12-26,Z19,repair,0,0,1,46.0,none,20,any,tr,0,paid_search
L01044,2025-12-26,Z26,install,0,1,0,43.0,deadline,40,any,en,0,organic
L02359,2025-12-26,Z18,repair,0,0,0,34.0,none,10,F,ur,0,paid_search
L02584,2025-12-26,Z09,repair,0,0,1,43.0,deadline,40,any,en,0,referral
L01580,2025-12-26,Z28,install,1,1,1,34.0,none,30,any,pl,1,paid_search
L02626,2025-12-26,Z19,repair,1,1,0,44.0,deadline,40,any,ur,0,paid_search
L02063,2025-12-26,Z13,repair,1,0,0,36.0,emergency,40,any,en,0,referral
L00943,2025-12-26,Z19,install,1,0,1,47.0,deadline,40,any,en,0,paid_search
L00730,2025-12-26,Z08,repair,0,1,0,,emergency,20,any,en,0,paid_search
L02073,2025-12-26,Z14,repair,0,0,1,34.0,none,20,any,ro,0,paid_search
L01306,2025-12-26,Z12,install,1,0,1,43.0,none,20,any,ro,0,organic
L01714,2025-12-26,Z05,repair,1,1,1,37.0,deadline,30,any,ur,0,paid_search
L01718,2025-12-26,Z09,repair,0,0,0,47.0,deadline,10,any,en,0,paid_search
L02564,2025-12-26,Z27,repair,0,1,1,30.0,none,20,F,en,1,paid_search
L00402,2025-12-26,Z10,install,0,1,1,,none,10,any,en,0,organic
L01723,2025-12-26,Z13,install,1,1,1,32.0,none,40,any,ro,0,paid_search
L02176,2025-12-26,Z24,install,1,1,0,38.0,none,10,any,en,0,paid_search
L02970,2025-12-26,Z24,repair,0,1,1,37.0,none,10,any,ro,0,paid_search
L02616,2025-12-26,Z11,repair,0,1,1,37.0,none,10,F,en,0,referral
L01921,2025-12-26,Z06,install,1,0,1,39.0,none,20,any,ur,0,paid_search
L02753,2025-12-26,Z09,install,1,1,0,41.0,deadline,10,any,ur,0,paid_search
L00229,2025-12-26,Z12,install,0,0,1,47.0,none,10,any,en,0,paid_search
L00661,2025-12-26,Z14,install,1,1,0,35.0,deadline,10,any,en,0,organic
L01867,2025-12-26,Z02,repair,0,1,1,42.0,none,20,F,en,1,paid_search
L02995,2025-12-26,Z26,install,0,0,0,36.0,none,20,F,en,0,organic
L00975,2025-12-26,Z10,repair,1,1,1,43.0,none,30,any,en,0,paid_search
L00147,2025-12-26,Z16,install,0,1,1,31.0,none,20,any,tr,0,paid_search
L00956,2025-12-26,Z15,repair,0,1,1,41.0,none,10,any,ur,0,organic
L00349,2025-12-26,Z03,install,1,1,0,34.0,deadline,20,any,tr,0,organic
L01186,2025-12-26,Z17,repair,0,0,0,34.0,none,30,any,tr,0,paid_search
L00424,2025-12-26,Z30,repair,0,0,1,31.0,none,30,any,ur,1,paid_search
L01792,2025-12-26,Z25,install,0,0,1,46.0,none,20,any,en,0,paid_search
L00057,2025-12-26,Z14,install,0,0,1,45.0,none,10,any,ro,0,paid_search
L02059,2025-12-27,Z22,repair,0,0,1,35.0,none,20,any,en,0,referral
L00735,2025-12-27,Z23,install,0,1,1,37.0,none,20,any,en,0,paid_search
L00696,2025-12-27,Z29,install,0,0,0,50.0,none,20,any,ro,0,organic
L02940,2025-12-27,Z04,repair,0,1,0,33.0,deadline,40,F,en,0,organic
L00926,2025-12-27,Z10,install,1,0,0,40.0,deadline,30,any,en,0,paid_search
L01984,2025-12-27,Z22,install,1,0,0,44.0,none,20,any,tr,0,paid_search
L00922,2025-12-27,Z30,repair,0,1,0,51.0,none,20,any,ur,0,organic
L02153,2025-12-27,Z30,repair,1,1,1,39.0,emergency,20,any,tr,0,organic
L00762,2025-12-27,Z10,install,0,1,1,33.0,none,20,any,tr,0,paid_search
L01004,2025-12-27,Z04,repair,0,1,0,37.0,deadline,30,any,tr,0,paid_search
L00166,2025-12-27,Z12,repair,0,1,1,,deadline,20,any,en,0,organic
L00897,2025-12-27,Z14,install,0,1,1,38.0,deadline,20,any,pl,0,paid_search
L02343,2025-12-27,Z27,install,1,0,0,33.0,none,20,any,en,0,organic
L02974,2025-12-27,Z29,install,0,1,0,50.0,none,10,any,en,1,paid_search
L02609,2025-12-27,Z16,repair,1,1,1,39.0,deadline,10,any,tr,0,paid_search
L01078,2025-12-27,Z12,install,0,0,0,44.0,none,40,any,en,0,paid_search
L01294,2025-12-27,Z19,install,0,0,1,31.0,deadline,10,any,en,0,paid_search
L01120,2025-12-27,Z02,install,0,1,0,34.0,deadline,10,any,en,0,organic
L01543,2025-12-27,UNKNOWN,repair,0,0,1,40.0,deadline,20,any,pl,0,paid_search
L01520,2025-12-27,Z27,repair,1,1,1,54.0,none,20,any,tr,0,paid_search
L01406,2025-12-27,Z24,repair,1,1,1,36.0,none,10,any,en,0,paid_search
L00888,2025-12-28,Z12,repair,1,0,0,39.0,deadline,10,any,ro,0,organic
L01697,2025-12-28,UNKNOWN,install,1,1,1,36.0,none,20,any,en,0,organic
L00759,2025-12-28,Z16,install,1,1,0,30.0,none,10,any,ro,0,referral
L01631,2025-12-28,UNKNOWN,repair,1,0,0,40.0,deadline,20,F,en,0,organic
L00099,2025-12-28,Z21,repair,0,0,0,33.0,deadline,20,any,en,0,paid_search
L00369,2025-12-28,Z25,install,0,0,0,45.0,none,30,any,pl,0,paid_search
L00055,2025-12-28,Z18,repair,0,1,0,35.0,emergency,10,any,ro,0,paid_search
L02380,2025-12-28,Z28,repair,1,1,1,46.0,none,40,any,en,0,organic
L02265,2025-12-28,Z06,install,0,1,1,32.0,none,10,any,pl,0,paid_search
L00382,2025-12-28,Z28,install,1,1,0,27.0,none,20,any,ro,0,organic
L02386,2025-12-28,Z30,install,1,1,1,,none,20,any,en,1,organic
L01626,2025-12-28,Z02,repair,0,1,0,39.0,deadline,20,any,ro,0,paid_search
L02406,2025-12-28,Z24,repair,0,0,0,37.0,deadline,20,any,en,0,organic
L01891,2025-12-28,Z23,repair,0,1,0,29.0,deadline,30,any,en,1,paid_search
L00258,2025-12-28,Z21,install,1,1,1,41.0,deadline,40,any,en,0,referral
L00149,2025-12-28,UNKNOWN,repair,0,0,1,30.0,none,30,any,en,0,paid_search
L01416,2025-12-28,Z24,install,0,1,1,28.0,none,10,any,ur,0,paid_search
L00419,2025-12-28,Z26,install,0,0,0,28.0,emergency,30,any,en,0,organic
L01739,2025-12-28,Z22,install,1,0,1,33.0,none,10,any,pl,0,organic
L01625,2025-12-28,Z27,install,0,1,1,29.0,deadline,40,F,en,1,paid_search
L01578,2025-12-28,Z13,repair,0,1,1,46.0,emergency,20,any,tr,0,paid_search
L02476,2025-12-28,Z05,repair,0,0,1,28.0,none,10,any,ro,0,paid_search
L01098,2025-12-28,Z15,repair,0,0,0,41.0,none,20,any,ur,0,organic
L02949,2025-12-28,Z09,install,1,0,1,32.0,deadline,30,any,en,0,paid_search
L02187,2025-12-29,Z24,install,0,1,0,40.0,deadline,20,any,en,1,paid_search
L01676,2025-12-29,Z26,install,0,1,1,40.0,none,20,any,tr,0,paid_search
L02694,2025-12-29,Z24,repair,0,1,1,41.0,deadline,20,any,tr,0,paid_search
L00460,2025-12-29,Z20,repair,0,1,0,51.0,deadline,40,any,en,0,paid_search
L02301,2025-12-29,Z24,install,0,1,1,34.0,none,20,F,en,0,paid_search
L02298,2025-12-29,Z16,install,0,1,1,42.0,none,40,any,en,0,organic
L00377,2025-12-29,Z30,repair,1,0,1,38.0,deadline,20,any,tr,0,referral
L02932,2025-12-29,Z17,repair,0,1,0,38.0,none,20,any,ro,0,paid_search
L01799,2025-12-29,Z05,repair,1,1,0,30.0,deadline,30,any,pl,0,organic
L01802,2025-12-29,Z16,repair,0,1,0,30.0,none,30,any,ro,0,paid_search
L02653,2025-12-29,Z22,install,0,0,0,41.0,none,10,any,tr,0,referral
L01570,2025-12-29,Z23,install,1,1,0,39.0,deadline,10,any,en,0,organic
L00264,2025-12-29,Z03,repair,0,1,0,32.0,none,10,any,ur,0,organic
L02969,2025-12-29,Z03,repair,0,1,0,44.0,none,20,any,en,0,organic
L01689,2025-12-29,Z28,install,1,1,1,20.0,none,10,any,ro,0,paid_search
L02020,2025-12-29,Z06,repair,0,0,1,33.0,none,30,any,pl,0,paid_search
L02649,2025-12-29,Z09,repair,1,1,1,36.0,none,20,any,en,0,paid_search
L00502,2025-12-29,Z07,repair,1,1,1,29.0,none,40,any,en,0,paid_search
L02730,2025-12-29,Z02,install,0,0,1,52.0,none,20,any,en,0,organic
L01038,2025-12-29,Z03,install,1,0,0,34.0,none,20,any,en,0,organic
L02602,2025-12-29,Z21,install,0,1,0,29.0,none,40,F,en,0,paid_search
L00560,2025-12-29,Z18,install,0,1,1,37.0,none,30,any,en,0,organic
L01736,2025-12-29,Z29,repair,0,0,0,36.0,none,20,any,en,0,paid_search
L01839,2025-12-29,Z22,install,0,1,1,39.0,none,20,any,tr,0,organic
L02514,2025-12-29,Z02,install,1,1,0,37.0,none,10,any,en,0,paid_search
L00859,2025-12-29,Z30,repair,1,1,0,44.0,none,20,any,pl,0,paid_search
L02271,2025-12-29,Z11,repair,0,1,1,41.0,none,30,any,ro,0,paid_search
L02420,2025-12-29,Z16,install,1,1,1,32.0,deadline,30,any,ur,0,referral
L01425,2025-12-30,Z30,repair,1,0,0,44.0,none,20,any,tr,0,paid_search
L01138,2025-12-30,Z28,repair,0,1,1,34.0,emergency,20,any,pl,0,paid_search
L02787,2025-12-30,Z30,install,0,1,0,,emergency,10,any,ro,1,paid_search
L02205,2025-12-30,Z18,repair,1,1,1,34.0,none,30,F,en,1,paid_search
L00371,2025-12-30,Z24,repair,1,0,1,42.0,deadline,10,any,en,0,organic
L02674,2025-12-30,Z29,install,0,1,0,41.0,emergency,20,F,en,0,organic
L02965,2025-12-30,Z14,install,0,0,0,28.0,none,10,any,en,0,paid_search
L02998,2025-12-30,Z20,repair,1,0,1,36.0,none,30,any,en,0,organic
L02136,2025-12-30,Z05,repair,1,0,0,50.0,none,10,any,en,0,paid_search
L00056,2025-12-30,Z14,install,0,1,0,32.0,none,20,any,en,0,paid_search
L01542,2025-12-30,Z26,repair,0,0,0,37.0,deadline,20,any,en,0,organic
L01851,2025-12-30,Z29,install,0,1,1,43.0,none,20,any,en,0,paid_search
L00013,2025-12-30,Z01,install,0,0,0,36.0,deadline,20,any,ur,0,paid_search
L02336,2025-12-30,Z22,repair,1,1,0,37.0,emergency,20,any,en,1,organic
L01343,2025-12-30,Z30,repair,1,1,1,42.0,deadline,10,any,ur,1,organic
L00544,2025-12-30,Z18,repair,0,1,1,31.0,none,20,any,ur,0,organic
L00353,2025-12-30,Z05,install,1,0,1,,none,10,any,en,0,paid_search
L01817,2025-12-30,Z22,repair,0,0,1,44.0,none,20,any,tr,0,paid_search
L01755,2025-12-30,Z11,install,1,1,1,41.0,none,30,any,tr,0,paid_search
L02671,2025-12-31,Z16,install,1,0,1,33.0,none,20,any,en,0,organic
L00857,2025-12-31,Z12,repair,1,1,1,42.0,deadline,30,any,en,0,organic
L02690,2025-12-31,Z10,repair,1,1,0,51.0,none,10,any,pl,0,paid_search
L00277,2025-12-31,Z29,install,0,1,0,,deadline,30,any,pl,0,paid_search
L02235,2025-12-31,Z28,repair,1,1,0,36.0,none,30,any,ro,0,organic
L01592,2025-12-31,Z29,install,0,0,1,42.0,none,30,any,tr,1,paid_search
L01246,2025-12-31,Z13,install,1,1,0,,deadline,20,F,ur,1,referral
L01251,2025-12-31,Z11,install,0,1,1,35.0,deadline,10,any,en,0,paid_search
L00383,2025-12-31,Z14,repair,1,1,1,38.0,none,20,any,en,0,paid_search
L01147,2025-12-31,Z04,install,1,1,1,44.0,none,10,any,en,0,organic
L01130,2025-12-31,Z03,install,1,0,1,31.0,none,20,any,en,0,paid_search
L02702,2025-12-31,Z10,repair,0,1,1,42.0,none,20,any,ur,0,organic
L01514,2025-12-31,Z05,install,0,0,0,32.0,none,10,F,en,0,paid_search
L00929,2025-12-31,Z29,repair,0,1,0,39.0,emergency,20,any,en,0,paid_search
L02835,2025-12-31,Z20,install,0,0,1,40.0,none,40,any,en,0,paid_search
L02748,2025-12-31,Z22,install,1,0,1,46.0,deadline,10,any,ur,0,paid_search
L00192,2025-12-31,UNKNOWN,repair,0,1,0,37.0,none,30,any,ur,0,organic
L02219,2025-12-31,Z20,install,1,1,1,37.0,none,30,any,en,0,organic
L02523,2025-12-31,Z27,install,1,0,0,42.0,deadline,40,any,en,0,paid_search
L00511,2025-12-31,Z06,install,0,0,1,,none,30,any,en,0,organic
L00838,2025-12-31,Z01,repair,0,1,1,,none,20,any,tr,0,paid_search
L00182,2025-12-31,Z27,repair,0,1,1,42.0,none,30,any,en,0,referral
L02131,2025-12-31,Z08,install,1,1,1,31.0,deadline,20,any,pl,0,paid_search
L02213,2025-12-31,Z18,install,1,1,0,38.0,none,20,any,en,0,paid_search
L02639,2025-12-31,Z16,install,0,0,1,38.0,deadline,10,any,en,0,paid_search
L01804,2025-12-31,Z04,repair,1,1,1,,none,20,any,en,0,paid_search
L01595,2026-01-01,Z10,install,1,0,0,36.0,deadline,10,any,ro,0,referral
L00587,2026-01-01,Z06,repair,1,1,0,42.0,none,10,any,pl,0,paid_search
L00851,2026-01-01,Z18,install,1,0,1,36.0,none,20,any,pl,0,organic
L01632,2026-01-01,Z26,install,0,1,1,47.0,none,20,any,ur,0,organic
L01319,2026-01-01,Z29,repair,1,1,0,40.0,none,40,any,en,0,paid_search
L01020,2026-01-01,Z12,repair,1,1,0,36.0,none,20,any,en,0,paid_search
L02926,2026-01-01,Z08,repair,1,0,0,36.0,emergency,20,any,en,0,referral
L02074,2026-01-01,Z04,install,1,1,1,33.0,deadline,30,any,en,0,paid_search
L02608,2026-01-01,Z02,repair,0,0,0,31.0,deadline,10,any,pl,0,paid_search
L00026,2026-01-01,Z19,repair,1,1,0,46.0,deadline,20,any,ro,0,paid_search
L01845,2026-01-01,Z21,repair,0,1,1,39.0,deadline,30,any,en,0,referral
L02277,2026-01-01,Z05,install,1,1,0,31.0,none,30,any,ur,0,paid_search
L01537,2026-01-01,Z24,install,0,0,1,38.0,none,10,F,ro,0,paid_search
L02561,2026-01-01,Z09,install,0,1,0,32.0,none,20,any,en,0,organic
L02982,2026-01-01,Z14,install,0,1,1,51.0,deadline,20,any,ur,0,organic
L01634,2026-01-01,Z03,install,0,0,0,37.0,deadline,20,any,en,0,paid_search
L02825,2026-01-01,Z14,repair,0,1,1,34.0,none,20,any,tr,0,organic
L01231,2026-01-01,Z09,repair,0,0,1,37.0,none,30,any,ur,0,paid_search
L01741,2026-01-01,Z23,install,0,0,0,37.0,none,20,any,en,0,organic
L02811,2026-01-01,UNKNOWN,repair,1,1,1,48.0,none,30,any,pl,0,paid_search
L01013,2026-01-01,Z16,install,0,0,0,32.0,none,20,any,tr,0,organic
L00957,2026-01-01,Z26,repair,1,1,0,21.0,none,10,any,tr,0,paid_search
L00690,2026-01-01,Z23,repair,0,1,1,44.0,none,40,any,ro,0,paid_search
L02506,2026-01-02,Z13,install,1,0,0,34.0,deadline,20,any,en,0,referral
L00083,2026-01-02,Z06,install,0,1,0,40.0,none,20,any,ro,1,referral
L02138,2026-01-02,Z01,repair,0,1,1,35.0,none,40,F,en,1,organic
L02820,2026-01-02,Z09,install,1,1,1,,deadline,20,any,en,0,paid_search
L00321,2026-01-02,Z07,install,1,0,1,28.0,none,10,any,en,0,referral
L02492,2026-01-02,Z01,repair,0,0,1,33.0,emergency,10,any,en,0,organic
L00645,2026-01-02,Z30,repair,1,0,1,43.0,none,30,any,en,0,referral
L00092,2026-01-02,Z09,repair,1,0,1,44.0,none,10,any,tr,0,paid_search
L02058,2026-01-02,Z10,repair,0,1,0,,deadline,20,any,en,0,paid_search
L02920,2026-01-02,Z16,install,1,1,1,37.0,none,10,any,en,0,organic
L01526,2026-01-02,Z23,install,0,1,1,30.0,deadline,20,any,ur,0,organic
L00348,2026-01-02,Z25,install,1,0,1,,none,20,any,ur,0,paid_search
L02467,2026-01-02,Z25,repair,0,1,1,35.0,none,20,any,ur,0,referral
L01382,2026-01-02,Z23,repair,1,0,1,32.0,none,40,any,en,0,organic
L02971,2026-01-02,Z03,install,0,1,1,30.0,none,20,any,pl,0,organic
L02208,2026-01-02,Z17,repair,1,1,1,27.0,deadline,10,any,en,0,paid_search
L00863,2026-01-02,Z06,repair,1,1,0,41.0,deadline,10,any,en,0,paid_search
L02938,2026-01-02,Z11,repair,0,1,0,41.0,deadline,10,any,tr,0,paid_search
L01621,2026-01-02,Z13,repair,0,1,1,42.0,none,30,any,tr,0,paid_search
L00613,2026-01-02,Z23,install,0,1,0,37.0,emergency,20,any,en,0,organic
L00586,2026-01-02,Z14,install,0,0,0,45.0,none,40,any,ur,0,paid_search
L00235,2026-01-02,Z25,repair,0,1,0,36.0,none,40,any,ro,0,organic
L02881,2026-01-02,Z20,install,0,0,0,42.0,none,20,any,ur,0,paid_search
L00396,2026-01-02,Z23,repair,0,1,1,27.0,none,20,F,pl,0,organic
L00459,2026-01-02,Z01,repair,0,1,0,39.0,none,10,any,en,0,paid_search
L00808,2026-01-02,Z11,install,0,1,1,33.0,deadline,30,any,en,0,paid_search
L01837,2026-01-02,Z03,install,0,1,1,32.0,deadline,10,any,ur,0,paid_search
L02892,2026-01-03,Z22,install,0,0,0,42.0,none,10,F,tr,0,paid_search
L02925,2026-01-03,Z11,repair,0,1,1,45.0,emergency,20,any,en,0,organic
L01729,2026-01-03,Z13,repair,0,1,0,39.0,none,10,any,ur,0,paid_search
L02950,2026-01-03,Z07,repair,1,0,0,38.0,none,10,any,pl,0,paid_search
L01124,2026-01-03,Z09,repair,0,1,1,32.0,emergency,20,any,en,0,organic
L02828,2026-01-03,Z12,repair,1,0,0,27.0,none,10,any,pl,0,referral
L02078,2026-01-03,Z17,repair,1,0,0,35.0,emergency,20,any,en,0,paid_search
L00640,2026-01-03,Z05,install,0,0,1,45.0,emergency,10,any,en,0,organic
L02719,2026-01-03,Z22,repair,1,0,0,39.0,deadline,20,any,en,0,paid_search
L01633,2026-01-03,Z01,repair,1,1,1,43.0,none,10,any,tr,0,paid_search
L00744,2026-01-03,Z14,install,1,0,0,37.0,none,20,any,en,0,paid_search
L00699,2026-01-03,Z25,install,1,1,1,,none,20,any,en,0,organic
L02240,2026-01-03,Z23,repair,1,0,1,45.0,none,20,any,ro,0,organic
L00041,2026-01-03,Z28,repair,0,0,1,43.0,none,20,F,ro,0,paid_search
L00080,2026-01-03,Z08,install,0,1,1,57.0,none,20,any,en,0,organic
L02732,2026-01-03,Z25,install,0,0,0,39.0,none,40,any,pl,0,paid_search
L01099,2026-01-03,Z23,repair,0,0,0,38.0,none,20,any,en,0,paid_search
L00755,2026-01-03,Z08,repair,1,1,1,38.0,none,10,any,pl,0,organic
L02539,2026-01-04,Z24,install,0,1,1,45.0,none,40,any,ro,0,paid_search
L00221,2026-01-04,Z24,install,1,1,0,29.0,none,20,F,tr,0,organic
L01094,2026-01-04,Z05,install,1,1,0,34.0,none,20,any,en,0,paid_search
L01764,2026-01-04,Z17,repair,0,1,1,39.0,none,30,any,ur,0,organic
L01188,2026-01-04,Z21,repair,1,0,1,31.0,emergency,20,any,en,0,paid_search
L02838,2026-01-04,Z02,repair,0,1,0,51.0,none,20,any,pl,0,organic
L01293,2026-01-04,Z04,repair,0,0,0,36.0,none,20,any,ro,0,paid_search
L01162,2026-01-04,Z02,repair,0,0,1,24.0,deadline,10,any,en,1,organic
L02185,2026-01-04,Z03,repair,1,0,0,40.0,none,20,any,en,1,paid_search
L01930,2026-01-04,Z17,install,1,0,0,,none,20,any,en,0,paid_search
L00557,2026-01-04,Z17,repair,0,1,1,,none,30,any,ur,0,referral
L00607,2026-01-04,Z05,install,0,1,0,31.0,none,10,F,pl,0,organic
L01511,2026-01-04,Z26,repair,0,1,0,37.0,deadline,20,any,en,0,referral
L02572,2026-01-04,Z08,install,1,1,0,44.0,emergency,20,any,en,0,paid_search
L02568,2026-01-04,Z03,install,0,0,0,,emergency,20,any,ur,0,organic
L00842,2026-01-04,Z01,install,0,1,1,50.0,none,30,F,pl,0,paid_search
L00473,2026-01-04,Z24,install,0,1,1,28.0,none,10,any,en,0,organic
L02091,2026-01-04,Z30,repair,0,0,0,47.0,none,20,any,en,1,organic
L01748,2026-01-04,Z18,install,1,0,1,44.0,none,20,any,en,0,paid_search
L00588,2026-01-04,Z21,repair,0,1,1,37.0,none,30,any,en,1,paid_search
L00081,2026-01-04,Z24,repair,1,0,1,43.0,none,40,any,en,0,paid_search
L02863,2026-01-04,Z20,install,0,1,1,,none,20,F,en,0,paid_search
L02817,2026-01-04,Z01,repair,0,0,1,33.0,deadline,20,any,en,1,paid_search
L00102,2026-01-04,Z29,repair,1,0,0,32.0,none,30,any,ur,1,organic
L00423,2026-01-04,Z16,repair,0,1,1,34.0,none,20,any,ro,0,organic
L01656,2026-01-04,Z16,repair,0,0,1,42.0,none,30,any,ur,0,organic
L01942,2026-01-04,Z18,repair,0,1,1,37.0,emergency,10,any,ro,0,organic
L02750,2026-01-04,Z15,install,1,1,1,32.0,deadline,40,any,en,0,paid_search
L00028,2026-01-04,Z14,repair,0,1,0,38.0,deadline,30,any,en,1,organic
L02237,2026-01-05,Z22,repair,1,0,0,45.0,none,30,F,ur,0,paid_search
L01593,2026-01-05,Z29,repair,0,0,0,49.0,deadline,20,any,tr,0,organic
L00884,2026-01-05,Z12,install,0,1,0,31.0,emergency,30,any,pl,0,paid_search
L01156,2026-01-05,Z17,repair,1,1,1,43.0,deadline,10,F,ur,0,paid_search
L01596,2026-01-05,Z27,install,1,0,0,37.0,none,20,any,tr,0,organic
L02192,2026-01-05,Z13,install,0,1,1,43.0,none,20,any,tr,0,paid_search
L01362,2026-01-05,Z29,repair,0,1,1,44.0,none,10,any,en,0,paid_search
L02215,2026-01-05,Z13,install,1,1,0,,none,20,any,en,0,paid_search
L00976,2026-01-05,Z05,install,0,1,0,44.0,deadline,10,any,pl,0,paid_search
L01409,2026-01-05,Z19,repair,1,0,1,39.0,none,10,any,ur,0,paid_search
L00355,2026-01-05,Z13,repair,0,0,1,35.0,none,10,F,tr,0,paid_search
L01155,2026-01-05,Z24,repair,0,1,0,33.0,deadline,10,any,ro,0,organic
L00133,2026-01-05,Z13,install,1,1,0,37.0,none,20,any,en,0,paid_search
L00022,2026-01-05,Z21,install,1,0,1,36.0,none,40,any,en,0,paid_search
L01813,2026-01-05,Z18,install,0,0,0,39.0,none,10,any,en,1,paid_search
L02815,2026-01-05,Z25,repair,0,1,1,42.0,none,30,any,en,1,paid_search
L02225,2026-01-05,Z19,repair,0,1,1,43.0,none,20,any,ur,0,paid_search
L01420,2026-01-05,Z05,install,0,1,1,33.0,none,20,any,en,0,paid_search
L02525,2026-01-05,Z10,repair,0,1,1,21.0,deadline,20,any,en,0,paid_search
L01912,2026-01-05,Z30,install,1,0,1,34.0,none,20,any,en,0,organic
L02264,2026-01-05,Z04,install,1,1,1,36.0,none,10,any,ur,0,paid_search
L01310,2026-01-05,Z27,repair,0,1,1,38.0,none,30,any,ro,0,organic
L00308,2026-01-05,Z10,repair,1,1,0,36.0,deadline,10,any,tr,0,paid_search
L02404,2026-01-05,Z06,repair,1,0,0,35.0,emergency,20,any,tr,0,paid_search
L02731,2026-01-05,Z23,repair,0,1,1,45.0,none,10,any,ro,0,organic
L01473,2026-01-05,Z05,install,0,1,1,33.0,none,30,any,en,0,referral
L01399,2026-01-05,Z09,install,0,1,1,34.0,none,20,F,ro,0,organic
L01945,2026-01-05,Z17,install,1,1,1,47.0,none,40,any,en,0,organic
L00849,2026-01-05,Z15,repair,0,1,1,41.0,none,20,any,tr,0,paid_search
L02975,2026-01-05,Z17,install,0,0,1,42.0,deadline,40,any,en,0,organic
L01137,2026-01-06,Z17,repair,1,1,1,44.0,none,20,any,en,0,organic
L00962,2026-01-06,Z11,install,0,1,0,35.0,none,30,F,tr,0,paid_search
L02465,2026-01-06,Z22,repair,0,1,1,31.0,deadline,20,any,tr,0,paid_search
L00711,2026-01-06,Z29,repair,1,1,1,29.0,none,10,any,tr,0,paid_search
L01884,2026-01-06,Z06,repair,1,0,0,34.0,none,30,any,en,0,paid_search
L02114,2026-01-06,Z07,install,1,0,0,42.0,none,10,any,pl,0,referral
L02553,2026-01-06,Z25,repair,1,1,1,,emergency,10,F,pl,0,paid_search
L01235,2026-01-06,UNKNOWN,install,1,0,1,29.0,none,30,any,en,0,paid_search
L00467,2026-01-06,Z26,repair,0,1,1,38.0,deadline,20,any,pl,1,paid_search
L00821,2026-01-06,Z07,repair,1,1,1,33.0,none,20,any,en,0,organic
L02062,2026-01-06,Z02,repair,1,1,0,36.0,none,20,any,en,0,paid_search
L02170,2026-01-06,Z20,install,1,1,0,49.0,none,20,any,pl,0,referral
L00280,2026-01-06,Z27,install,1,1,1,41.0,deadline,10,any,pl,0,referral
L02660,2026-01-06,Z18,install,0,1,1,36.0,none,10,any,ur,1,organic
L00514,2026-01-06,Z10,repair,0,1,0,45.0,none,20,F,pl,0,paid_search
L01057,2026-01-06,Z01,install,1,1,0,39.0,deadline,20,any,ro,0,paid_search
L02478,2026-01-06,Z15,repair,0,0,1,42.0,emergency,40,any,pl,0,paid_search
L02034,2026-01-06,Z13,repair,1,1,0,40.0,none,20,any,ur,0,organic
L02501,2026-01-07,Z02,install,0,0,0,40.0,none,10,any,en,0,organic
L01995,2026-01-07,Z08,repair,0,1,1,36.0,emergency,10,any,ur,0,paid_search
L02621,2026-01-07,Z13,install,0,1,0,40.0,deadline,30,any,tr,0,paid_search
L01774,2026-01-07,Z28,install,1,1,0,39.0,none,10,any,en,0,organic
L00923,2026-01-07,Z24,repair,0,1,1,33.0,none,10,any,en,0,paid_search
L02842,2026-01-07,Z24,install,0,0,0,40.0,none,20,F,tr,0,organic
L01562,2026-01-07,Z08,repair,0,0,1,42.0,none,20,F,en,0,organic
L01266,2026-01-07,Z07,install,1,0,1,53.0,none,40,any,en,0,paid_search
L01377,2026-01-07,UNKNOWN,install,0,1,1,43.0,deadline,20,F,ro,0,paid_search
L01374,2026-01-07,Z15,install,0,1,1,40.0,none,20,any,ro,0,paid_search
L02095,2026-01-07,Z19,install,0,1,0,36.0,none,20,any,tr,1,organic
L01670,2026-01-07,Z21,repair,0,1,1,37.0,none,20,any,pl,0,paid_search
L00148,2026-01-07,Z27,install,0,1,0,53.0,deadline,10,any,en,0,paid_search
L00548,2026-01-07,Z27,repair,0,0,0,32.0,none,30,any,ro,0,paid_search
L02191,2026-01-07,Z21,repair,1,0,1,35.0,none,20,any,en,0,paid_search
L01345,2026-01-07,Z13,repair,1,1,1,30.0,deadline,10,any,ur,0,paid_search
L00516,2026-01-07,Z17,install,0,0,1,40.0,none,20,any,ro,0,organic
L01503,2026-01-07,Z11,repair,1,0,0,48.0,none,40,any,ro,0,organic
L01144,2026-01-07,Z05,repair,0,1,0,41.0,emergency,20,any,en,0,paid_search
L02451,2026-01-07,Z01,install,1,0,1,,none,30,any,ur,0,paid_search
L00128,2026-01-07,Z16,repair,1,1,0,30.0,none,20,any,ro,1,paid_search
L02328,2026-01-08,Z30,install,0,1,1,35.0,none,10,any,en,0,paid_search
L01776,2026-01-08,Z01,install,0,0,0,,none,30,any,en,0,paid_search
L00227,2026-01-08,Z29,install,0,0,0,47.0,deadline,10,any,ur,0,paid_search
L02715,2026-01-08,Z28,install,1,0,0,32.0,deadline,20,any,en,0,organic
L02016,2026-01-08,Z05,repair,1,1,1,56.0,deadline,20,any,ur,0,paid_search
L01275,2026-01-08,Z19,repair,0,1,1,36.0,deadline,20,any,en,0,organic
L02899,2026-01-08,Z02,install,0,1,1,52.0,none,30,any,ro,0,paid_search
L02444,2026-01-08,Z15,install,1,0,0,47.0,none,10,any,pl,1,paid_search
L00753,2026-01-08,Z20,install,1,0,1,37.0,deadline,10,any,ro,0,organic
L01848,2026-01-08,Z27,repair,0,1,0,34.0,none,10,any,ro,0,referral
L01903,2026-01-08,Z16,repair,0,0,0,39.0,none,20,any,en,0,organic
L00702,2026-01-08,Z22,repair,0,1,0,40.0,deadline,20,any,tr,0,paid_search
L01829,2026-01-08,Z29,repair,0,1,0,25.0,none,30,any,ro,0,referral
L02287,2026-01-08,Z05,repair,0,0,0,40.0,deadline,40,F,en,0,organic
L00271,2026-01-08,Z12,install,0,1,0,31.0,none,20,any,en,0,organic
L02229,2026-01-08,Z15,install,1,1,1,46.0,none,10,any,en,0,paid_search
L01378,2026-01-08,Z22,install,0,1,0,44.0,emergency,10,any,ro,0,organic
L00394,2026-01-08,Z16,repair,0,0,1,33.0,deadline,30,any,en,0,referral
L02260,2026-01-08,Z11,install,0,1,1,36.0,none,20,any,en,0,organic
L00021,2026-01-08,Z02,repair,0,0,1,45.0,none,20,any,ur,0,referral
L01270,2026-01-08,Z21,install,0,1,0,33.0,deadline,40,any,en,0,paid_search
L02904,2026-01-08,Z16,repair,0,0,1,27.0,emergency,20,F,pl,0,organic
L01877,2026-01-08,Z14,repair,0,1,0,38.0,none,10,any,pl,0,paid_search
L01421,2026-01-08,Z22,install,0,1,1,39.0,deadline,40,any,pl,0,referral
L02049,2026-01-09,Z22,repair,1,0,0,31.0,deadline,40,any,tr,0,organic
L02466,2026-01-09,UNKNOWN,repair,0,1,1,38.0,none,20,F,ur,0,paid_search
L00072,2026-01-09,Z04,repair,0,0,1,35.0,none,30,any,en,1,paid_search
L02161,2026-01-09,Z15,repair,0,1,1,43.0,none,10,any,en,0,organic
L01005,2026-01-09,Z23,install,1,1,1,38.0,emergency,30,any,ro,0,referral
L02575,2026-01-09,Z02,repair,0,1,1,41.0,none,30,any,tr,0,paid_search
L01673,2026-01-09,Z26,repair,1,1,1,33.0,none,20,any,pl,0,paid_search
L01944,2026-01-09,Z07,install,0,0,1,41.0,deadline,30,any,tr,0,paid_search
L00067,2026-01-09,Z20,install,1,0,1,32.0,deadline,20,any,tr,0,paid_search
L00653,2026-01-09,Z18,repair,0,0,1,43.0,none,20,any,tr,0,paid_search
L01397,2026-01-09,Z15,repair,1,0,1,38.0,deadline,10,F,pl,0,organic
L02896,2026-01-09,Z06,repair,0,1,1,43.0,emergency,10,any,en,0,paid_search
L01938,2026-01-09,Z23,install,0,1,1,37.0,none,20,any,en,0,organic
L00973,2026-01-09,Z02,install,0,0,0,48.0,none,10,F,en,0,organic
L00533,2026-01-09,Z26,install,1,1,1,44.0,deadline,10,any,ro,0,organic
L00811,2026-01-09,Z10,install,0,0,1,33.0,deadline,10,any,ur,0,organic
L02115,2026-01-09,Z21,repair,0,1,1,41.0,deadline,30,F,en,0,organic
L02128,2026-01-09,Z22,repair,0,0,1,39.0,none,10,any,en,0,paid_search
L01990,2026-01-09,Z04,repair,1,1,1,30.0,none,10,any,pl,0,paid_search
L00752,2026-01-09,Z03,repair,1,1,0,34.0,deadline,10,any,en,0,paid_search
L02431,2026-01-09,Z09,install,0,1,1,41.0,none,20,any,pl,0,paid_search
L02150,2026-01-09,Z29,install,0,1,0,36.0,emergency,10,any,en,0,referral
L00554,2026-01-09,Z30,repair,0,0,1,,deadline,40,any,en,0,paid_search
L01248,2026-01-10,Z20,install,0,0,1,46.0,none,30,F,pl,0,organic
L01635,2026-01-10,Z15,repair,0,1,1,40.0,none,20,any,pl,0,paid_search
L02092,2026-01-10,Z17,install,1,1,0,,none,10,any,tr,0,paid_search
L02490,2026-01-10,Z20,repair,1,1,1,41.0,none,20,any,pl,0,paid_search
L01146,2026-01-10,Z29,repair,0,0,1,44.0,none,10,any,ur,0,organic
L01053,2026-01-10,Z02,install,0,0,1,37.0,none,10,any,en,0,paid_search
L00190,2026-01-10,Z26,repair,0,1,1,33.0,deadline,20,any,en,0,referral
L01888,2026-01-10,Z06,install,0,0,0,29.0,none,30,any,ur,0,paid_search
L01622,2026-01-10,UNKNOWN,repair,0,0,0,42.0,emergency,20,F,tr,0,paid_search
L01801,2026-01-10,Z06,install,0,1,0,32.0,deadline,20,any,pl,0,paid_search
L02121,2026-01-10,Z23,repair,0,0,0,42.0,none,20,F,en,0,paid_search
L00298,2026-01-10,Z15,repair,0,0,1,31.0,deadline,30,any,ur,0,paid_search
L00410,2026-01-10,Z16,repair,1,0,1,46.0,none,20,any,tr,0,referral
L01342,2026-01-10,Z16,install,0,0,0,34.0,deadline,20,any,pl,0,paid_search
L00283,2026-01-10,Z20,install,0,0,0,39.0,none,20,any,en,0,paid_search
L00350,2026-01-10,Z07,repair,1,0,1,39.0,none,20,any,en,0,referral
L00135,2026-01-10,Z15,repair,0,1,0,25.0,deadline,10,any,en,0,organic
L02548,2026-01-10,Z18,repair,1,0,0,38.0,emergency,30,any,ro,0,organic
L02963,2026-01-10,Z18,install,0,1,1,35.0,none,20,any,en,0,paid_search
L01065,2026-01-10,Z22,repair,0,1,1,27.0,emergency,30,any,ur,0,referral
L00428,2026-01-10,Z18,repair,0,0,1,46.0,none,30,any,en,0,organic
L00951,2026-01-10,Z15,install,1,1,1,46.0,none,20,any,pl,0,paid_search
L02178,2026-01-10,Z17,install,1,0,1,29.0,none,10,any,en,0,paid_search
L01691,2026-01-10,Z24,install,1,0,0,40.0,deadline,10,any,ur,0,referral
L00823,2026-01-10,Z30,install,0,1,0,24.0,deadline,20,any,ur,1,organic
L01292,2026-01-11,Z23,repair,0,1,0,40.0,emergency,20,F,ro,0,organic
L02980,2026-01-11,Z25,repair,0,1,1,43.0,emergency,20,any,pl,0,paid_search
L02923,2026-01-11,Z01,install,0,1,1,30.0,deadline,20,any,en,1,paid_search
L01880,2026-01-11,Z06,install,0,0,0,39.0,none,10,any,en,0,organic
L02127,2026-01-11,Z25,install,1,0,0,30.0,deadline,20,any,en,0,paid_search
L02699,2026-01-11,Z11,repair,1,1,1,45.0,deadline,30,any,tr,0,paid_search
L02620,2026-01-11,Z27,repair,0,1,1,35.0,none,20,any,en,0,paid_search
L02586,2026-01-11,Z18,repair,0,0,1,43.0,none,20,any,pl,0,referral
L01490,2026-01-11,Z19,repair,0,0,1,48.0,deadline,20,any,en,0,paid_search
L02023,2026-01-11,Z23,install,0,1,0,35.0,none,10,any,ur,0,referral
L02664,2026-01-11,Z24,repair,1,0,1,38.0,none,20,any,en,0,organic
L00832,2026-01-11,Z05,install,0,1,1,31.0,deadline,10,any,pl,0,paid_search
L02493,2026-01-11,Z16,install,0,0,1,28.0,deadline,10,any,ur,0,organic
L02089,2026-01-11,Z27,install,1,1,0,35.0,none,10,F,ur,0,referral
L00300,2026-01-11,Z11,install,0,0,0,39.0,none,20,any,en,0,organic
L02774,2026-01-11,Z09,install,0,0,0,51.0,none,20,any,en,0,organic
L02992,2026-01-11,Z24,repair,1,1,1,,deadline,20,F,pl,0,paid_search
L01614,2026-01-11,Z12,repair,1,1,0,33.0,emergency,30,any,tr,0,paid_search
L01606,2026-01-11,Z10,repair,1,1,1,39.0,none,20,any,en,0,paid_search
L01365,2026-01-11,Z09,repair,1,1,0,32.0,deadline,40,any,en,0,paid_search
L00910,2026-01-11,UNKNOWN,repair,1,1,0,31.0,none,40,any,tr,0,organic
L00384,2026-01-11,Z10,repair,0,0,1,29.0,none,30,any,pl,0,paid_search
L02559,2026-01-11,Z21,install,0,0,1,45.0,none,30,any,ur,0,paid_search
L01666,2026-01-11,Z09,install,1,0,1,39.0,deadline,20,any,ur,0,paid_search
L02762,2026-01-11,Z05,repair,1,0,0,39.0,deadline,20,any,pl,0,organic
L00319,2026-01-12,Z11,repair,0,1,0,39.0,none,20,F,pl,0,organic
L01645,2026-01-12,Z16,repair,0,1,1,39.0,none,40,any,en,0,organic
L00031,2026-01-12,Z30,repair,1,1,1,30.0,emergency,40,any,en,0,organic
L00761,2026-01-12,Z29,repair,1,1,0,39.0,none,20,F,pl,0,paid_search
L02068,2026-01-12,Z08,repair,1,0,1,35.0,deadline,30,any,en,0,paid_search
L00787,2026-01-12,Z04,repair,1,0,0,31.0,none,10,any,en,0,organic
L00185,2026-01-12,Z17,install,0,1,1,49.0,none,20,F,ro,0,paid_search
L02413,2026-01-12,Z01,install,1,1,1,50.0,none,30,any,tr,1,organic
L02770,2026-01-12,Z04,install,0,1,1,36.0,none,20,any,en,0,paid_search
L00443,2026-01-12,Z08,install,1,1,0,30.0,none,10,any,en,0,paid_search
L02254,2026-01-12,Z19,install,0,1,0,27.0,none,10,any,en,0,organic
L02944,2026-01-12,Z30,repair,1,1,1,37.0,none,30,any,en,0,referral
L00456,2026-01-12,Z15,repair,1,1,0,35.0,none,10,any,pl,0,referral
L01284,2026-01-12,Z02,repair,0,1,0,39.0,none,20,any,pl,0,paid_search
L00225,2026-01-12,Z08,repair,1,1,0,39.0,none,10,any,en,0,organic
L01418,2026-01-13,Z27,repair,0,1,0,46.0,none,40,any,en,0,organic
L00571,2026-01-13,Z18,install,1,1,0,34.0,none,20,any,tr,0,paid_search
L02309,2026-01-13,Z24,repair,0,0,0,48.0,deadline,10,any,tr,1,organic
L01279,2026-01-13,UNKNOWN,repair,0,1,1,26.0,deadline,20,any,en,0,organic
L01303,2026-01-13,Z04,repair,0,0,0,51.0,none,20,any,en,0,paid_search
L00288,2026-01-13,Z25,repair,0,1,0,48.0,none,10,any,ro,0,paid_search
L00561,2026-01-13,Z23,install,1,1,1,34.0,none,40,any,en,0,organic
L00270,2026-01-13,Z23,repair,1,0,0,34.0,none,20,any,en,0,paid_search
L02981,2026-01-13,Z17,repair,1,1,0,46.0,none,20,any,en,0,organic
L01229,2026-01-13,Z28,install,0,0,1,41.0,none,10,any,en,0,paid_search
L00140,2026-01-13,Z14,repair,0,1,0,44.0,none,20,any,ro,0,organic
L01001,2026-01-13,Z06,install,1,0,1,36.0,deadline,20,any,ur,0,paid_search
L00339,2026-01-13,Z19,install,1,1,0,45.0,none,10,any,ur,0,paid_search
L00974,2026-01-13,Z06,repair,0,1,0,39.0,deadline,10,F,ur,0,organic
L00451,2026-01-13,Z26,repair,1,0,1,39.0,none,10,any,en,0,organic
L01003,2026-01-13,Z30,repair,1,0,0,47.0,deadline,20,any,en,0,paid_search
L01535,2026-01-13,Z13,repair,1,1,0,40.0,none,10,any,ro,0,paid_search
L01856,2026-01-13,Z23,repair,0,1,1,31.0,emergency,20,any,en,0,paid_search
L02098,2026-01-13,Z17,repair,1,1,0,45.0,deadline,20,any,ur,0,paid_search
L00463,2026-01-13,Z06,repair,1,0,1,,deadline,20,any,en,0,paid_search
L01793,2026-01-13,Z06,repair,1,1,0,33.0,none,10,any,pl,0,paid_search
L00949,2026-01-13,Z25,repair,1,1,1,39.0,none,20,any,ro,0,organic
L00044,2026-01-13,Z10,install,0,1,0,45.0,none,20,any,en,0,referral
L00260,2026-01-14,Z30,repair,0,0,1,45.0,none,10,any,ro,0,paid_search
L02647,2026-01-14,Z26,install,0,1,0,40.0,none,30,any,en,0,paid_search
L01440,2026-01-14,Z03,repair,1,1,1,39.0,deadline,30,any,ro,0,organic
L01192,2026-01-14,Z07,repair,1,0,1,38.0,deadline,20,any,tr,0,paid_search
L02485,2026-01-14,Z10,repair,0,0,1,28.0,deadline,30,any,ur,0,paid_search
L00386,2026-01-14,Z24,install,0,0,1,38.0,none,30,any,tr,0,organic
L00541,2026-01-14,Z16,install,0,0,0,48.0,deadline,30,F,ro,0,paid_search
L00245,2026-01-14,Z11,repair,1,0,1,38.0,deadline,30,any,en,0,organic
L02530,2026-01-14,Z11,repair,0,1,0,35.0,none,30,any,ro,0,paid_search
L01358,2026-01-14,Z11,install,0,0,0,42.0,deadline,30,any,en,0,paid_search
L00253,2026-01-14,Z03,install,1,0,0,34.0,none,10,any,ur,0,referral
L02794,2026-01-14,Z12,repair,1,1,1,41.0,none,30,any,en,0,organic
L01521,2026-01-14,Z08,repair,0,1,1,24.0,none,40,any,en,0,paid_search
L01773,2026-01-14,Z16,install,0,1,1,46.0,none,10,any,en,0,organic
L00960,2026-01-14,Z30,install,0,1,1,40.0,deadline,10,any,tr,0,paid_search
L01696,2026-01-14,Z13,install,0,1,1,,deadline,20,F,en,0,organic
L02540,2026-01-14,Z12,install,0,0,0,40.0,none,20,any,en,0,paid_search
L01461,2026-01-14,Z20,install,1,0,1,44.0,none,10,any,ur,0,paid_search
L02084,2026-01-14,Z15,repair,0,0,1,29.0,none,10,any,ur,0,paid_search
L02124,2026-01-14,UNKNOWN,install,0,0,1,39.0,none,20,any,en,0,organic
L00553,2026-01-14,Z01,repair,0,1,0,32.0,none,20,any,en,0,organic
L00585,2026-01-14,Z08,install,0,0,0,31.0,emergency,30,any,en,0,paid_search
L02395,2026-01-14,Z25,repair,0,1,1,44.0,none,30,any,en,0,paid_search
L02108,2026-01-14,Z05,repair,0,1,1,42.0,deadline,20,any,ro,0,organic
L00722,2026-01-14,Z30,install,1,1,1,39.0,emergency,20,any,tr,0,organic
L02104,2026-01-14,Z19,install,1,1,1,32.0,none,30,F,pl,0,organic
L02764,2026-01-14,Z13,repair,0,0,1,35.0,none,30,any,ro,0,paid_search
L01873,2026-01-14,Z13,repair,1,1,1,40.0,none,40,F,ur,1,paid_search
L00124,2026-01-15,Z29,install,0,0,0,41.0,none,20,any,en,0,paid_search
L01662,2026-01-15,Z17,repair,0,1,1,40.0,deadline,10,any,pl,0,paid_search
L02814,2026-01-15,Z06,repair,1,1,0,50.0,none,30,any,en,0,paid_search
L00695,2026-01-15,Z15,repair,1,0,1,43.0,none,20,any,en,0,organic
L01185,2026-01-15,Z13,repair,0,1,1,44.0,none,20,any,ro,0,paid_search
L02321,2026-01-15,Z25,repair,1,1,1,36.0,none,20,any,en,0,paid_search
L02874,2026-01-15,Z10,install,1,1,1,38.0,none,10,any,en,0,paid_search
L01683,2026-01-15,Z12,repair,0,0,1,,none,20,any,ro,0,referral
L00179,2026-01-15,Z16,repair,1,1,0,35.0,emergency,10,any,tr,0,organic
L02861,2026-01-15,Z15,repair,0,1,1,41.0,none,20,any,tr,0,paid_search
L02827,2026-01-15,Z16,repair,0,1,1,50.0,none,40,any,en,1,paid_search
L00614,2026-01-15,Z20,install,0,1,0,30.0,none,10,any,pl,0,paid_search
L02055,2026-01-15,Z18,install,1,1,0,41.0,none,40,any,en,0,organic
L02703,2026-01-15,Z17,repair,0,0,1,,none,20,any,ro,0,organic
L01758,2026-01-15,Z03,install,1,0,1,35.0,deadline,10,any,ro,1,organic
L00820,2026-01-15,Z22,install,1,1,1,37.0,deadline,40,F,pl,0,referral
L02080,2026-01-15,Z27,repair,0,1,0,36.0,deadline,20,F,en,0,paid_search
L02408,2026-01-15,Z04,repair,1,1,1,29.0,none,30,F,tr,0,paid_search
L02637,2026-01-15,Z15,install,0,1,1,31.0,none,20,any,tr,0,paid_search
L01924,2026-01-15,Z21,repair,1,1,1,25.0,none,10,any,en,0,paid_search
L01403,2026-01-15,Z10,install,0,0,1,46.0,none,10,F,ur,0,paid_search
L01083,2026-01-15,Z16,repair,0,1,0,36.0,none,20,any,ro,0,organic
L02151,2026-01-15,Z02,install,0,0,0,45.0,none,20,any,en,0,paid_search
L00127,2026-01-15,Z26,install,0,0,0,38.0,none,20,any,pl,0,referral
L02250,2026-01-15,Z19,repair,0,1,0,38.0,none,20,any,ur,0,paid_search
L01518,2026-01-15,Z14,install,0,0,0,32.0,deadline,10,any,pl,0,paid_search
L02377,2026-01-15,Z22,repair,0,1,1,38.0,none,20,any,en,0,referral
L02931,2026-01-16,Z01,install,1,1,0,36.0,deadline,20,any,ro,0,paid_search
L01557,2026-01-16,Z23,repair,0,1,1,29.0,none,20,any,en,0,paid_search
L00282,2026-01-16,Z01,repair,1,0,1,37.0,none,10,any,ur,0,paid_search
L00110,2026-01-16,Z27,repair,1,1,1,39.0,none,20,F,pl,0,paid_search
L02791,2026-01-16,Z19,repair,0,0,1,36.0,none,10,any,pl,0,organic
L02094,2026-01-16,Z02,repair,0,0,0,47.0,none,30,any,en,1,paid_search
L01742,2026-01-16,Z14,install,1,1,1,43.0,none,20,any,en,0,paid_search
L00445,2026-01-16,Z17,repair,0,1,1,43.0,none,20,any,tr,0,paid_search
L01652,2026-01-16,Z06,repair,1,0,0,33.0,deadline,40,any,tr,0,paid_search
L01750,2026-01-16,Z15,repair,0,1,1,35.0,deadline,10,any,ur,0,paid_search
L01471,2026-01-16,Z10,repair,0,0,1,51.0,none,10,any,pl,0,paid_search
L00692,2026-01-16,Z15,repair,1,1,1,34.0,none,30,any,tr,0,organic
L02028,2026-01-16,Z12,repair,0,0,1,37.0,emergency,20,any,en,0,organic
L00263,2026-01-16,Z21,repair,1,0,0,32.0,emergency,10,any,ro,0,paid_search
L02788,2026-01-16,Z23,repair,1,1,1,45.0,none,20,any,pl,0,paid_search
L02449,2026-01-16,Z21,repair,1,1,1,,none,20,any,tr,1,organic
L02652,2026-01-16,Z21,install,1,1,1,47.0,none,20,any,ur,0,referral
L00375,2026-01-16,Z12,repair,1,1,1,36.0,none,20,any,en,0,paid_search
L02724,2026-01-16,Z19,install,1,1,0,42.0,none,10,any,en,0,organic
L01330,2026-01-16,Z08,repair,1,1,1,29.0,none,10,any,en,0,organic
L02713,2026-01-16,Z07,install,0,0,0,42.0,none,30,any,tr,0,referral
L01732,2026-01-16,Z22,install,1,0,1,53.0,none,10,any,tr,0,paid_search
L02771,2026-01-16,Z02,install,0,0,1,42.0,none,20,any,en,0,organic
L01039,2026-01-16,Z17,install,1,0,0,41.0,emergency,10,any,pl,0,paid_search
L00827,2026-01-16,Z17,repair,0,0,1,34.0,none,20,F,en,0,paid_search
L01143,2026-01-16,Z08,install,0,1,1,36.0,emergency,20,any,en,0,organic
L02232,2026-01-17,Z27,repair,1,0,1,38.0,none,30,any,en,0,organic
L00119,2026-01-17,Z05,install,0,1,0,42.0,deadline,20,any,en,0,paid_search
L01798,2026-01-17,Z11,repair,1,0,1,40.0,none,10,any,en,0,paid_search
L01928,2026-01-17,Z12,install,1,1,1,31.0,none,20,any,en,0,organic
L00796,2026-01-17,Z02,install,0,0,0,35.0,none,20,any,tr,0,paid_search
L02646,2026-01-17,Z18,install,1,1,0,38.0,deadline,30,any,en,1,organic
L01712,2026-01-17,Z13,install,0,1,1,39.0,none,20,any,ur,0,paid_search
L01283,2026-01-17,Z08,install,0,1,1,34.0,none,20,any,ro,0,paid_search
L00579,2026-01-17,Z09,install,1,1,1,38.0,deadline,30,any,en,0,paid_search
L00575,2026-01-17,Z19,install,0,1,0,43.0,none,20,any,pl,0,paid_search
L00647,2026-01-17,Z01,repair,0,0,1,47.0,none,10,any,tr,0,organic
L00950,2026-01-17,Z01,install,0,1,0,36.0,emergency,20,any,en,0,paid_search
L01747,2026-01-17,Z22,repair,0,1,0,36.0,none,20,any,en,0,organic
L01435,2026-01-17,Z27,repair,1,0,0,31.0,none,20,any,en,0,organic
L00279,2026-01-17,Z02,install,0,1,0,41.0,deadline,20,any,en,0,paid_search
L00257,2026-01-17,Z19,install,1,1,0,28.0,none,20,any,pl,0,referral
L02615,2026-01-17,Z07,install,0,1,1,34.0,deadline,30,any,en,0,organic
L02300,2026-01-17,Z06,repair,0,1,1,38.0,none,20,any,ur,0,organic
L01737,2026-01-17,Z13,install,1,0,0,39.0,deadline,20,any,tr,0,paid_search
L00064,2026-01-17,Z06,install,1,1,0,36.0,none,20,any,pl,1,paid_search
L02289,2026-01-17,Z05,install,0,1,1,38.0,emergency,30,any,ur,0,paid_search
L00314,2026-01-17,Z10,repair,0,1,1,42.0,none,10,any,en,0,paid_search
L00911,2026-01-17,Z11,install,0,1,0,33.0,deadline,20,any,tr,0,organic
L00807,2026-01-18,Z14,install,0,0,1,42.0,emergency,40,any,ro,0,paid_search
L01866,2026-01-18,Z15,repair,0,1,1,43.0,none,30,any,ro,0,organic
L01360,2026-01-18,Z09,install,0,1,1,36.0,none,30,any,ro,0,paid_search
L00403,2026-01-18,Z19,repair,0,1,1,36.0,emergency,10,F,pl,0,paid_search
L01660,2026-01-18,Z30,repair,1,0,0,37.0,emergency,30,F,en,0,paid_search
L00151,2026-01-18,Z08,install,1,0,1,35.0,deadline,10,any,en,0,paid_search
L02447,2026-01-18,Z11,install,0,1,1,31.0,none,10,any,tr,0,paid_search
L00405,2026-01-18,Z30,install,1,0,1,32.0,none,10,any,ur,0,paid_search
L02574,2026-01-18,Z20,repair,1,0,0,,none,20,any,en,0,paid_search
L02106,2026-01-18,Z26,install,1,0,1,35.0,deadline,10,any,pl,0,paid_search
L01488,2026-01-18,Z20,repair,0,1,1,22.0,none,30,any,en,0,paid_search
L00306,2026-01-18,Z27,repair,1,1,0,34.0,none,10,any,en,0,organic
L00311,2026-01-18,Z30,repair,1,0,1,39.0,none,20,F,en,0,referral
L02549,2026-01-18,Z19,repair,0,1,1,37.0,deadline,20,any,pl,0,organic
L01502,2026-01-18,Z25,install,0,0,0,33.0,deadline,20,F,en,0,paid_search
L00243,2026-01-19,Z06,repair,0,1,0,34.0,none,10,any,en,0,paid_search
L00014,2026-01-19,Z29,install,1,1,0,42.0,none,10,any,en,0,paid_search
L00478,2026-01-19,Z11,repair,1,1,1,39.0,none,30,F,ur,0,paid_search
L00602,2026-01-19,Z10,repair,0,0,1,40.0,emergency,30,any,ro,1,paid_search
L00136,2026-01-19,Z13,install,1,1,0,33.0,deadline,20,any,en,0,paid_search
L00301,2026-01-19,Z02,install,1,1,1,46.0,deadline,30,any,pl,0,paid_search
L00935,2026-01-19,Z27,install,0,1,1,46.0,none,20,any,tr,0,paid_search
L01091,2026-01-19,Z07,install,0,1,0,44.0,none,10,any,en,0,organic
L00886,2026-01-19,Z08,repair,1,0,0,,none,10,any,en,0,paid_search
L02234,2026-01-19,Z09,install,0,0,1,47.0,none,20,any,en,0,organic
L00316,2026-01-19,Z12,repair,0,0,1,47.0,none,20,any,pl,0,paid_search
L02014,2026-01-19,Z29,install,0,0,1,41.0,none,20,F,en,0,paid_search
L00105,2026-01-19,Z02,repair,0,0,0,27.0,none,20,any,ur,0,organic
L00716,2026-01-19,Z17,repair,0,1,1,37.0,emergency,20,any,pl,0,paid_search
L01917,2026-01-19,Z22,repair,0,1,1,44.0,none,20,any,ur,0,organic
L00155,2026-01-19,Z22,repair,0,1,0,35.0,none,20,F,ur,0,paid_search
L00439,2026-01-19,Z25,repair,0,1,0,42.0,none,30,F,ro,0,organic
L02803,2026-01-19,Z08,repair,0,0,0,39.0,deadline,10,any,pl,0,paid_search
L02342,2026-01-19,Z30,install,0,0,1,35.0,none,20,F,ur,0,paid_search
L01183,2026-01-20,Z26,repair,0,0,1,29.0,deadline,10,any,tr,0,paid_search
L00743,2026-01-20,Z22,repair,1,0,1,37.0,none,10,any,en,0,organic
L01233,2026-01-20,Z01,repair,1,0,1,42.0,none,20,any,en,0,paid_search
L01274,2026-01-20,Z19,repair,1,0,1,39.0,deadline,10,any,pl,0,paid_search
L02959,2026-01-20,Z25,repair,1,0,1,46.0,deadline,30,any,ro,0,paid_search
L01619,2026-01-20,Z15,repair,1,1,0,46.0,emergency,30,any,en,0,paid_search
L00687,2026-01-20,Z01,install,1,1,0,43.0,none,30,F,pl,0,paid_search
L00131,2026-01-20,Z27,install,0,1,1,42.0,emergency,20,any,ro,0,referral
L02356,2026-01-20,Z06,repair,0,1,1,37.0,none,20,any,ro,0,referral
L00756,2026-01-20,Z04,install,0,0,1,43.0,none,10,any,ro,0,paid_search
L00584,2026-01-20,Z05,install,1,0,0,33.0,deadline,40,any,en,0,paid_search
L01288,2026-01-20,Z14,install,1,1,1,51.0,none,20,any,ur,0,organic
L01110,2026-01-20,Z17,install,0,1,1,52.0,deadline,30,F,en,0,paid_search
L02631,2026-01-20,Z16,install,1,1,0,32.0,none,10,any,tr,0,organic
L00188,2026-01-20,Z01,install,1,1,1,31.0,none,10,F,ur,0,referral
L02378,2026-01-20,Z17,repair,0,0,1,43.0,none,40,F,en,0,organic
L02511,2026-01-20,Z01,repair,0,1,1,40.0,deadline,10,any,tr,0,organic
L02625,2026-01-20,Z25,repair,0,0,0,42.0,none,30,F,en,0,paid_search
L01171,2026-01-20,Z15,repair,0,1,1,37.0,emergency,20,any,ur,0,paid_search
L02527,2026-01-20,Z03,install,0,1,0,39.0,none,20,F,en,0,paid_search
L01881,2026-01-20,Z03,repair,1,1,0,38.0,none,10,any,en,0,paid_search
L01895,2026-01-20,Z21,install,0,1,0,33.0,none,20,any,en,0,paid_search
L00272,2026-01-20,Z12,repair,0,1,1,41.0,none,40,any,en,0,paid_search
L01400,2026-01-20,Z25,install,0,1,1,26.0,none,20,any,ro,0,paid_search
L01943,2026-01-20,Z09,repair,0,0,0,,none,40,any,en,1,paid_search
L00652,2026-01-20,Z17,repair,0,0,1,41.0,none,20,any,ro,1,organic
L00862,2026-01-20,Z03,install,0,0,1,40.0,emergency,20,any,tr,0,referral
L01911,2026-01-21,Z15,install,1,1,0,36.0,none,40,any,tr,0,paid_search
L02259,2026-01-21,Z20,install,0,1,0,30.0,deadline,30,any,en,0,organic
L02411,2026-01-21,Z18,install,0,0,1,38.0,none,10,any,ur,0,paid_search
L02051,2026-01-21,Z02,install,0,1,0,42.0,deadline,20,any,en,0,organic
L00464,2026-01-21,Z10,install,1,1,1,28.0,deadline,20,F,en,0,organic
L00895,2026-01-21,Z25,install,0,0,0,39.0,none,20,any,ro,0,organic
L02499,2026-01-21,Z18,repair,0,1,0,33.0,deadline,20,any,ur,0,paid_search
L00540,2026-01-21,Z04,install,0,1,0,36.0,none,10,any,en,0,organic
L00449,2026-01-21,Z07,install,1,1,0,38.0,none,10,any,en,0,referral
L02936,2026-01-21,Z25,install,0,1,1,35.0,none,20,any,en,0,paid_search
L02276,2026-01-21,Z30,repair,0,0,0,36.0,emergency,10,any,en,0,organic
L00574,2026-01-21,Z11,repair,1,1,0,36.0,emergency,20,any,en,0,paid_search
L01376,2026-01-21,Z06,repair,0,0,0,39.0,none,40,any,tr,0,paid_search
L01142,2026-01-21,Z03,repair,0,0,0,32.0,none,30,any,en,0,organic
L01160,2026-01-21,Z23,repair,0,0,1,40.0,deadline,10,any,ur,0,paid_search
L00816,2026-01-21,Z05,repair,1,1,1,29.0,none,10,any,tr,0,paid_search
L02076,2026-01-21,Z28,install,0,1,0,47.0,emergency,20,any,tr,0,paid_search
L01988,2026-01-21,Z29,repair,1,1,0,26.0,deadline,10,any,en,0,paid_search
L01964,2026-01-21,Z21,repair,1,1,1,28.0,deadline,20,any,ur,0,organic
L02533,2026-01-21,Z08,install,0,0,0,35.0,none,20,any,en,0,organic
L02776,2026-01-21,Z10,install,0,1,0,44.0,emergency,30,F,en,0,paid_search
L01307,2026-01-21,Z16,install,1,1,1,32.0,none,10,any,ur,0,organic
L01060,2026-01-21,Z27,repair,1,1,1,41.0,none,20,any,tr,0,referral
L00778,2026-01-21,Z05,repair,0,0,0,37.0,deadline,40,any,pl,0,organic
L01565,2026-01-21,Z28,repair,0,1,0,37.0,deadline,30,F,pl,0,paid_search
L01871,2026-01-21,Z12,repair,0,1,0,34.0,deadline,20,any,tr,0,organic
L01427,2026-01-21,Z26,install,0,1,0,28.0,emergency,10,any,en,0,organic
L02655,2026-01-21,Z11,repair,1,0,1,45.0,deadline,10,any,en,0,organic
L01163,2026-01-21,Z14,install,1,1,1,43.0,none,20,any,ur,0,paid_search
L00331,2026-01-21,Z24,repair,1,1,1,44.0,deadline,40,any,tr,0,paid_search
L01806,2026-01-21,Z12,repair,0,0,0,41.0,none,30,F,tr,0,paid_search
L00074,2026-01-21,Z26,repair,0,1,0,33.0,deadline,40,any,ro,0,paid_search
L01019,2026-01-21,Z07,install,1,1,0,38.0,deadline,10,F,en,0,paid_search
L02241,2026-01-22,Z18,install,0,1,0,26.0,none,20,any,ur,0,organic
L00532,2026-01-22,Z27,repair,0,0,0,34.0,deadline,10,any,en,0,paid_search
L00707,2026-01-22,Z05,install,1,1,0,,none,20,any,en,0,organic
L01576,2026-01-22,Z16,repair,0,1,0,43.0,deadline,10,any,en,0,paid_search
L02961,2026-01-22,Z18,repair,1,0,1,,emergency,20,any,en,0,paid_search
L01193,2026-01-22,Z23,repair,0,1,0,46.0,emergency,10,any,en,0,paid_search
L00650,2026-01-22,Z24,install,0,1,1,41.0,deadline,20,F,en,0,organic
L02968,2026-01-22,Z01,install,1,1,1,,deadline,20,any,en,0,organic
L02872,2026-01-22,Z14,install,1,1,1,39.0,none,10,any,en,0,paid_search
L02502,2026-01-22,Z18,install,0,1,0,31.0,deadline,10,any,ro,1,paid_search
L02710,2026-01-22,Z16,repair,1,1,1,,none,30,any,en,0,organic
L02597,2026-01-22,Z19,repair,1,1,0,45.0,none,20,any,pl,0,paid_search
L02463,2026-01-22,Z09,install,1,1,1,36.0,none,20,any,en,0,paid_search
L02633,2026-01-22,Z02,install,0,0,1,,none,30,F,en,0,paid_search
L01703,2026-01-22,Z19,install,0,0,1,,none,30,F,tr,0,organic
L01770,2026-01-22,Z23,install,0,1,1,36.0,deadline,30,any,en,0,paid_search
L00169,2026-01-22,Z25,repair,1,1,1,30.0,none,20,any,en,0,organic
L00689,2026-01-22,UNKNOWN,install,0,1,1,36.0,none,30,any,ro,0,paid_search
L02679,2026-01-23,Z25,repair,0,0,1,40.0,none,10,any,en,0,organic
L01759,2026-01-23,Z09,install,0,0,0,32.0,none,20,any,ur,1,organic
L00053,2026-01-23,Z30,repair,0,1,0,,deadline,10,any,pl,0,paid_search
L02735,2026-01-23,UNKNOWN,install,1,1,0,37.0,none,10,any,en,0,paid_search
L02583,2026-01-23,Z20,repair,0,0,1,,deadline,10,any,en,0,paid_search
L01728,2026-01-23,Z26,install,0,1,1,50.0,deadline,20,any,tr,0,referral
L01218,2026-01-23,Z23,repair,0,1,1,32.0,none,30,any,en,0,organic
L00242,2026-01-23,Z29,repair,0,0,0,48.0,deadline,10,F,tr,0,organic
L02100,2026-01-23,Z11,install,0,0,1,41.0,none,10,F,ro,0,paid_search
L02733,2026-01-23,Z10,install,1,1,1,30.0,none,20,any,en,0,referral
L01028,2026-01-23,Z08,install,1,0,1,,deadline,30,any,ro,0,paid_search
L02862,2026-01-23,Z05,repair,0,1,1,41.0,deadline,30,any,en,0,organic
L02305,2026-01-23,Z04,repair,1,1,1,41.0,none,20,any,ur,0,paid_search
L00499,2026-01-23,Z05,install,0,0,0,32.0,none,20,any,en,0,organic
L02812,2026-01-23,Z08,install,1,1,0,,emergency,10,any,en,0,referral
L01805,2026-01-23,Z27,repair,0,1,0,42.0,none,20,F,en,0,referral
L02612,2026-01-23,Z03,repair,1,1,1,38.0,none,30,any,ro,0,referral
L00993,2026-01-23,Z02,repair,1,0,1,29.0,none,20,any,en,0,paid_search
L00176,2026-01-23,Z27,install,1,1,0,39.0,deadline,40,F,en,0,paid_search
L00994,2026-01-23,Z29,repair,0,1,1,37.0,emergency,30,any,en,0,paid_search
L02067,2026-01-23,Z27,repair,0,1,1,32.0,deadline,20,any,en,0,referral
L01282,2026-01-23,Z14,install,0,0,1,37.0,emergency,20,any,en,1,paid_search
L02297,2026-01-23,Z01,install,0,0,1,41.0,deadline,10,any,ur,0,paid_search
L01195,2026-01-23,UNKNOWN,repair,0,0,1,40.0,emergency,10,any,en,0,organic
L01836,2026-01-23,Z24,install,0,1,1,47.0,none,20,any,ro,0,paid_search
L02894,2026-01-23,Z10,install,0,0,1,45.0,none,20,any,tr,0,organic
L00803,2026-01-24,Z13,repair,1,0,0,38.0,none,10,any,tr,0,paid_search
L00671,2026-01-24,Z02,install,0,1,0,50.0,none,20,F,ro,0,organic
L02011,2026-01-24,Z25,repair,1,0,1,30.0,emergency,20,any,en,0,paid_search
L00295,2026-01-24,Z11,install,0,1,0,40.0,deadline,20,any,ur,0,organic
L02222,2026-01-24,Z11,repair,1,0,0,35.0,none,30,any,ur,0,paid_search
L01648,2026-01-24,Z04,install,0,1,0,45.0,none,20,any,pl,0,organic
L01727,2026-01-24,UNKNOWN,install,0,0,1,38.0,none,30,any,pl,0,referral
L00226,2026-01-24,Z28,install,1,1,0,44.0,deadline,20,F,ur,0,referral
L00137,2026-01-24,Z04,repair,1,0,1,39.0,deadline,20,any,en,0,paid_search
L01387,2026-01-24,Z20,install,0,1,0,43.0,none,30,F,en,0,paid_search
L00793,2026-01-24,Z30,repair,1,0,0,29.0,none,20,any,en,0,organic
L02372,2026-01-24,Z28,install,1,1,0,37.0,none,30,F,ur,0,paid_search
L02729,2026-01-24,Z07,repair,0,0,0,26.0,deadline,30,any,en,0,paid_search
L02829,2026-01-24,Z16,repair,0,1,0,30.0,deadline,20,any,tr,0,paid_search
L02472,2026-01-24,Z19,install,0,0,0,34.0,none,30,any,en,0,paid_search
L00194,2026-01-24,Z06,install,0,1,0,35.0,none,10,any,pl,0,organic
L00425,2026-01-24,Z27,repair,0,1,1,25.0,none,10,F,pl,0,paid_search
L01241,2026-01-24,Z13,install,0,0,1,31.0,none,10,any,ro,0,organic
L00089,2026-01-25,Z24,install,1,1,1,,none,40,any,en,0,paid_search
L00153,2026-01-25,Z20,repair,1,0,1,45.0,none,20,F,en,1,paid_search
L00171,2026-01-25,Z05,repair,0,1,1,37.0,deadline,20,F,ur,0,paid_search
L02804,2026-01-25,Z23,repair,0,1,1,45.0,deadline,20,any,ro,0,referral
L02879,2026-01-25,Z25,install,0,0,0,34.0,none,40,F,en,0,referral
L02454,2026-01-25,Z17,install,0,1,1,36.0,deadline,10,any,pl,0,referral
L01902,2026-01-25,Z19,install,0,1,1,46.0,none,20,any,en,0,paid_search
L02143,2026-01-25,Z03,install,0,1,0,45.0,deadline,10,any,ur,0,organic
L01682,2026-01-25,Z22,repair,0,1,0,40.0,deadline,10,any,ro,0,referral
L00455,2026-01-25,Z08,repair,1,1,1,42.0,none,10,any,ro,0,paid_search
L02310,2026-01-25,Z17,install,0,0,1,38.0,none,20,any,tr,0,paid_search
L01769,2026-01-25,Z12,repair,1,0,0,39.0,emergency,20,any,tr,0,paid_search
L01111,2026-01-25,Z24,install,1,0,0,47.0,none,40,any,ro,0,organic
L00281,2026-01-25,Z17,repair,0,1,0,42.0,none,30,any,en,0,paid_search
L00890,2026-01-25,Z14,install,0,1,1,27.0,deadline,20,any,en,0,referral
L01066,2026-01-25,Z05,repair,0,0,0,34.0,deadline,30,any,en,0,organic
L01538,2026-01-25,Z26,install,0,0,0,42.0,none,20,any,en,0,paid_search
L02358,2026-01-25,Z21,repair,0,1,0,39.0,none,10,any,en,0,organic
L01025,2026-01-25,Z29,install,0,1,0,45.0,deadline,20,any,en,0,organic
L00718,2026-01-25,Z04,repair,0,1,0,44.0,emergency,10,any,tr,0,paid_search
L02202,2026-01-25,Z15,install,0,1,0,43.0,deadline,40,any,ro,0,referral
L01669,2026-01-25,Z03,install,0,1,1,32.0,none,20,any,en,0,organic
L02123,2026-01-25,Z24,install,1,1,0,46.0,deadline,30,any,pl,0,paid_search
L01379,2026-01-25,Z20,repair,1,1,1,,none,30,any,en,0,paid_search
L00939,2026-01-25,Z13,install,0,0,1,32.0,deadline,10,any,en,0,organic
L01351,2026-01-25,Z05,install,0,0,0,48.0,none,40,any,pl,0,paid_search
L00547,2026-01-25,Z10,repair,1,1,1,29.0,none,10,any,en,0,referral
L00747,2026-01-26,Z24,repair,0,0,1,32.0,none,30,any,ro,0,paid_search
L00771,2026-01-26,Z08,repair,1,1,0,41.0,deadline,20,any,pl,0,organic
L02543,2026-01-26,Z18,repair,0,1,0,40.0,none,20,any,pl,0,paid_search
L02041,2026-01-26,Z10,repair,0,0,0,,deadline,30,any,en,0,organic
L02952,2026-01-26,Z10,install,0,0,1,36.0,none,20,any,en,0,referral
L02037,2026-01-26,Z16,repair,0,0,1,51.0,none,20,any,en,0,paid_search
L01033,2026-01-26,Z08,repair,0,0,1,34.0,deadline,20,F,en,0,paid_search
L02183,2026-01-26,Z20,repair,0,1,0,36.0,none,20,any,en,0,organic
L01678,2026-01-26,Z13,repair,0,1,0,50.0,none,10,any,pl,0,paid_search
L02956,2026-01-26,Z10,repair,1,1,0,40.0,none,20,any,en,0,organic
L00335,2026-01-26,Z19,repair,0,1,0,41.0,deadline,30,F,tr,0,referral
L01499,2026-01-26,Z30,install,1,1,0,35.0,emergency,10,any,en,0,organic
L01356,2026-01-26,Z16,repair,0,0,1,27.0,deadline,10,any,ro,0,paid_search
L01414,2026-01-26,Z04,install,0,1,0,41.0,none,20,any,en,0,organic
L00618,2026-01-26,Z01,install,1,1,1,32.0,emergency,10,any,pl,0,organic
L01426,2026-01-26,Z13,install,1,1,1,45.0,deadline,20,any,pl,0,paid_search
L00824,2026-01-26,Z16,install,1,1,1,29.0,deadline,40,any,ro,0,organic
L00537,2026-01-26,Z22,repair,0,1,1,46.0,none,20,any,pl,0,paid_search
L01629,2026-01-26,Z08,repair,0,0,1,36.0,none,20,any,en,0,paid_search
L02352,2026-01-26,Z21,install,0,1,1,33.0,none,20,any,ro,0,referral
L02418,2026-01-26,Z15,repair,0,1,1,30.0,none,10,any,tr,0,organic
L00852,2026-01-27,Z19,repair,0,0,0,33.0,deadline,20,any,pl,0,organic
L00054,2026-01-27,Z21,repair,1,1,1,31.0,none,20,any,ur,1,organic
L01540,2026-01-27,Z13,install,0,0,1,27.0,none,20,any,ro,0,organic
L02214,2026-01-27,Z18,install,1,1,1,42.0,none,40,F,en,0,organic
L02182,2026-01-27,Z02,install,0,0,0,47.0,none,10,any,ur,0,organic
L00714,2026-01-27,Z20,repair,0,0,1,28.0,none,20,any,ur,1,paid_search
L01476,2026-01-27,Z20,repair,1,0,1,37.0,none,20,any,tr,0,paid_search
L01075,2026-01-27,Z02,repair,0,1,1,46.0,deadline,20,any,en,0,organic
L02740,2026-01-27,Z03,install,0,1,0,42.0,deadline,10,any,pl,0,paid_search
L02521,2026-01-27,Z07,repair,0,1,1,37.0,none,20,any,en,0,paid_search
L00309,2026-01-27,UNKNOWN,install,1,0,1,38.0,deadline,20,any,en,0,paid_search
L00528,2026-01-27,Z11,install,0,0,1,39.0,deadline,10,any,en,0,paid_search
L01887,2026-01-27,Z21,install,0,1,0,42.0,none,40,any,ur,0,organic
L01914,2026-01-27,Z25,install,0,1,0,44.0,none,40,any,ur,0,paid_search
L01254,2026-01-27,Z22,install,0,1,0,37.0,none,30,any,en,0,paid_search
L01641,2026-01-27,Z23,repair,1,0,1,,deadline,30,any,en,0,organic
L01187,2026-01-27,Z06,install,0,0,0,35.0,none,10,any,en,1,paid_search
L01730,2026-01-27,Z12,install,1,0,0,32.0,none,30,any,pl,0,paid_search
L02638,2026-01-27,Z21,repair,0,1,0,32.0,none,20,any,en,0,referral
L01154,2026-01-27,Z12,repair,1,1,1,40.0,deadline,10,any,ur,0,organic
L02239,2026-01-27,Z13,install,1,1,0,35.0,none,20,any,en,0,organic
L00674,2026-01-27,Z30,install,0,0,0,42.0,none,40,any,en,0,organic
L01797,2026-01-27,Z02,repair,0,0,0,32.0,deadline,20,any,en,0,organic
L00156,2026-01-27,Z18,install,0,1,0,37.0,deadline,20,any,en,0,paid_search
L01882,2026-01-27,Z20,repair,0,0,0,30.0,deadline,20,any,en,0,paid_search
L01876,2026-01-27,Z04,repair,1,1,0,40.0,none,20,any,en,0,organic
L00120,2026-01-28,Z30,repair,0,0,0,45.0,none,10,any,pl,0,paid_search
L01367,2026-01-28,Z02,repair,0,1,1,33.0,none,10,any,en,0,paid_search
L01685,2026-01-28,Z06,install,0,1,1,37.0,deadline,20,any,ro,0,paid_search
L01366,2026-01-28,Z13,install,0,0,1,47.0,none,30,F,en,0,paid_search
L00482,2026-01-28,Z10,install,0,0,1,41.0,none,10,any,en,0,paid_search
L02060,2026-01-28,Z27,install,0,1,1,46.0,deadline,10,any,ur,0,organic
L00046,2026-01-28,Z06,install,1,1,1,33.0,deadline,20,any,en,0,paid_search
L01923,2026-01-28,Z16,repair,1,0,1,37.0,none,40,any,en,0,organic
L01863,2026-01-28,Z08,install,1,0,1,48.0,emergency,20,any,en,0,referral
L02537,2026-01-28,UNKNOWN,repair,1,1,0,32.0,none,30,any,en,0,referral
L02132,2026-01-28,Z08,install,0,0,1,25.0,deadline,10,F,tr,0,paid_search
L01469,2026-01-28,Z10,install,0,1,1,32.0,deadline,10,F,en,0,paid_search
L02727,2026-01-28,Z29,install,0,1,0,34.0,emergency,20,F,tr,0,paid_search
L01278,2026-01-28,Z08,repair,0,1,1,35.0,none,30,any,tr,0,organic
L01982,2026-01-28,Z07,repair,0,1,1,40.0,none,10,any,en,0,paid_search
L01527,2026-01-28,Z04,repair,0,1,0,43.0,none,30,any,ro,0,organic
L01097,2026-01-28,Z10,repair,0,1,0,28.0,none,30,any,en,0,referral
L01807,2026-01-28,Z05,repair,1,1,0,36.0,none,20,any,en,0,paid_search
L00685,2026-01-28,Z05,install,0,0,1,32.0,deadline,20,any,ro,0,paid_search
L02989,2026-01-28,Z14,install,0,1,1,38.0,deadline,10,any,en,0,paid_search
L00237,2026-01-28,Z03,install,0,1,1,27.0,deadline,20,F,en,1,paid_search
L02373,2026-01-28,Z22,install,0,1,0,,none,10,any,en,0,paid_search
L00896,2026-01-28,Z15,install,1,1,0,31.0,deadline,30,any,tr,0,referral
L00627,2026-01-29,Z22,repair,1,0,0,35.0,emergency,20,F,en,0,organic
L01611,2026-01-29,Z06,install,0,1,1,35.0,none,30,F,pl,0,paid_search
L02070,2026-01-29,Z05,install,0,0,1,29.0,none,10,any,en,0,organic
L02535,2026-01-29,Z01,install,0,1,0,35.0,deadline,10,any,tr,0,referral
L00899,2026-01-29,Z02,repair,1,0,1,28.0,deadline,30,any,en,0,paid_search
L01297,2026-01-29,Z13,install,0,1,1,37.0,none,10,F,ur,0,organic
L00868,2026-01-29,Z19,repair,0,1,0,49.0,none,20,any,en,0,paid_search
L01401,2026-01-29,Z16,repair,1,1,1,34.0,none,30,F,pl,1,paid_search
L00062,2026-01-29,Z11,install,0,0,1,31.0,none,20,any,en,0,paid_search
L02614,2026-01-29,Z16,repair,0,1,0,32.0,deadline,10,any,ur,1,paid_search
L02504,2026-01-29,Z09,repair,0,1,0,43.0,none,20,any,en,0,paid_search
L01080,2026-01-29,Z01,install,1,0,0,42.0,none,20,any,ro,0,paid_search
L02403,2026-01-29,Z20,repair,1,0,0,30.0,deadline,20,any,en,0,organic
L00446,2026-01-29,Z05,repair,0,1,1,,none,20,any,ro,0,paid_search
L02149,2026-01-29,Z24,install,1,0,1,24.0,none,20,any,en,0,paid_search
L00933,2026-01-29,Z07,install,1,1,0,39.0,none,40,any,en,0,paid_search
L02751,2026-01-29,Z24,repair,0,0,1,37.0,none,20,any,pl,0,organic
L01893,2026-01-29,Z25,install,1,0,1,48.0,none,40,F,ro,0,paid_search
L00713,2026-01-29,Z22,repair,0,1,1,47.0,none,40,any,ur,0,paid_search
L01894,2026-01-30,UNKNOWN,repair,1,0,1,30.0,none,10,any,en,0,paid_search
L01014,2026-01-30,Z02,install,0,1,1,50.0,none,20,any,en,0,paid_search
L00367,2026-01-30,Z02,repair,1,0,1,35.0,none,30,any,en,0,paid_search
L01249,2026-01-30,Z28,repair,0,1,0,36.0,emergency,20,F,tr,0,organic
L00536,2026-01-30,Z28,repair,0,1,0,37.0,none,10,any,en,0,paid_search
L01581,2026-01-30,Z11,install,1,0,1,41.0,none,10,any,en,0,paid_search
L01605,2026-01-30,Z28,repair,1,0,0,35.0,none,30,any,ro,0,organic
L01464,2026-01-30,Z26,install,1,1,0,45.0,none,20,any,en,0,organic
L01455,2026-01-30,Z06,repair,0,0,1,41.0,deadline,20,F,ur,0,referral
L01971,2026-01-30,Z18,repair,0,0,1,36.0,deadline,20,any,en,0,organic
L02429,2026-01-30,UNKNOWN,repair,0,0,1,35.0,emergency,30,any,en,0,paid_search
L01925,2026-01-30,Z05,install,0,0,1,40.0,none,30,F,pl,0,paid_search
L02509,2026-01-30,Z05,install,1,1,1,47.0,deadline,10,any,ro,0,referral
L02777,2026-01-30,Z02,repair,0,0,0,34.0,none,10,any,en,0,paid_search
L01202,2026-01-30,Z08,repair,1,1,0,43.0,none,20,any,en,0,organic
L00673,2026-01-30,Z24,repair,1,1,1,46.0,none,10,any,ur,0,paid_search
L01835,2026-01-30,Z14,install,1,0,0,51.0,none,20,any,en,0,referral
L02605,2026-01-30,Z03,install,0,0,1,36.0,emergency,40,any,en,0,paid_search
L02090,2026-01-30,Z29,install,0,1,1,28.0,none,10,any,en,1,paid_search
L02877,2026-01-30,Z11,install,0,0,0,32.0,deadline,40,any,en,0,paid_search
L02789,2026-01-31,Z26,install,0,1,1,35.0,none,20,F,en,1,paid_search
L02600,2026-01-31,Z15,repair,1,0,0,46.0,deadline,40,any,ur,0,paid_search
L00222,2026-01-31,Z13,install,0,1,0,36.0,emergency,30,any,pl,0,organic
L01087,2026-01-31,Z25,repair,1,1,0,39.0,none,40,F,en,0,paid_search
L00143,2026-01-31,Z15,repair,0,1,1,28.0,none,20,any,en,0,organic
L02906,2026-01-31,Z07,repair,0,1,0,37.0,none,20,any,ro,1,organic
L00626,2026-01-31,Z17,install,0,0,0,41.0,none,30,any,en,0,paid_search
L01220,2026-01-31,Z19,repair,1,1,0,34.0,none,20,F,en,0,organic
L00379,2026-01-31,Z26,repair,1,1,0,30.0,deadline,20,any,en,0,referral
L00506,2026-01-31,Z03,install,1,1,0,37.0,none,10,any,ur,0,paid_search
L00776,2026-01-31,Z12,repair,0,0,1,29.0,deadline,20,any,en,0,organic
L01507,2026-01-31,Z23,repair,0,0,0,,none,30,any,en,0,organic
L02908,2026-01-31,Z10,install,0,1,1,30.0,none,40,any,ur,0,paid_search
L02233,2026-01-31,Z19,repair,0,1,0,29.0,deadline,10,any,en,0,paid_search
L01650,2026-01-31,Z15,repair,1,1,1,41.0,none,20,any,en,0,paid_search
L02083,2026-01-31,Z27,repair,0,0,1,36.0,none,30,any,en,0,paid_search
L00084,2026-01-31,Z05,repair,0,0,1,46.0,none,30,any,pl,0,paid_search
L01092,2026-01-31,Z14,install,0,1,1,40.0,none,20,any,en,0,paid_search
L00969,2026-01-31,Z09,repair,0,1,0,30.0,emergency,30,F,ur,0,paid_search
L02320,2026-02-01,Z07,install,0,0,1,41.0,emergency,20,any,en,1,organic
L00489,2026-02-01,Z01,repair,1,0,1,40.0,none,20,any,en,0,paid_search
L00404,2026-02-01,Z21,install,1,1,1,,deadline,30,any,en,0,organic
L02686,2026-02-01,Z03,install,0,0,1,38.0,none,30,F,tr,0,paid_search
L01059,2026-02-01,Z17,install,0,0,0,29.0,emergency,20,F,pl,0,organic
L00197,2026-02-01,Z06,install,0,0,0,31.0,deadline,10,any,tr,0,paid_search
L02976,2026-02-01,Z08,install,0,0,1,41.0,none,20,any,ur,0,referral
L00840,2026-02-01,Z27,install,1,1,0,26.0,none,20,any,en,0,paid_search
L02137,2026-02-01,Z15,install,0,0,1,29.0,none,20,any,ro,0,referral
L00016,2026-02-01,Z27,install,1,1,0,35.0,none,10,any,tr,0,paid_search
L02154,2026-02-01,Z12,install,0,1,1,35.0,none,20,any,pl,0,organic
L00209,2026-02-01,Z26,install,1,1,0,39.0,none,10,any,ur,0,paid_search
L01255,2026-02-01,Z02,repair,1,1,0,32.0,none,30,any,en,0,paid_search
L01815,2026-02-01,Z28,repair,1,1,1,37.0,deadline,20,any,ur,0,paid_search
L00360,2026-02-01,Z27,repair,0,1,1,48.0,deadline,10,any,pl,0,paid_search
L02547,2026-02-01,Z29,repair,1,1,0,43.0,deadline,20,any,en,0,paid_search
L02103,2026-02-01,Z06,repair,0,0,1,39.0,deadline,20,any,tr,0,paid_search
L01012,2026-02-01,Z29,repair,0,0,0,38.0,none,20,any,ur,0,organic
L01566,2026-02-01,Z25,repair,1,1,1,34.0,none,30,any,tr,0,paid_search
L00380,2026-02-02,Z20,install,1,0,1,28.0,none,10,any,pl,0,paid_search
L02619,2026-02-02,Z12,install,1,1,0,41.0,none,30,any,en,0,organic
L00269,2026-02-02,Z20,repair,0,1,0,32.0,none,20,any,en,0,organic
L00286,2026-02-02,Z20,repair,0,1,1,31.0,deadline,20,any,en,0,paid_search
L01642,2026-02-02,Z19,repair,0,1,0,40.0,deadline,10,any,en,0,organic
L01754,2026-02-02,Z07,install,1,1,0,39.0,deadline,20,any,en,1,referral
L01934,2026-02-02,Z12,install,0,0,0,44.0,none,20,any,ro,0,referral
L02389,2026-02-02,Z13,install,1,1,1,25.0,deadline,40,any,tr,0,paid_search
L01381,2026-02-02,Z24,install,0,1,1,35.0,none,20,any,ro,0,paid_search
L00186,2026-02-02,Z25,install,0,0,1,39.0,emergency,40,any,ur,0,paid_search
L01355,2026-02-02,Z03,install,0,1,0,26.0,none,10,any,en,0,referral
L00334,2026-02-02,Z10,install,1,0,1,32.0,deadline,20,any,ro,0,organic
L02518,2026-02-02,Z09,install,0,1,0,49.0,deadline,40,any,pl,0,organic
L01613,2026-02-02,Z22,repair,0,0,1,38.0,none,10,any,ro,0,organic
L00907,2026-02-02,Z11,install,1,1,1,42.0,deadline,20,any,en,0,paid_search
L02799,2026-02-02,Z19,install,1,0,1,53.0,none,20,any,tr,0,organic
L00531,2026-02-02,Z30,install,0,1,1,36.0,none,30,any,en,0,paid_search
L01549,2026-02-02,Z13,install,0,0,0,36.0,none,10,any,en,0,referral
L01344,2026-02-02,Z03,repair,0,0,1,39.0,none,20,any,tr,0,paid_search
L02567,2026-02-02,Z21,repair,1,1,0,36.0,none,20,F,en,0,referral
L01962,2026-02-02,Z27,install,0,1,0,38.0,deadline,20,any,en,0,paid_search
L01197,2026-02-03,Z29,install,1,1,1,49.0,deadline,20,any,en,0,referral
L02886,2026-02-03,Z13,install,1,1,1,40.0,emergency,20,any,en,0,paid_search
L01184,2026-02-03,Z09,repair,0,0,0,41.0,deadline,20,any,en,0,paid_search
L02611,2026-02-03,Z21,repair,1,1,1,39.0,none,20,any,pl,0,organic
L02704,2026-02-03,Z14,install,0,0,0,48.0,none,10,any,pl,0,paid_search
L00374,2026-02-03,Z11,repair,1,1,1,47.0,none,20,F,ro,0,organic
L00941,2026-02-03,Z22,repair,0,0,0,38.0,none,20,any,en,0,paid_search
L00076,2026-02-03,Z05,install,0,1,1,,none,10,any,en,0,paid_search
L01395,2026-02-03,Z14,repair,0,1,1,32.0,none,10,any,tr,0,referral
L00193,2026-02-03,Z11,install,0,0,0,47.0,emergency,20,any,en,0,referral
L00936,2026-02-03,Z22,repair,1,0,1,32.0,deadline,20,F,en,0,referral
L01939,2026-02-03,Z19,install,0,1,1,37.0,none,20,any,ro,0,organic
L00567,2026-02-03,Z12,install,0,1,1,44.0,none,20,any,pl,0,organic
L01824,2026-02-03,Z23,repair,0,0,0,44.0,deadline,30,any,ro,0,paid_search
L00466,2026-02-03,Z24,install,0,1,0,57.0,none,20,any,ro,0,paid_search
L00070,2026-02-03,Z27,install,0,1,1,38.0,none,10,any,en,0,paid_search
L02596,2026-02-03,Z21,install,1,1,1,34.0,none,10,any,pl,0,organic
L01751,2026-02-03,Z20,install,1,1,1,40.0,none,20,any,en,0,referral
L01900,2026-02-03,Z15,repair,0,1,1,46.0,none,20,any,en,0,paid_search
L00546,2026-02-03,Z07,install,0,0,1,34.0,none,20,any,en,0,paid_search
L00134,2026-02-03,Z15,repair,0,1,1,42.0,deadline,10,any,ur,0,paid_search
L01411,2026-02-03,Z25,install,0,0,1,43.0,none,20,any,ro,0,paid_search
L02369,2026-02-03,Z04,repair,1,0,0,,none,20,any,en,1,organic
L02022,2026-02-03,Z23,repair,0,1,0,39.0,deadline,20,any,pl,0,organic
L02354,2026-02-04,Z29,install,1,1,1,32.0,deadline,20,any,en,1,organic
L02840,2026-02-04,Z26,repair,0,0,1,31.0,none,30,any,en,0,paid_search
L00059,2026-02-04,Z27,repair,0,0,1,36.0,none,20,any,en,0,organic
L00142,2026-02-04,Z03,repair,1,0,0,30.0,none,20,any,tr,0,organic
L01477,2026-02-04,Z13,repair,0,1,0,,emergency,10,any,pl,0,organic
L00232,2026-02-04,Z02,repair,1,1,0,35.0,emergency,10,any,tr,0,paid_search
L01465,2026-02-04,Z24,install,0,0,1,44.0,deadline,20,any,ro,0,paid_search
L01410,2026-02-04,Z16,repair,0,1,1,35.0,none,30,any,ur,0,organic
L02677,2026-02-04,Z24,repair,1,1,0,42.0,none,40,any,ro,1,paid_search
L00139,2026-02-04,Z27,install,0,0,0,38.0,deadline,30,any,ro,0,paid_search
L00573,2026-02-04,Z23,repair,0,1,1,41.0,none,10,any,tr,0,paid_search
L00501,2026-02-04,Z04,install,1,1,1,,none,40,any,en,0,paid_search
L02823,2026-02-04,Z11,install,0,1,0,35.0,emergency,20,F,en,0,referral
L02341,2026-02-04,Z09,repair,0,0,0,41.0,emergency,10,any,en,0,paid_search
L00875,2026-02-04,Z16,repair,0,0,1,46.0,none,30,any,en,0,paid_search
L02520,2026-02-04,Z02,repair,0,0,1,41.0,none,20,F,tr,0,paid_search
L02917,2026-02-04,Z11,repair,1,1,1,46.0,deadline,10,any,pl,0,paid_search
L01778,2026-02-04,Z24,install,0,0,1,27.0,deadline,20,any,en,0,organic
L02524,2026-02-04,Z02,install,1,0,0,53.0,none,10,any,en,0,organic
L01978,2026-02-04,Z07,install,1,0,1,30.0,none,10,any,ur,0,paid_search
L00328,2026-02-04,Z10,repair,0,0,1,43.0,emergency,10,any,ro,0,paid_search
L02036,2026-02-04,Z20,repair,1,1,1,45.0,emergency,20,any,en,0,paid_search
L02563,2026-02-05,Z15,install,0,0,1,49.0,none,30,any,tr,0,paid_search
L00582,2026-02-05,Z12,repair,1,1,1,26.0,none,10,F,ur,0,paid_search
L02839,2026-02-05,Z13,repair,1,1,1,28.0,deadline,20,any,en,0,organic
L01076,2026-02-05,Z09,install,0,1,1,53.0,deadline,10,any,en,0,organic
L00729,2026-02-05,Z16,repair,0,0,1,42.0,none,30,any,ro,0,paid_search
L02190,2026-02-05,Z13,install,0,0,1,49.0,none,10,any,ur,0,organic
L00622,2026-02-05,Z19,install,0,1,0,28.0,none,30,F,en,0,paid_search
L01225,2026-02-05,Z29,repair,1,1,0,35.0,none,40,any,tr,0,paid_search
L01037,2026-02-05,Z30,repair,0,1,1,40.0,none,10,any,en,1,referral
L02590,2026-02-05,Z28,repair,0,1,0,37.0,none,20,any,en,0,paid_search
L02165,2026-02-05,Z18,install,1,1,0,34.0,none,20,any,pl,0,organic
L01244,2026-02-05,Z03,install,0,1,0,38.0,none,10,any,tr,0,referral
L00278,2026-02-05,Z25,repair,1,1,0,45.0,none,30,any,en,0,organic
L02126,2026-02-05,Z03,repair,1,0,0,45.0,none,30,any,en,0,paid_search
L00810,2026-02-05,Z27,install,1,0,1,32.0,emergency,30,any,tr,0,organic
L00641,2026-02-05,Z19,install,0,1,1,32.0,deadline,20,any,en,0,organic
L00180,2026-02-06,Z27,install,0,1,0,38.0,deadline,30,any,en,0,organic
L00191,2026-02-06,Z27,repair,0,1,0,40.0,none,40,F,en,0,paid_search
L00296,2026-02-06,Z07,repair,1,1,1,36.0,none,20,any,ro,0,organic
L00261,2026-02-06,Z11,install,0,1,0,42.0,deadline,10,any,ur,0,paid_search
L01081,2026-02-06,Z05,repair,0,1,0,34.0,none,20,F,ro,0,paid_search
L02027,2026-02-06,Z04,install,0,0,0,31.0,none,10,any,pl,1,organic
L01658,2026-02-06,Z20,repair,0,1,1,45.0,deadline,10,any,en,0,organic
L02261,2026-02-06,Z04,install,0,0,1,29.0,none,10,any,en,0,paid_search
L00620,2026-02-06,Z11,install,0,1,1,,none,20,any,ur,0,organic
L01483,2026-02-06,Z15,install,0,0,0,,emergency,40,any,en,0,paid_search
L00672,2026-02-06,Z11,install,0,1,1,43.0,deadline,10,any,ro,0,paid_search
L00783,2026-02-06,Z11,repair,1,0,1,42.0,emergency,20,F,en,0,paid_search
L00497,2026-02-06,Z13,repair,1,1,0,27.0,deadline,20,any,en,0,referral
L02099,2026-02-06,Z16,install,0,1,1,39.0,none,10,any,ro,0,paid_search
L00313,2026-02-06,Z22,install,1,0,0,41.0,deadline,20,any,en,1,paid_search
L01354,2026-02-06,Z20,install,1,0,0,36.0,deadline,10,any,tr,0,paid_search
L00812,2026-02-06,Z29,repair,1,0,1,36.0,none,20,any,pl,0,paid_search
L02050,2026-02-06,Z02,repair,0,0,1,32.0,none,20,any,tr,0,paid_search
L01299,2026-02-06,UNKNOWN,install,0,1,1,34.0,none,20,any,ro,0,organic
L00407,2026-02-06,Z14,install,0,1,0,40.0,deadline,20,any,tr,0,organic
L01966,2026-02-07,Z21,repair,1,0,1,44.0,none,10,any,en,0,paid_search
L01591,2026-02-07,Z06,repair,0,0,0,28.0,none,10,F,pl,0,organic
L01533,2026-02-07,Z13,repair,0,1,1,39.0,none,30,any,en,0,paid_search
L01139,2026-02-07,Z17,install,0,1,0,35.0,emergency,10,any,en,0,organic
L00693,2026-02-07,Z26,repair,0,1,0,37.0,deadline,10,any,en,0,organic
L02871,2026-02-07,Z25,repair,1,0,1,44.0,none,20,any,ur,0,paid_search
L01599,2026-02-07,Z16,repair,1,1,0,34.0,none,20,any,tr,0,paid_search
L01790,2026-02-07,Z28,repair,0,0,1,32.0,deadline,10,any,pl,0,organic
L00797,2026-02-07,Z04,repair,0,1,0,35.0,none,30,any,en,0,organic
L02013,2026-02-07,Z28,install,1,0,0,33.0,none,20,any,en,0,referral
L00552,2026-02-07,Z25,install,0,1,1,40.0,deadline,10,any,en,0,organic
L00814,2026-02-07,Z08,repair,0,0,0,46.0,emergency,20,any,pl,0,paid_search
L00317,2026-02-07,Z15,repair,1,1,1,32.0,none,30,any,ur,0,paid_search
L02846,2026-02-07,Z07,install,1,0,1,44.0,none,20,any,tr,0,organic
L00398,2026-02-07,Z08,install,0,0,1,40.0,deadline,30,any,pl,0,paid_search
L02054,2026-02-07,Z02,install,0,1,1,43.0,none,10,any,en,1,paid_search
L00763,2026-02-07,Z13,repair,1,0,1,37.0,none,10,any,tr,0,organic
L00917,2026-02-07,Z17,repair,1,0,1,36.0,none,20,any,pl,0,paid_search
L00246,2026-02-07,Z15,repair,0,0,0,51.0,emergency,20,any,pl,0,referral
L01974,2026-02-08,Z25,install,1,1,1,40.0,deadline,30,F,tr,0,paid_search
L02951,2026-02-08,Z10,install,0,1,0,37.0,deadline,10,any,ur,0,paid_search
L00239,2026-02-08,Z15,install,0,1,1,36.0,deadline,10,any,tr,0,paid_search
L01579,2026-02-08,Z14,repair,0,1,0,43.0,none,20,any,ro,0,paid_search
L00167,2026-02-08,Z18,install,1,1,1,35.0,none,10,any,en,0,paid_search
L01126,2026-02-08,Z27,repair,0,0,0,47.0,none,30,any,tr,0,paid_search
L00984,2026-02-08,Z25,install,1,0,0,47.0,emergency,30,any,pl,0,paid_search
L01405,2026-02-08,Z22,repair,0,1,1,,none,40,any,ur,0,paid_search
L02357,2026-02-08,Z07,install,1,1,0,38.0,deadline,20,any,tr,0,organic
L01396,2026-02-08,Z07,repair,0,1,0,,none,30,any,pl,0,organic
L00749,2026-02-08,Z08,install,0,0,0,39.0,none,30,F,en,0,paid_search
L02867,2026-02-08,Z16,install,0,1,0,,none,10,any,en,0,paid_search
L02685,2026-02-08,Z10,install,1,1,0,42.0,none,20,any,en,0,organic
L01651,2026-02-08,Z03,repair,0,1,1,50.0,none,10,any,en,0,paid_search
L01707,2026-02-08,Z24,repair,0,1,0,39.0,none,20,any,ro,0,paid_search
L01190,2026-02-08,Z28,install,0,1,1,29.0,none,20,F,en,0,paid_search
L01855,2026-02-08,Z07,install,1,1,0,35.0,none,10,any,ur,0,organic
L01073,2026-02-08,Z18,repair,0,0,1,32.0,none,10,any,en,0,referral
L01679,2026-02-08,Z23,repair,0,1,1,25.0,none,30,any,tr,1,paid_search
L00471,2026-02-08,Z01,install,0,1,1,35.0,none,20,F,en,0,paid_search
L00491,2026-02-09,Z16,repair,0,0,1,44.0,emergency,20,any,en,0,paid_search
L01287,2026-02-09,Z08,repair,0,1,0,46.0,deadline,40,any,en,0,organic
L02802,2026-02-09,Z01,install,0,1,1,37.0,none,20,any,pl,0,paid_search
L00765,2026-02-09,Z10,repair,0,1,1,43.0,deadline,40,any,en,0,referral
L00034,2026-02-09,Z01,repair,1,0,0,44.0,none,20,any,en,0,paid_search
L00114,2026-02-09,Z17,repair,0,1,0,39.0,deadline,10,any,en,0,paid_search
L00940,2026-02-09,Z12,install,0,0,1,35.0,none,20,any,en,0,paid_search
L00677,2026-02-09,Z05,install,0,1,0,21.0,deadline,10,any,ro,0,paid_search
L01372,2026-02-09,Z28,install,1,1,0,34.0,emergency,20,any,ro,0,organic
L02783,2026-02-09,Z03,repair,0,1,0,34.0,none,10,F,ro,0,organic
L00236,2026-02-09,Z11,install,0,0,0,44.0,none,40,any,ur,0,paid_search
L01980,2026-02-09,Z04,repair,0,0,1,38.0,none,20,any,en,0,organic
L02979,2026-02-09,Z04,repair,1,1,0,44.0,none,20,any,en,0,organic
L00290,2026-02-09,Z10,repair,0,0,1,,none,20,any,en,0,paid_search
L01617,2026-02-09,Z05,repair,0,0,1,34.0,emergency,30,any,en,0,paid_search
L01532,2026-02-09,Z04,repair,1,1,1,37.0,none,20,any,en,0,paid_search
L02571,2026-02-09,Z19,install,0,1,0,41.0,none,20,F,ur,0,paid_search
L00029,2026-02-09,Z05,install,0,1,0,44.0,none,30,any,ur,0,paid_search
L02689,2026-02-10,Z25,install,0,0,0,32.0,none,10,any,en,0,organic
L00201,2026-02-10,Z26,install,1,1,0,38.0,none,20,any,en,0,paid_search
L02964,2026-02-10,Z28,repair,0,1,1,32.0,deadline,10,any,en,0,referral
L00009,2026-02-10,Z06,repair,0,1,1,30.0,emergency,10,F,ur,0,organic
L00005,2026-02-10,Z03,install,0,0,1,37.0,none,30,any,tr,0,organic
L01164,2026-02-10,Z06,install,0,0,0,40.0,none,20,F,ro,0,paid_search
L00779,2026-02-10,Z20,repair,0,1,1,34.0,deadline,10,any,en,0,referral
L01937,2026-02-10,Z09,repair,1,1,1,28.0,none,10,any,ur,0,referral
L02141,2026-02-10,Z17,install,0,1,0,38.0,deadline,40,any,en,0,paid_search
L02565,2026-02-10,Z19,install,0,1,0,52.0,deadline,20,F,ro,0,paid_search
L01672,2026-02-10,Z13,install,1,1,1,37.0,none,20,any,tr,0,paid_search
L02503,2026-02-10,Z11,install,1,1,0,,none,30,any,pl,0,paid_search
L01340,2026-02-10,Z16,repair,1,1,1,43.0,deadline,40,any,pl,0,organic
L02282,2026-02-10,Z10,install,1,1,1,,emergency,10,any,en,0,paid_search
L01896,2026-02-10,Z02,install,1,0,0,38.0,none,20,any,ur,0,organic
L00206,2026-02-10,Z17,repair,1,1,0,46.0,none,20,any,en,0,paid_search
L00033,2026-02-10,Z26,repair,1,1,1,44.0,none,10,any,tr,0,organic
L00764,2026-02-10,Z21,install,1,1,0,36.0,none,40,any,en,0,paid_search
L01369,2026-02-11,Z17,install,0,1,1,38.0,none,20,any,en,0,paid_search
L01222,2026-02-11,Z30,repair,0,0,1,40.0,deadline,20,any,ur,0,paid_search
L02693,2026-02-11,Z13,repair,1,1,1,37.0,none,10,any,en,0,paid_search
L00204,2026-02-11,Z01,repair,1,1,1,37.0,emergency,30,any,tr,0,paid_search
L02353,2026-02-11,Z09,install,1,0,0,48.0,none,30,any,pl,0,organic
L00876,2026-02-11,Z24,install,1,1,0,39.0,deadline,20,any,en,0,organic
L02884,2026-02-11,Z25,repair,1,0,1,,none,30,any,ro,1,paid_search
L00284,2026-02-11,Z28,install,0,0,0,,none,40,any,en,1,paid_search
L00486,2026-02-11,Z15,repair,0,1,0,40.0,deadline,30,any,ro,0,paid_search
L02306,2026-02-11,Z15,install,0,1,0,,none,10,any,en,0,paid_search
L01189,2026-02-11,Z12,install,0,1,1,37.0,none,20,any,en,0,referral
L00111,2026-02-11,Z02,install,0,1,0,38.0,deadline,10,any,ur,0,paid_search
L02578,2026-02-11,Z27,repair,0,1,1,39.0,deadline,20,F,en,0,organic
L02246,2026-02-11,Z01,repair,0,1,0,31.0,deadline,10,any,en,0,organic
L00606,2026-02-11,Z06,repair,0,1,0,26.0,none,30,F,en,1,organic
L02757,2026-02-11,Z01,install,0,1,1,40.0,none,40,any,tr,1,referral
L00635,2026-02-11,Z29,install,0,0,0,44.0,none,20,any,en,0,paid_search
L00399,2026-02-11,Z14,repair,0,1,1,43.0,none,30,any,ur,0,paid_search
L02043,2026-02-11,Z20,repair,1,1,1,36.0,none,20,any,en,0,referral
L01684,2026-02-11,Z27,install,0,1,1,36.0,deadline,20,any,tr,0,organic
L00519,2026-02-11,Z16,install,0,1,1,,deadline,10,any,en,0,paid_search
L02032,2026-02-11,Z05,install,0,0,0,31.0,emergency,10,any,en,0,organic
L01095,2026-02-11,Z29,repair,1,0,0,33.0,none,30,any,tr,0,organic
L01453,2026-02-11,Z05,install,0,1,1,38.0,deadline,20,any,en,0,paid_search
L02978,2026-02-11,Z01,install,0,1,0,40.0,deadline,40,any,tr,0,organic
L00989,2026-02-12,Z28,repair,1,1,0,46.0,none,20,any,pl,0,paid_search
L01337,2026-02-12,Z01,repair,0,1,0,40.0,none,30,F,ur,0,organic
L01301,2026-02-12,Z03,install,1,1,1,42.0,deadline,10,any,en,0,organic
L01008,2026-02-12,Z23,install,0,1,0,48.0,none,20,any,pl,0,paid_search
L00774,2026-02-12,Z14,repair,0,1,1,45.0,none,30,any,en,1,paid_search
L00954,2026-02-12,Z05,install,1,0,1,39.0,deadline,20,any,en,0,referral
L01230,2026-02-12,Z30,install,0,1,1,32.0,none,20,any,ur,0,organic
L00605,2026-02-12,Z19,install,1,1,1,31.0,deadline,10,F,tr,0,referral
L00794,2026-02-12,Z22,repair,1,1,0,31.0,none,20,F,en,0,paid_search
L02396,2026-02-12,Z06,repair,1,1,0,49.0,none,20,any,pl,0,paid_search
L02253,2026-02-12,Z08,repair,0,1,0,48.0,none,20,any,pl,0,paid_search
L02725,2026-02-12,Z06,install,0,1,0,45.0,deadline,20,any,tr,0,referral
L02705,2026-02-12,Z27,install,0,0,1,41.0,deadline,20,any,en,0,paid_search
L02688,2026-02-12,Z26,repair,0,1,1,37.0,none,30,any,en,0,organic
L01965,2026-02-12,Z03,install,0,0,1,35.0,none,20,any,tr,0,paid_search
L00566,2026-02-12,Z10,install,1,0,1,28.0,none,20,any,ur,0,paid_search
L02405,2026-02-12,Z28,repair,0,1,1,35.0,deadline,10,any,pl,0,organic
L01744,2026-02-12,Z19,install,1,1,0,43.0,none,40,any,en,0,paid_search
L00291,2026-02-12,Z22,install,0,0,0,39.0,deadline,30,F,en,0,organic
L02189,2026-02-12,Z14,install,0,0,1,30.0,none,20,any,ro,0,organic
L02077,2026-02-12,Z29,install,0,0,1,32.0,none,30,F,ro,0,paid_search
L02414,2026-02-13,Z29,repair,0,0,1,42.0,none,10,any,pl,0,organic
L00633,2026-02-13,Z21,install,1,0,1,40.0,deadline,30,F,tr,0,referral
L02434,2026-02-13,Z09,install,0,0,0,,none,10,any,en,0,paid_search
L01493,2026-02-13,Z15,repair,0,0,0,39.0,deadline,30,any,en,0,organic
L02303,2026-02-13,Z17,repair,0,0,1,34.0,none,20,any,tr,0,organic
L00244,2026-02-13,Z22,install,0,1,1,40.0,none,10,F,en,0,organic
L01050,2026-02-13,Z17,install,0,1,0,34.0,deadline,40,any,pl,1,paid_search
L00412,2026-02-13,Z16,repair,0,0,0,36.0,none,10,any,pl,0,paid_search
L00496,2026-02-13,Z23,repair,0,1,1,40.0,none,30,any,tr,0,paid_search
L02880,2026-02-13,Z18,repair,1,1,1,28.0,deadline,20,any,ur,0,organic
L00370,2026-02-13,Z18,install,1,1,1,28.0,none,10,F,ur,0,paid_search
L02172,2026-02-13,Z11,install,0,1,0,50.0,none,20,any,en,0,referral
L00914,2026-02-13,Z30,install,0,1,1,43.0,none,20,any,en,0,organic
L00066,2026-02-13,Z24,install,1,0,1,45.0,none,10,any,en,0,paid_search
L00107,2026-02-14,Z25,install,1,1,0,38.0,none,40,any,pl,0,organic
L00477,2026-02-14,Z13,repair,0,0,1,35.0,none,20,any,ro,0,paid_search
L01913,2026-02-14,Z28,repair,1,1,1,30.0,none,30,any,en,1,paid_search
L02400,2026-02-14,Z06,repair,1,1,1,48.0,deadline,10,any,en,0,referral
L01245,2026-02-14,Z23,repair,0,1,0,32.0,none,10,any,pl,0,paid_search
L02542,2026-02-14,Z16,install,0,1,1,36.0,none,10,any,en,0,organic
L02954,2026-02-14,Z02,repair,0,1,0,,deadline,20,any,tr,0,paid_search
L02326,2026-02-14,Z30,install,1,1,1,,deadline,20,any,pl,0,paid_search
L01688,2026-02-14,Z14,repair,0,1,1,23.0,deadline,20,any,pl,0,paid_search
L01628,2026-02-14,UNKNOWN,repair,1,0,1,32.0,none,30,any,ur,0,paid_search
L01846,2026-02-14,Z11,repair,0,0,1,34.0,none,20,any,ro,1,organic
L02972,2026-02-14,Z28,repair,1,0,0,35.0,none,30,any,en,0,paid_search
L01720,2026-02-14,Z09,install,1,0,1,27.0,none,30,F,ro,0,paid_search
L00642,2026-02-14,Z22,repair,1,1,0,32.0,none,40,any,ro,0,paid_search
L00604,2026-02-14,Z29,install,0,0,1,41.0,deadline,20,any,ur,0,organic
L01383,2026-02-14,Z25,repair,0,0,0,37.0,none,40,any,ro,0,paid_search
L01702,2026-02-15,Z25,install,1,0,0,40.0,none,20,any,en,0,paid_search
L02216,2026-02-15,Z08,repair,0,1,0,31.0,deadline,10,any,ro,1,organic
L01952,2026-02-15,Z13,install,1,1,1,37.0,deadline,30,F,en,0,paid_search
L00694,2026-02-15,Z01,install,1,1,1,40.0,deadline,20,any,ro,0,organic
L00902,2026-02-15,Z03,repair,0,1,0,41.0,deadline,20,any,en,0,organic
L02898,2026-02-15,Z16,repair,0,0,1,45.0,deadline,30,any,en,0,organic
L01108,2026-02-15,Z22,install,0,1,0,36.0,deadline,10,F,en,0,organic
L00831,2026-02-15,Z02,repair,1,0,0,45.0,none,10,any,ro,0,organic
L00458,2026-02-15,Z20,repair,0,0,0,31.0,deadline,20,F,pl,0,organic
L02181,2026-02-15,Z28,repair,1,0,1,29.0,none,20,any,ro,0,paid_search
L01433,2026-02-15,Z26,install,0,1,1,41.0,deadline,10,any,en,0,paid_search
L02606,2026-02-15,Z23,install,1,1,0,31.0,none,30,any,tr,0,paid_search
L00829,2026-02-15,Z14,install,0,0,1,36.0,none,30,any,en,0,organic
L01101,2026-02-15,Z25,install,0,0,0,23.0,none,20,F,en,0,organic
L02766,2026-02-15,Z18,install,1,1,1,,none,10,any,pl,0,paid_search
L01054,2026-02-15,Z21,repair,1,0,0,44.0,none,20,any,pl,0,paid_search
L01992,2026-02-15,UNKNOWN,repair,1,1,0,36.0,none,10,any,ur,0,paid_search
L02818,2026-02-15,Z17,repair,0,1,1,32.0,none,20,any,pl,0,paid_search
L01997,2026-02-15,Z26,install,0,1,1,34.0,none,20,any,pl,0,organic
L00610,2026-02-15,Z19,repair,1,1,1,37.0,deadline,20,any,en,0,paid_search
L02382,2026-02-15,Z21,repair,0,0,0,34.0,none,20,any,en,0,paid_search
L02445,2026-02-15,Z14,install,0,0,1,42.0,none,20,F,en,0,organic
L00505,2026-02-15,Z16,repair,0,0,1,33.0,deadline,20,any,ur,0,paid_search
L00027,2026-02-15,Z15,repair,1,0,0,39.0,none,10,any,en,0,paid_search
L01042,2026-02-15,Z03,repair,0,0,1,41.0,none,20,any,en,0,organic
L02166,2026-02-15,Z04,repair,0,1,0,41.0,deadline,30,F,pl,0,organic
L01620,2026-02-15,Z20,install,0,0,1,37.0,none,10,any,en,0,organic
L00733,2026-02-15,Z01,install,0,1,1,29.0,none,10,any,en,1,organic
L01968,2026-02-15,Z13,repair,0,0,1,48.0,none,20,any,ur,0,organic
L01721,2026-02-16,Z13,repair,0,0,0,44.0,deadline,20,any,ur,0,paid_search
L00596,2026-02-16,Z15,install,0,1,1,36.0,deadline,10,any,en,0,paid_search
L00996,2026-02-16,Z06,repair,0,0,1,38.0,none,20,any,tr,0,paid_search
L00609,2026-02-16,Z17,install,0,0,1,29.0,emergency,20,any,pl,0,paid_search
L01472,2026-02-16,Z09,install,1,0,1,39.0,none,10,any,en,0,paid_search
L00535,2026-02-16,Z28,repair,1,1,1,27.0,none,10,F,en,1,organic
L02110,2026-02-16,Z29,install,0,0,0,33.0,none,30,any,en,0,organic
L02147,2026-02-16,Z24,repair,0,1,1,31.0,deadline,10,any,en,0,organic
L00470,2026-02-16,Z15,repair,0,1,1,45.0,deadline,10,any,pl,0,paid_search
L02996,2026-02-16,Z03,install,0,1,1,41.0,none,30,any,ro,0,organic
L01973,2026-02-16,Z03,repair,1,0,0,39.0,none,30,any,en,0,paid_search
L01825,2026-02-16,Z05,repair,0,1,1,,none,20,any,en,0,organic
L02640,2026-02-16,Z14,install,1,1,1,42.0,none,20,any,en,0,paid_search
L02496,2026-02-17,Z21,install,0,0,1,33.0,deadline,20,any,en,0,organic
L01827,2026-02-17,Z11,install,0,1,0,43.0,emergency,20,any,ur,0,organic
L00323,2026-02-17,Z05,install,0,1,1,,none,20,any,pl,0,organic
L00732,2026-02-17,Z16,install,0,1,1,53.0,deadline,10,any,en,0,organic
L02280,2026-02-17,Z29,install,0,0,1,33.0,deadline,10,any,en,1,paid_search
L01088,2026-02-17,Z04,repair,0,1,1,43.0,none,30,any,en,0,paid_search
L02430,2026-02-17,Z12,install,1,0,0,37.0,none,40,any,en,0,paid_search
L01970,2026-02-17,Z14,repair,0,0,1,32.0,emergency,40,any,ro,0,paid_search
L01832,2026-02-17,Z06,repair,1,1,1,35.0,none,20,any,pl,0,organic
L02958,2026-02-17,Z14,repair,0,0,0,47.0,none,20,F,ro,0,referral
L01777,2026-02-17,Z29,repair,1,1,1,24.0,none,10,any,en,0,referral
L00052,2026-02-17,Z10,repair,0,0,0,38.0,deadline,10,any,ur,0,organic
L01780,2026-02-17,Z04,install,1,1,1,44.0,none,40,any,tr,0,referral
L02994,2026-02-17,Z28,repair,0,0,1,34.0,emergency,10,any,tr,0,paid_search
L01695,2026-02-17,Z22,repair,1,1,0,,none,30,any,ro,0,organic
L02709,2026-02-17,Z23,repair,1,1,1,38.0,none,10,F,ur,0,organic
L01551,2026-02-17,Z22,repair,1,1,0,41.0,deadline,10,any,en,0,paid_search
L02831,2026-02-17,Z14,repair,0,0,1,36.0,none,20,any,pl,0,paid_search
L02801,2026-02-17,Z10,install,1,0,0,24.0,none,20,F,en,0,paid_search
L02991,2026-02-17,Z04,install,1,1,0,40.0,none,20,any,tr,0,organic
L01623,2026-02-17,Z02,repair,1,0,1,31.0,deadline,40,any,en,0,paid_search
L02746,2026-02-17,Z20,install,1,0,1,36.0,emergency,10,any,en,0,paid_search
L00872,2026-02-18,Z13,repair,0,1,0,32.0,none,10,any,en,0,referral
L01931,2026-02-18,Z29,install,1,0,1,28.0,deadline,20,F,en,0,organic
L00113,2026-02-18,Z02,repair,1,0,1,45.0,none,20,any,pl,0,paid_search
L00472,2026-02-18,Z06,repair,1,0,1,41.0,none,20,any,en,0,paid_search
L01208,2026-02-18,Z21,repair,0,1,0,37.0,none,20,any,en,0,paid_search
L02738,2026-02-18,Z02,install,0,0,0,40.0,none,40,F,ur,0,organic
L02755,2026-02-18,Z02,install,1,1,0,35.0,none,10,any,ro,0,organic
L02934,2026-02-18,Z12,install,0,1,0,37.0,none,20,F,en,0,paid_search
L02851,2026-02-18,Z15,install,1,1,0,41.0,none,40,any,en,0,paid_search
L00432,2026-02-18,Z23,repair,1,1,1,,none,20,F,ro,0,organic
L00040,2026-02-18,Z09,repair,1,0,1,43.0,none,20,any,ur,0,paid_search
L00529,2026-02-18,Z20,repair,0,0,1,42.0,deadline,20,any,en,0,referral
L02423,2026-02-18,Z27,install,0,1,0,22.0,none,40,F,en,0,paid_search
L02765,2026-02-18,Z03,repair,0,0,0,36.0,none,20,any,pl,0,referral
L02519,2026-02-18,Z21,install,1,1,0,40.0,deadline,20,any,pl,0,paid_search
L01152,2026-02-18,Z02,repair,0,1,0,41.0,none,20,F,ur,0,paid_search
L00638,2026-02-18,Z03,install,1,0,1,34.0,none,20,any,en,0,referral
L00157,2026-02-18,Z25,install,0,1,1,37.0,none,40,F,en,0,organic
L02854,2026-02-18,Z13,install,1,0,1,37.0,none,10,any,ur,0,paid_search
L01265,2026-02-18,Z26,repair,0,0,1,28.0,deadline,20,any,ur,0,organic
L00775,2026-02-18,Z25,repair,0,0,1,44.0,none,20,any,tr,0,referral
L02495,2026-02-18,Z14,repair,1,1,1,29.0,none,20,F,ur,0,paid_search
L02550,2026-02-19,Z01,repair,0,0,1,39.0,none,20,any,pl,0,paid_search
L01530,2026-02-19,Z27,install,0,0,1,36.0,none,20,any,ur,0,organic
L02554,2026-02-19,Z05,repair,1,0,0,35.0,deadline,10,any,en,0,organic
L01269,2026-02-19,Z25,install,0,1,1,40.0,none,20,any,en,0,paid_search
L02258,2026-02-19,Z08,repair,0,1,0,36.0,none,10,any,en,0,paid_search
L02365,2026-02-19,Z21,repair,0,1,0,,deadline,30,any,en,0,paid_search
L02983,2026-02-19,Z07,install,0,1,1,39.0,deadline,20,any,en,0,paid_search
L01077,2026-02-19,Z12,install,0,1,1,45.0,none,30,any,en,0,organic
L01690,2026-02-19,Z24,repair,1,0,0,34.0,none,10,any,pl,1,paid_search
L00333,2026-02-19,Z02,repair,0,0,0,34.0,none,20,any,en,1,organic
L01318,2026-02-19,Z18,install,1,1,0,40.0,emergency,10,any,en,0,paid_search
L00946,2026-02-20,Z05,install,1,1,1,34.0,none,30,any,en,0,paid_search
L00919,2026-02-20,Z10,repair,1,0,1,,none,10,any,en,1,referral
L02993,2026-02-20,Z04,install,1,1,1,40.0,none,20,any,en,1,paid_search
L02102,2026-02-20,Z06,repair,1,1,0,30.0,deadline,30,F,en,1,referral
L01174,2026-02-20,Z25,repair,1,0,1,38.0,none,30,any,pl,0,paid_search
L01312,2026-02-20,Z24,repair,0,1,1,44.0,none,10,any,en,0,organic
L02285,2026-02-20,Z21,install,0,1,1,36.0,none,20,F,tr,0,organic
L00944,2026-02-20,Z26,repair,0,1,1,25.0,deadline,30,any,en,0,organic
L02758,2026-02-20,Z08,install,1,1,0,32.0,deadline,30,any,en,0,paid_search
L01247,2026-02-20,Z30,repair,1,1,0,36.0,deadline,20,any,en,0,paid_search
L02475,2026-02-20,Z02,repair,1,1,1,29.0,none,10,F,tr,0,paid_search
L01371,2026-02-20,Z01,install,0,1,0,44.0,none,20,any,tr,0,organic
L00011,2026-02-21,Z04,install,1,0,1,,deadline,10,any,en,0,organic
L02245,2026-02-21,Z29,install,1,0,0,35.0,deadline,20,any,en,0,organic
L00303,2026-02-21,Z12,install,0,1,1,36.0,none,20,any,ro,0,paid_search
L01808,2026-02-21,Z23,repair,1,1,1,39.0,none,20,any,ro,0,organic
L00630,2026-02-21,Z20,install,1,1,1,,none,10,any,en,0,paid_search
L02528,2026-02-21,Z27,repair,0,1,1,45.0,emergency,10,any,ur,0,referral
L01738,2026-02-21,Z02,install,0,1,1,43.0,none,10,any,ur,0,referral
L00173,2026-02-21,Z15,install,1,0,1,35.0,none,20,F,tr,0,referral
L00854,2026-02-21,Z19,install,0,1,0,45.0,deadline,10,any,en,0,organic
L00161,2026-02-21,Z19,repair,1,1,0,34.0,deadline,40,any,pl,0,paid_search
L00378,2026-02-21,Z10,repair,0,0,0,29.0,none,20,any,pl,0,organic
L00184,2026-02-21,Z01,repair,0,1,1,40.0,none,40,any,tr,0,paid_search
L00628,2026-02-21,Z11,repair,0,1,0,32.0,deadline,40,any,ro,0,paid_search
L00442,2026-02-22,Z02,repair,0,0,0,43.0,none,10,any,ur,0,organic
L02778,2026-02-22,Z15,repair,0,0,0,48.0,emergency,20,any,pl,0,referral
L01713,2026-02-22,Z28,repair,0,0,0,35.0,none,30,any,pl,0,paid_search
L02767,2026-02-22,Z21,repair,0,1,1,42.0,none,20,any,tr,0,referral
L02847,2026-02-22,Z25,repair,0,1,0,29.0,none,10,F,ro,0,paid_search
L00983,2026-02-22,Z13,install,1,1,1,40.0,emergency,20,any,pl,1,paid_search
L00475,2026-02-22,Z18,install,0,1,1,37.0,none,20,any,en,0,organic
L01644,2026-02-22,Z13,install,0,1,1,,emergency,20,any,en,0,paid_search
L01214,2026-02-22,Z29,repair,1,0,0,29.0,deadline,20,any,en,0,paid_search
L01232,2026-02-22,Z30,repair,0,1,1,37.0,none,30,any,ur,1,organic
L01991,2026-02-22,Z10,install,0,0,1,27.0,none,30,any,en,0,organic
L01486,2026-02-22,Z03,repair,1,0,1,36.0,deadline,20,any,ro,0,paid_search
L01006,2026-02-22,Z12,repair,0,0,0,37.0,deadline,10,any,en,1,paid_search
L01341,2026-02-22,Z09,repair,0,1,1,,deadline,30,F,pl,0,paid_search
L01571,2026-02-22,Z29,repair,0,1,1,37.0,none,10,any,en,0,organic
L02157,2026-02-23,Z06,repair,0,1,1,40.0,deadline,10,any,en,0,paid_search
L01226,2026-02-23,Z12,repair,1,1,1,42.0,none,20,any,pl,0,paid_search
L01864,2026-02-23,Z25,install,1,0,0,39.0,none,40,any,en,0,paid_search
L02786,2026-02-23,Z27,repair,0,1,0,44.0,deadline,20,any,en,0,paid_search
L00012,2026-02-23,Z09,repair,0,0,1,36.0,none,20,any,ur,0,organic
L00326,2026-02-23,Z03,install,1,0,0,37.0,deadline,20,any,en,0,paid_search
L02251,2026-02-23,Z02,repair,0,0,1,46.0,none,40,any,pl,0,paid_search
L02782,2026-02-24,Z03,install,0,1,1,42.0,none,20,any,en,0,organic
L01627,2026-02-24,Z21,repair,1,1,0,29.0,deadline,10,any,en,0,paid_search
L00051,2026-02-24,Z14,repair,0,1,0,43.0,emergency,20,any,ur,0,organic
L00549,2026-02-25,Z16,repair,1,1,0,40.0,none,10,any,ur,0,paid_search
L02407,2026-02-25,Z11,install,1,1,1,33.0,deadline,10,any,ur,0,paid_search
L00393,2026-02-25,Z11,repair,1,0,1,41.0,emergency,20,any,ro,0,paid_search
L01302,2026-02-25,Z19,install,1,0,1,46.0,deadline,30,any,tr,0,paid_search
L01586,2026-02-25,Z26,repair,1,1,0,27.0,deadline,30,any,en,0,organic
L01733,2026-02-26,Z11,repair,0,1,1,38.0,none,40,any,en,0,paid_search
L01849,2026-02-26,Z07,install,1,0,1,37.0,deadline,10,F,ro,0,organic
L00251,2026-02-26,Z21,repair,0,0,0,31.0,none,20,any,tr,0,organic
L02591,2026-02-27,Z23,repair,0,1,0,37.0,none,20,any,en,0,paid_search
L01575,2026-02-27,Z07,repair,0,1,1,36.0,deadline,20,any,en,0,paid_search
L01034,2026-02-27,Z22,repair,1,0,1,37.0,none,20,any,en,0,organic
L02283,2026-02-27,Z10,repair,0,1,0,39.0,none,40,any,pl,0,paid_search
L02061,2026-02-27,Z02,repair,0,0,0,34.0,none,40,any,en,0,organic
L00918,2026-02-27,Z24,install,0,1,1,46.0,none,20,F,ur,0,paid_search
L02381,2026-02-28,Z09,repair,0,0,1,43.0,none,20,any,en,0,paid_search
L01496,2026-02-28,Z19,repair,0,1,1,39.0,deadline,20,any,en,0,paid_search
L00200,2026-02-28,Z19,repair,0,0,1,37.0,deadline,20,any,en,0,paid_search
L01136,2026-02-28,Z27,install,0,1,0,37.0,none,20,any,en,0,referral
L00437,2026-02-28,Z17,repair,0,0,0,40.0,none,30,F,tr,0,paid_search
L02257,2026-02-28,Z04,repair,0,0,0,40.0,none,40,any,pl,0,paid_search
L00390,2026-02-28,Z19,repair,1,1,0,45.0,none,30,any,en,0,paid_search
L01899,2026-02-28,Z10,repair,0,1,1,35.0,emergency,20,any,en,0,organic
L01981,2026-02-28,Z16,repair,0,1,0,30.0,none,20,F,en,0,organic
L00241,2026-03-01,Z12,install,0,1,0,33.0,none,20,F,en,0,paid_search
L02334,2026-03-01,Z11,repair,1,1,1,37.0,emergency,30,any,en,0,paid_search
L01941,2026-03-01,Z09,install,1,1,0,34.0,deadline,10,any,ro,0,organic
L01468,2026-03-01,Z07,install,1,0,1,31.0,deadline,10,any,en,0,paid_search
L00990,2026-03-01,Z10,repair,1,0,0,51.0,deadline,30,F,en,0,paid_search
L01191,2026-03-01,Z25,install,0,0,1,48.0,none,10,any,tr,0,organic
L02601,2026-03-01,Z19,repair,0,1,1,30.0,none,20,any,pl,0,referral
