lead_id,provider_id,offered_at,rank_shown,purchased,contacted,converted,lead_price_gbp
L02699,P0014,2025-09-01,1,0,0,0,8.0
L02699,P0066,2025-09-01,2,1,1,0,15.0
L02699,P0063,2025-09-01,3,0,0,0,8.0
L02699,P0020,2025-09-01,4,0,0,0,12.0
L02699,P0115,2025-09-01,5,0,0,0,12.0
L02744,P0084,2025-09-02,1,1,1,1,15.0
L02744,P0091,2025-09-02,2,0,0,0,15.0
L02744,P0069,2025-09-02,3,0,0,0,12.0
L02744,P0037,2025-09-02,4,1,1,0,8.0
L02744,P0030,2025-09-02,5,1,0,0,8.0
L00268,P0000,2025-09-02,1,0,0,0,15.0
L00268,P0062,2025-09-02,2,1,0,0,8.0
L00268,P0153,2025-09-02,3,0,0,0,10.0
L00268,P0181,2025-09-02,4,0,0,0,15.0
L00268,P0029,2025-09-02,5,0,0,0,12.0
L01397,P0114,2025-09-04,1,0,0,0,10.0
L01397,P0189,2025-09-04,2,1,0,0,12.0
L01397,P0058,2025-09-04,3,1,1,0,10.0
L01397,P0090,2025-09-04,4,0,0,0,12.0
L01397,P0007,2025-09-04,5,1,1,0,12.0
L01884,P0109,2025-09-04,1,0,0,0,10.0
L01884,P0117,2025-09-04,2,0,0,0,15.0
L01884,P0040,2025-09-04,3,1,0,0,12.0
L01884,P0188,2025-09-04,4,1,0,0,10.0
L01884,P0112,2025-09-04,5,0,0,0,10.0
L01266,P0201,2025-09-05,1,0,0,0,15.0
L01266,P0197,2025-09-05,2,0,0,0,8.0
L01266,P0173,2025-09-05,3,0,0,0,12.0
L01266,P0019,2025-09-05,4,0,0,0,10.0
L01266,P0175,2025-09-05,5,0,0,0,8.0
L01056,P0033,2025-09-06,1,0,0,0,12.0
L01056,P0211,2025-09-06,2,1,1,0,15.0
L01056,P0071,2025-09-06,3,0,0,0,15.0
L01056,P0077,2025-09-06,4,0,0,0,8.0
L01056,P0174,2025-09-06,5,0,0,0,8.0
L02001,P0219,2025-09-07,1,0,0,0,12.0
L02001,P0207,2025-09-07,2,1,1,0,12.0
L02001,P0209,2025-09-07,3,0,0,0,10.0
L02001,P0195,2025-09-07,4,1,1,0,10.0
L02001,P0112,2025-09-07,5,0,0,0,10.0
L00190,P0186,2025-09-07,1,1,1,0,8.0
L00190,P0138,2025-09-07,2,0,0,0,15.0
L00190,P0124,2025-09-07,3,1,1,0,12.0
L00190,P0105,2025-09-07,4,1,0,0,8.0
L00190,P0104,2025-09-07,5,0,0,0,12.0
L00668,P0189,2025-09-08,1,0,0,0,8.0
L00668,P0148,2025-09-08,2,1,1,0,10.0
L00668,P0114,2025-09-08,3,0,0,0,12.0
L00668,P0006,2025-09-08,4,0,0,0,10.0
L00668,P0135,2025-09-08,5,1,1,0,10.0
L00644,P0117,2025-09-08,1,1,0,0,8.0
L00644,P0040,2025-09-08,2,1,1,0,15.0
L00644,P0126,2025-09-08,3,1,1,1,15.0
L00644,P0195,2025-09-08,4,1,1,0,12.0
L00644,P0188,2025-09-08,5,0,0,0,15.0
L00264,P0139,2025-09-10,1,1,1,0,8.0
L00264,P0025,2025-09-10,2,0,0,0,12.0
L00264,P0194,2025-09-10,3,0,0,0,8.0
L00264,P0050,2025-09-10,4,1,1,0,12.0
L00264,P0186,2025-09-10,5,1,1,0,15.0
L02990,P0187,2025-09-10,1,1,1,0,8.0
L02990,P0077,2025-09-10,2,0,0,0,8.0
L02990,P0027,2025-09-10,3,1,1,0,8.0
L02990,P0198,2025-09-10,4,0,0,0,12.0
L02990,P0072,2025-09-10,5,0,0,0,12.0
L00871,P0062,2025-09-11,1,1,1,1,10.0
L00871,P0181,2025-09-11,2,1,1,1,15.0
L00871,P0070,2025-09-11,3,1,0,0,12.0
L00871,P0029,2025-09-11,4,1,0,0,8.0
L00871,P0106,2025-09-11,5,0,0,0,8.0
L02735,P0070,2025-09-11,1,0,0,0,10.0
L02735,P0106,2025-09-11,2,0,0,0,12.0
L02735,P0175,2025-09-11,3,1,1,0,10.0
L02735,P0173,2025-09-11,4,1,0,0,12.0
L02735,P0049,2025-09-11,5,0,0,0,15.0
L00108,P0052,2025-09-11,1,0,0,0,10.0
L00108,P0096,2025-09-11,2,0,0,0,8.0
L00108,P0212,2025-09-11,3,1,1,1,12.0
L00108,P0085,2025-09-11,4,0,0,0,12.0
L00108,P0020,2025-09-11,5,1,0,0,8.0
L01418,P0206,2025-09-12,1,0,0,0,15.0
L01418,P0174,2025-09-12,2,0,0,0,12.0
L01418,P0033,2025-09-12,3,1,0,0,12.0
L01418,P0027,2025-09-12,4,0,0,0,12.0
L01418,P0072,2025-09-12,5,0,0,0,10.0
L01565,P0208,2025-09-12,1,0,0,0,12.0
L01565,P0116,2025-09-12,2,1,0,0,12.0
L01565,P0044,2025-09-12,3,0,0,0,15.0
L01565,P0081,2025-09-12,4,1,1,0,10.0
L01565,P0028,2025-09-12,5,1,1,0,15.0
L02122,P0184,2025-09-12,1,1,1,0,8.0
L02122,P0078,2025-09-12,2,0,0,0,12.0
L02122,P0092,2025-09-12,3,1,1,1,8.0
L02122,P0051,2025-09-12,4,1,1,0,15.0
L02122,P0218,2025-09-12,5,1,1,0,12.0
L01362,P0204,2025-09-13,1,1,1,1,8.0
L01362,P0171,2025-09-13,2,1,1,0,10.0
L01362,P0127,2025-09-13,3,1,1,1,12.0
L01362,P0058,2025-09-13,4,1,1,0,15.0
L01362,P0019,2025-09-13,5,0,0,0,10.0
L01470,P0029,2025-09-13,1,0,0,0,8.0
L01470,P0070,2025-09-13,2,0,0,0,8.0
L01470,P0062,2025-09-13,3,1,1,1,8.0
L01470,P0181,2025-09-13,4,0,0,0,12.0
L01470,P0110,2025-09-13,5,1,1,0,8.0
L02935,P0013,2025-09-13,1,1,1,0,10.0
L02935,P0098,2025-09-13,2,0,0,0,8.0
L02935,P0217,2025-09-13,3,0,0,0,8.0
L02935,P0121,2025-09-13,4,0,0,0,15.0
L02935,P0182,2025-09-13,5,0,0,0,8.0
L00788,P0158,2025-09-14,1,0,0,0,12.0
L00788,P0002,2025-09-14,2,1,1,1,15.0
L00788,P0111,2025-09-14,3,1,1,1,12.0
L00788,P0094,2025-09-14,4,1,1,1,15.0
L00788,P0008,2025-09-14,5,0,0,0,10.0
L00648,P0044,2025-09-15,1,1,0,0,10.0
L00648,P0116,2025-09-15,2,1,1,0,15.0
L00648,P0056,2025-09-15,3,1,0,0,10.0
L00648,P0020,2025-09-15,4,1,1,0,12.0
L00648,P0028,2025-09-15,5,0,0,0,12.0
L01749,P0111,2025-09-15,1,1,1,1,12.0
L01749,P0002,2025-09-15,2,1,1,1,8.0
L01749,P0094,2025-09-15,3,0,0,0,12.0
L01749,P0008,2025-09-15,4,1,0,0,12.0
L01749,P0131,2025-09-15,5,0,0,0,15.0
L00750,P0086,2025-09-15,1,1,1,0,12.0
L00750,P0054,2025-09-15,2,0,0,0,15.0
L00750,P0136,2025-09-15,3,0,0,0,8.0
L00750,P0124,2025-09-15,4,0,0,0,8.0
L00750,P0138,2025-09-15,5,0,0,0,15.0
L02088,P0213,2025-09-15,1,1,1,0,10.0
L02088,P0145,2025-09-15,2,1,0,0,12.0
L02088,P0035,2025-09-15,3,0,0,0,12.0
L02088,P0172,2025-09-15,4,1,1,0,10.0
L02088,P0031,2025-09-15,5,1,1,1,10.0
L00881,P0174,2025-09-16,1,0,0,0,12.0
L00881,P0200,2025-09-16,2,1,0,0,8.0
L00881,P0206,2025-09-16,3,0,0,0,12.0
L00881,P0033,2025-09-16,4,0,0,0,15.0
L00881,P0198,2025-09-16,5,0,0,0,12.0
L00643,P0207,2025-09-16,1,0,0,0,15.0
L00643,P0047,2025-09-16,2,1,0,0,15.0
L00643,P0209,2025-09-16,3,0,0,0,15.0
L00643,P0112,2025-09-16,4,0,0,0,15.0
L00643,P0195,2025-09-16,5,0,0,0,10.0
L02492,P0160,2025-09-17,1,1,1,1,12.0
L02492,P0158,2025-09-17,2,0,0,0,12.0
L02492,P0053,2025-09-17,3,0,0,0,8.0
L02492,P0078,2025-09-17,4,0,0,0,10.0
L02492,P0021,2025-09-17,5,0,0,0,8.0
L00609,P0186,2025-09-17,1,1,1,0,10.0
L00609,P0124,2025-09-17,2,0,0,0,8.0
L00609,P0025,2025-09-17,3,1,0,0,8.0
L00609,P0061,2025-09-17,4,0,0,0,10.0
L00609,P0032,2025-09-17,5,0,0,0,8.0
L00227,P0151,2025-09-17,1,1,1,0,10.0
L00227,P0101,2025-09-17,2,1,0,0,12.0
L00227,P0088,2025-09-17,3,0,0,0,12.0
L00227,P0021,2025-09-17,4,1,0,0,8.0
L00227,P0051,2025-09-17,5,1,0,0,15.0
L01143,P0185,2025-09-17,1,0,0,0,12.0
L01143,P0135,2025-09-17,2,1,0,0,8.0
L01143,P0065,2025-09-17,3,1,1,0,12.0
L01143,P0019,2025-09-17,4,0,0,0,10.0
L01143,P0035,2025-09-17,5,1,1,0,15.0
L01700,P0062,2025-09-17,1,0,0,0,8.0
L01700,P0181,2025-09-17,2,1,1,1,12.0
L01700,P0070,2025-09-17,3,1,1,0,12.0
L01700,P0106,2025-09-17,4,1,1,1,10.0
L01700,P0029,2025-09-17,5,0,0,0,10.0
L00847,P0103,2025-09-17,1,0,0,0,10.0
L00847,P0205,2025-09-17,2,1,1,0,15.0
L00847,P0128,2025-09-17,3,1,0,0,15.0
L00847,P0147,2025-09-17,4,0,0,0,12.0
L00847,P0056,2025-09-17,5,0,0,0,10.0
L02752,P0122,2025-09-17,1,1,1,1,10.0
L02752,P0016,2025-09-17,2,1,1,1,8.0
L02752,P0134,2025-09-17,3,1,1,1,10.0
L02752,P0195,2025-09-17,4,1,0,0,8.0
L02752,P0188,2025-09-17,5,0,0,0,15.0
L00380,P0068,2025-09-18,1,1,1,0,10.0
L00380,P0029,2025-09-18,2,0,0,0,15.0
L00380,P0062,2025-09-18,3,0,0,0,15.0
L00380,P0148,2025-09-18,4,1,1,0,10.0
L00380,P0153,2025-09-18,5,0,0,0,12.0
L02864,P0208,2025-09-18,1,0,0,0,8.0
L02864,P0116,2025-09-18,2,1,1,0,8.0
L02864,P0017,2025-09-18,3,0,0,0,8.0
L02864,P0020,2025-09-18,4,0,0,0,12.0
L02864,P0011,2025-09-18,5,1,1,1,8.0
L01980,P0134,2025-09-18,1,0,0,0,15.0
L01980,P0159,2025-09-18,2,0,0,0,12.0
L01980,P0016,2025-09-18,3,1,0,0,10.0
L01980,P0188,2025-09-18,4,0,0,0,12.0
L01980,P0195,2025-09-18,5,1,1,0,15.0
L01515,P0206,2025-09-18,1,0,0,0,15.0
L01515,P0077,2025-09-18,2,0,0,0,10.0
L01515,P0200,2025-09-18,3,1,0,0,15.0
L01515,P0027,2025-09-18,4,0,0,0,8.0
L01515,P0033,2025-09-18,5,1,1,0,12.0
L01827,P0209,2025-09-18,1,0,0,0,10.0
L01827,P0112,2025-09-18,2,1,0,0,8.0
L01827,P0180,2025-09-18,3,0,0,0,15.0
L01827,P0219,2025-09-18,4,0,0,0,8.0
L01827,P0207,2025-09-18,5,0,0,0,15.0
L02863,P0163,2025-09-18,1,1,1,0,10.0
L02863,P0161,2025-09-18,2,1,1,1,8.0
L02863,P0065,2025-09-18,3,0,0,0,8.0
L02863,P0035,2025-09-18,4,1,1,0,8.0
L02863,P0019,2025-09-18,5,0,0,0,8.0
L00500,P0206,2025-09-18,1,1,0,0,10.0
L00500,P0198,2025-09-18,2,0,0,0,8.0
L00500,P0072,2025-09-18,3,0,0,0,10.0
L00500,P0027,2025-09-18,4,1,1,1,15.0
L00500,P0033,2025-09-18,5,0,0,0,12.0
L02984,P0172,2025-09-18,1,1,1,1,10.0
L02984,P0035,2025-09-18,2,0,0,0,15.0
L02984,P0118,2025-09-18,3,1,1,0,12.0
L02984,P0213,2025-09-18,4,1,1,1,8.0
L02984,P0145,2025-09-18,5,0,0,0,10.0
L02015,P0116,2025-09-19,1,1,1,0,15.0
L02015,P0044,2025-09-19,2,0,0,0,12.0
L02015,P0147,2025-09-19,3,0,0,0,12.0
L02015,P0056,2025-09-19,4,1,1,0,10.0
L02015,P0081,2025-09-19,5,1,0,0,12.0
L02343,P0087,2025-09-19,1,1,1,0,10.0
L02343,P0154,2025-09-19,2,0,0,0,12.0
L02343,P0021,2025-09-19,3,0,0,0,10.0
L02343,P0051,2025-09-19,4,0,0,0,12.0
L02343,P0078,2025-09-19,5,0,0,0,12.0
L02168,P0062,2025-09-19,1,1,1,0,10.0
L02168,P0181,2025-09-19,2,1,1,0,10.0
L02168,P0070,2025-09-19,3,1,1,0,12.0
L02168,P0029,2025-09-19,4,0,0,0,10.0
L02168,P0175,2025-09-19,5,0,0,0,15.0
L00250,P0004,2025-09-19,1,1,0,0,10.0
L00250,P0054,2025-09-19,2,0,0,0,15.0
L00250,P0086,2025-09-19,3,0,0,0,15.0
L00250,P0124,2025-09-19,4,0,0,0,10.0
L00250,P0138,2025-09-19,5,0,0,0,15.0
L01999,P0008,2025-09-19,1,0,0,0,8.0
L01999,P0002,2025-09-19,2,1,1,0,12.0
L01999,P0111,2025-09-19,3,1,1,0,12.0
L01999,P0140,2025-09-19,4,1,1,1,8.0
L01999,P0094,2025-09-19,5,1,0,0,12.0
L02648,P0007,2025-09-19,1,0,0,0,15.0
L02648,P0138,2025-09-19,2,1,1,0,10.0
L02648,P0006,2025-09-19,3,0,0,0,8.0
L02648,P0081,2025-09-19,4,1,0,0,10.0
L02648,P0086,2025-09-19,5,0,0,0,15.0
L01496,P0188,2025-09-19,1,1,1,0,15.0
L01496,P0117,2025-09-19,2,0,0,0,8.0
L01496,P0109,2025-09-19,3,0,0,0,8.0
L01496,P0075,2025-09-19,4,0,0,0,15.0
L01496,P0016,2025-09-19,5,0,0,0,15.0
L01097,P0012,2025-09-19,1,0,0,0,8.0
L01097,P0107,2025-09-19,2,1,0,0,12.0
L01097,P0113,2025-09-19,3,0,0,0,15.0
L01097,P0072,2025-09-19,4,0,0,0,15.0
L01097,P0198,2025-09-19,5,0,0,0,8.0
L02420,P0089,2025-09-20,1,1,1,1,12.0
L02420,P0030,2025-09-20,2,0,0,0,15.0
L02420,P0077,2025-09-20,3,0,0,0,15.0
L02420,P0071,2025-09-20,4,0,0,0,8.0
L02420,P0200,2025-09-20,5,1,1,1,12.0
L01059,P0116,2025-09-20,1,1,1,0,8.0
L01059,P0044,2025-09-20,2,0,0,0,8.0
L01059,P0056,2025-09-20,3,1,1,1,15.0
L01059,P0020,2025-09-20,4,1,1,1,10.0
L01059,P0086,2025-09-20,5,1,1,0,10.0
L02666,P0029,2025-09-20,1,1,0,0,8.0
L02666,P0062,2025-09-20,2,0,0,0,15.0
L02666,P0049,2025-09-20,3,1,1,0,10.0
L02666,P0110,2025-09-20,4,0,0,0,15.0
L02666,P0043,2025-09-20,5,0,0,0,10.0
L02882,P0137,2025-09-20,1,0,0,0,8.0
L02882,P0213,2025-09-20,2,0,0,0,8.0
L02882,P0145,2025-09-20,3,1,1,0,12.0
L02882,P0035,2025-09-20,4,1,1,0,8.0
L02882,P0046,2025-09-20,5,0,0,0,10.0
L01229,P0187,2025-09-20,1,1,1,0,10.0
L01229,P0215,2025-09-20,2,1,1,0,15.0
L01229,P0026,2025-09-20,3,0,0,0,12.0
L01229,P0123,2025-09-20,4,0,0,0,12.0
L01229,P0057,2025-09-20,5,0,0,0,8.0
L00693,P0091,2025-09-20,1,0,0,0,10.0
L00693,P0037,2025-09-20,2,0,0,0,10.0
L00693,P0057,2025-09-20,3,0,0,0,12.0
L00693,P0156,2025-09-20,4,0,0,0,12.0
L00693,P0119,2025-09-20,5,1,1,0,8.0
L01207,P0037,2025-09-21,1,1,1,0,12.0
L01207,P0203,2025-09-21,2,1,1,1,10.0
L01207,P0084,2025-09-21,3,1,0,0,15.0
L01207,P0059,2025-09-21,4,1,1,0,15.0
L01207,P0129,2025-09-21,5,1,0,0,12.0
L01104,P0193,2025-09-21,1,1,1,1,12.0
L01104,P0140,2025-09-21,2,0,0,0,8.0
L01104,P0111,2025-09-21,3,0,0,0,8.0
L01104,P0020,2025-09-21,4,0,0,0,8.0
L01104,P0028,2025-09-21,5,0,0,0,8.0
L02800,P0139,2025-09-21,1,0,0,0,15.0
L02800,P0050,2025-09-21,2,0,0,0,10.0
L02800,P0186,2025-09-21,3,0,0,0,12.0
L02800,P0138,2025-09-21,4,0,0,0,10.0
L02800,P0004,2025-09-21,5,1,1,0,12.0
L00963,P0140,2025-09-21,1,1,0,0,8.0
L00963,P0193,2025-09-21,2,0,0,0,15.0
L00963,P0028,2025-09-21,3,0,0,0,10.0
L00963,P0020,2025-09-21,4,0,0,0,10.0
L00963,P0008,2025-09-21,5,0,0,0,12.0
L02647,P0131,2025-09-22,1,0,0,0,10.0
L02647,P0008,2025-09-22,2,0,0,0,8.0
L02647,P0094,2025-09-22,3,1,1,1,12.0
L02647,P0111,2025-09-22,4,1,0,0,8.0
L02647,P0158,2025-09-22,5,0,0,0,10.0
L00939,P0050,2025-09-22,1,1,1,0,10.0
L00939,P0124,2025-09-22,2,1,0,0,15.0
L00939,P0032,2025-09-22,3,0,0,0,8.0
L00939,P0061,2025-09-22,4,1,1,0,10.0
L00939,P0100,2025-09-22,5,0,0,0,8.0
L02400,P0030,2025-09-22,1,0,0,0,8.0
L02400,P0057,2025-09-22,2,0,0,0,10.0
L02400,P0129,2025-09-22,3,0,0,0,15.0
L02400,P0119,2025-09-22,4,1,1,1,15.0
L02400,P0174,2025-09-22,5,1,1,1,15.0
L02992,P0165,2025-09-22,1,0,0,0,8.0
L02992,P0024,2025-09-22,2,0,0,0,8.0
L02992,P0015,2025-09-22,3,0,0,0,15.0
L02992,P0069,2025-09-22,4,0,0,0,8.0
L02992,P0091,2025-09-22,5,1,1,1,15.0
L00730,P0032,2025-09-22,1,0,0,0,15.0
L00730,P0192,2025-09-22,2,1,1,0,15.0
L00730,P0124,2025-09-22,3,0,0,0,8.0
L00730,P0186,2025-09-22,4,1,0,0,12.0
L00730,P0138,2025-09-22,5,0,0,0,12.0
L02930,P0207,2025-09-22,1,1,1,0,12.0
L02930,P0047,2025-09-22,2,0,0,0,12.0
L02930,P0209,2025-09-22,3,0,0,0,15.0
L02930,P0195,2025-09-22,4,0,0,0,10.0
L02930,P0112,2025-09-22,5,0,0,0,8.0
L00233,P0144,2025-09-22,1,1,1,0,15.0
L00233,P0154,2025-09-22,2,0,0,0,8.0
L00233,P0087,2025-09-22,3,0,0,0,12.0
L00233,P0017,2025-09-22,4,1,1,0,12.0
L00233,P0021,2025-09-22,5,1,1,0,8.0
L01586,P0206,2025-09-22,1,1,1,1,15.0
L01586,P0071,2025-09-22,2,0,0,0,8.0
L01586,P0027,2025-09-22,3,0,0,0,8.0
L01586,P0198,2025-09-22,4,1,1,0,12.0
L01586,P0072,2025-09-22,5,1,0,0,12.0
L01920,P0030,2025-09-22,1,0,0,0,10.0
L01920,P0089,2025-09-22,2,0,0,0,12.0
L01920,P0071,2025-09-22,3,1,0,0,12.0
L01920,P0174,2025-09-22,4,0,0,0,10.0
L01920,P0077,2025-09-22,5,1,1,0,8.0
L00596,P0103,2025-09-22,1,0,0,0,10.0
L00596,P0196,2025-09-22,2,1,1,1,15.0
L00596,P0081,2025-09-22,3,1,0,0,8.0
L00596,P0116,2025-09-22,4,1,1,1,10.0
L00596,P0147,2025-09-22,5,0,0,0,15.0
L02141,P0209,2025-09-22,1,1,1,0,10.0
L02141,P0047,2025-09-22,2,1,1,0,8.0
L02141,P0010,2025-09-22,3,1,1,1,10.0
L02141,P0180,2025-09-22,4,0,0,0,10.0
L02141,P0219,2025-09-22,5,0,0,0,8.0
L01823,P0158,2025-09-22,1,0,0,0,8.0
L01823,P0041,2025-09-22,2,0,0,0,15.0
L01823,P0111,2025-09-22,3,0,0,0,15.0
L01823,P0020,2025-09-22,4,1,1,1,15.0
L01823,P0008,2025-09-22,5,0,0,0,12.0
L01854,P0192,2025-09-22,1,0,0,0,10.0
L01854,P0183,2025-09-22,2,1,0,0,10.0
L01854,P0199,2025-09-22,3,1,1,0,10.0
L01854,P0124,2025-09-22,4,1,0,0,12.0
L01854,P0081,2025-09-22,5,0,0,0,15.0
L01821,P0182,2025-09-23,1,1,1,0,8.0
L01821,P0162,2025-09-23,2,1,1,0,10.0
L01821,P0013,2025-09-23,3,0,0,0,12.0
L01821,P0121,2025-09-23,4,1,1,0,15.0
L01821,P0217,2025-09-23,5,1,1,0,10.0
L01178,P0136,2025-09-23,1,1,1,1,15.0
L01178,P0054,2025-09-23,2,1,1,1,12.0
L01178,P0004,2025-09-23,3,1,1,0,8.0
L01178,P0205,2025-09-23,4,1,1,0,8.0
L01178,P0138,2025-09-23,5,1,1,0,12.0
L02597,P0121,2025-09-23,1,0,0,0,15.0
L02597,P0190,2025-09-23,2,0,0,0,15.0
L02597,P0013,2025-09-23,3,0,0,0,8.0
L02597,P0132,2025-09-23,4,1,0,0,12.0
L02597,P0162,2025-09-23,5,1,0,0,12.0
L02144,P0069,2025-09-23,1,1,1,1,15.0
L02144,P0165,2025-09-23,2,1,0,0,8.0
L02144,P0024,2025-09-23,3,1,0,0,8.0
L02144,P0155,2025-09-23,4,1,1,0,15.0
L02144,P0030,2025-09-23,5,0,0,0,12.0
L00675,P0119,2025-09-24,1,0,0,0,15.0
L00675,P0026,2025-09-24,2,1,1,1,10.0
L00675,P0001,2025-09-24,3,0,0,0,10.0
L00675,P0123,2025-09-24,4,1,1,0,10.0
L00675,P0003,2025-09-24,5,0,0,0,8.0
L01027,P0128,2025-09-24,1,1,1,1,12.0
L01027,P0205,2025-09-24,2,1,1,1,10.0
L01027,P0081,2025-09-24,3,1,1,1,15.0
L01027,P0116,2025-09-24,4,0,0,0,15.0
L01027,P0044,2025-09-24,5,0,0,0,10.0
L02402,P0093,2025-09-24,1,1,0,0,15.0
L02402,P0090,2025-09-24,2,1,0,0,15.0
L02402,P0138,2025-09-24,3,1,1,0,8.0
L02402,P0124,2025-09-24,4,0,0,0,15.0
L02402,P0081,2025-09-24,5,1,1,1,8.0
L01732,P0213,2025-09-24,1,0,0,0,15.0
L01732,P0079,2025-09-24,2,0,0,0,8.0
L01732,P0073,2025-09-24,3,0,0,0,8.0
L01732,P0172,2025-09-24,4,0,0,0,15.0
L01732,P0031,2025-09-24,5,1,1,0,12.0
L01936,P0202,2025-09-25,1,0,0,0,15.0
L01936,P0073,2025-09-25,2,1,1,1,12.0
L01936,P0213,2025-09-25,3,1,1,0,8.0
L01936,P0145,2025-09-25,4,1,1,1,8.0
L01936,P0031,2025-09-25,5,1,1,1,8.0
L00230,P0197,2025-09-25,1,0,0,0,12.0
L00230,P0214,2025-09-25,2,0,0,0,12.0
L00230,P0201,2025-09-25,3,1,0,0,8.0
L00230,P0019,2025-09-25,4,0,0,0,10.0
L00230,P0173,2025-09-25,5,0,0,0,15.0
L01587,P0179,2025-09-26,1,1,1,0,8.0
L01587,P0125,2025-09-26,2,1,1,1,8.0
L01587,P0076,2025-09-26,3,1,0,0,8.0
L01587,P0020,2025-09-26,4,1,1,0,8.0
L01587,P0011,2025-09-26,5,0,0,0,15.0
L02811,P0104,2025-09-26,1,0,0,0,10.0
L02811,P0058,2025-09-26,2,0,0,0,12.0
L02811,P0120,2025-09-26,3,1,1,0,12.0
L02811,P0061,2025-09-26,4,0,0,0,8.0
L02811,P0100,2025-09-26,5,0,0,0,12.0
L01598,P0197,2025-09-26,1,1,1,1,15.0
L01598,P0171,2025-09-26,2,1,1,0,15.0
L01598,P0214,2025-09-26,3,1,1,0,15.0
L01598,P0058,2025-09-26,4,1,1,0,8.0
L01598,P0104,2025-09-26,5,0,0,0,12.0
L02490,P0153,2025-09-26,1,1,1,0,10.0
L02490,P0000,2025-09-26,2,1,1,0,8.0
L02490,P0181,2025-09-26,3,0,0,0,10.0
L02490,P0062,2025-09-26,4,1,1,0,12.0
L02490,P0029,2025-09-26,5,0,0,0,15.0
L01835,P0181,2025-09-26,1,1,1,0,8.0
L01835,P0153,2025-09-26,2,1,1,0,8.0
L01835,P0062,2025-09-26,3,0,0,0,8.0
L01835,P0000,2025-09-26,4,1,0,0,15.0
L01835,P0029,2025-09-26,5,0,0,0,15.0
L00095,P0155,2025-09-26,1,1,1,1,8.0
L00095,P0091,2025-09-26,2,1,0,0,12.0
L00095,P0084,2025-09-26,3,1,1,1,15.0
L00095,P0015,2025-09-26,4,0,0,0,8.0
L00095,P0165,2025-09-26,5,0,0,0,15.0
L02897,P0023,2025-09-26,1,0,0,0,8.0
L02897,P0020,2025-09-26,2,1,1,1,12.0
L02897,P0053,2025-09-26,3,1,1,1,10.0
L02897,P0076,2025-09-26,4,0,0,0,15.0
L02897,P0087,2025-09-26,5,0,0,0,8.0
L01638,P0170,2025-09-26,1,0,0,0,15.0
L01638,P0125,2025-09-26,2,1,1,1,15.0
L01638,P0179,2025-09-26,3,1,1,0,8.0
L01638,P0022,2025-09-26,4,0,0,0,12.0
L01638,P0020,2025-09-26,5,1,1,0,10.0
L01183,P0115,2025-09-26,1,1,0,0,8.0
L01183,P0020,2025-09-26,2,0,0,0,15.0
L01183,P0149,2025-09-26,3,1,0,0,10.0
L01183,P0014,2025-09-26,4,0,0,0,10.0
L01183,P0066,2025-09-26,5,1,0,0,12.0
L00985,P0019,2025-09-26,1,1,1,0,10.0
L00985,P0148,2025-09-26,2,0,0,0,8.0
L00985,P0189,2025-09-26,3,1,1,0,10.0
L00985,P0093,2025-09-26,4,0,0,0,8.0
L00985,P0007,2025-09-26,5,0,0,0,12.0
L00117,P0017,2025-09-26,1,0,0,0,10.0
L00117,P0087,2025-09-26,2,1,1,0,8.0
L00117,P0158,2025-09-26,3,0,0,0,8.0
L00117,P0051,2025-09-26,4,0,0,0,12.0
L00117,P0021,2025-09-26,5,0,0,0,15.0
L01140,P0112,2025-09-27,1,0,0,0,12.0
L01140,P0209,2025-09-27,2,1,1,0,15.0
L01140,P0180,2025-09-27,3,0,0,0,10.0
L01140,P0005,2025-09-27,4,0,0,0,15.0
L01140,P0207,2025-09-27,5,0,0,0,12.0
L01997,P0187,2025-09-27,1,1,1,1,12.0
L01997,P0119,2025-09-27,2,1,1,0,15.0
L01997,P0001,2025-09-27,3,1,0,0,12.0
L01997,P0215,2025-09-27,4,1,1,0,8.0
L01997,P0030,2025-09-27,5,1,0,0,15.0
L02430,P0154,2025-09-27,1,0,0,0,12.0
L02430,P0160,2025-09-27,2,1,0,0,8.0
L02430,P0053,2025-09-27,3,1,1,1,8.0
L02430,P0087,2025-09-27,4,0,0,0,12.0
L02430,P0051,2025-09-27,5,0,0,0,12.0
L00076,P0160,2025-09-27,1,1,1,0,10.0
L00076,P0144,2025-09-27,2,0,0,0,15.0
L00076,P0053,2025-09-27,3,1,1,0,15.0
L00076,P0087,2025-09-27,4,0,0,0,15.0
L00076,P0021,2025-09-27,5,0,0,0,10.0
L02150,P0118,2025-09-27,1,1,1,0,10.0
L02150,P0168,2025-09-27,2,1,1,0,8.0
L02150,P0046,2025-09-27,3,1,1,0,8.0
L02150,P0130,2025-09-27,4,0,0,0,15.0
L02150,P0095,2025-09-27,5,1,1,0,8.0
L02500,P0121,2025-09-27,1,1,1,0,15.0
L02500,P0080,2025-09-27,2,0,0,0,12.0
L02500,P0217,2025-09-27,3,1,0,0,12.0
L02500,P0162,2025-09-27,4,0,0,0,12.0
L02500,P0098,2025-09-27,5,1,0,0,10.0
L01409,P0003,2025-09-27,1,1,1,0,15.0
L01409,P0123,2025-09-27,2,0,0,0,15.0
L01409,P0026,2025-09-27,3,1,1,0,12.0
L01409,P0001,2025-09-27,4,0,0,0,15.0
L01409,P0030,2025-09-27,5,1,1,0,8.0
L00038,P0060,2025-09-28,1,1,0,0,15.0
L00038,P0107,2025-09-28,2,0,0,0,10.0
L00038,P0027,2025-09-28,3,0,0,0,15.0
L00038,P0198,2025-09-28,4,0,0,0,15.0
L00038,P0033,2025-09-28,5,0,0,0,12.0
L02934,P0142,2025-09-28,1,0,0,0,10.0
L02934,P0101,2025-09-28,2,1,1,0,12.0
L02934,P0177,2025-09-28,3,1,1,1,12.0
L02934,P0151,2025-09-28,4,0,0,0,8.0
L02934,P0021,2025-09-28,5,0,0,0,8.0
L01918,P0124,2025-09-28,1,1,1,0,8.0
L01918,P0138,2025-09-28,2,0,0,0,12.0
L01918,P0103,2025-09-28,3,0,0,0,10.0
L01918,P0086,2025-09-28,4,1,1,0,10.0
L01918,P0196,2025-09-28,5,1,1,0,15.0
L01295,P0115,2025-09-28,1,1,0,0,8.0
L01295,P0028,2025-09-28,2,0,0,0,12.0
L01295,P0014,2025-09-28,3,1,0,0,8.0
L01295,P0066,2025-09-28,4,0,0,0,15.0
L01295,P0063,2025-09-28,5,0,0,0,8.0
L00510,P0006,2025-09-28,1,1,1,0,12.0
L00510,P0019,2025-09-28,2,0,0,0,8.0
L00510,P0143,2025-09-28,3,0,0,0,12.0
L00510,P0058,2025-09-28,4,1,1,0,10.0
L00510,P0007,2025-09-28,5,0,0,0,15.0
L02156,P0181,2025-09-28,1,0,0,0,8.0
L02156,P0062,2025-09-28,2,0,0,0,10.0
L02156,P0029,2025-09-28,3,0,0,0,8.0
L02156,P0070,2025-09-28,4,0,0,0,10.0
L02156,P0106,2025-09-28,5,0,0,0,15.0
L02507,P0111,2025-09-28,1,1,1,0,8.0
L02507,P0140,2025-09-28,2,0,0,0,15.0
L02507,P0094,2025-09-28,3,0,0,0,8.0
L02507,P0008,2025-09-28,4,0,0,0,8.0
L02507,P0036,2025-09-28,5,0,0,0,12.0
L01687,P0167,2025-09-28,1,0,0,0,15.0
L01687,P0088,2025-09-28,2,1,1,0,12.0
L01687,P0152,2025-09-28,3,0,0,0,8.0
L01687,P0092,2025-09-28,4,0,0,0,8.0
L01687,P0184,2025-09-28,5,0,0,0,8.0
L00150,P0083,2025-09-28,1,1,1,0,10.0
L00150,P0005,2025-09-28,2,0,0,0,10.0
L00150,P0047,2025-09-28,3,0,0,0,8.0
L00150,P0026,2025-09-28,4,0,0,0,8.0
L00150,P0003,2025-09-28,5,0,0,0,8.0
L02665,P0106,2025-09-28,1,1,0,0,12.0
L02665,P0029,2025-09-28,2,0,0,0,15.0
L02665,P0175,2025-09-28,3,0,0,0,15.0
L02665,P0049,2025-09-28,4,0,0,0,15.0
L02665,P0110,2025-09-28,5,1,1,1,10.0
L02851,P0213,2025-09-28,1,1,1,0,10.0
L02851,P0079,2025-09-28,2,1,0,0,12.0
L02851,P0118,2025-09-28,3,1,1,1,15.0
L02851,P0172,2025-09-28,4,0,0,0,10.0
L02851,P0031,2025-09-28,5,0,0,0,10.0
L02175,P0125,2025-09-29,1,0,0,0,8.0
L02175,P0115,2025-09-29,2,1,0,0,15.0
L02175,P0076,2025-09-29,3,1,0,0,12.0
L02175,P0179,2025-09-29,4,1,1,0,8.0
L02175,P0022,2025-09-29,5,0,0,0,10.0
L02014,P0008,2025-09-29,1,0,0,0,15.0
L02014,P0167,2025-09-29,2,0,0,0,10.0
L02014,P0131,2025-09-29,3,0,0,0,10.0
L02014,P0111,2025-09-29,4,1,0,0,10.0
L02014,P0193,2025-09-29,5,0,0,0,10.0
L02519,P0153,2025-09-29,1,1,1,0,10.0
L02519,P0181,2025-09-29,2,1,0,0,8.0
L02519,P0062,2025-09-29,3,1,1,0,12.0
L02519,P0000,2025-09-29,4,1,0,0,10.0
L02519,P0068,2025-09-29,5,0,0,0,8.0
L01721,P0217,2025-09-29,1,1,0,0,12.0
L01721,P0013,2025-09-29,2,0,0,0,8.0
L01721,P0121,2025-09-29,3,1,1,1,10.0
L01721,P0132,2025-09-29,4,0,0,0,8.0
L01721,P0162,2025-09-29,5,0,0,0,12.0
L00948,P0125,2025-09-29,1,0,0,0,12.0
L00948,P0115,2025-09-29,2,1,1,0,15.0
L00948,P0179,2025-09-29,3,1,1,0,15.0
L00948,P0157,2025-09-29,4,1,1,1,15.0
L00948,P0011,2025-09-29,5,1,1,0,8.0
L00715,P0184,2025-09-29,1,0,0,0,15.0
L00715,P0078,2025-09-29,2,0,0,0,10.0
L00715,P0021,2025-09-29,3,1,1,0,10.0
L00715,P0218,2025-09-29,4,1,1,0,10.0
L00715,P0092,2025-09-29,5,1,1,0,15.0
L02317,P0034,2025-09-30,1,0,0,0,12.0
L02317,P0089,2025-09-30,2,0,0,0,15.0
L02317,P0077,2025-09-30,3,0,0,0,12.0
L02317,P0174,2025-09-30,4,0,0,0,15.0
L02317,P0187,2025-09-30,5,1,1,0,15.0
L02655,P0129,2025-09-30,1,0,0,0,12.0
L02655,P0187,2025-09-30,2,1,1,0,15.0
L02655,P0203,2025-09-30,3,0,0,0,8.0
L02655,P0037,2025-09-30,4,0,0,0,12.0
L02655,P0059,2025-09-30,5,0,0,0,15.0
L00248,P0087,2025-09-30,1,0,0,0,8.0
L00248,P0144,2025-09-30,2,0,0,0,10.0
L00248,P0160,2025-09-30,3,0,0,0,8.0
L00248,P0051,2025-09-30,4,0,0,0,15.0
L00248,P0078,2025-09-30,5,0,0,0,15.0
L00280,P0086,2025-09-30,1,1,1,1,12.0
L00280,P0082,2025-09-30,2,1,1,0,10.0
L00280,P0136,2025-09-30,3,0,0,0,15.0
L00280,P0116,2025-09-30,4,1,1,1,12.0
L00280,P0186,2025-09-30,5,1,1,0,8.0
L01146,P0027,2025-09-30,1,1,1,1,8.0
L01146,P0072,2025-09-30,2,1,1,1,10.0
L01146,P0198,2025-09-30,3,1,1,0,8.0
L01146,P0077,2025-09-30,4,0,0,0,8.0
L01146,P0200,2025-09-30,5,1,1,0,8.0
L01654,P0124,2025-09-30,1,0,0,0,12.0
L01654,P0186,2025-09-30,2,1,1,0,10.0
L01654,P0194,2025-09-30,3,1,1,0,12.0
L01654,P0050,2025-09-30,4,1,1,0,12.0
L01654,P0032,2025-09-30,5,1,1,1,12.0
L02029,P0024,2025-09-30,1,0,0,0,8.0
L02029,P0069,2025-09-30,2,1,1,0,10.0
L02029,P0091,2025-09-30,3,1,1,1,8.0
L02029,P0216,2025-09-30,4,0,0,0,10.0
L02029,P0030,2025-09-30,5,0,0,0,15.0
L02511,P0179,2025-09-30,1,0,0,0,15.0
L02511,P0170,2025-09-30,2,0,0,0,8.0
L02511,P0125,2025-09-30,3,1,1,0,10.0
L02511,P0020,2025-09-30,4,1,1,1,12.0
L02511,P0011,2025-09-30,5,0,0,0,10.0
L01896,P0090,2025-09-30,1,1,1,0,10.0
L01896,P0007,2025-09-30,2,0,0,0,10.0
L01896,P0124,2025-09-30,3,0,0,0,15.0
L01896,P0138,2025-09-30,4,0,0,0,10.0
L01896,P0086,2025-09-30,5,1,1,0,8.0
L02289,P0019,2025-09-30,1,1,0,0,8.0
L02289,P0105,2025-09-30,2,1,1,0,10.0
L02289,P0031,2025-09-30,3,0,0,0,10.0
L02289,P0110,2025-09-30,4,0,0,0,12.0
L02289,P0049,2025-09-30,5,1,1,0,8.0
L01390,P0146,2025-09-30,1,1,0,0,12.0
L01390,P0101,2025-09-30,2,1,0,0,12.0
L01390,P0177,2025-09-30,3,0,0,0,8.0
L01390,P0088,2025-09-30,4,0,0,0,10.0
L01390,P0021,2025-09-30,5,1,1,0,10.0
L02959,P0208,2025-09-30,1,0,0,0,15.0
L02959,P0054,2025-09-30,2,0,0,0,12.0
L02959,P0011,2025-09-30,3,0,0,0,10.0
L02959,P0022,2025-09-30,4,0,0,0,15.0
L02959,P0004,2025-09-30,5,0,0,0,12.0
L02915,P0197,2025-10-01,1,0,0,0,8.0
L02915,P0171,2025-10-01,2,1,1,0,12.0
L02915,P0143,2025-10-01,3,1,0,0,15.0
L02915,P0114,2025-10-01,4,0,0,0,8.0
L02915,P0058,2025-10-01,5,0,0,0,12.0
L00928,P0027,2025-10-01,1,1,1,1,12.0
L00928,P0174,2025-10-01,2,1,1,0,15.0
L00928,P0200,2025-10-01,3,1,1,1,10.0
L00928,P0077,2025-10-01,4,1,1,1,8.0
L00928,P0071,2025-10-01,5,1,0,0,10.0
L02491,P0113,2025-10-01,1,0,0,0,10.0
L02491,P0012,2025-10-01,2,1,1,0,15.0
L02491,P0048,2025-10-01,3,0,0,0,15.0
L02491,P0107,2025-10-01,4,0,0,0,12.0
L02491,P0009,2025-10-01,5,0,0,0,15.0
L01144,P0130,2025-10-01,1,0,0,0,10.0
L01144,P0095,2025-10-01,2,0,0,0,15.0
L01144,P0064,2025-10-01,3,0,0,0,12.0
L01144,P0046,2025-10-01,4,0,0,0,10.0
L01144,P0118,2025-10-01,5,0,0,0,15.0
L02916,P0145,2025-10-01,1,0,0,0,10.0
L02916,P0213,2025-10-01,2,1,0,0,15.0
L02916,P0018,2025-10-01,3,1,1,0,10.0
L02916,P0073,2025-10-01,4,0,0,0,15.0
L02916,P0172,2025-10-01,5,1,1,0,12.0
L01907,P0101,2025-10-01,1,0,0,0,8.0
L01907,P0176,2025-10-01,2,1,1,0,10.0
L01907,P0142,2025-10-01,3,0,0,0,12.0
L01907,P0146,2025-10-01,4,0,0,0,15.0
L01907,P0088,2025-10-01,5,0,0,0,10.0
L00869,P0131,2025-10-01,1,1,1,1,12.0
L00869,P0008,2025-10-01,2,1,1,0,12.0
L00869,P0167,2025-10-01,3,1,1,1,12.0
L00869,P0094,2025-10-01,4,0,0,0,8.0
L00869,P0158,2025-10-01,5,0,0,0,12.0
L02856,P0016,2025-10-01,1,0,0,0,8.0
L02856,P0159,2025-10-01,2,0,0,0,12.0
L02856,P0195,2025-10-01,3,0,0,0,12.0
L02856,P0112,2025-10-01,4,0,0,0,15.0
L02856,P0089,2025-10-01,5,0,0,0,12.0
L01729,P0076,2025-10-01,1,0,0,0,15.0
L01729,P0157,2025-10-01,2,1,1,0,10.0
L01729,P0115,2025-10-01,3,0,0,0,10.0
L01729,P0179,2025-10-01,4,1,1,0,8.0
L01729,P0210,2025-10-01,5,1,1,0,10.0
L01772,P0186,2025-10-01,1,0,0,0,12.0
L01772,P0194,2025-10-01,2,0,0,0,8.0
L01772,P0138,2025-10-01,3,0,0,0,8.0
L01772,P0105,2025-10-01,4,0,0,0,10.0
L01772,P0104,2025-10-01,5,0,0,0,12.0
L00652,P0029,2025-10-01,1,1,1,0,10.0
L00652,P0070,2025-10-01,2,0,0,0,12.0
L00652,P0062,2025-10-01,3,0,0,0,12.0
L00652,P0181,2025-10-01,4,0,0,0,12.0
L00652,P0110,2025-10-01,5,1,1,1,15.0
L02139,P0120,2025-10-01,1,1,1,0,8.0
L02139,P0138,2025-10-01,2,0,0,0,8.0
L02139,P0006,2025-10-01,3,0,0,0,8.0
L02139,P0086,2025-10-01,4,0,0,0,12.0
L02139,P0081,2025-10-01,5,0,0,0,8.0
L01360,P0117,2025-10-01,1,1,0,0,8.0
L01360,P0075,2025-10-01,2,0,0,0,10.0
L01360,P0112,2025-10-01,3,1,1,0,8.0
L01360,P0195,2025-10-01,4,1,1,0,15.0
L01360,P0033,2025-10-01,5,1,1,0,15.0
L02299,P0035,2025-10-01,1,1,0,0,15.0
L02299,P0168,2025-10-01,2,1,1,0,8.0
L02299,P0191,2025-10-01,3,0,0,0,12.0
L02299,P0095,2025-10-01,4,1,1,0,15.0
L02299,P0130,2025-10-01,5,1,1,1,8.0
L02017,P0091,2025-10-01,1,1,0,0,8.0
L02017,P0203,2025-10-01,2,1,1,0,8.0
L02017,P0129,2025-10-01,3,1,0,0,8.0
L02017,P0030,2025-10-01,4,0,0,0,10.0
L02017,P0119,2025-10-01,5,0,0,0,10.0
L00220,P0020,2025-10-02,1,1,0,0,10.0
L00220,P0041,2025-10-02,2,1,1,0,15.0
L00220,P0158,2025-10-02,3,1,0,0,15.0
L00220,P0056,2025-10-02,4,0,0,0,8.0
L00220,P0014,2025-10-02,5,1,1,0,15.0
L00094,P0120,2025-10-02,1,0,0,0,12.0
L00094,P0093,2025-10-02,2,1,1,0,8.0
L00094,P0108,2025-10-02,3,0,0,0,12.0
L00094,P0124,2025-10-02,4,0,0,0,12.0
L00094,P0086,2025-10-02,5,0,0,0,10.0
L01369,P0062,2025-10-02,1,0,0,0,10.0
L01369,P0000,2025-10-02,2,0,0,0,15.0
L01369,P0181,2025-10-02,3,0,0,0,8.0
L01369,P0029,2025-10-02,4,0,0,0,8.0
L01369,P0068,2025-10-02,5,0,0,0,15.0
L00731,P0144,2025-10-02,1,1,1,0,8.0
L00731,P0017,2025-10-02,2,0,0,0,8.0
L00731,P0160,2025-10-02,3,0,0,0,12.0
L00731,P0021,2025-10-02,4,1,0,0,12.0
L00731,P0078,2025-10-02,5,0,0,0,8.0
L00719,P0213,2025-10-02,1,0,0,0,10.0
L00719,P0079,2025-10-02,2,0,0,0,15.0
L00719,P0145,2025-10-02,3,1,1,0,15.0
L00719,P0202,2025-10-02,4,1,1,1,10.0
L00719,P0172,2025-10-02,5,1,0,0,8.0
L00586,P0158,2025-10-02,1,1,1,1,10.0
L00586,P0041,2025-10-02,2,1,1,0,8.0
L00586,P0002,2025-10-02,3,1,0,0,8.0
L00586,P0028,2025-10-02,4,0,0,0,15.0
L00586,P0008,2025-10-02,5,0,0,0,8.0
L02885,P0104,2025-10-02,1,0,0,0,15.0
L02885,P0105,2025-10-02,2,0,0,0,8.0
L02885,P0019,2025-10-02,3,0,0,0,12.0
L02885,P0120,2025-10-02,4,0,0,0,15.0
L02885,P0049,2025-10-02,5,1,1,1,8.0
L00844,P0168,2025-10-02,1,0,0,0,15.0
L00844,P0035,2025-10-02,2,0,0,0,15.0
L00844,P0118,2025-10-02,3,0,0,0,15.0
L00844,P0095,2025-10-02,4,0,0,0,8.0
L00844,P0130,2025-10-02,5,1,0,0,12.0
L00804,P0003,2025-10-03,1,0,0,0,15.0
L00804,P0001,2025-10-03,2,0,0,0,10.0
L00804,P0119,2025-10-03,3,1,1,0,12.0
L00804,P0005,2025-10-03,4,1,1,0,10.0
L00804,P0010,2025-10-03,5,0,0,0,8.0
L02539,P0142,2025-10-03,1,0,0,0,15.0
L02539,P0177,2025-10-03,2,0,0,0,8.0
L02539,P0039,2025-10-03,3,0,0,0,8.0
L02539,P0151,2025-10-03,4,0,0,0,8.0
L02539,P0088,2025-10-03,5,1,1,0,12.0
L01435,P0175,2025-10-03,1,0,0,0,12.0
L01435,P0181,2025-10-03,2,1,1,1,12.0
L01435,P0062,2025-10-03,3,0,0,0,12.0
L01435,P0173,2025-10-03,4,0,0,0,8.0
L01435,P0043,2025-10-03,5,0,0,0,8.0
L02385,P0144,2025-10-03,1,0,0,0,15.0
L02385,P0160,2025-10-03,2,1,0,0,12.0
L02385,P0087,2025-10-03,3,1,0,0,12.0
L02385,P0158,2025-10-03,4,0,0,0,12.0
L02385,P0051,2025-10-03,5,1,0,0,12.0
L02887,P0084,2025-10-03,1,0,0,0,10.0
L02887,P0155,2025-10-03,2,1,1,1,10.0
L02887,P0069,2025-10-03,3,0,0,0,15.0
L02887,P0037,2025-10-03,4,0,0,0,15.0
L02887,P0015,2025-10-03,5,1,1,1,8.0
L01015,P0017,2025-10-03,1,1,0,0,8.0
L01015,P0144,2025-10-03,2,1,1,0,15.0
L01015,P0078,2025-10-03,3,0,0,0,12.0
L01015,P0021,2025-10-03,4,1,0,0,10.0
L01015,P0051,2025-10-03,5,0,0,0,8.0
L01618,P0062,2025-10-03,1,1,0,0,15.0
L01618,P0181,2025-10-03,2,1,1,0,8.0
L01618,P0153,2025-10-03,3,0,0,0,8.0
L01618,P0000,2025-10-03,4,0,0,0,15.0
L01618,P0068,2025-10-03,5,0,0,0,8.0
L00905,P0036,2025-10-03,1,0,0,0,10.0
L00905,P0167,2025-10-03,2,0,0,0,15.0
L00905,P0008,2025-10-03,3,0,0,0,15.0
L00905,P0193,2025-10-03,4,0,0,0,8.0
L00905,P0002,2025-10-03,5,0,0,0,12.0
L02081,P0136,2025-10-03,1,1,1,1,12.0
L02081,P0205,2025-10-03,2,0,0,0,8.0
L02081,P0082,2025-10-03,3,1,1,0,8.0
L02081,P0186,2025-10-03,4,1,1,0,10.0
L02081,P0138,2025-10-03,5,0,0,0,15.0
L01788,P0056,2025-10-03,1,1,1,0,8.0
L01788,P0116,2025-10-03,2,0,0,0,8.0
L01788,P0044,2025-10-03,3,1,0,0,10.0
L01788,P0020,2025-10-03,4,0,0,0,10.0
L01788,P0081,2025-10-03,5,1,1,1,8.0
L02759,P0216,2025-10-03,1,0,0,0,12.0
L02759,P0091,2025-10-03,2,1,1,1,10.0
L02759,P0165,2025-10-03,3,1,1,0,12.0
L02759,P0069,2025-10-03,4,0,0,0,10.0
L02759,P0024,2025-10-03,5,1,1,0,10.0
L02065,P0035,2025-10-04,1,0,0,0,15.0
L02065,P0073,2025-10-04,2,1,1,1,12.0
L02065,P0202,2025-10-04,3,1,1,1,8.0
L02065,P0018,2025-10-04,4,1,1,0,10.0
L02065,P0145,2025-10-04,5,0,0,0,15.0
L02657,P0101,2025-10-04,1,0,0,0,10.0
L02657,P0008,2025-10-04,2,0,0,0,12.0
L02657,P0140,2025-10-04,3,1,0,0,10.0
L02657,P0002,2025-10-04,4,0,0,0,15.0
L02657,P0094,2025-10-04,5,0,0,0,8.0
L01425,P0213,2025-10-04,1,1,0,0,10.0
L01425,P0130,2025-10-04,2,0,0,0,8.0
L01425,P0095,2025-10-04,3,0,0,0,8.0
L01425,P0064,2025-10-04,4,1,0,0,10.0
L01425,P0035,2025-10-04,5,0,0,0,10.0
L02763,P0195,2025-10-04,1,0,0,0,12.0
L02763,P0112,2025-10-04,2,1,1,0,10.0
L02763,P0047,2025-10-04,3,1,1,0,10.0
L02763,P0010,2025-10-04,4,0,0,0,10.0
L02763,P0005,2025-10-04,5,0,0,0,12.0
L00882,P0200,2025-10-04,1,1,1,0,8.0
L00882,P0187,2025-10-04,2,0,0,0,8.0
L00882,P0027,2025-10-04,3,1,1,1,8.0
L00882,P0033,2025-10-04,4,1,0,0,12.0
L00882,P0072,2025-10-04,5,0,0,0,8.0
L02124,P0029,2025-10-04,1,0,0,0,12.0
L02124,P0143,2025-10-04,2,1,1,0,10.0
L02124,P0062,2025-10-04,3,1,1,0,8.0
L02124,P0181,2025-10-04,4,0,0,0,10.0
L02124,P0153,2025-10-04,5,1,1,0,15.0
L02443,P0156,2025-10-04,1,0,0,0,10.0
L02443,P0057,2025-10-04,2,1,0,0,15.0
L02443,P0174,2025-10-04,3,0,0,0,8.0
L02443,P0119,2025-10-04,4,0,0,0,15.0
L02443,P0037,2025-10-04,5,0,0,0,10.0
L00569,P0012,2025-10-04,1,1,1,0,8.0
L00569,P0113,2025-10-04,2,0,0,0,12.0
L00569,P0107,2025-10-04,3,1,1,0,15.0
L00569,P0048,2025-10-04,4,0,0,0,8.0
L00569,P0198,2025-10-04,5,0,0,0,8.0
L00004,P0102,2025-10-04,1,1,1,0,15.0
L00004,P0169,2025-10-04,2,0,0,0,10.0
L00004,P0011,2025-10-04,3,0,0,0,15.0
L00004,P0023,2025-10-04,4,0,0,0,8.0
L00004,P0017,2025-10-04,5,0,0,0,10.0
L02770,P0047,2025-10-05,1,1,1,1,10.0
L02770,P0195,2025-10-05,2,1,1,0,12.0
L02770,P0112,2025-10-05,3,1,1,1,10.0
L02770,P0005,2025-10-05,4,1,1,0,15.0
L02770,P0207,2025-10-05,5,0,0,0,8.0
L01024,P0158,2025-10-05,1,1,1,1,10.0
L01024,P0160,2025-10-05,2,0,0,0,8.0
L01024,P0053,2025-10-05,3,0,0,0,8.0
L01024,P0017,2025-10-05,4,0,0,0,15.0
L01024,P0051,2025-10-05,5,0,0,0,8.0
L02287,P0165,2025-10-05,1,1,0,0,15.0
L02287,P0037,2025-10-05,2,0,0,0,8.0
L02287,P0069,2025-10-05,3,0,0,0,8.0
L02287,P0216,2025-10-05,4,0,0,0,12.0
L02287,P0030,2025-10-05,5,1,0,0,12.0
L01637,P0135,2025-10-05,1,1,1,0,12.0
L01637,P0110,2025-10-05,2,1,1,0,10.0
L01637,P0073,2025-10-05,3,1,1,0,12.0
L01637,P0019,2025-10-05,4,0,0,0,15.0
L01637,P0018,2025-10-05,5,0,0,0,15.0
L00231,P0135,2025-10-05,1,0,0,0,10.0
L00231,P0031,2025-10-05,2,1,1,0,8.0
L00231,P0018,2025-10-05,3,1,0,0,8.0
L00231,P0019,2025-10-05,4,1,1,0,15.0
L00231,P0058,2025-10-05,5,0,0,0,8.0
L01757,P0115,2025-10-05,1,0,0,0,10.0
L01757,P0020,2025-10-05,2,0,0,0,10.0
L01757,P0014,2025-10-05,3,1,0,0,12.0
L01757,P0085,2025-10-05,4,0,0,0,10.0
L01757,P0164,2025-10-05,5,0,0,0,10.0
L00262,P0201,2025-10-05,1,0,0,0,15.0
L00262,P0197,2025-10-05,2,0,0,0,12.0
L00262,P0058,2025-10-05,3,0,0,0,15.0
L00262,P0019,2025-10-05,4,0,0,0,12.0
L00262,P0175,2025-10-05,5,0,0,0,8.0
L00746,P0025,2025-10-05,1,0,0,0,8.0
L00746,P0139,2025-10-05,2,0,0,0,15.0
L00746,P0138,2025-10-05,3,1,1,1,10.0
L00746,P0124,2025-10-05,4,0,0,0,8.0
L00746,P0194,2025-10-05,5,0,0,0,12.0
L02778,P0028,2025-10-06,1,1,0,0,8.0
L02778,P0020,2025-10-06,2,1,1,1,8.0
L02778,P0063,2025-10-06,3,0,0,0,12.0
L02778,P0067,2025-10-06,4,0,0,0,8.0
L02778,P0014,2025-10-06,5,0,0,0,15.0
L01578,P0194,2025-10-06,1,0,0,0,12.0
L01578,P0186,2025-10-06,2,1,0,0,8.0
L01578,P0025,2025-10-06,3,1,1,0,15.0
L01578,P0100,2025-10-06,4,0,0,0,12.0
L01578,P0032,2025-10-06,5,0,0,0,12.0
L00949,P0028,2025-10-06,1,0,0,0,12.0
L00949,P0149,2025-10-06,2,0,0,0,8.0
L00949,P0063,2025-10-06,3,0,0,0,12.0
L00949,P0067,2025-10-06,4,0,0,0,8.0
L00949,P0164,2025-10-06,5,0,0,0,12.0
L02983,P0124,2025-10-06,1,1,0,0,8.0
L02983,P0192,2025-10-06,2,1,1,0,12.0
L02983,P0183,2025-10-06,3,1,0,0,10.0
L02983,P0007,2025-10-06,4,0,0,0,10.0
L02983,P0108,2025-10-06,5,0,0,0,8.0
L01060,P0112,2025-10-06,1,1,0,0,8.0
L01060,P0180,2025-10-06,2,0,0,0,8.0
L01060,P0083,2025-10-06,3,1,1,1,12.0
L01060,P0207,2025-10-06,4,1,1,0,12.0
L01060,P0219,2025-10-06,5,0,0,0,12.0
L01508,P0178,2025-10-07,1,0,0,0,15.0
L01508,P0208,2025-10-07,2,1,1,0,15.0
L01508,P0056,2025-10-07,3,0,0,0,15.0
L01508,P0116,2025-10-07,4,0,0,0,15.0
L01508,P0028,2025-10-07,5,1,1,0,15.0
L00806,P0125,2025-10-07,1,1,1,1,12.0
L00806,P0210,2025-10-07,2,1,1,0,8.0
L00806,P0157,2025-10-07,3,1,1,1,8.0
L00806,P0022,2025-10-07,4,0,0,0,10.0
L00806,P0011,2025-10-07,5,0,0,0,15.0
L02412,P0201,2025-10-07,1,1,0,0,10.0
L02412,P0197,2025-10-07,2,0,0,0,15.0
L02412,P0043,2025-10-07,3,1,1,0,10.0
L02412,P0058,2025-10-07,4,0,0,0,15.0
L02412,P0104,2025-10-07,5,0,0,0,8.0
L00427,P0113,2025-10-07,1,0,0,0,10.0
L00427,P0107,2025-10-07,2,1,0,0,10.0
L00427,P0048,2025-10-07,3,1,1,0,10.0
L00427,P0027,2025-10-07,4,1,1,1,12.0
L00427,P0033,2025-10-07,5,1,1,0,8.0
L00853,P0170,2025-10-07,1,0,0,0,12.0
L00853,P0179,2025-10-07,2,1,1,0,12.0
L00853,P0157,2025-10-07,3,0,0,0,10.0
L00853,P0210,2025-10-07,4,0,0,0,8.0
L00853,P0011,2025-10-07,5,0,0,0,12.0
L01408,P0026,2025-10-07,1,1,1,1,12.0
L01408,P0183,2025-10-07,2,1,1,0,12.0
L01408,P0083,2025-10-07,3,0,0,0,10.0
L01408,P0005,2025-10-07,4,1,1,1,12.0
L01408,P0124,2025-10-07,5,1,1,0,8.0
L02314,P0044,2025-10-07,1,0,0,0,15.0
L02314,P0147,2025-10-07,2,1,0,0,15.0
L02314,P0056,2025-10-07,3,1,1,1,15.0
L02314,P0028,2025-10-07,4,0,0,0,10.0
L02314,P0081,2025-10-07,5,0,0,0,10.0
L00211,P0025,2025-10-07,1,1,1,1,8.0
L00211,P0192,2025-10-07,2,0,0,0,15.0
L00211,P0032,2025-10-07,3,1,1,1,12.0
L00211,P0124,2025-10-07,4,0,0,0,12.0
L00211,P0186,2025-10-07,5,1,1,0,12.0
L01979,P0144,2025-10-07,1,0,0,0,8.0
L01979,P0160,2025-10-07,2,0,0,0,8.0
L01979,P0087,2025-10-07,3,1,1,0,12.0
L01979,P0051,2025-10-07,4,0,0,0,15.0
L01979,P0021,2025-10-07,5,0,0,0,15.0
L01726,P0061,2025-10-08,1,1,0,0,15.0
L01726,P0100,2025-10-08,2,1,1,0,10.0
L01726,P0194,2025-10-08,3,0,0,0,8.0
L01726,P0186,2025-10-08,4,1,1,1,10.0
L01726,P0105,2025-10-08,5,0,0,0,10.0
L01924,P0069,2025-10-08,1,0,0,0,8.0
L01924,P0024,2025-10-08,2,1,1,0,12.0
L01924,P0091,2025-10-08,3,1,1,0,8.0
L01924,P0216,2025-10-08,4,0,0,0,10.0
L01924,P0030,2025-10-08,5,0,0,0,12.0
L00315,P0050,2025-10-08,1,0,0,0,15.0
L00315,P0186,2025-10-08,2,0,0,0,10.0
L00315,P0100,2025-10-08,3,0,0,0,15.0
L00315,P0061,2025-10-08,4,1,0,0,15.0
L00315,P0032,2025-10-08,5,0,0,0,12.0
L00413,P0115,2025-10-08,1,1,1,0,10.0
L00413,P0020,2025-10-08,2,1,1,1,10.0
L00413,P0028,2025-10-08,3,0,0,0,15.0
L00413,P0066,2025-10-08,4,0,0,0,15.0
L00413,P0164,2025-10-08,5,0,0,0,10.0
L02926,P0114,2025-10-08,1,1,1,0,8.0
L02926,P0143,2025-10-08,2,1,0,0,10.0
L02926,P0058,2025-10-08,3,1,1,1,8.0
L02926,P0148,2025-10-08,4,1,1,1,12.0
L02926,P0006,2025-10-08,5,0,0,0,15.0
L00141,P0066,2025-10-08,1,0,0,0,12.0
L00141,P0085,2025-10-08,2,0,0,0,15.0
L00141,P0014,2025-10-08,3,0,0,0,15.0
L00141,P0115,2025-10-08,4,0,0,0,12.0
L00141,P0028,2025-10-08,5,0,0,0,12.0
L01690,P0195,2025-10-08,1,1,1,0,15.0
L01690,P0188,2025-10-08,2,1,1,0,15.0
L01690,P0126,2025-10-08,3,0,0,0,10.0
L01690,P0109,2025-10-08,4,0,0,0,15.0
L01690,P0117,2025-10-08,5,1,0,0,15.0
L00221,P0116,2025-10-08,1,1,1,0,10.0
L00221,P0178,2025-10-08,2,0,0,0,12.0
L00221,P0028,2025-10-08,3,0,0,0,10.0
L00221,P0020,2025-10-08,4,0,0,0,12.0
L00221,P0086,2025-10-08,5,0,0,0,12.0
L01579,P0123,2025-10-08,1,1,1,1,12.0
L01579,P0215,2025-10-08,2,1,1,0,12.0
L01579,P0001,2025-10-08,3,0,0,0,10.0
L01579,P0119,2025-10-08,4,1,1,1,8.0
L01579,P0010,2025-10-08,5,0,0,0,15.0
L02953,P0133,2025-10-08,1,0,0,0,8.0
L02953,P0212,2025-10-08,2,0,0,0,15.0
L02953,P0052,2025-10-08,3,0,0,0,10.0
L02953,P0096,2025-10-08,4,1,1,0,15.0
L02953,P0020,2025-10-08,5,0,0,0,15.0
L02009,P0187,2025-10-08,1,1,1,1,8.0
L02009,P0174,2025-10-08,2,1,1,0,12.0
L02009,P0119,2025-10-08,3,0,0,0,15.0
L02009,P0215,2025-10-08,4,1,1,0,10.0
L02009,P0057,2025-10-08,5,1,1,0,10.0
L02610,P0163,2025-10-08,1,0,0,0,10.0
L02610,P0161,2025-10-08,2,1,1,0,8.0
L02610,P0185,2025-10-08,3,0,0,0,8.0
L02610,P0097,2025-10-08,4,0,0,0,8.0
L02610,P0035,2025-10-08,5,1,1,0,10.0
L00029,P0130,2025-10-08,1,0,0,0,8.0
L00029,P0137,2025-10-08,2,0,0,0,15.0
L00029,P0213,2025-10-08,3,0,0,0,12.0
L00029,P0145,2025-10-08,4,1,1,0,10.0
L00029,P0064,2025-10-08,5,0,0,0,12.0
L01691,P0214,2025-10-09,1,0,0,0,8.0
L01691,P0171,2025-10-09,2,1,1,0,12.0
L01691,P0058,2025-10-09,3,0,0,0,12.0
L01691,P0019,2025-10-09,4,1,1,1,15.0
L01691,P0175,2025-10-09,5,0,0,0,10.0
L01889,P0029,2025-10-09,1,1,0,0,10.0
L01889,P0189,2025-10-09,2,0,0,0,12.0
L01889,P0143,2025-10-09,3,0,0,0,10.0
L01889,P0114,2025-10-09,4,0,0,0,15.0
L01889,P0181,2025-10-09,5,0,0,0,8.0
L00305,P0206,2025-10-09,1,1,1,1,12.0
L00305,P0071,2025-10-09,2,0,0,0,8.0
L00305,P0072,2025-10-09,3,0,0,0,15.0
L00305,P0033,2025-10-09,4,0,0,0,10.0
L00305,P0198,2025-10-09,5,0,0,0,15.0
L02753,P0191,2025-10-09,1,0,0,0,15.0
L02753,P0118,2025-10-09,2,0,0,0,8.0
L02753,P0095,2025-10-09,3,0,0,0,15.0
L02753,P0137,2025-10-09,4,0,0,0,12.0
L02753,P0130,2025-10-09,5,0,0,0,8.0
L02298,P0073,2025-10-09,1,0,0,0,8.0
L02298,P0172,2025-10-09,2,0,0,0,15.0
L02298,P0035,2025-10-09,3,1,1,1,10.0
L02298,P0018,2025-10-09,4,1,1,0,8.0
L02298,P0213,2025-10-09,5,0,0,0,15.0
L01557,P0038,2025-10-09,1,0,0,0,15.0
L01557,P0008,2025-10-09,2,0,0,0,8.0
L01557,P0140,2025-10-09,3,0,0,0,10.0
L01557,P0111,2025-10-09,4,1,1,0,15.0
L01557,P0193,2025-10-09,5,0,0,0,12.0
L00239,P0195,2025-10-09,1,0,0,0,8.0
L00239,P0047,2025-10-09,2,1,1,1,10.0
L00239,P0083,2025-10-09,3,0,0,0,10.0
L00239,P0180,2025-10-09,4,1,0,0,10.0
L00239,P0207,2025-10-09,5,1,1,1,10.0
L02495,P0086,2025-10-09,1,1,1,0,10.0
L02495,P0136,2025-10-09,2,1,1,0,15.0
L02495,P0054,2025-10-09,3,0,0,0,8.0
L02495,P0138,2025-10-09,4,1,1,0,12.0
L02495,P0186,2025-10-09,5,0,0,0,8.0
L01249,P0110,2025-10-09,1,1,0,0,10.0
L01249,P0135,2025-10-09,2,1,0,0,15.0
L01249,P0058,2025-10-09,3,1,1,0,8.0
L01249,P0018,2025-10-09,4,1,1,0,12.0
L01249,P0035,2025-10-09,5,1,1,0,15.0
L02030,P0174,2025-10-09,1,0,0,0,8.0
L02030,P0187,2025-10-09,2,1,1,0,10.0
L02030,P0123,2025-10-09,3,1,1,0,10.0
L02030,P0215,2025-10-09,4,1,1,1,15.0
L02030,P0057,2025-10-09,5,1,0,0,10.0
L01465,P0123,2025-10-09,1,1,1,1,15.0
L01465,P0001,2025-10-09,2,0,0,0,12.0
L01465,P0003,2025-10-09,3,0,0,0,15.0
L01465,P0026,2025-10-09,4,0,0,0,10.0
L01465,P0010,2025-10-09,5,1,1,0,12.0
L02105,P0056,2025-10-09,1,0,0,0,8.0
L02105,P0178,2025-10-09,2,1,1,0,15.0
L02105,P0044,2025-10-09,3,0,0,0,15.0
L02105,P0147,2025-10-09,4,0,0,0,8.0
L02105,P0028,2025-10-09,5,0,0,0,15.0
L02018,P0032,2025-10-09,1,0,0,0,10.0
L02018,P0139,2025-10-09,2,0,0,0,8.0
L02018,P0192,2025-10-09,3,0,0,0,8.0
L02018,P0050,2025-10-09,4,1,1,0,15.0
L02018,P0138,2025-10-09,5,1,1,0,12.0
L00983,P0165,2025-10-10,1,1,1,0,10.0
L00983,P0069,2025-10-10,2,1,1,0,15.0
L00983,P0155,2025-10-10,3,1,1,0,15.0
L00983,P0091,2025-10-10,4,1,1,0,8.0
L00983,P0216,2025-10-10,5,0,0,0,12.0
L00068,P0089,2025-10-10,1,0,0,0,10.0
L00068,P0034,2025-10-10,2,0,0,0,12.0
L00068,P0206,2025-10-10,3,0,0,0,15.0
L00068,P0174,2025-10-10,4,0,0,0,8.0
L00068,P0077,2025-10-10,5,1,0,0,8.0
L00620,P0206,2025-10-10,1,1,1,0,10.0
L00620,P0077,2025-10-10,2,1,0,0,10.0
L00620,P0187,2025-10-10,3,0,0,0,10.0
L00620,P0072,2025-10-10,4,1,0,0,12.0
L00620,P0198,2025-10-10,5,0,0,0,12.0
L01208,P0055,2025-10-10,1,0,0,0,12.0
L01208,P0184,2025-10-10,2,1,0,0,12.0
L01208,P0078,2025-10-10,3,1,0,0,10.0
L01208,P0021,2025-10-10,4,1,1,0,12.0
L01208,P0152,2025-10-10,5,0,0,0,15.0
L00186,P0171,2025-10-10,1,1,1,0,8.0
L00186,P0197,2025-10-10,2,0,0,0,12.0
L00186,P0043,2025-10-10,3,0,0,0,8.0
L00186,P0173,2025-10-10,4,1,1,1,8.0
L00186,P0175,2025-10-10,5,0,0,0,12.0
L01462,P0037,2025-10-10,1,0,0,0,12.0
L01462,P0216,2025-10-10,2,0,0,0,15.0
L01462,P0084,2025-10-10,3,0,0,0,15.0
L01462,P0091,2025-10-10,4,1,1,0,12.0
L01462,P0030,2025-10-10,5,0,0,0,10.0
L00709,P0058,2025-10-10,1,0,0,0,8.0
L00709,P0074,2025-10-10,2,0,0,0,12.0
L00709,P0104,2025-10-10,3,0,0,0,12.0
L00709,P0135,2025-10-10,4,0,0,0,8.0
L00709,P0105,2025-10-10,5,0,0,0,10.0
L02357,P0004,2025-10-11,1,1,0,0,8.0
L02357,P0054,2025-10-11,2,0,0,0,8.0
L02357,P0011,2025-10-11,3,0,0,0,12.0
L02357,P0023,2025-10-11,4,0,0,0,12.0
L02357,P0053,2025-10-11,5,1,1,0,10.0
L02513,P0157,2025-10-11,1,1,1,0,15.0
L02513,P0115,2025-10-11,2,0,0,0,15.0
L02513,P0210,2025-10-11,3,1,1,0,10.0
L02513,P0076,2025-10-11,4,1,1,0,10.0
L02513,P0020,2025-10-11,5,0,0,0,15.0
L02961,P0166,2025-10-11,1,1,0,0,15.0
L02961,P0089,2025-10-11,2,0,0,0,8.0
L02961,P0206,2025-10-11,3,1,1,1,8.0
L02961,P0174,2025-10-11,4,1,1,1,10.0
L02961,P0200,2025-10-11,5,1,0,0,15.0
L02622,P0008,2025-10-11,1,1,1,1,15.0
L02622,P0002,2025-10-11,2,0,0,0,8.0
L02622,P0111,2025-10-11,3,1,1,1,8.0
L02622,P0094,2025-10-11,4,1,1,0,15.0
L02622,P0158,2025-10-11,5,0,0,0,15.0
L02284,P0094,2025-10-11,1,1,1,0,10.0
L02284,P0193,2025-10-11,2,1,1,1,10.0
L02284,P0002,2025-10-11,3,1,1,1,8.0
L02284,P0140,2025-10-11,4,1,0,0,8.0
L02284,P0131,2025-10-11,5,0,0,0,10.0
L02846,P0217,2025-10-11,1,0,0,0,10.0
L02846,P0182,2025-10-11,2,0,0,0,15.0
L02846,P0121,2025-10-11,3,0,0,0,10.0
L02846,P0013,2025-10-11,4,0,0,0,10.0
L02846,P0162,2025-10-11,5,0,0,0,10.0
L01737,P0050,2025-10-11,1,1,1,0,10.0
L01737,P0186,2025-10-11,2,0,0,0,12.0
L01737,P0100,2025-10-11,3,0,0,0,8.0
L01737,P0032,2025-10-11,4,1,0,0,12.0
L01737,P0120,2025-10-11,5,1,1,0,10.0
L00156,P0083,2025-10-11,1,0,0,0,8.0
L00156,P0180,2025-10-11,2,1,1,0,8.0
L00156,P0010,2025-10-11,3,0,0,0,10.0
L00156,P0047,2025-10-11,4,1,1,0,8.0
L00156,P0026,2025-10-11,5,0,0,0,15.0
L00132,P0026,2025-10-12,1,0,0,0,10.0
L00132,P0003,2025-10-12,2,0,0,0,8.0
L00132,P0001,2025-10-12,3,0,0,0,8.0
L00132,P0174,2025-10-12,4,1,1,1,10.0
L00132,P0010,2025-10-12,5,1,1,1,10.0
L02801,P0116,2025-10-12,1,1,1,0,15.0
L02801,P0017,2025-10-12,2,1,0,0,8.0
L02801,P0053,2025-10-12,3,1,1,0,10.0
L02801,P0004,2025-10-12,4,1,1,0,10.0
L02801,P0020,2025-10-12,5,0,0,0,12.0
L00726,P0029,2025-10-12,1,1,1,1,15.0
L00726,P0106,2025-10-12,2,0,0,0,12.0
L00726,P0175,2025-10-12,3,1,1,0,12.0
L00726,P0110,2025-10-12,4,1,0,0,12.0
L00726,P0043,2025-10-12,5,0,0,0,15.0
L00355,P0088,2025-10-12,1,1,1,1,15.0
L00355,P0055,2025-10-12,2,1,1,0,10.0
L00355,P0021,2025-10-12,3,0,0,0,15.0
L00355,P0184,2025-10-12,4,1,1,0,10.0
L00355,P0078,2025-10-12,5,0,0,0,10.0
L01067,P0024,2025-10-12,1,1,1,0,10.0
L01067,P0165,2025-10-12,2,1,0,0,8.0
L01067,P0091,2025-10-12,3,1,1,0,12.0
L01067,P0155,2025-10-12,4,1,1,1,12.0
L01067,P0030,2025-10-12,5,0,0,0,12.0
L00859,P0020,2025-10-12,1,1,1,0,15.0
L00859,P0028,2025-10-12,2,1,1,0,10.0
L00859,P0115,2025-10-12,3,1,0,0,12.0
L00859,P0014,2025-10-12,4,0,0,0,15.0
L00859,P0056,2025-10-12,5,1,1,0,15.0
L01567,P0021,2025-10-12,1,0,0,0,15.0
L01567,P0193,2025-10-12,2,1,1,1,12.0
L01567,P0078,2025-10-12,3,0,0,0,15.0
L01567,P0218,2025-10-12,4,0,0,0,10.0
L01567,P0017,2025-10-12,5,0,0,0,12.0
L01712,P0028,2025-10-12,1,0,0,0,12.0
L01712,P0041,2025-10-12,2,1,1,1,12.0
L01712,P0044,2025-10-12,3,0,0,0,15.0
L01712,P0063,2025-10-12,4,0,0,0,15.0
L01712,P0066,2025-10-12,5,1,1,0,8.0
L02505,P0029,2025-10-12,1,1,0,0,15.0
L02505,P0181,2025-10-12,2,1,1,0,12.0
L02505,P0153,2025-10-12,3,1,1,0,10.0
L02505,P0000,2025-10-12,4,1,1,0,12.0
L02505,P0189,2025-10-12,5,0,0,0,10.0
L01938,P0019,2025-10-13,1,0,0,0,8.0
L01938,P0104,2025-10-13,2,1,1,1,12.0
L01938,P0031,2025-10-13,3,0,0,0,8.0
L01938,P0110,2025-10-13,4,1,1,0,10.0
L01938,P0135,2025-10-13,5,1,1,0,12.0
L00049,P0181,2025-10-13,1,1,1,0,15.0
L00049,P0000,2025-10-13,2,1,1,1,12.0
L00049,P0153,2025-10-13,3,1,1,0,12.0
L00049,P0068,2025-10-13,4,1,1,0,10.0
L00049,P0029,2025-10-13,5,0,0,0,8.0
L01090,P0213,2025-10-13,1,0,0,0,10.0
L01090,P0130,2025-10-13,2,0,0,0,10.0
L01090,P0118,2025-10-13,3,0,0,0,10.0
L01090,P0064,2025-10-13,4,1,1,0,12.0
L01090,P0035,2025-10-13,5,0,0,0,12.0
L02510,P0212,2025-10-13,1,1,1,0,10.0
L02510,P0085,2025-10-13,2,0,0,0,15.0
L02510,P0052,2025-10-13,3,0,0,0,15.0
L02510,P0011,2025-10-13,4,0,0,0,10.0
L02510,P0023,2025-10-13,5,0,0,0,8.0
L00010,P0219,2025-10-13,1,1,0,0,15.0
L00010,P0207,2025-10-13,2,0,0,0,8.0
L00010,P0047,2025-10-13,3,0,0,0,12.0
L00010,P0209,2025-10-13,4,1,1,0,15.0
L00010,P0112,2025-10-13,5,1,1,0,8.0
L00755,P0005,2025-10-13,1,1,1,1,10.0
L00755,P0180,2025-10-13,2,0,0,0,8.0
L00755,P0195,2025-10-13,3,1,1,0,10.0
L00755,P0209,2025-10-13,4,0,0,0,8.0
L00755,P0003,2025-10-13,5,1,1,1,12.0
L01241,P0003,2025-10-13,1,0,0,0,8.0
L01241,P0026,2025-10-13,2,0,0,0,10.0
L01241,P0001,2025-10-13,3,1,1,0,15.0
L01241,P0123,2025-10-13,4,0,0,0,15.0
L01241,P0083,2025-10-13,5,0,0,0,8.0
L02477,P0138,2025-10-13,1,0,0,0,12.0
L02477,P0124,2025-10-13,2,0,0,0,12.0
L02477,P0090,2025-10-13,3,0,0,0,10.0
L02477,P0108,2025-10-13,4,0,0,0,15.0
L02477,P0192,2025-10-13,5,0,0,0,10.0
L00277,P0029,2025-10-13,1,1,1,0,8.0
L00277,P0106,2025-10-13,2,1,1,1,12.0
L00277,P0175,2025-10-13,3,1,0,0,15.0
L00277,P0049,2025-10-13,4,0,0,0,15.0
L00277,P0043,2025-10-13,5,0,0,0,15.0
L01032,P0012,2025-10-13,1,1,1,0,12.0
L01032,P0113,2025-10-13,2,1,0,0,8.0
L01032,P0060,2025-10-13,3,1,1,0,15.0
L01032,P0198,2025-10-13,4,1,1,1,10.0
L01032,P0072,2025-10-13,5,0,0,0,10.0
L00911,P0035,2025-10-13,1,1,1,0,10.0
L00911,P0073,2025-10-13,2,0,0,0,12.0
L00911,P0118,2025-10-13,3,0,0,0,10.0
L00911,P0145,2025-10-13,4,0,0,0,8.0
L00911,P0213,2025-10-13,5,0,0,0,12.0
L00044,P0049,2025-10-13,1,1,1,0,12.0
L00044,P0031,2025-10-13,2,1,1,1,10.0
L00044,P0074,2025-10-13,3,1,1,0,12.0
L00044,P0073,2025-10-13,4,0,0,0,12.0
L00044,P0058,2025-10-13,5,1,1,0,12.0
L02281,P0028,2025-10-13,1,0,0,0,15.0
L02281,P0020,2025-10-13,2,1,1,0,8.0
L02281,P0115,2025-10-13,3,0,0,0,12.0
L02281,P0056,2025-10-13,4,1,1,0,8.0
L02281,P0044,2025-10-13,5,0,0,0,8.0
L00513,P0040,2025-10-13,1,1,1,1,8.0
L00513,P0117,2025-10-13,2,0,0,0,15.0
L00513,P0075,2025-10-13,3,0,0,0,10.0
L00513,P0188,2025-10-13,4,1,1,0,15.0
L00513,P0112,2025-10-13,5,0,0,0,10.0
L01520,P0049,2025-10-13,1,1,1,0,10.0
L01520,P0031,2025-10-13,2,1,1,1,12.0
L01520,P0135,2025-10-13,3,1,1,1,15.0
L01520,P0074,2025-10-13,4,0,0,0,12.0
L01520,P0019,2025-10-13,5,0,0,0,10.0
L00071,P0116,2025-10-13,1,1,1,1,8.0
L00071,P0208,2025-10-13,2,0,0,0,10.0
L00071,P0017,2025-10-13,3,0,0,0,8.0
L00071,P0053,2025-10-13,4,0,0,0,10.0
L00071,P0004,2025-10-13,5,1,1,0,8.0
L00728,P0061,2025-10-13,1,0,0,0,12.0
L00728,P0120,2025-10-13,2,0,0,0,10.0
L00728,P0138,2025-10-13,3,0,0,0,10.0
L00728,P0194,2025-10-13,4,0,0,0,12.0
L00728,P0105,2025-10-13,5,0,0,0,15.0
L02005,P0078,2025-10-13,1,1,1,0,12.0
L02005,P0184,2025-10-13,2,0,0,0,15.0
L02005,P0021,2025-10-13,3,1,0,0,12.0
L02005,P0092,2025-10-13,4,1,0,0,10.0
L02005,P0152,2025-10-13,5,1,1,0,12.0
L01414,P0002,2025-10-14,1,1,0,0,10.0
L01414,P0193,2025-10-14,2,1,1,1,15.0
L01414,P0020,2025-10-14,3,1,1,1,15.0
L01414,P0008,2025-10-14,4,1,0,0,15.0
L01414,P0028,2025-10-14,5,0,0,0,15.0
L01316,P0077,2025-10-14,1,1,1,0,10.0
L01316,P0187,2025-10-14,2,1,1,1,12.0
L01316,P0072,2025-10-14,3,1,0,0,15.0
L01316,P0033,2025-10-14,4,1,0,0,10.0
L01316,P0198,2025-10-14,5,0,0,0,8.0
L01034,P0209,2025-10-14,1,1,0,0,10.0
L01034,P0112,2025-10-14,2,0,0,0,10.0
L01034,P0083,2025-10-14,3,1,0,0,10.0
L01034,P0207,2025-10-14,4,1,1,0,15.0
L01034,P0219,2025-10-14,5,0,0,0,15.0
L02230,P0072,2025-10-14,1,1,1,1,10.0
L02230,P0211,2025-10-14,2,1,1,1,8.0
L02230,P0027,2025-10-14,3,1,1,0,8.0
L02230,P0174,2025-10-14,4,0,0,0,8.0
L02230,P0077,2025-10-14,5,0,0,0,10.0
L02605,P0135,2025-10-14,1,1,1,1,12.0
L02605,P0163,2025-10-14,2,1,1,0,10.0
L02605,P0161,2025-10-14,3,1,0,0,10.0
L02605,P0097,2025-10-14,4,0,0,0,12.0
L02605,P0019,2025-10-14,5,0,0,0,10.0
L01433,P0006,2025-10-14,1,1,0,0,10.0
L01433,P0114,2025-10-14,2,1,1,0,10.0
L01433,P0148,2025-10-14,3,0,0,0,15.0
L01433,P0019,2025-10-14,4,0,0,0,12.0
L01433,P0007,2025-10-14,5,0,0,0,15.0
L02524,P0105,2025-10-14,1,1,1,0,12.0
L02524,P0058,2025-10-14,2,1,1,1,12.0
L02524,P0074,2025-10-14,3,0,0,0,10.0
L02524,P0019,2025-10-14,4,0,0,0,8.0
L02524,P0061,2025-10-14,5,0,0,0,10.0
L00682,P0022,2025-10-14,1,0,0,0,12.0
L00682,P0011,2025-10-14,2,0,0,0,10.0
L00682,P0169,2025-10-14,3,1,1,0,8.0
L00682,P0087,2025-10-14,4,1,0,0,8.0
L00682,P0053,2025-10-14,5,1,1,0,12.0
L02391,P0109,2025-10-14,1,1,1,1,10.0
L02391,P0010,2025-10-14,2,1,1,0,8.0
L02391,P0126,2025-10-14,3,0,0,0,15.0
L02391,P0188,2025-10-14,4,0,0,0,10.0
L02391,P0033,2025-10-14,5,1,1,0,10.0
L00931,P0156,2025-10-14,1,0,0,0,8.0
L00931,P0030,2025-10-14,2,0,0,0,10.0
L00931,P0187,2025-10-14,3,1,0,0,10.0
L00931,P0203,2025-10-14,4,0,0,0,8.0
L00931,P0059,2025-10-14,5,0,0,0,15.0
L02701,P0055,2025-10-14,1,1,1,1,12.0
L02701,P0088,2025-10-14,2,0,0,0,8.0
L02701,P0092,2025-10-14,3,0,0,0,12.0
L02701,P0051,2025-10-14,4,0,0,0,10.0
L02701,P0078,2025-10-14,5,0,0,0,8.0
L02480,P0104,2025-10-14,1,1,0,0,10.0
L02480,P0105,2025-10-14,2,0,0,0,12.0
L02480,P0061,2025-10-14,3,0,0,0,10.0
L02480,P0120,2025-10-14,4,0,0,0,8.0
L02480,P0049,2025-10-14,5,0,0,0,15.0
L02008,P0138,2025-10-14,1,1,0,0,10.0
L02008,P0090,2025-10-14,2,1,0,0,12.0
L02008,P0093,2025-10-14,3,1,0,0,8.0
L02008,P0025,2025-10-14,4,1,1,0,15.0
L02008,P0183,2025-10-14,5,1,1,1,10.0
L00180,P0106,2025-10-14,1,1,1,0,8.0
L00180,P0029,2025-10-14,2,1,0,0,10.0
L00180,P0175,2025-10-14,3,1,0,0,8.0
L00180,P0173,2025-10-14,4,0,0,0,8.0
L00180,P0110,2025-10-14,5,1,1,0,12.0
L02784,P0187,2025-10-15,1,0,0,0,10.0
L02784,P0206,2025-10-15,2,1,1,0,8.0
L02784,P0077,2025-10-15,3,0,0,0,12.0
L02784,P0071,2025-10-15,4,0,0,0,15.0
L02784,P0198,2025-10-15,5,0,0,0,15.0
L00946,P0207,2025-10-15,1,1,1,0,8.0
L00946,P0209,2025-10-15,2,1,0,0,8.0
L00946,P0047,2025-10-15,3,0,0,0,12.0
L00946,P0195,2025-10-15,4,1,1,0,8.0
L00946,P0112,2025-10-15,5,1,0,0,12.0
L01258,P0007,2025-10-15,1,0,0,0,12.0
L01258,P0120,2025-10-15,2,0,0,0,12.0
L01258,P0090,2025-10-15,3,0,0,0,15.0
L01258,P0108,2025-10-15,4,1,1,1,15.0
L01258,P0086,2025-10-15,5,1,1,1,10.0
L01517,P0086,2025-10-15,1,1,1,1,15.0
L01517,P0081,2025-10-15,2,1,0,0,12.0
L01517,P0196,2025-10-15,3,0,0,0,15.0
L01517,P0044,2025-10-15,4,1,1,0,8.0
L01517,P0116,2025-10-15,5,1,1,1,12.0
L02221,P0175,2025-10-15,1,1,1,0,15.0
L02221,P0062,2025-10-15,2,0,0,0,10.0
L02221,P0181,2025-10-15,3,0,0,0,15.0
L02221,P0049,2025-10-15,4,0,0,0,15.0
L02221,P0043,2025-10-15,5,0,0,0,10.0
L02305,P0070,2025-10-15,1,0,0,0,15.0
L02305,P0029,2025-10-15,2,0,0,0,10.0
L02305,P0173,2025-10-15,3,0,0,0,12.0
L02305,P0110,2025-10-15,4,1,1,0,15.0
L02305,P0049,2025-10-15,5,1,0,0,8.0
L01503,P0052,2025-10-15,1,1,0,0,10.0
L01503,P0066,2025-10-15,2,1,1,1,15.0
L01503,P0133,2025-10-15,3,0,0,0,12.0
L01503,P0096,2025-10-15,4,1,1,0,12.0
L01503,P0023,2025-10-15,5,0,0,0,8.0
L00658,P0197,2025-10-15,1,0,0,0,15.0
L00658,P0201,2025-10-15,2,1,0,0,12.0
L00658,P0058,2025-10-15,3,1,1,0,12.0
L00658,P0143,2025-10-15,4,1,0,0,12.0
L00658,P0019,2025-10-15,5,0,0,0,10.0
L00428,P0215,2025-10-15,1,1,1,0,15.0
L00428,P0123,2025-10-15,2,1,1,0,10.0
L00428,P0001,2025-10-15,3,0,0,0,8.0
L00428,P0010,2025-10-15,4,0,0,0,10.0
L00428,P0005,2025-10-15,5,0,0,0,12.0
L02288,P0062,2025-10-15,1,1,1,0,10.0
L02288,P0029,2025-10-15,2,0,0,0,15.0
L02288,P0106,2025-10-15,3,1,1,0,10.0
L02288,P0175,2025-10-15,4,0,0,0,8.0
L02288,P0070,2025-10-15,5,0,0,0,12.0
L01002,P0082,2025-10-15,1,1,1,0,12.0
L01002,P0054,2025-10-15,2,0,0,0,15.0
L01002,P0116,2025-10-15,3,1,1,1,8.0
L01002,P0124,2025-10-15,4,1,1,1,8.0
L01002,P0186,2025-10-15,5,0,0,0,8.0
L02830,P0138,2025-10-16,1,1,1,1,8.0
L02830,P0093,2025-10-16,2,1,1,0,15.0
L02830,P0183,2025-10-16,3,0,0,0,15.0
L02830,P0025,2025-10-16,4,1,1,0,12.0
L02830,P0120,2025-10-16,5,0,0,0,15.0
L00573,P0118,2025-10-16,1,1,0,0,10.0
L00573,P0046,2025-10-16,2,0,0,0,12.0
L00573,P0191,2025-10-16,3,0,0,0,12.0
L00573,P0202,2025-10-16,4,1,1,0,8.0
L00573,P0130,2025-10-16,5,0,0,0,15.0
L02733,P0020,2025-10-16,1,1,1,0,8.0
L02733,P0158,2025-10-16,2,1,1,0,10.0
L02733,P0115,2025-10-16,3,1,0,0,12.0
L02733,P0063,2025-10-16,4,1,1,0,12.0
L02733,P0066,2025-10-16,5,0,0,0,15.0
L00811,P0101,2025-10-16,1,1,1,0,15.0
L00811,P0140,2025-10-16,2,1,0,0,10.0
L00811,P0002,2025-10-16,3,1,1,0,8.0
L00811,P0094,2025-10-16,4,1,1,0,15.0
L00811,P0193,2025-10-16,5,1,1,0,15.0
L02971,P0170,2025-10-16,1,0,0,0,15.0
L02971,P0179,2025-10-16,2,0,0,0,15.0
L02971,P0125,2025-10-16,3,0,0,0,8.0
L02971,P0115,2025-10-16,4,1,1,1,8.0
L02971,P0011,2025-10-16,5,0,0,0,10.0
L02163,P0185,2025-10-16,1,1,1,1,12.0
L02163,P0141,2025-10-16,2,1,0,0,12.0
L02163,P0135,2025-10-16,3,1,1,0,10.0
L02163,P0046,2025-10-16,4,0,0,0,8.0
L02163,P0019,2025-10-16,5,1,1,1,10.0
L02055,P0187,2025-10-16,1,0,0,0,15.0
L02055,P0001,2025-10-16,2,0,0,0,15.0
L02055,P0215,2025-10-16,3,1,1,0,8.0
L02055,P0123,2025-10-16,4,0,0,0,15.0
L02055,P0057,2025-10-16,5,0,0,0,15.0
L00760,P0037,2025-10-16,1,0,0,0,10.0
L00760,P0129,2025-10-16,2,1,1,0,15.0
L00760,P0030,2025-10-16,3,0,0,0,15.0
L00760,P0156,2025-10-16,4,0,0,0,10.0
L00760,P0119,2025-10-16,5,0,0,0,8.0
L01594,P0074,2025-10-16,1,1,0,0,8.0
L01594,P0019,2025-10-16,2,0,0,0,15.0
L01594,P0105,2025-10-16,3,0,0,0,15.0
L01594,P0135,2025-10-16,4,0,0,0,8.0
L01594,P0104,2025-10-16,5,0,0,0,10.0
L01365,P0201,2025-10-16,1,1,1,1,12.0
L01365,P0197,2025-10-16,2,0,0,0,10.0
L01365,P0019,2025-10-16,3,0,0,0,12.0
L01365,P0173,2025-10-16,4,0,0,0,8.0
L01365,P0104,2025-10-16,5,0,0,0,8.0
L02512,P0086,2025-10-16,1,1,1,0,12.0
L02512,P0116,2025-10-16,2,0,0,0,8.0
L02512,P0124,2025-10-16,3,0,0,0,10.0
L02512,P0138,2025-10-16,4,1,1,0,15.0
L02512,P0186,2025-10-16,5,0,0,0,8.0
L00477,P0154,2025-10-16,1,0,0,0,10.0
L00477,P0158,2025-10-16,2,1,0,0,12.0
L00477,P0144,2025-10-16,3,0,0,0,12.0
L00477,P0087,2025-10-16,4,1,0,0,10.0
L00477,P0051,2025-10-16,5,0,0,0,12.0
L01426,P0062,2025-10-16,1,0,0,0,10.0
L01426,P0070,2025-10-16,2,0,0,0,8.0
L01426,P0175,2025-10-16,3,0,0,0,15.0
L01426,P0106,2025-10-16,4,0,0,0,10.0
L01426,P0029,2025-10-16,5,0,0,0,10.0
L02677,P0181,2025-10-17,1,1,1,0,12.0
L02677,P0062,2025-10-17,2,1,1,0,12.0
L02677,P0175,2025-10-17,3,1,1,0,10.0
L02677,P0029,2025-10-17,4,1,1,1,8.0
L02677,P0070,2025-10-17,5,1,1,1,8.0
L00006,P0090,2025-10-17,1,1,0,0,12.0
L00006,P0120,2025-10-17,2,0,0,0,10.0
L00006,P0007,2025-10-17,3,0,0,0,15.0
L00006,P0138,2025-10-17,4,1,1,0,15.0
L00006,P0081,2025-10-17,5,1,1,0,15.0
L01929,P0207,2025-10-17,1,1,1,0,8.0
L01929,P0219,2025-10-17,2,1,1,1,15.0
L01929,P0047,2025-10-17,3,0,0,0,12.0
L01929,P0209,2025-10-17,4,0,0,0,12.0
L01929,P0195,2025-10-17,5,1,1,0,8.0
L01880,P0186,2025-10-17,1,1,1,0,15.0
L01880,P0050,2025-10-17,2,1,1,0,12.0
L01880,P0124,2025-10-17,3,1,1,1,10.0
L01880,P0061,2025-10-17,4,1,1,0,15.0
L01880,P0120,2025-10-17,5,0,0,0,10.0
L00587,P0208,2025-10-17,1,0,0,0,15.0
L00587,P0044,2025-10-17,2,1,1,1,10.0
L00587,P0178,2025-10-17,3,0,0,0,10.0
L00587,P0056,2025-10-17,4,0,0,0,12.0
L00587,P0028,2025-10-17,5,0,0,0,8.0
L02617,P0174,2025-10-17,1,1,1,0,10.0
L02617,P0187,2025-10-17,2,1,1,0,10.0
L02617,P0033,2025-10-17,3,1,1,1,12.0
L02617,P0027,2025-10-17,4,1,1,0,8.0
L02617,P0072,2025-10-17,5,1,1,1,8.0
L02249,P0088,2025-10-17,1,0,0,0,15.0
L02249,P0152,2025-10-17,2,0,0,0,8.0
L02249,P0078,2025-10-17,3,1,1,1,15.0
L02249,P0092,2025-10-17,4,0,0,0,15.0
L02249,P0150,2025-10-17,5,0,0,0,12.0
L01996,P0213,2025-10-18,1,0,0,0,10.0
L01996,P0079,2025-10-18,2,1,1,0,8.0
L01996,P0035,2025-10-18,3,1,1,0,15.0
L01996,P0073,2025-10-18,4,1,1,0,12.0
L01996,P0172,2025-10-18,5,0,0,0,8.0
L00138,P0035,2025-10-18,1,1,1,0,10.0
L00138,P0168,2025-10-18,2,0,0,0,10.0
L00138,P0202,2025-10-18,3,1,1,0,15.0
L00138,P0095,2025-10-18,4,0,0,0,12.0
L00138,P0130,2025-10-18,5,1,1,1,8.0
L02367,P0111,2025-10-18,1,0,0,0,10.0
L02367,P0193,2025-10-18,2,1,1,1,10.0
L02367,P0041,2025-10-18,3,0,0,0,15.0
L02367,P0008,2025-10-18,4,0,0,0,8.0
L02367,P0158,2025-10-18,5,0,0,0,12.0
L00112,P0037,2025-10-18,1,0,0,0,8.0
L00112,P0024,2025-10-18,2,1,0,0,12.0
L00112,P0069,2025-10-18,3,1,1,0,8.0
L00112,P0091,2025-10-18,4,0,0,0,12.0
L00112,P0030,2025-10-18,5,1,1,1,8.0
L02678,P0159,2025-10-18,1,1,1,0,12.0
L02678,P0045,2025-10-18,2,0,0,0,12.0
L02678,P0134,2025-10-18,3,0,0,0,12.0
L02678,P0188,2025-10-18,4,0,0,0,15.0
L02678,P0034,2025-10-18,5,0,0,0,10.0
L01082,P0118,2025-10-18,1,1,1,1,10.0
L01082,P0046,2025-10-18,2,0,0,0,10.0
L01082,P0035,2025-10-18,3,1,1,1,8.0
L01082,P0137,2025-10-18,4,1,1,0,10.0
L01082,P0130,2025-10-18,5,0,0,0,12.0
L02194,P0019,2025-10-18,1,0,0,0,10.0
L02194,P0058,2025-10-18,2,0,0,0,8.0
L02194,P0100,2025-10-18,3,0,0,0,15.0
L02194,P0120,2025-10-18,4,1,1,0,8.0
L02194,P0049,2025-10-18,5,1,0,0,12.0
L01903,P0115,2025-10-18,1,0,0,0,10.0
L01903,P0041,2025-10-18,2,0,0,0,15.0
L01903,P0066,2025-10-18,3,0,0,0,10.0
L01903,P0063,2025-10-18,4,0,0,0,10.0
L01903,P0044,2025-10-18,5,0,0,0,12.0
L00376,P0174,2025-10-18,1,1,1,0,15.0
L00376,P0187,2025-10-18,2,0,0,0,15.0
L00376,P0119,2025-10-18,3,1,1,0,12.0
L00376,P0001,2025-10-18,4,0,0,0,15.0
L00376,P0030,2025-10-18,5,0,0,0,15.0
L02906,P0206,2025-10-18,1,0,0,0,15.0
L02906,P0200,2025-10-18,2,1,1,1,12.0
L02906,P0198,2025-10-18,3,0,0,0,8.0
L02906,P0033,2025-10-18,4,0,0,0,12.0
L02906,P0072,2025-10-18,5,1,0,0,15.0
L01129,P0098,2025-10-18,1,0,0,0,15.0
L01129,P0121,2025-10-18,2,1,1,0,10.0
L01129,P0182,2025-10-18,3,1,1,1,12.0
L01129,P0080,2025-10-18,4,1,1,1,12.0
L01129,P0217,2025-10-18,5,1,0,0,10.0
L02525,P0043,2025-10-19,1,0,0,0,8.0
L02525,P0171,2025-10-19,2,1,1,0,8.0
L02525,P0173,2025-10-19,3,0,0,0,12.0
L02525,P0058,2025-10-19,4,0,0,0,12.0
L02525,P0175,2025-10-19,5,0,0,0,12.0
L00754,P0093,2025-10-19,1,1,1,1,15.0
L00754,P0090,2025-10-19,2,0,0,0,12.0
L00754,P0006,2025-10-19,3,0,0,0,15.0
L00754,P0086,2025-10-19,4,1,1,1,10.0
L00754,P0081,2025-10-19,5,0,0,0,10.0
L02516,P0101,2025-10-19,1,0,0,0,15.0
L02516,P0038,2025-10-19,2,0,0,0,8.0
L02516,P0099,2025-10-19,3,0,0,0,10.0
L02516,P0094,2025-10-19,4,0,0,0,8.0
L02516,P0111,2025-10-19,5,1,1,0,10.0
L02324,P0096,2025-10-19,1,1,1,0,12.0
L02324,P0085,2025-10-19,2,0,0,0,12.0
L02324,P0212,2025-10-19,3,1,1,0,10.0
L02324,P0066,2025-10-19,4,1,0,0,10.0
L02324,P0011,2025-10-19,5,0,0,0,12.0
L01831,P0141,2025-10-19,1,1,1,0,10.0
L01831,P0163,2025-10-19,2,1,1,0,8.0
L01831,P0097,2025-10-19,3,0,0,0,15.0
L01831,P0161,2025-10-19,4,0,0,0,15.0
L01831,P0035,2025-10-19,5,1,1,1,15.0
L00183,P0155,2025-10-19,1,1,1,1,10.0
L00183,P0091,2025-10-19,2,1,1,0,15.0
L00183,P0069,2025-10-19,3,1,0,0,12.0
L00183,P0024,2025-10-19,4,0,0,0,10.0
L00183,P0015,2025-10-19,5,0,0,0,15.0
L01935,P0155,2025-10-19,1,1,1,0,10.0
L01935,P0091,2025-10-19,2,0,0,0,8.0
L01935,P0069,2025-10-19,3,1,1,0,10.0
L01935,P0015,2025-10-19,4,0,0,0,12.0
L01935,P0037,2025-10-19,5,0,0,0,12.0
L00364,P0186,2025-10-19,1,0,0,0,12.0
L00364,P0138,2025-10-19,2,1,1,1,15.0
L00364,P0061,2025-10-19,3,0,0,0,8.0
L00364,P0025,2025-10-19,4,0,0,0,10.0
L00364,P0120,2025-10-19,5,1,0,0,15.0
L00981,P0085,2025-10-20,1,0,0,0,12.0
L00981,P0212,2025-10-20,2,0,0,0,15.0
L00981,P0164,2025-10-20,3,0,0,0,15.0
L00981,P0011,2025-10-20,4,1,1,0,12.0
L00981,P0020,2025-10-20,5,0,0,0,8.0
L02796,P0139,2025-10-20,1,1,1,1,12.0
L02796,P0025,2025-10-20,2,1,1,0,15.0
L02796,P0032,2025-10-20,3,1,0,0,10.0
L02796,P0124,2025-10-20,4,1,1,0,15.0
L02796,P0004,2025-10-20,5,0,0,0,10.0
L00473,P0026,2025-10-20,1,0,0,0,15.0
L00473,P0123,2025-10-20,2,0,0,0,12.0
L00473,P0001,2025-10-20,3,1,1,0,10.0
L00473,P0005,2025-10-20,4,0,0,0,10.0
L00473,P0083,2025-10-20,5,0,0,0,12.0
L02641,P0007,2025-10-20,1,0,0,0,12.0
L02641,P0108,2025-10-20,2,1,0,0,8.0
L02641,P0120,2025-10-20,3,1,1,1,10.0
L02641,P0090,2025-10-20,4,0,0,0,12.0
L02641,P0093,2025-10-20,5,0,0,0,8.0
L01769,P0010,2025-10-20,1,1,1,0,12.0
L01769,P0005,2025-10-20,2,1,1,0,12.0
L01769,P0195,2025-10-20,3,0,0,0,10.0
L01769,P0112,2025-10-20,4,1,1,1,15.0
L01769,P0209,2025-10-20,5,0,0,0,8.0
L02714,P0057,2025-10-20,1,0,0,0,15.0
L02714,P0030,2025-10-20,2,0,0,0,15.0
L02714,P0129,2025-10-20,3,0,0,0,15.0
L02714,P0203,2025-10-20,4,0,0,0,8.0
L02714,P0059,2025-10-20,5,0,0,0,15.0
L00447,P0082,2025-10-20,1,1,1,0,15.0
L00447,P0086,2025-10-20,2,0,0,0,12.0
L00447,P0124,2025-10-20,3,0,0,0,15.0
L00447,P0138,2025-10-20,4,1,1,0,15.0
L00447,P0186,2025-10-20,5,0,0,0,12.0
L02294,P0092,2025-10-20,1,0,0,0,15.0
L02294,P0051,2025-10-20,2,1,1,0,8.0
L02294,P0218,2025-10-20,3,1,1,0,10.0
L02294,P0184,2025-10-20,4,1,1,1,15.0
L02294,P0017,2025-10-20,5,0,0,0,8.0
L00072,P0088,2025-10-20,1,1,1,1,8.0
L00072,P0055,2025-10-20,2,1,1,0,8.0
L00072,P0167,2025-10-20,3,1,1,1,15.0
L00072,P0152,2025-10-20,4,0,0,0,15.0
L00072,P0092,2025-10-20,5,0,0,0,15.0
L02878,P0026,2025-10-20,1,0,0,0,10.0
L02878,P0183,2025-10-20,2,0,0,0,15.0
L02878,P0083,2025-10-20,3,0,0,0,15.0
L02878,P0010,2025-10-20,4,0,0,0,12.0
L02878,P0124,2025-10-20,5,1,1,0,12.0
L00229,P0043,2025-10-20,1,0,0,0,15.0
L00229,P0214,2025-10-20,2,1,0,0,12.0
L00229,P0058,2025-10-20,3,1,1,0,15.0
L00229,P0019,2025-10-20,4,0,0,0,10.0
L00229,P0104,2025-10-20,5,0,0,0,10.0
L01585,P0000,2025-10-21,1,1,1,1,10.0
L01585,P0153,2025-10-21,2,0,0,0,10.0
L01585,P0062,2025-10-21,3,1,1,1,12.0
L01585,P0181,2025-10-21,4,0,0,0,8.0
L01585,P0068,2025-10-21,5,0,0,0,15.0
L02691,P0123,2025-10-21,1,1,0,0,12.0
L02691,P0026,2025-10-21,2,0,0,0,10.0
L02691,P0001,2025-10-21,3,0,0,0,10.0
L02691,P0174,2025-10-21,4,1,1,0,15.0
L02691,P0187,2025-10-21,5,1,1,0,12.0
L02689,P0062,2025-10-21,1,1,1,0,12.0
L02689,P0070,2025-10-21,2,0,0,0,8.0
L02689,P0029,2025-10-21,3,0,0,0,8.0
L02689,P0106,2025-10-21,4,0,0,0,10.0
L02689,P0175,2025-10-21,5,1,0,0,10.0
L00032,P0028,2025-10-21,1,0,0,0,12.0
L00032,P0041,2025-10-21,2,1,1,0,8.0
L00032,P0066,2025-10-21,3,0,0,0,10.0
L00032,P0056,2025-10-21,4,1,1,1,12.0
L00032,P0014,2025-10-21,5,1,0,0,15.0
L02123,P0037,2025-10-21,1,0,0,0,12.0
L02123,P0069,2025-10-21,2,1,1,1,12.0
L02123,P0015,2025-10-21,3,1,0,0,10.0
L02123,P0024,2025-10-21,4,0,0,0,10.0
L02123,P0216,2025-10-21,5,0,0,0,12.0
L02656,P0006,2025-10-21,1,1,1,1,15.0
L02656,P0148,2025-10-21,2,1,1,0,15.0
L02656,P0114,2025-10-21,3,0,0,0,15.0
L02656,P0019,2025-10-21,4,0,0,0,10.0
L02656,P0007,2025-10-21,5,0,0,0,15.0
L01180,P0031,2025-10-21,1,1,1,1,12.0
L01180,P0074,2025-10-21,2,0,0,0,15.0
L01180,P0073,2025-10-21,3,1,1,1,10.0
L01180,P0018,2025-10-21,4,0,0,0,8.0
L01180,P0058,2025-10-21,5,0,0,0,8.0
L00160,P0000,2025-10-21,1,1,0,0,10.0
L00160,P0153,2025-10-21,2,0,0,0,8.0
L00160,P0062,2025-10-21,3,0,0,0,12.0
L00160,P0181,2025-10-21,4,1,1,0,8.0
L00160,P0068,2025-10-21,5,0,0,0,8.0
L01058,P0134,2025-10-21,1,0,0,0,12.0
L01058,P0045,2025-10-21,2,0,0,0,12.0
L01058,P0112,2025-10-21,3,0,0,0,10.0
L01058,P0034,2025-10-21,4,0,0,0,8.0
L01058,P0089,2025-10-21,5,0,0,0,8.0
L01006,P0162,2025-10-22,1,1,0,0,12.0
L01006,P0121,2025-10-22,2,1,1,1,8.0
L01006,P0217,2025-10-22,3,1,1,0,15.0
L01006,P0132,2025-10-22,4,0,0,0,12.0
L01006,P0190,2025-10-22,5,1,1,1,8.0
L00113,P0156,2025-10-22,1,0,0,0,12.0
L00113,P0129,2025-10-22,2,0,0,0,15.0
L00113,P0187,2025-10-22,3,0,0,0,12.0
L00113,P0174,2025-10-22,4,1,1,0,12.0
L00113,P0059,2025-10-22,5,0,0,0,8.0
L02329,P0020,2025-10-22,1,1,1,0,10.0
L02329,P0028,2025-10-22,2,1,1,1,12.0
L02329,P0158,2025-10-22,3,1,1,0,8.0
L02329,P0063,2025-10-22,4,0,0,0,8.0
L02329,P0044,2025-10-22,5,0,0,0,8.0
L02450,P0035,2025-10-22,1,1,1,0,12.0
L02450,P0168,2025-10-22,2,1,0,0,10.0
L02450,P0118,2025-10-22,3,1,1,0,15.0
L02450,P0130,2025-10-22,4,0,0,0,8.0
L02450,P0095,2025-10-22,5,1,1,1,10.0
L01931,P0091,2025-10-22,1,1,1,0,15.0
L01931,P0084,2025-10-22,2,0,0,0,10.0
L01931,P0030,2025-10-22,3,1,1,0,10.0
L01931,P0156,2025-10-22,4,0,0,0,15.0
L01931,P0119,2025-10-22,5,0,0,0,10.0
L01697,P0158,2025-10-22,1,1,1,0,8.0
L01697,P0002,2025-10-22,2,0,0,0,10.0
L01697,P0140,2025-10-22,3,0,0,0,15.0
L01697,P0193,2025-10-22,4,1,1,0,12.0
L01697,P0028,2025-10-22,5,0,0,0,8.0
L01132,P0099,2025-10-22,1,1,1,0,12.0
L01132,P0101,2025-10-22,2,0,0,0,12.0
L01132,P0002,2025-10-22,3,0,0,0,12.0
L01132,P0094,2025-10-22,4,0,0,0,10.0
L01132,P0111,2025-10-22,5,0,0,0,8.0
L01172,P0193,2025-10-22,1,1,0,0,10.0
L01172,P0094,2025-10-22,2,0,0,0,10.0
L01172,P0140,2025-10-22,3,1,0,0,10.0
L01172,P0158,2025-10-22,4,0,0,0,12.0
L01172,P0036,2025-10-22,5,0,0,0,10.0
L01927,P0089,2025-10-22,1,0,0,0,15.0
L01927,P0030,2025-10-22,2,0,0,0,10.0
L01927,P0166,2025-10-22,3,1,0,0,12.0
L01927,P0077,2025-10-22,4,0,0,0,10.0
L01927,P0071,2025-10-22,5,1,1,1,8.0
L00780,P0025,2025-10-22,1,0,0,0,8.0
L00780,P0032,2025-10-22,2,1,1,1,8.0
L00780,P0186,2025-10-22,3,1,1,0,8.0
L00780,P0194,2025-10-22,4,0,0,0,8.0
L00780,P0004,2025-10-22,5,1,1,1,10.0
L00509,P0068,2025-10-22,1,0,0,0,12.0
L00509,P0148,2025-10-22,2,1,1,0,15.0
L00509,P0114,2025-10-22,3,1,1,1,15.0
L00509,P0143,2025-10-22,4,0,0,0,10.0
L00509,P0153,2025-10-22,5,0,0,0,8.0
L00534,P0090,2025-10-22,1,1,0,0,10.0
L00534,P0124,2025-10-22,2,0,0,0,12.0
L00534,P0138,2025-10-22,3,0,0,0,8.0
L00534,P0086,2025-10-22,4,0,0,0,10.0
L00534,P0081,2025-10-22,5,1,1,1,10.0
L01423,P0195,2025-10-22,1,0,0,0,10.0
L01423,P0005,2025-10-22,2,0,0,0,15.0
L01423,P0083,2025-10-22,3,1,1,0,8.0
L01423,P0219,2025-10-22,4,0,0,0,10.0
L01423,P0207,2025-10-22,5,0,0,0,15.0
L02551,P0114,2025-10-22,1,0,0,0,8.0
L02551,P0148,2025-10-22,2,1,1,1,8.0
L02551,P0189,2025-10-22,3,0,0,0,8.0
L02551,P0006,2025-10-22,4,0,0,0,12.0
L02551,P0135,2025-10-22,5,1,1,0,15.0
L01327,P0101,2025-10-23,1,0,0,0,12.0
L01327,P0099,2025-10-23,2,1,1,0,12.0
L01327,P0008,2025-10-23,3,0,0,0,10.0
L01327,P0193,2025-10-23,4,0,0,0,12.0
L01327,P0140,2025-10-23,5,0,0,0,8.0
L02765,P0181,2025-10-23,1,0,0,0,8.0
L02765,P0106,2025-10-23,2,0,0,0,8.0
L02765,P0070,2025-10-23,3,0,0,0,12.0
L02765,P0029,2025-10-23,4,0,0,0,10.0
L02765,P0175,2025-10-23,5,0,0,0,10.0
L01467,P0087,2025-10-23,1,0,0,0,12.0
L01467,P0160,2025-10-23,2,1,1,0,10.0
L01467,P0053,2025-10-23,3,1,0,0,15.0
L01467,P0144,2025-10-23,4,0,0,0,8.0
L01467,P0051,2025-10-23,5,0,0,0,10.0
L02637,P0055,2025-10-23,1,1,1,0,8.0
L02637,P0150,2025-10-23,2,0,0,0,8.0
L02637,P0152,2025-10-23,3,1,1,0,10.0
L02637,P0092,2025-10-23,4,0,0,0,10.0
L02637,P0021,2025-10-23,5,1,1,1,15.0
L00637,P0181,2025-10-23,1,1,1,1,12.0
L00637,P0062,2025-10-23,2,1,1,1,8.0
L00637,P0070,2025-10-23,3,0,0,0,12.0
L00637,P0029,2025-10-23,4,0,0,0,10.0
L00637,P0106,2025-10-23,5,0,0,0,12.0
L01754,P0115,2025-10-23,1,0,0,0,8.0
L01754,P0020,2025-10-23,2,0,0,0,12.0
L01754,P0063,2025-10-23,3,1,0,0,15.0
L01754,P0014,2025-10-23,4,0,0,0,12.0
L01754,P0149,2025-10-23,5,1,1,0,15.0
L01673,P0058,2025-10-23,1,1,1,0,10.0
L01673,P0148,2025-10-23,2,1,1,1,12.0
L01673,P0114,2025-10-23,3,0,0,0,15.0
L01673,P0143,2025-10-23,4,0,0,0,8.0
L01673,P0007,2025-10-23,5,0,0,0,8.0
L00771,P0171,2025-10-23,1,0,0,0,12.0
L00771,P0201,2025-10-23,2,0,0,0,8.0
L00771,P0197,2025-10-23,3,0,0,0,12.0
L00771,P0204,2025-10-23,4,0,0,0,15.0
L00771,P0143,2025-10-23,5,0,0,0,15.0
L02941,P0074,2025-10-23,1,1,1,0,15.0
L02941,P0104,2025-10-23,2,0,0,0,12.0
L02941,P0110,2025-10-23,3,1,1,0,10.0
L02941,P0031,2025-10-23,4,1,1,1,15.0
L02941,P0049,2025-10-23,5,0,0,0,12.0
L00581,P0175,2025-10-23,1,1,1,0,15.0
L00581,P0106,2025-10-23,2,1,1,0,12.0
L00581,P0173,2025-10-23,3,0,0,0,10.0
L00581,P0110,2025-10-23,4,0,0,0,8.0
L00581,P0043,2025-10-23,5,0,0,0,10.0
L01639,P0025,2025-10-23,1,0,0,0,8.0
L01639,P0138,2025-10-23,2,0,0,0,15.0
L01639,P0124,2025-10-23,3,1,1,0,15.0
L01639,P0186,2025-10-23,4,1,0,0,15.0
L01639,P0050,2025-10-23,5,1,1,1,12.0
L01523,P0115,2025-10-23,1,1,0,0,12.0
L01523,P0158,2025-10-23,2,1,1,0,12.0
L01523,P0041,2025-10-23,3,1,1,0,12.0
L01523,P0063,2025-10-23,4,1,1,0,12.0
L01523,P0014,2025-10-23,5,0,0,0,12.0
L02106,P0120,2025-10-23,1,1,1,1,8.0
L02106,P0007,2025-10-23,2,0,0,0,8.0
L02106,P0124,2025-10-23,3,1,0,0,10.0
L02106,P0086,2025-10-23,4,0,0,0,12.0
L02106,P0081,2025-10-23,5,0,0,0,8.0
L02060,P0009,2025-10-24,1,1,1,1,8.0
L02060,P0072,2025-10-24,2,1,1,0,12.0
L02060,P0027,2025-10-24,3,0,0,0,10.0
L02060,P0033,2025-10-24,4,0,0,0,15.0
L02060,P0198,2025-10-24,5,0,0,0,10.0
L02350,P0138,2025-10-24,1,1,1,1,15.0
L02350,P0194,2025-10-24,2,1,0,0,12.0
L02350,P0032,2025-10-24,3,0,0,0,15.0
L02350,P0120,2025-10-24,4,1,1,0,15.0
L02350,P0100,2025-10-24,5,1,1,0,10.0
L00520,P0134,2025-10-24,1,0,0,0,10.0
L00520,P0122,2025-10-24,2,0,0,0,12.0
L00520,P0188,2025-10-24,3,0,0,0,12.0
L00520,P0195,2025-10-24,4,1,0,0,15.0
L00520,P0089,2025-10-24,5,0,0,0,12.0
L01951,P0006,2025-10-24,1,0,0,0,12.0
L01951,P0143,2025-10-24,2,0,0,0,15.0
L01951,P0189,2025-10-24,3,0,0,0,15.0
L01951,P0007,2025-10-24,4,0,0,0,12.0
L01951,P0090,2025-10-24,5,0,0,0,8.0
L00104,P0046,2025-10-24,1,0,0,0,10.0
L00104,P0118,2025-10-24,2,0,0,0,15.0
L00104,P0064,2025-10-24,3,1,0,0,15.0
L00104,P0168,2025-10-24,4,0,0,0,8.0
L00104,P0137,2025-10-24,5,0,0,0,8.0
L02438,P0145,2025-10-24,1,1,1,0,12.0
L02438,P0095,2025-10-24,2,1,1,0,8.0
L02438,P0213,2025-10-24,3,0,0,0,10.0
L02438,P0130,2025-10-24,4,0,0,0,10.0
L02438,P0118,2025-10-24,5,1,1,0,12.0
L02807,P0015,2025-10-24,1,0,0,0,10.0
L02807,P0165,2025-10-24,2,1,1,0,12.0
L02807,P0084,2025-10-24,3,0,0,0,10.0
L02807,P0216,2025-10-24,4,0,0,0,8.0
L02807,P0155,2025-10-24,5,1,0,0,8.0
L01510,P0122,2025-10-24,1,0,0,0,12.0
L01510,P0045,2025-10-24,2,0,0,0,10.0
L01510,P0195,2025-10-24,3,0,0,0,12.0
L01510,P0188,2025-10-24,4,0,0,0,10.0
L01510,P0034,2025-10-24,5,1,1,0,15.0
L01305,P0119,2025-10-24,1,1,1,0,15.0
L01305,P0003,2025-10-24,2,0,0,0,15.0
L01305,P0026,2025-10-24,3,0,0,0,12.0
L01305,P0215,2025-10-24,4,1,1,0,10.0
L01305,P0030,2025-10-24,5,0,0,0,10.0
L00927,P0192,2025-10-24,1,1,0,0,8.0
L00927,P0124,2025-10-24,2,0,0,0,12.0
L00927,P0138,2025-10-24,3,0,0,0,10.0
L00927,P0103,2025-10-24,4,0,0,0,15.0
L00927,P0196,2025-10-24,5,0,0,0,15.0
L01874,P0145,2025-10-24,1,0,0,0,12.0
L01874,P0035,2025-10-24,2,1,1,0,15.0
L01874,P0118,2025-10-24,3,1,1,1,10.0
L01874,P0073,2025-10-24,4,0,0,0,8.0
L01874,P0172,2025-10-24,5,0,0,0,8.0
L01529,P0031,2025-10-24,1,0,0,0,10.0
L01529,P0110,2025-10-24,2,1,1,0,8.0
L01529,P0073,2025-10-24,3,1,0,0,12.0
L01529,P0035,2025-10-24,4,0,0,0,12.0
L01529,P0018,2025-10-24,5,1,0,0,8.0
L02919,P0158,2025-10-24,1,1,1,0,12.0
L02919,P0140,2025-10-24,2,1,0,0,10.0
L02919,P0193,2025-10-24,3,0,0,0,10.0
L02919,P0028,2025-10-24,4,1,1,1,12.0
L02919,P0020,2025-10-24,5,0,0,0,12.0
L00835,P0180,2025-10-24,1,1,0,0,15.0
L00835,P0047,2025-10-24,2,1,1,1,10.0
L00835,P0209,2025-10-24,3,1,1,0,12.0
L00835,P0195,2025-10-24,4,1,1,0,15.0
L00835,P0112,2025-10-24,5,0,0,0,8.0
L02696,P0118,2025-10-24,1,1,1,0,8.0
L02696,P0202,2025-10-24,2,1,1,0,10.0
L02696,P0172,2025-10-24,3,1,1,1,12.0
L02696,P0035,2025-10-24,4,0,0,0,15.0
L02696,P0018,2025-10-24,5,1,1,1,8.0
L02836,P0145,2025-10-24,1,0,0,0,12.0
L02836,P0213,2025-10-24,2,1,1,0,8.0
L02836,P0130,2025-10-24,3,1,0,0,8.0
L02836,P0118,2025-10-24,4,0,0,0,10.0
L02836,P0064,2025-10-24,5,0,0,0,12.0
L02361,P0189,2025-10-24,1,0,0,0,15.0
L02361,P0148,2025-10-24,2,1,1,0,8.0
L02361,P0114,2025-10-24,3,0,0,0,12.0
L02361,P0065,2025-10-24,4,1,1,0,8.0
L02361,P0006,2025-10-24,5,1,0,0,10.0
L00662,P0186,2025-10-24,1,1,1,0,15.0
L00662,P0100,2025-10-24,2,1,0,0,12.0
L00662,P0032,2025-10-24,3,0,0,0,8.0
L00662,P0120,2025-10-24,4,1,1,0,8.0
L00662,P0061,2025-10-24,5,1,1,1,15.0
L00551,P0122,2025-10-24,1,1,1,0,8.0
L00551,P0159,2025-10-24,2,1,0,0,8.0
L00551,P0112,2025-10-24,3,0,0,0,8.0
L00551,P0195,2025-10-24,4,0,0,0,8.0
L00551,P0034,2025-10-24,5,0,0,0,12.0
L00860,P0174,2025-10-25,1,0,0,0,8.0
L00860,P0187,2025-10-25,2,0,0,0,8.0
L00860,P0077,2025-10-25,3,0,0,0,15.0
L00860,P0033,2025-10-25,4,0,0,0,10.0
L00860,P0072,2025-10-25,5,0,0,0,10.0
L02790,P0093,2025-10-25,1,1,1,1,12.0
L02790,P0108,2025-10-25,2,1,0,0,15.0
L02790,P0006,2025-10-25,3,1,0,0,10.0
L02790,P0081,2025-10-25,4,1,1,0,12.0
L02790,P0086,2025-10-25,5,1,1,1,8.0
L00944,P0070,2025-10-25,1,1,1,0,10.0
L00944,P0029,2025-10-25,2,0,0,0,12.0
L00944,P0175,2025-10-25,3,0,0,0,15.0
L00944,P0110,2025-10-25,4,1,1,1,12.0
L00944,P0043,2025-10-25,5,1,1,1,10.0
L00663,P0139,2025-10-25,1,0,0,0,10.0
L00663,P0032,2025-10-25,2,1,0,0,15.0
L00663,P0050,2025-10-25,3,0,0,0,15.0
L00663,P0186,2025-10-25,4,0,0,0,8.0
L00663,P0004,2025-10-25,5,1,1,0,15.0
L00399,P0135,2025-10-25,1,1,1,0,10.0
L00399,P0049,2025-10-25,2,0,0,0,15.0
L00399,P0031,2025-10-25,3,1,1,0,10.0
L00399,P0074,2025-10-25,4,1,1,1,10.0
L00399,P0058,2025-10-25,5,0,0,0,12.0
L00957,P0165,2025-10-25,1,1,1,0,8.0
L00957,P0015,2025-10-25,2,1,1,0,12.0
L00957,P0069,2025-10-25,3,1,1,1,15.0
L00957,P0155,2025-10-25,4,1,0,0,15.0
L00957,P0084,2025-10-25,5,0,0,0,8.0
L01045,P0076,2025-10-25,1,0,0,0,12.0
L01045,P0115,2025-10-25,2,0,0,0,10.0
L01045,P0125,2025-10-25,3,0,0,0,8.0
L01045,P0020,2025-10-25,4,0,0,0,8.0
L01045,P0011,2025-10-25,5,0,0,0,15.0
L00962,P0000,2025-10-25,1,1,1,0,12.0
L00962,P0062,2025-10-25,2,1,0,0,8.0
L00962,P0153,2025-10-25,3,1,0,0,10.0
L00962,P0068,2025-10-25,4,1,1,1,8.0
L00962,P0029,2025-10-25,5,1,1,0,10.0
L00128,P0123,2025-10-25,1,0,0,0,12.0
L00128,P0001,2025-10-25,2,0,0,0,8.0
L00128,P0183,2025-10-25,3,0,0,0,8.0
L00128,P0083,2025-10-25,4,1,1,0,8.0
L00128,P0005,2025-10-25,5,0,0,0,10.0
L00170,P0030,2025-10-25,1,0,0,0,15.0
L00170,P0077,2025-10-25,2,1,1,0,15.0
L00170,P0187,2025-10-25,3,1,1,1,10.0
L00170,P0200,2025-10-25,4,0,0,0,12.0
L00170,P0071,2025-10-25,5,1,1,1,12.0
L01022,P0074,2025-10-25,1,0,0,0,8.0
L01022,P0019,2025-10-25,2,1,1,0,15.0
L01022,P0173,2025-10-25,3,0,0,0,15.0
L01022,P0049,2025-10-25,4,1,1,1,10.0
L01022,P0110,2025-10-25,5,1,1,0,10.0
L01504,P0133,2025-10-25,1,0,0,0,12.0
L01504,P0085,2025-10-25,2,0,0,0,12.0
L01504,P0096,2025-10-25,3,1,1,0,8.0
L01504,P0066,2025-10-25,4,0,0,0,8.0
L01504,P0023,2025-10-25,5,0,0,0,12.0
L01713,P0109,2025-10-25,1,1,1,0,12.0
L01713,P0075,2025-10-25,2,0,0,0,10.0
L01713,P0040,2025-10-25,3,1,0,0,10.0
L01713,P0126,2025-10-25,4,0,0,0,10.0
L01713,P0117,2025-10-25,5,0,0,0,15.0
L01870,P0171,2025-10-25,1,0,0,0,12.0
L01870,P0043,2025-10-25,2,1,1,0,12.0
L01870,P0214,2025-10-25,3,1,1,0,15.0
L01870,P0173,2025-10-25,4,0,0,0,10.0
L01870,P0104,2025-10-25,5,0,0,0,8.0
L00635,P0084,2025-10-26,1,0,0,0,8.0
L00635,P0091,2025-10-26,2,1,1,1,8.0
L00635,P0069,2025-10-26,3,1,1,0,10.0
L00635,P0165,2025-10-26,4,0,0,0,8.0
L00635,P0030,2025-10-26,5,0,0,0,8.0
L01057,P0217,2025-10-26,1,1,1,0,10.0
L01057,P0182,2025-10-26,2,1,1,0,12.0
L01057,P0121,2025-10-26,3,1,1,1,8.0
L01057,P0132,2025-10-26,4,0,0,0,8.0
L01057,P0190,2025-10-26,5,0,0,0,15.0
L00065,P0116,2025-10-26,1,0,0,0,15.0
L00065,P0208,2025-10-26,2,0,0,0,8.0
L00065,P0022,2025-10-26,3,0,0,0,8.0
L00065,P0054,2025-10-26,4,0,0,0,12.0
L00065,P0023,2025-10-26,5,0,0,0,10.0
L02774,P0075,2025-10-26,1,0,0,0,12.0
L02774,P0109,2025-10-26,2,1,1,0,12.0
L02774,P0010,2025-10-26,3,0,0,0,10.0
L02774,P0040,2025-10-26,4,1,1,0,12.0
L02774,P0112,2025-10-26,5,1,0,0,10.0
L01774,P0076,2025-10-26,1,1,1,0,8.0
L01774,P0179,2025-10-26,2,1,1,0,10.0
L01774,P0157,2025-10-26,3,0,0,0,12.0
L01774,P0125,2025-10-26,4,1,1,1,8.0
L01774,P0011,2025-10-26,5,0,0,0,10.0
L02464,P0151,2025-10-26,1,0,0,0,10.0
L02464,P0146,2025-10-26,2,1,1,0,8.0
L02464,P0142,2025-10-26,3,1,1,0,8.0
L02464,P0088,2025-10-26,4,0,0,0,12.0
L02464,P0051,2025-10-26,5,0,0,0,8.0
L02133,P0145,2025-10-26,1,1,1,0,8.0
L02133,P0130,2025-10-26,2,1,1,1,8.0
L02133,P0095,2025-10-26,3,0,0,0,15.0
L02133,P0035,2025-10-26,4,1,1,0,10.0
L02133,P0046,2025-10-26,5,0,0,0,8.0
L01747,P0104,2025-10-26,1,0,0,0,10.0
L01747,P0173,2025-10-26,2,1,0,0,15.0
L01747,P0100,2025-10-26,3,0,0,0,10.0
L01747,P0061,2025-10-26,4,1,1,0,8.0
L01747,P0120,2025-10-26,5,0,0,0,15.0
L01065,P0119,2025-10-26,1,1,1,0,10.0
L01065,P0174,2025-10-26,2,0,0,0,10.0
L01065,P0001,2025-10-26,3,0,0,0,8.0
L01065,P0123,2025-10-26,4,0,0,0,15.0
L01065,P0026,2025-10-26,5,0,0,0,10.0
L02789,P0019,2025-10-26,1,1,1,1,8.0
L02789,P0058,2025-10-26,2,1,1,0,15.0
L02789,P0173,2025-10-26,3,0,0,0,12.0
L02789,P0061,2025-10-26,4,1,1,0,12.0
L02789,P0049,2025-10-26,5,0,0,0,12.0
L01421,P0129,2025-10-26,1,1,1,0,10.0
L01421,P0030,2025-10-26,2,0,0,0,10.0
L01421,P0119,2025-10-26,3,1,1,0,10.0
L01421,P0037,2025-10-26,4,1,0,0,10.0
L01421,P0059,2025-10-26,5,0,0,0,8.0
L01644,P0195,2025-10-26,1,1,1,0,12.0
L01644,P0209,2025-10-26,2,1,0,0,8.0
L01644,P0180,2025-10-26,3,0,0,0,12.0
L01644,P0005,2025-10-26,4,0,0,0,10.0
L01644,P0207,2025-10-26,5,0,0,0,15.0
L02527,P0148,2025-10-27,1,1,0,0,12.0
L02527,P0189,2025-10-27,2,1,1,1,8.0
L02527,P0143,2025-10-27,3,1,1,0,15.0
L02527,P0007,2025-10-27,4,1,1,1,12.0
L02527,P0093,2025-10-27,5,0,0,0,15.0
L00914,P0040,2025-10-27,1,0,0,0,8.0
L00914,P0117,2025-10-27,2,0,0,0,10.0
L00914,P0195,2025-10-27,3,0,0,0,8.0
L00914,P0188,2025-10-27,4,0,0,0,12.0
L00914,P0033,2025-10-27,5,0,0,0,8.0
L01904,P0012,2025-10-27,1,1,1,0,15.0
L01904,P0060,2025-10-27,2,1,1,0,10.0
L01904,P0048,2025-10-27,3,1,1,0,10.0
L01904,P0009,2025-10-27,4,1,1,0,12.0
L01904,P0033,2025-10-27,5,0,0,0,15.0
L02998,P0135,2025-10-27,1,0,0,0,10.0
L02998,P0049,2025-10-27,2,0,0,0,10.0
L02998,P0035,2025-10-27,3,0,0,0,10.0
L02998,P0018,2025-10-27,4,1,1,0,8.0
L02998,P0073,2025-10-27,5,1,0,0,12.0
L01331,P0194,2025-10-27,1,0,0,0,12.0
L01331,P0124,2025-10-27,2,0,0,0,8.0
L01331,P0061,2025-10-27,3,0,0,0,10.0
L01331,P0032,2025-10-27,4,1,1,0,10.0
L01331,P0025,2025-10-27,5,1,1,0,8.0
L00542,P0164,2025-10-27,1,0,0,0,10.0
L00542,P0063,2025-10-27,2,1,0,0,15.0
L00542,P0066,2025-10-27,3,0,0,0,10.0
L00542,P0020,2025-10-27,4,0,0,0,12.0
L00542,P0028,2025-10-27,5,1,1,0,12.0
L01661,P0067,2025-10-27,1,1,1,0,8.0
L01661,P0066,2025-10-27,2,1,1,1,15.0
L01661,P0063,2025-10-27,3,0,0,0,12.0
L01661,P0164,2025-10-27,4,0,0,0,15.0
L01661,P0020,2025-10-27,5,0,0,0,15.0
L02962,P0096,2025-10-27,1,0,0,0,15.0
L02962,P0052,2025-10-27,2,1,1,0,8.0
L02962,P0085,2025-10-27,3,1,0,0,8.0
L02962,P0011,2025-10-27,4,0,0,0,10.0
L02962,P0020,2025-10-27,5,0,0,0,8.0
L01358,P0071,2025-10-27,1,1,1,1,15.0
L01358,P0206,2025-10-27,2,1,1,1,8.0
L01358,P0200,2025-10-27,3,0,0,0,10.0
L01358,P0198,2025-10-27,4,0,0,0,15.0
L01358,P0033,2025-10-27,5,0,0,0,8.0
L00764,P0075,2025-10-27,1,0,0,0,12.0
L00764,P0126,2025-10-27,2,0,0,0,15.0
L00764,P0109,2025-10-27,3,1,1,1,15.0
L00764,P0195,2025-10-27,4,0,0,0,15.0
L00764,P0112,2025-10-27,5,0,0,0,8.0
L02460,P0102,2025-10-27,1,1,1,1,12.0
L02460,P0022,2025-10-27,2,1,1,1,12.0
L02460,P0169,2025-10-27,3,1,1,0,12.0
L02460,P0076,2025-10-27,4,0,0,0,12.0
L02460,P0087,2025-10-27,5,0,0,0,12.0
L00073,P0147,2025-10-27,1,1,1,0,10.0
L00073,P0178,2025-10-27,2,0,0,0,8.0
L00073,P0044,2025-10-27,3,0,0,0,12.0
L00073,P0028,2025-10-27,4,1,1,1,8.0
L00073,P0081,2025-10-27,5,1,0,0,12.0
L01238,P0135,2025-10-27,1,1,1,0,10.0
L01238,P0163,2025-10-27,2,1,1,1,8.0
L01238,P0161,2025-10-27,3,1,1,0,8.0
L01238,P0097,2025-10-27,4,0,0,0,8.0
L01238,P0046,2025-10-27,5,0,0,0,15.0
L02129,P0138,2025-10-27,1,1,0,0,12.0
L02129,P0186,2025-10-27,2,1,1,0,10.0
L02129,P0124,2025-10-27,3,0,0,0,8.0
L02129,P0032,2025-10-27,4,1,1,0,8.0
L02129,P0100,2025-10-27,5,0,0,0,8.0
L02972,P0136,2025-10-27,1,1,1,1,15.0
L02972,P0205,2025-10-27,2,1,1,1,8.0
L02972,P0116,2025-10-27,3,1,1,1,10.0
L02972,P0124,2025-10-27,4,1,1,0,12.0
L02972,P0186,2025-10-27,5,1,1,1,12.0
L01686,P0173,2025-10-27,1,0,0,0,15.0
L01686,P0074,2025-10-27,2,1,1,1,10.0
L01686,P0031,2025-10-27,3,0,0,0,12.0
L01686,P0135,2025-10-27,4,1,1,0,10.0
L01686,P0105,2025-10-27,5,1,0,0,12.0
L01684,P0201,2025-10-27,1,0,0,0,12.0
L01684,P0127,2025-10-27,2,1,1,0,10.0
L01684,P0171,2025-10-27,3,1,1,1,12.0
L01684,P0143,2025-10-27,4,0,0,0,8.0
L01684,P0114,2025-10-27,5,0,0,0,10.0
L02989,P0207,2025-10-27,1,1,1,0,10.0
L02989,P0219,2025-10-27,2,0,0,0,8.0
L02989,P0195,2025-10-27,3,0,0,0,12.0
L02989,P0112,2025-10-27,4,0,0,0,10.0
L02989,P0047,2025-10-27,5,0,0,0,12.0
L02478,P0003,2025-10-27,1,1,1,0,10.0
L02478,P0001,2025-10-27,2,1,1,0,15.0
L02478,P0215,2025-10-27,3,0,0,0,12.0
L02478,P0057,2025-10-27,4,0,0,0,10.0
L02478,P0030,2025-10-27,5,0,0,0,15.0
L01886,P0176,2025-10-27,1,1,1,1,15.0
L01886,P0146,2025-10-27,2,1,1,0,8.0
L01886,P0151,2025-10-27,3,1,1,1,10.0
L01886,P0039,2025-10-27,4,1,0,0,12.0
L01886,P0088,2025-10-27,5,0,0,0,12.0
L01038,P0052,2025-10-27,1,1,1,1,10.0
L01038,P0212,2025-10-27,2,1,1,0,8.0
L01038,P0085,2025-10-27,3,0,0,0,12.0
L01038,P0066,2025-10-27,4,1,1,0,12.0
L01038,P0020,2025-10-27,5,0,0,0,10.0
L00316,P0189,2025-10-28,1,1,1,0,12.0
L00316,P0143,2025-10-28,2,0,0,0,15.0
L00316,P0058,2025-10-28,3,1,0,0,15.0
L00316,P0097,2025-10-28,4,1,0,0,15.0
L00316,P0135,2025-10-28,5,1,1,0,10.0
L02326,P0183,2025-10-28,1,0,0,0,8.0
L02326,P0025,2025-10-28,2,1,1,0,12.0
L02326,P0192,2025-10-28,3,0,0,0,8.0
L02326,P0138,2025-10-28,4,0,0,0,12.0
L02326,P0103,2025-10-28,5,1,1,0,12.0
L01062,P0137,2025-10-28,1,1,1,1,8.0
L01062,P0145,2025-10-28,2,0,0,0,8.0
L01062,P0130,2025-10-28,3,0,0,0,10.0
L01062,P0064,2025-10-28,4,1,0,0,8.0
L01062,P0168,2025-10-28,5,1,1,0,15.0
L02855,P0211,2025-10-28,1,0,0,0,10.0
L02855,P0198,2025-10-28,2,1,1,1,15.0
L02855,P0033,2025-10-28,3,0,0,0,12.0
L02855,P0200,2025-10-28,4,1,0,0,12.0
L02855,P0077,2025-10-28,5,0,0,0,12.0
L02223,P0215,2025-10-28,1,1,1,0,12.0
L02223,P0003,2025-10-28,2,1,1,0,12.0
L02223,P0001,2025-10-28,3,1,1,0,10.0
L02223,P0174,2025-10-28,4,0,0,0,10.0
L02223,P0005,2025-10-28,5,0,0,0,8.0
L00411,P0054,2025-10-28,1,0,0,0,15.0
L00411,P0023,2025-10-28,2,1,1,1,15.0
L00411,P0053,2025-10-28,3,1,1,0,10.0
L00411,P0022,2025-10-28,4,1,1,1,15.0
L00411,P0011,2025-10-28,5,1,0,0,10.0
L00834,P0058,2025-10-28,1,1,1,0,10.0
L00834,P0074,2025-10-28,2,1,1,0,15.0
L00834,P0061,2025-10-28,3,1,1,0,15.0
L00834,P0120,2025-10-28,4,0,0,0,12.0
L00834,P0049,2025-10-28,5,0,0,0,12.0
L02415,P0101,2025-10-28,1,1,1,0,15.0
L02415,P0151,2025-10-28,2,1,1,1,10.0
L02415,P0176,2025-10-28,3,1,0,0,8.0
L02415,P0146,2025-10-28,4,1,1,0,12.0
L02415,P0021,2025-10-28,5,1,1,1,12.0
L00175,P0100,2025-10-28,1,0,0,0,12.0
L00175,P0061,2025-10-28,2,1,1,0,15.0
L00175,P0120,2025-10-28,3,0,0,0,10.0
L00175,P0050,2025-10-28,4,1,1,0,12.0
L00175,P0194,2025-10-28,5,0,0,0,8.0
L01959,P0135,2025-10-29,1,0,0,0,12.0
L01959,P0058,2025-10-29,2,1,1,0,12.0
L01959,P0073,2025-10-29,3,1,1,1,12.0
L01959,P0035,2025-10-29,4,1,1,1,15.0
L01959,P0074,2025-10-29,5,1,1,0,10.0
L02939,P0169,2025-10-29,1,1,1,0,8.0
L02939,P0022,2025-10-29,2,0,0,0,8.0
L02939,P0017,2025-10-29,3,1,1,0,15.0
L02939,P0053,2025-10-29,4,1,1,0,15.0
L02939,P0087,2025-10-29,5,0,0,0,10.0
L02276,P0006,2025-10-29,1,1,1,0,12.0
L02276,P0189,2025-10-29,2,1,1,1,10.0
L02276,P0058,2025-10-29,3,0,0,0,10.0
L02276,P0148,2025-10-29,4,1,1,1,15.0
L02276,P0007,2025-10-29,5,0,0,0,12.0
L00478,P0182,2025-10-29,1,1,1,0,8.0
L00478,P0132,2025-10-29,2,0,0,0,8.0
L00478,P0217,2025-10-29,3,0,0,0,12.0
L00478,P0162,2025-10-29,4,1,1,1,12.0
L00478,P0121,2025-10-29,5,1,0,0,12.0
L00137,P0087,2025-10-29,1,0,0,0,15.0
L00137,P0053,2025-10-29,2,0,0,0,12.0
L00137,P0160,2025-10-29,3,1,0,0,8.0
L00137,P0158,2025-10-29,4,0,0,0,8.0
L00137,P0051,2025-10-29,5,0,0,0,8.0
L00921,P0068,2025-10-29,1,0,0,0,8.0
L00921,P0189,2025-10-29,2,1,0,0,10.0
L00921,P0114,2025-10-29,3,1,1,0,15.0
L00921,P0000,2025-10-29,4,0,0,0,15.0
L00921,P0181,2025-10-29,5,1,1,0,15.0
L00013,P0167,2025-10-29,1,1,1,0,8.0
L00013,P0051,2025-10-29,2,0,0,0,12.0
L00013,P0184,2025-10-29,3,1,1,0,8.0
L00013,P0078,2025-10-29,4,0,0,0,12.0
L00013,P0150,2025-10-29,5,0,0,0,10.0
L01378,P0018,2025-10-29,1,1,1,0,8.0
L01378,P0035,2025-10-29,2,1,0,0,10.0
L01378,P0202,2025-10-29,3,1,1,1,10.0
L01378,P0118,2025-10-29,4,1,1,0,10.0
L01378,P0213,2025-10-29,5,1,1,0,8.0
L00336,P0111,2025-10-29,1,1,1,0,12.0
L00336,P0094,2025-10-29,2,0,0,0,15.0
L00336,P0140,2025-10-29,3,0,0,0,12.0
L00336,P0041,2025-10-29,4,1,0,0,8.0
L00336,P0008,2025-10-29,5,0,0,0,10.0
L02792,P0006,2025-10-29,1,0,0,0,15.0
L02792,P0143,2025-10-29,2,0,0,0,10.0
L02792,P0148,2025-10-29,3,0,0,0,15.0
L02792,P0019,2025-10-29,4,0,0,0,12.0
L02792,P0007,2025-10-29,5,1,1,0,12.0
L02080,P0158,2025-10-29,1,0,0,0,12.0
L02080,P0140,2025-10-29,2,1,0,0,10.0
L02080,P0020,2025-10-29,3,0,0,0,10.0
L02080,P0008,2025-10-29,4,0,0,0,8.0
L02080,P0028,2025-10-29,5,0,0,0,15.0
L01009,P0026,2025-10-29,1,0,0,0,8.0
L01009,P0001,2025-10-29,2,1,1,0,12.0
L01009,P0215,2025-10-29,3,0,0,0,10.0
L01009,P0010,2025-10-29,4,0,0,0,15.0
L01009,P0124,2025-10-29,5,0,0,0,12.0
L01004,P0054,2025-10-29,1,0,0,0,15.0
L01004,P0136,2025-10-29,2,0,0,0,15.0
L01004,P0004,2025-10-29,3,0,0,0,8.0
L01004,P0124,2025-10-29,4,0,0,0,15.0
L01004,P0186,2025-10-29,5,0,0,0,8.0
L00396,P0039,2025-10-29,1,1,1,0,12.0
L00396,P0142,2025-10-29,2,0,0,0,8.0
L00396,P0177,2025-10-29,3,0,0,0,12.0
L00396,P0151,2025-10-29,4,0,0,0,8.0
L00396,P0051,2025-10-29,5,1,0,0,15.0
L01230,P0173,2025-10-29,1,1,1,0,12.0
L01230,P0058,2025-10-29,2,1,1,0,8.0
L01230,P0135,2025-10-29,3,1,1,0,12.0
L01230,P0104,2025-10-29,4,0,0,0,15.0
L01230,P0049,2025-10-29,5,0,0,0,10.0
L01263,P0202,2025-10-30,1,0,0,0,10.0
L01263,P0172,2025-10-30,2,1,0,0,10.0
L01263,P0079,2025-10-30,3,0,0,0,15.0
L01263,P0145,2025-10-30,4,0,0,0,12.0
L01263,P0031,2025-10-30,5,0,0,0,8.0
L01714,P0077,2025-10-30,1,1,0,0,12.0
L01714,P0174,2025-10-30,2,1,1,1,12.0
L01714,P0187,2025-10-30,3,1,1,0,10.0
L01714,P0198,2025-10-30,4,1,1,0,8.0
L01714,P0033,2025-10-30,5,1,0,0,10.0
L01367,P0110,2025-10-30,1,1,1,0,10.0
L01367,P0031,2025-10-30,2,1,1,0,10.0
L01367,P0018,2025-10-30,3,1,1,0,10.0
L01367,P0035,2025-10-30,4,0,0,0,8.0
L01367,P0058,2025-10-30,5,1,1,0,8.0
L00074,P0100,2025-10-30,1,1,0,0,8.0
L00074,P0124,2025-10-30,2,0,0,0,15.0
L00074,P0050,2025-10-30,3,1,1,0,10.0
L00074,P0194,2025-10-30,4,0,0,0,15.0
L00074,P0104,2025-10-30,5,1,0,0,12.0
L00698,P0037,2025-10-30,1,0,0,0,12.0
L00698,P0069,2025-10-30,2,0,0,0,8.0
L00698,P0165,2025-10-30,3,0,0,0,8.0
L00698,P0084,2025-10-30,4,1,1,1,15.0
L00698,P0155,2025-10-30,5,0,0,0,10.0
L01553,P0175,2025-10-30,1,0,0,0,12.0
L01553,P0062,2025-10-30,2,1,1,1,10.0
L01553,P0181,2025-10-30,3,0,0,0,12.0
L01553,P0110,2025-10-30,4,1,1,0,10.0
L01553,P0049,2025-10-30,5,0,0,0,8.0
L00115,P0171,2025-10-30,1,1,1,0,15.0
L00115,P0058,2025-10-30,2,0,0,0,15.0
L00115,P0019,2025-10-30,3,1,0,0,15.0
L00115,P0104,2025-10-30,4,0,0,0,12.0
L00115,P0175,2025-10-30,5,0,0,0,15.0
L01376,P0104,2025-10-30,1,0,0,0,8.0
L01376,P0105,2025-10-30,2,1,1,0,10.0
L01376,P0173,2025-10-30,3,0,0,0,15.0
L01376,P0058,2025-10-30,4,0,0,0,8.0
L01376,P0061,2025-10-30,5,0,0,0,8.0
L00153,P0112,2025-10-30,1,1,1,0,8.0
L00153,P0083,2025-10-30,2,0,0,0,15.0
L00153,P0005,2025-10-30,3,1,1,0,15.0
L00153,P0180,2025-10-30,4,0,0,0,8.0
L00153,P0207,2025-10-30,5,0,0,0,15.0
L01121,P0193,2025-10-30,1,1,1,0,15.0
L01121,P0051,2025-10-30,2,0,0,0,8.0
L01121,P0152,2025-10-30,3,1,1,0,15.0
L01121,P0218,2025-10-30,4,1,1,0,8.0
L01121,P0184,2025-10-30,5,0,0,0,15.0
L01113,P0057,2025-10-30,1,0,0,0,12.0
L01113,P0156,2025-10-30,2,0,0,0,15.0
L01113,P0129,2025-10-30,3,1,1,0,8.0
L01113,P0203,2025-10-30,4,0,0,0,10.0
L01113,P0059,2025-10-30,5,0,0,0,15.0
L02378,P0158,2025-10-30,1,0,0,0,15.0
L02378,P0041,2025-10-30,2,1,1,0,12.0
L02378,P0115,2025-10-30,3,1,0,0,8.0
L02378,P0066,2025-10-30,4,1,1,0,10.0
L02378,P0063,2025-10-30,5,1,1,1,10.0
L01458,P0120,2025-10-30,1,1,1,1,10.0
L01458,P0061,2025-10-30,2,0,0,0,12.0
L01458,P0050,2025-10-30,3,0,0,0,10.0
L01458,P0138,2025-10-30,4,1,1,1,15.0
L01458,P0186,2025-10-30,5,0,0,0,8.0
L00246,P0034,2025-10-31,1,0,0,0,8.0
L00246,P0030,2025-10-31,2,0,0,0,8.0
L00246,P0089,2025-10-31,3,1,1,1,10.0
L00246,P0077,2025-10-31,4,1,1,0,10.0
L00246,P0200,2025-10-31,5,0,0,0,8.0
L01872,P0037,2025-10-31,1,1,1,1,8.0
L01872,P0059,2025-10-31,2,1,1,0,12.0
L01872,P0030,2025-10-31,3,0,0,0,10.0
L01872,P0129,2025-10-31,4,1,1,0,15.0
L01872,P0119,2025-10-31,5,0,0,0,12.0
L00544,P0090,2025-10-31,1,1,0,0,15.0
L00544,P0183,2025-10-31,2,0,0,0,8.0
L00544,P0025,2025-10-31,3,1,1,1,15.0
L00544,P0093,2025-10-31,4,1,1,1,10.0
L00544,P0007,2025-10-31,5,0,0,0,15.0
L02096,P0218,2025-10-31,1,1,1,0,15.0
L02096,P0152,2025-10-31,2,0,0,0,15.0
L02096,P0184,2025-10-31,3,1,1,0,10.0
L02096,P0193,2025-10-31,4,0,0,0,10.0
L02096,P0017,2025-10-31,5,1,1,0,8.0
L00470,P0032,2025-10-31,1,0,0,0,10.0
L00470,P0139,2025-10-31,2,0,0,0,15.0
L00470,P0138,2025-10-31,3,0,0,0,8.0
L00470,P0186,2025-10-31,4,1,1,0,10.0
L00470,P0004,2025-10-31,5,0,0,0,12.0
L00102,P0085,2025-10-31,1,1,1,1,10.0
L00102,P0066,2025-10-31,2,1,0,0,12.0
L00102,P0096,2025-10-31,3,1,0,0,12.0
L00102,P0023,2025-10-31,4,0,0,0,8.0
L00102,P0011,2025-10-31,5,0,0,0,15.0
L01635,P0183,2025-10-31,1,0,0,0,12.0
L01635,P0124,2025-10-31,2,0,0,0,8.0
L01635,P0138,2025-10-31,3,0,0,0,12.0
L01635,P0081,2025-10-31,4,0,0,0,8.0
L01635,P0086,2025-10-31,5,0,0,0,15.0
L02558,P0115,2025-10-31,1,0,0,0,15.0
L02558,P0020,2025-10-31,2,0,0,0,10.0
L02558,P0028,2025-10-31,3,0,0,0,15.0
L02558,P0149,2025-10-31,4,0,0,0,12.0
L02558,P0067,2025-10-31,5,1,1,1,8.0
L01958,P0101,2025-10-31,1,1,1,1,15.0
L01958,P0099,2025-10-31,2,1,1,1,10.0
L01958,P0008,2025-10-31,3,0,0,0,15.0
L01958,P0140,2025-10-31,4,0,0,0,15.0
L01958,P0193,2025-10-31,5,1,1,0,10.0
L00785,P0193,2025-10-31,1,1,1,0,15.0
L00785,P0041,2025-10-31,2,1,1,0,12.0
L00785,P0036,2025-10-31,3,1,1,1,8.0
L00785,P0008,2025-10-31,4,0,0,0,15.0
L00785,P0131,2025-10-31,5,0,0,0,15.0
L01991,P0115,2025-10-31,1,1,1,0,15.0
L01991,P0157,2025-10-31,2,1,1,1,15.0
L01991,P0125,2025-10-31,3,0,0,0,12.0
L01991,P0020,2025-10-31,4,0,0,0,12.0
L01991,P0022,2025-10-31,5,0,0,0,10.0
L00107,P0161,2025-10-31,1,1,0,0,8.0
L00107,P0135,2025-10-31,2,1,1,0,12.0
L00107,P0065,2025-10-31,3,0,0,0,15.0
L00107,P0046,2025-10-31,4,0,0,0,15.0
L00107,P0019,2025-10-31,5,0,0,0,15.0
L00791,P0155,2025-10-31,1,1,1,0,10.0
L00791,P0024,2025-10-31,2,0,0,0,8.0
L00791,P0069,2025-10-31,3,0,0,0,10.0
L00791,P0037,2025-10-31,4,1,1,0,15.0
L00791,P0015,2025-10-31,5,0,0,0,12.0
L02905,P0188,2025-10-31,1,1,1,0,10.0
L02905,P0195,2025-10-31,2,1,1,1,8.0
L02905,P0117,2025-10-31,3,0,0,0,15.0
L02905,P0010,2025-10-31,4,1,1,0,10.0
L02905,P0016,2025-10-31,5,1,1,1,8.0
L01528,P0007,2025-10-31,1,0,0,0,8.0
L01528,P0090,2025-10-31,2,1,1,1,15.0
L01528,P0120,2025-10-31,3,1,1,0,15.0
L01528,P0124,2025-10-31,4,0,0,0,10.0
L01528,P0138,2025-10-31,5,0,0,0,12.0
L00506,P0219,2025-11-01,1,1,0,0,15.0
L00506,P0112,2025-11-01,2,1,0,0,12.0
L00506,P0047,2025-11-01,3,1,1,0,10.0
L00506,P0195,2025-11-01,4,1,0,0,10.0
L00506,P0209,2025-11-01,5,0,0,0,8.0
L00445,P0040,2025-11-01,1,0,0,0,15.0
L00445,P0109,2025-11-01,2,1,1,0,10.0
L00445,P0010,2025-11-01,3,0,0,0,15.0
L00445,P0117,2025-11-01,4,0,0,0,8.0
L00445,P0126,2025-11-01,5,1,1,1,15.0
L01105,P0175,2025-11-01,1,0,0,0,12.0
L01105,P0173,2025-11-01,2,1,0,0,15.0
L01105,P0062,2025-11-01,3,0,0,0,8.0
L01105,P0110,2025-11-01,4,1,0,0,10.0
L01105,P0049,2025-11-01,5,0,0,0,8.0
L02969,P0208,2025-11-01,1,1,1,1,8.0
L02969,P0116,2025-11-01,2,1,1,0,12.0
L02969,P0044,2025-11-01,3,1,1,0,15.0
L02969,P0020,2025-11-01,4,1,1,1,10.0
L02969,P0081,2025-11-01,5,1,1,1,15.0
L00456,P0115,2025-11-01,1,1,1,1,12.0
L00456,P0020,2025-11-01,2,0,0,0,12.0
L00456,P0028,2025-11-01,3,0,0,0,10.0
L00456,P0149,2025-11-01,4,0,0,0,15.0
L00456,P0014,2025-11-01,5,0,0,0,12.0
L02727,P0071,2025-11-01,1,1,1,1,12.0
L02727,P0174,2025-11-01,2,1,1,0,15.0
L02727,P0077,2025-11-01,3,0,0,0,10.0
L02727,P0200,2025-11-01,4,0,0,0,10.0
L02727,P0198,2025-11-01,5,0,0,0,12.0
L00398,P0181,2025-11-01,1,1,1,1,10.0
L00398,P0175,2025-11-01,2,1,0,0,12.0
L00398,P0029,2025-11-01,3,0,0,0,15.0
L00398,P0070,2025-11-01,4,0,0,0,15.0
L00398,P0106,2025-11-01,5,0,0,0,12.0
L02439,P0023,2025-11-01,1,1,0,0,10.0
L02439,P0054,2025-11-01,2,0,0,0,15.0
L02439,P0020,2025-11-01,3,0,0,0,10.0
L02439,P0022,2025-11-01,4,0,0,0,12.0
L02439,P0017,2025-11-01,5,1,1,0,12.0
L01214,P0219,2025-11-01,1,0,0,0,12.0
L01214,P0207,2025-11-01,2,0,0,0,10.0
L01214,P0112,2025-11-01,3,0,0,0,8.0
L01214,P0047,2025-11-01,4,0,0,0,15.0
L01214,P0195,2025-11-01,5,0,0,0,12.0
L01494,P0166,2025-11-01,1,0,0,0,8.0
L01494,P0187,2025-11-01,2,0,0,0,8.0
L01494,P0077,2025-11-01,3,0,0,0,15.0
L01494,P0206,2025-11-01,4,0,0,0,10.0
L01494,P0174,2025-11-01,5,1,1,0,15.0
L01225,P0145,2025-11-01,1,1,0,0,8.0
L01225,P0137,2025-11-01,2,1,1,1,8.0
L01225,P0064,2025-11-01,3,0,0,0,10.0
L01225,P0035,2025-11-01,4,0,0,0,12.0
L01225,P0046,2025-11-01,5,0,0,0,8.0
L01179,P0168,2025-11-01,1,1,1,0,10.0
L01179,P0035,2025-11-01,2,1,1,1,10.0
L01179,P0202,2025-11-01,3,0,0,0,10.0
L01179,P0118,2025-11-01,4,0,0,0,10.0
L01179,P0137,2025-11-01,5,0,0,0,12.0
L00312,P0199,2025-11-01,1,1,0,0,15.0
L00312,P0192,2025-11-01,2,0,0,0,10.0
L00312,P0124,2025-11-01,3,0,0,0,8.0
L00312,P0081,2025-11-01,4,1,1,1,10.0
L00312,P0196,2025-11-01,5,0,0,0,10.0
L02267,P0020,2025-11-01,1,0,0,0,12.0
L02267,P0023,2025-11-01,2,1,1,0,12.0
L02267,P0102,2025-11-01,3,1,1,0,8.0
L02267,P0017,2025-11-01,4,0,0,0,8.0
L02267,P0087,2025-11-01,5,0,0,0,15.0
L00416,P0026,2025-11-02,1,1,1,1,10.0
L00416,P0123,2025-11-02,2,0,0,0,12.0
L00416,P0187,2025-11-02,3,0,0,0,15.0
L00416,P0010,2025-11-02,4,0,0,0,12.0
L00416,P0005,2025-11-02,5,1,1,0,12.0
L02078,P0103,2025-11-02,1,1,1,1,10.0
L02078,P0196,2025-11-02,2,0,0,0,8.0
L02078,P0205,2025-11-02,3,1,1,1,12.0
L02078,P0044,2025-11-02,4,0,0,0,15.0
L02078,P0056,2025-11-02,5,1,1,0,8.0
L01671,P0062,2025-11-02,1,0,0,0,10.0
L01671,P0181,2025-11-02,2,1,1,1,12.0
L01671,P0175,2025-11-02,3,0,0,0,10.0
L01671,P0070,2025-11-02,4,0,0,0,15.0
L01671,P0106,2025-11-02,5,0,0,0,12.0
L02296,P0215,2025-11-02,1,1,1,0,15.0
L02296,P0187,2025-11-02,2,1,1,0,12.0
L02296,P0174,2025-11-02,3,0,0,0,8.0
L02296,P0119,2025-11-02,4,0,0,0,8.0
L02296,P0005,2025-11-02,5,0,0,0,15.0
L00083,P0171,2025-11-02,1,1,1,0,12.0
L00083,P0201,2025-11-02,2,1,1,0,10.0
L00083,P0197,2025-11-02,3,0,0,0,15.0
L00083,P0058,2025-11-02,4,1,0,0,12.0
L00083,P0104,2025-11-02,5,1,1,0,15.0
L02342,P0192,2025-11-02,1,0,0,0,12.0
L02342,P0183,2025-11-02,2,0,0,0,10.0
L02342,P0025,2025-11-02,3,0,0,0,8.0
L02342,P0124,2025-11-02,4,0,0,0,15.0
L02342,P0086,2025-11-02,5,1,1,1,15.0
L02127,P0155,2025-11-02,1,1,1,0,10.0
L02127,P0216,2025-11-02,2,0,0,0,8.0
L02127,P0015,2025-11-02,3,0,0,0,10.0
L02127,P0069,2025-11-02,4,0,0,0,8.0
L02127,P0024,2025-11-02,5,0,0,0,10.0
L01023,P0158,2025-11-02,1,0,0,0,8.0
L01023,P0111,2025-11-02,2,0,0,0,10.0
L01023,P0140,2025-11-02,3,0,0,0,12.0
L01023,P0008,2025-11-02,4,0,0,0,15.0
L01023,P0020,2025-11-02,5,0,0,0,12.0
L02064,P0084,2025-11-02,1,0,0,0,12.0
L02064,P0037,2025-11-02,2,1,1,0,15.0
L02064,P0203,2025-11-02,3,1,1,1,12.0
L02064,P0129,2025-11-02,4,1,1,0,10.0
L02064,P0057,2025-11-02,5,1,1,0,15.0
L00634,P0025,2025-11-02,1,0,0,0,10.0
L00634,P0183,2025-11-02,2,1,1,0,15.0
L00634,P0138,2025-11-02,3,0,0,0,10.0
L00634,P0124,2025-11-02,4,0,0,0,10.0
L00634,P0196,2025-11-02,5,0,0,0,8.0
L00306,P0197,2025-11-02,1,1,1,1,8.0
L00306,P0214,2025-11-02,2,1,1,0,12.0
L00306,P0201,2025-11-02,3,1,1,0,12.0
L00306,P0043,2025-11-02,4,1,0,0,15.0
L00306,P0171,2025-11-02,5,0,0,0,12.0
L02190,P0061,2025-11-02,1,0,0,0,12.0
L02190,P0100,2025-11-02,2,0,0,0,12.0
L02190,P0120,2025-11-02,3,0,0,0,10.0
L02190,P0124,2025-11-02,4,1,1,1,15.0
L02190,P0104,2025-11-02,5,1,1,0,15.0
L00967,P0120,2025-11-02,1,0,0,0,10.0
L00967,P0090,2025-11-02,2,0,0,0,15.0
L00967,P0093,2025-11-02,3,1,1,0,15.0
L00967,P0108,2025-11-02,4,0,0,0,10.0
L00967,P0124,2025-11-02,5,0,0,0,8.0
L02952,P0144,2025-11-03,1,0,0,0,12.0
L02952,P0160,2025-11-03,2,1,1,0,15.0
L02952,P0051,2025-11-03,3,1,0,0,8.0
L02952,P0021,2025-11-03,4,0,0,0,12.0
L02952,P0078,2025-11-03,5,1,0,0,8.0
L02256,P0041,2025-11-03,1,1,0,0,12.0
L02256,P0094,2025-11-03,2,0,0,0,8.0
L02256,P0193,2025-11-03,3,0,0,0,8.0
L02256,P0008,2025-11-03,4,1,1,1,12.0
L02256,P0020,2025-11-03,5,0,0,0,12.0
L00295,P0058,2025-11-03,1,1,1,1,12.0
L00295,P0019,2025-11-03,2,1,1,0,15.0
L00295,P0049,2025-11-03,3,1,0,0,12.0
L00295,P0031,2025-11-03,4,1,1,0,15.0
L00295,P0105,2025-11-03,5,1,1,1,12.0
L01102,P0010,2025-11-03,1,0,0,0,10.0
L01102,P0005,2025-11-03,2,1,1,0,15.0
L01102,P0047,2025-11-03,3,0,0,0,12.0
L01102,P0195,2025-11-03,4,1,1,0,8.0
L01102,P0026,2025-11-03,5,0,0,0,10.0
L00223,P0112,2025-11-03,1,0,0,0,12.0
L00223,P0209,2025-11-03,2,1,1,1,12.0
L00223,P0010,2025-11-03,3,0,0,0,15.0
L00223,P0083,2025-11-03,4,1,1,0,12.0
L00223,P0207,2025-11-03,5,0,0,0,8.0
L01323,P0016,2025-11-03,1,1,1,0,15.0
L01323,P0159,2025-11-03,2,0,0,0,12.0
L01323,P0188,2025-11-03,3,0,0,0,12.0
L01323,P0195,2025-11-03,4,0,0,0,10.0
L01323,P0089,2025-11-03,5,0,0,0,8.0
L00593,P0145,2025-11-03,1,1,1,0,15.0
L00593,P0079,2025-11-03,2,1,1,0,12.0
L00593,P0202,2025-11-03,3,1,0,0,8.0
L00593,P0035,2025-11-03,4,1,1,0,10.0
L00593,P0031,2025-11-03,5,1,1,0,12.0
L00880,P0120,2025-11-03,1,0,0,0,8.0
L00880,P0124,2025-11-03,2,1,1,1,10.0
L00880,P0194,2025-11-03,3,0,0,0,10.0
L00880,P0138,2025-11-03,4,0,0,0,15.0
L00880,P0104,2025-11-03,5,0,0,0,15.0
L00283,P0078,2025-11-03,1,0,0,0,10.0
L00283,P0218,2025-11-03,2,1,0,0,8.0
L00283,P0193,2025-11-03,3,1,0,0,12.0
L00283,P0150,2025-11-03,4,0,0,0,15.0
L00283,P0017,2025-11-03,5,0,0,0,12.0
L02423,P0038,2025-11-03,1,0,0,0,15.0
L02423,P0008,2025-11-03,2,1,1,1,8.0
L02423,P0193,2025-11-03,3,1,0,0,12.0
L02423,P0094,2025-11-03,4,0,0,0,10.0
L02423,P0140,2025-11-03,5,0,0,0,8.0
L01029,P0191,2025-11-03,1,0,0,0,12.0
L01029,P0168,2025-11-03,2,1,1,1,12.0
L01029,P0202,2025-11-03,3,1,1,1,15.0
L01029,P0035,2025-11-03,4,1,1,1,10.0
L01029,P0046,2025-11-03,5,0,0,0,10.0
L00373,P0192,2025-11-03,1,0,0,0,15.0
L00373,P0032,2025-11-03,2,1,1,1,12.0
L00373,P0138,2025-11-03,3,1,1,1,15.0
L00373,P0124,2025-11-03,4,0,0,0,8.0
L00373,P0194,2025-11-03,5,0,0,0,12.0
L00165,P0133,2025-11-03,1,1,1,1,12.0
L00165,P0164,2025-11-03,2,0,0,0,15.0
L00165,P0212,2025-11-03,3,0,0,0,8.0
L00165,P0011,2025-11-03,4,0,0,0,15.0
L00165,P0020,2025-11-03,5,0,0,0,8.0
L00562,P0006,2025-11-03,1,1,0,0,8.0
L00562,P0019,2025-11-03,2,1,1,1,10.0
L00562,P0189,2025-11-03,3,1,0,0,8.0
L00562,P0090,2025-11-03,4,1,1,1,12.0
L00562,P0093,2025-11-03,5,1,1,0,15.0
L01742,P0000,2025-11-03,1,1,1,0,8.0
L01742,P0062,2025-11-03,2,1,0,0,8.0
L01742,P0153,2025-11-03,3,1,1,1,10.0
L01742,P0029,2025-11-03,4,0,0,0,10.0
L01742,P0068,2025-11-03,5,1,1,1,12.0
L00105,P0044,2025-11-03,1,0,0,0,10.0
L00105,P0056,2025-11-03,2,0,0,0,10.0
L00105,P0116,2025-11-03,3,1,1,1,10.0
L00105,P0178,2025-11-03,4,1,1,0,10.0
L00105,P0020,2025-11-03,5,0,0,0,8.0
L02738,P0110,2025-11-04,1,1,0,0,8.0
L02738,P0058,2025-11-04,2,1,1,1,12.0
L02738,P0035,2025-11-04,3,0,0,0,15.0
L02738,P0019,2025-11-04,4,0,0,0,8.0
L02738,P0074,2025-11-04,5,0,0,0,10.0
L02339,P0153,2025-11-04,1,1,1,0,12.0
L02339,P0062,2025-11-04,2,0,0,0,15.0
L02339,P0000,2025-11-04,3,1,1,0,8.0
L02339,P0181,2025-11-04,4,1,0,0,8.0
L02339,P0029,2025-11-04,5,0,0,0,10.0
L00896,P0002,2025-11-04,1,1,0,0,8.0
L00896,P0193,2025-11-04,2,0,0,0,8.0
L00896,P0041,2025-11-04,3,0,0,0,15.0
L00896,P0158,2025-11-04,4,0,0,0,12.0
L00896,P0131,2025-11-04,5,0,0,0,12.0
L01478,P0151,2025-11-04,1,1,1,0,12.0
L01478,P0101,2025-11-04,2,0,0,0,8.0
L01478,P0177,2025-11-04,3,1,1,1,12.0
L01478,P0088,2025-11-04,4,0,0,0,15.0
L01478,P0021,2025-11-04,5,1,0,0,10.0
L01954,P0190,2025-11-04,1,0,0,0,15.0
L01954,P0162,2025-11-04,2,1,1,0,8.0
L01954,P0132,2025-11-04,3,0,0,0,15.0
L01954,P0217,2025-11-04,4,0,0,0,8.0
L01954,P0182,2025-11-04,5,1,1,1,10.0
L01711,P0096,2025-11-04,1,0,0,0,12.0
L01711,P0133,2025-11-04,2,0,0,0,8.0
L01711,P0066,2025-11-04,3,0,0,0,8.0
L01711,P0164,2025-11-04,4,1,1,0,12.0
L01711,P0023,2025-11-04,5,1,0,0,12.0
L02470,P0160,2025-11-04,1,1,0,0,12.0
L02470,P0154,2025-11-04,2,1,1,1,15.0
L02470,P0144,2025-11-04,3,1,1,0,12.0
L02470,P0078,2025-11-04,4,0,0,0,8.0
L02470,P0051,2025-11-04,5,0,0,0,8.0
L02624,P0104,2025-11-04,1,0,0,0,10.0
L02624,P0105,2025-11-04,2,1,1,1,12.0
L02624,P0019,2025-11-04,3,0,0,0,10.0
L02624,P0058,2025-11-04,4,0,0,0,8.0
L02624,P0100,2025-11-04,5,0,0,0,8.0
L02340,P0086,2025-11-04,1,1,1,0,12.0
L02340,P0004,2025-11-04,2,0,0,0,10.0
L02340,P0116,2025-11-04,3,1,1,0,12.0
L02340,P0124,2025-11-04,4,1,0,0,12.0
L02340,P0138,2025-11-04,5,0,0,0,10.0
L01564,P0196,2025-11-04,1,1,1,1,10.0
L01564,P0103,2025-11-04,2,0,0,0,8.0
L01564,P0128,2025-11-04,3,1,1,0,12.0
L01564,P0044,2025-11-04,4,0,0,0,12.0
L01564,P0116,2025-11-04,5,0,0,0,10.0
L01092,P0059,2025-11-04,1,1,1,0,10.0
L01092,P0084,2025-11-04,2,1,1,1,8.0
L01092,P0091,2025-11-04,3,1,1,0,12.0
L01092,P0057,2025-11-04,4,1,1,0,8.0
L01092,P0156,2025-11-04,5,0,0,0,12.0
L01902,P0006,2025-11-04,1,0,0,0,8.0
L01902,P0058,2025-11-04,2,1,0,0,15.0
L01902,P0189,2025-11-04,3,0,0,0,8.0
L01902,P0093,2025-11-04,4,0,0,0,15.0
L01902,P0007,2025-11-04,5,0,0,0,15.0
L00154,P0041,2025-11-04,1,1,1,0,15.0
L00154,P0111,2025-11-04,2,0,0,0,8.0
L00154,P0028,2025-11-04,3,1,1,0,12.0
L00154,P0020,2025-11-04,4,1,1,0,10.0
L00154,P0008,2025-11-04,5,1,1,1,15.0
L00741,P0105,2025-11-04,1,0,0,0,15.0
L00741,P0074,2025-11-04,2,1,1,1,12.0
L00741,P0019,2025-11-04,3,0,0,0,12.0
L00741,P0173,2025-11-04,4,1,1,0,15.0
L00741,P0061,2025-11-04,5,0,0,0,12.0
L01633,P0062,2025-11-04,1,1,0,0,10.0
L01633,P0181,2025-11-04,2,1,0,0,15.0
L01633,P0070,2025-11-04,3,0,0,0,15.0
L01633,P0029,2025-11-04,4,1,1,1,12.0
L01633,P0175,2025-11-04,5,0,0,0,15.0
L00805,P0153,2025-11-05,1,0,0,0,12.0
L00805,P0000,2025-11-05,2,0,0,0,15.0
L00805,P0062,2025-11-05,3,1,1,1,15.0
L00805,P0181,2025-11-05,4,0,0,0,10.0
L00805,P0068,2025-11-05,5,0,0,0,10.0
L01908,P0088,2025-11-05,1,0,0,0,15.0
L01908,P0055,2025-11-05,2,1,1,0,8.0
L01908,P0184,2025-11-05,3,0,0,0,8.0
L01908,P0051,2025-11-05,4,0,0,0,8.0
L01908,P0021,2025-11-05,5,1,1,1,15.0
L01081,P0084,2025-11-05,1,0,0,0,15.0
L01081,P0091,2025-11-05,2,1,1,1,8.0
L01081,P0203,2025-11-05,3,0,0,0,15.0
L01081,P0129,2025-11-05,4,0,0,0,15.0
L01081,P0057,2025-11-05,5,0,0,0,10.0
L00103,P0206,2025-11-05,1,1,1,0,12.0
L00103,P0187,2025-11-05,2,1,1,0,8.0
L00103,P0200,2025-11-05,3,1,1,1,15.0
L00103,P0198,2025-11-05,4,0,0,0,10.0
L00103,P0033,2025-11-05,5,1,1,1,10.0
L02093,P0121,2025-11-05,1,1,1,0,15.0
L02093,P0132,2025-11-05,2,0,0,0,15.0
L02093,P0098,2025-11-05,3,0,0,0,10.0
L02093,P0182,2025-11-05,4,1,1,0,10.0
L02093,P0080,2025-11-05,5,0,0,0,12.0
L02364,P0195,2025-11-05,1,0,0,0,10.0
L02364,P0010,2025-11-05,2,0,0,0,10.0
L02364,P0180,2025-11-05,3,0,0,0,8.0
L02364,P0219,2025-11-05,4,0,0,0,8.0
L02364,P0207,2025-11-05,5,0,0,0,10.0
L02694,P0062,2025-11-05,1,1,0,0,15.0
L02694,P0181,2025-11-05,2,1,0,0,8.0
L02694,P0070,2025-11-05,3,1,1,0,12.0
L02694,P0106,2025-11-05,4,0,0,0,8.0
L02694,P0029,2025-11-05,5,1,0,0,15.0
L01803,P0146,2025-11-05,1,1,1,0,10.0
L01803,P0177,2025-11-05,2,1,0,0,8.0
L01803,P0088,2025-11-05,3,0,0,0,10.0
L01803,P0021,2025-11-05,4,0,0,0,12.0
L01803,P0051,2025-11-05,5,0,0,0,15.0
L01438,P0181,2025-11-05,1,1,1,1,12.0
L01438,P0106,2025-11-05,2,0,0,0,8.0
L01438,P0029,2025-11-05,3,0,0,0,12.0
L01438,P0175,2025-11-05,4,0,0,0,10.0
L01438,P0070,2025-11-05,5,0,0,0,10.0
L02116,P0017,2025-11-05,1,0,0,0,10.0
L02116,P0154,2025-11-05,2,1,1,0,15.0
L02116,P0144,2025-11-05,3,1,0,0,15.0
L02116,P0158,2025-11-05,4,0,0,0,8.0
L02116,P0021,2025-11-05,5,0,0,0,8.0
L01192,P0068,2025-11-05,1,0,0,0,8.0
L01192,P0148,2025-11-05,2,0,0,0,15.0
L01192,P0153,2025-11-05,3,1,0,0,10.0
L01192,P0000,2025-11-05,4,1,1,0,10.0
L01192,P0062,2025-11-05,5,0,0,0,8.0
L02280,P0128,2025-11-05,1,0,0,0,8.0
L02280,P0196,2025-11-05,2,0,0,0,10.0
L02280,P0056,2025-11-05,3,0,0,0,10.0
L02280,P0116,2025-11-05,4,0,0,0,8.0
L02280,P0147,2025-11-05,5,1,0,0,10.0
L02872,P0138,2025-11-05,1,0,0,0,15.0
L02872,P0108,2025-11-05,2,0,0,0,10.0
L02872,P0090,2025-11-05,3,1,0,0,8.0
L02872,P0093,2025-11-05,4,0,0,0,8.0
L02872,P0192,2025-11-05,5,0,0,0,15.0
L02050,P0163,2025-11-05,1,0,0,0,12.0
L02050,P0161,2025-11-05,2,1,0,0,15.0
L02050,P0097,2025-11-05,3,1,1,0,12.0
L02050,P0019,2025-11-05,4,0,0,0,8.0
L02050,P0035,2025-11-05,5,0,0,0,15.0
L00063,P0107,2025-11-05,1,0,0,0,12.0
L00063,P0009,2025-11-05,2,0,0,0,8.0
L00063,P0048,2025-11-05,3,0,0,0,10.0
L00063,P0072,2025-11-05,4,1,0,0,10.0
L00063,P0033,2025-11-05,5,0,0,0,15.0
L01888,P0084,2025-11-05,1,1,0,0,12.0
L01888,P0037,2025-11-05,2,0,0,0,8.0
L01888,P0129,2025-11-05,3,1,1,0,15.0
L01888,P0156,2025-11-05,4,0,0,0,12.0
L01888,P0119,2025-11-05,5,1,1,0,10.0
L01319,P0145,2025-11-05,1,1,1,0,15.0
L01319,P0079,2025-11-05,2,0,0,0,8.0
L01319,P0172,2025-11-05,3,0,0,0,10.0
L01319,P0073,2025-11-05,4,0,0,0,12.0
L01319,P0202,2025-11-05,5,1,0,0,12.0
L00711,P0041,2025-11-05,1,1,1,0,12.0
L00711,P0094,2025-11-05,2,1,0,0,12.0
L00711,P0140,2025-11-05,3,1,0,0,12.0
L00711,P0008,2025-11-05,4,1,1,0,10.0
L00711,P0020,2025-11-05,5,1,0,0,12.0
L02181,P0020,2025-11-05,1,1,1,1,8.0
L02181,P0028,2025-11-05,2,0,0,0,15.0
L02181,P0067,2025-11-05,3,0,0,0,12.0
L02181,P0085,2025-11-05,4,0,0,0,12.0
L02181,P0014,2025-11-05,5,1,1,0,12.0
L02817,P0188,2025-11-06,1,1,0,0,12.0
L02817,P0112,2025-11-06,2,0,0,0,10.0
L02817,P0109,2025-11-06,3,1,1,1,10.0
L02817,P0117,2025-11-06,4,0,0,0,15.0
L02817,P0016,2025-11-06,5,1,1,0,8.0
L02136,P0091,2025-11-06,1,1,1,1,8.0
L02136,P0069,2025-11-06,2,1,1,0,8.0
L02136,P0165,2025-11-06,3,1,1,1,12.0
L02136,P0015,2025-11-06,4,1,1,1,12.0
L02136,P0030,2025-11-06,5,1,0,0,15.0
L00786,P0051,2025-11-06,1,1,0,0,15.0
L00786,P0193,2025-11-06,2,0,0,0,15.0
L00786,P0184,2025-11-06,3,1,1,0,10.0
L00786,P0218,2025-11-06,4,0,0,0,12.0
L00786,P0152,2025-11-06,5,1,0,0,15.0
L00043,P0068,2025-11-06,1,1,0,0,15.0
L00043,P0029,2025-11-06,2,1,0,0,15.0
L00043,P0153,2025-11-06,3,1,1,0,15.0
L00043,P0114,2025-11-06,4,0,0,0,10.0
L00043,P0148,2025-11-06,5,0,0,0,15.0
L01558,P0007,2025-11-06,1,1,1,0,12.0
L01558,P0120,2025-11-06,2,0,0,0,8.0
L01558,P0138,2025-11-06,3,1,1,0,15.0
L01558,P0124,2025-11-06,4,0,0,0,10.0
L01558,P0086,2025-11-06,5,1,1,1,12.0
L02548,P0039,2025-11-06,1,0,0,0,12.0
L02548,P0177,2025-11-06,2,0,0,0,10.0
L02548,P0101,2025-11-06,3,1,0,0,10.0
L02548,P0021,2025-11-06,4,0,0,0,10.0
L02548,P0051,2025-11-06,5,0,0,0,12.0
L00570,P0093,2025-11-06,1,0,0,0,8.0
L00570,P0192,2025-11-06,2,0,0,0,10.0
L00570,P0025,2025-11-06,3,0,0,0,8.0
L00570,P0090,2025-11-06,4,1,0,0,15.0
L00570,P0120,2025-11-06,5,1,0,0,8.0
L01521,P0109,2025-11-06,1,1,1,0,8.0
L01521,P0117,2025-11-06,2,1,1,0,8.0
L01521,P0112,2025-11-06,3,0,0,0,15.0
L01521,P0195,2025-11-06,4,0,0,0,8.0
L01521,P0033,2025-11-06,5,0,0,0,12.0
L00151,P0080,2025-11-06,1,1,0,0,10.0
L00151,P0098,2025-11-06,2,1,1,0,10.0
L00151,P0121,2025-11-06,3,0,0,0,10.0
L00151,P0162,2025-11-06,4,0,0,0,12.0
L00151,P0182,2025-11-06,5,0,0,0,10.0
L00876,P0071,2025-11-06,1,1,1,1,15.0
L00876,P0187,2025-11-06,2,0,0,0,10.0
L00876,P0200,2025-11-06,3,1,1,1,12.0
L00876,P0174,2025-11-06,4,0,0,0,10.0
L00876,P0033,2025-11-06,5,0,0,0,8.0
L00808,P0216,2025-11-06,1,0,0,0,10.0
L00808,P0091,2025-11-06,2,0,0,0,15.0
L00808,P0037,2025-11-06,3,0,0,0,15.0
L00808,P0024,2025-11-06,4,0,0,0,15.0
L00808,P0165,2025-11-06,5,0,0,0,12.0
L00213,P0062,2025-11-06,1,1,0,0,10.0
L00213,P0181,2025-11-06,2,1,1,0,12.0
L00213,P0106,2025-11-06,3,1,1,0,15.0
L00213,P0175,2025-11-06,4,1,1,0,12.0
L00213,P0070,2025-11-06,5,0,0,0,8.0
L01276,P0114,2025-11-06,1,1,1,0,12.0
L01276,P0143,2025-11-06,2,1,1,1,8.0
L01276,P0189,2025-11-06,3,1,0,0,15.0
L01276,P0135,2025-11-06,4,0,0,0,12.0
L01276,P0097,2025-11-06,5,0,0,0,10.0
L00226,P0130,2025-11-06,1,0,0,0,12.0
L00226,P0137,2025-11-06,2,0,0,0,10.0
L00226,P0046,2025-11-06,3,0,0,0,15.0
L00226,P0064,2025-11-06,4,0,0,0,15.0
L00226,P0168,2025-11-06,5,1,1,0,8.0
L01137,P0034,2025-11-07,1,0,0,0,12.0
L01137,P0077,2025-11-07,2,0,0,0,12.0
L01137,P0187,2025-11-07,3,0,0,0,10.0
L01137,P0206,2025-11-07,4,1,0,0,15.0
L01137,P0174,2025-11-07,5,0,0,0,12.0
L01820,P0029,2025-11-07,1,0,0,0,15.0
L01820,P0181,2025-11-07,2,0,0,0,15.0
L01820,P0062,2025-11-07,3,1,1,0,8.0
L01820,P0110,2025-11-07,4,1,1,1,15.0
L01820,P0049,2025-11-07,5,0,0,0,12.0
L01112,P0078,2025-11-07,1,1,0,0,15.0
L01112,P0150,2025-11-07,2,0,0,0,8.0
L01112,P0152,2025-11-07,3,1,0,0,15.0
L01112,P0021,2025-11-07,4,1,1,1,12.0
L01112,P0051,2025-11-07,5,0,0,0,12.0
L02482,P0017,2025-11-07,1,1,1,0,10.0
L02482,P0158,2025-11-07,2,0,0,0,10.0
L02482,P0053,2025-11-07,3,0,0,0,8.0
L02482,P0154,2025-11-07,4,1,0,0,12.0
L02482,P0078,2025-11-07,5,0,0,0,8.0
L02170,P0219,2025-11-07,1,1,0,0,15.0
L02170,P0207,2025-11-07,2,1,1,1,12.0
L02170,P0112,2025-11-07,3,0,0,0,12.0
L02170,P0195,2025-11-07,4,0,0,0,15.0
L02170,P0047,2025-11-07,5,0,0,0,8.0
L00181,P0041,2025-11-07,1,1,1,1,12.0
L00181,P0111,2025-11-07,2,1,1,0,15.0
L00181,P0140,2025-11-07,3,1,0,0,15.0
L00181,P0020,2025-11-07,4,0,0,0,8.0
L00181,P0028,2025-11-07,5,0,0,0,10.0
L00438,P0009,2025-11-07,1,1,0,0,8.0
L00438,P0012,2025-11-07,2,1,1,1,12.0
L00438,P0033,2025-11-07,3,0,0,0,10.0
L00438,P0027,2025-11-07,4,1,1,0,10.0
L00438,P0198,2025-11-07,5,1,1,0,12.0
L02303,P0153,2025-11-07,1,1,1,0,10.0
L02303,P0181,2025-11-07,2,1,1,0,12.0
L02303,P0062,2025-11-07,3,1,0,0,12.0
L02303,P0068,2025-11-07,4,1,0,0,10.0
L02303,P0029,2025-11-07,5,1,0,0,15.0
L01233,P0041,2025-11-07,1,1,1,0,12.0
L01233,P0158,2025-11-07,2,0,0,0,10.0
L01233,P0193,2025-11-07,3,1,0,0,10.0
L01233,P0020,2025-11-07,4,0,0,0,8.0
L01233,P0008,2025-11-07,5,0,0,0,12.0
L01095,P0028,2025-11-07,1,0,0,0,8.0
L01095,P0115,2025-11-07,2,0,0,0,10.0
L01095,P0041,2025-11-07,3,0,0,0,10.0
L01095,P0014,2025-11-07,4,0,0,0,10.0
L01095,P0066,2025-11-07,5,0,0,0,10.0
L01447,P0082,2025-11-07,1,1,1,0,8.0
L01447,P0086,2025-11-07,2,0,0,0,15.0
L01447,P0136,2025-11-07,3,0,0,0,15.0
L01447,P0116,2025-11-07,4,1,1,0,10.0
L01447,P0124,2025-11-07,5,0,0,0,10.0
L02390,P0066,2025-11-07,1,0,0,0,15.0
L02390,P0149,2025-11-07,2,1,0,0,10.0
L02390,P0085,2025-11-07,3,0,0,0,8.0
L02390,P0063,2025-11-07,4,0,0,0,12.0
L02390,P0115,2025-11-07,5,0,0,0,10.0
L02996,P0167,2025-11-07,1,0,0,0,15.0
L02996,P0088,2025-11-07,2,1,1,0,15.0
L02996,P0150,2025-11-07,3,0,0,0,15.0
L02996,P0152,2025-11-07,4,0,0,0,12.0
L02996,P0051,2025-11-07,5,0,0,0,15.0
L00906,P0174,2025-11-07,1,1,1,1,10.0
L00906,P0187,2025-11-07,2,1,1,0,8.0
L00906,P0198,2025-11-07,3,1,0,0,8.0
L00906,P0072,2025-11-07,4,1,1,0,10.0
L00906,P0027,2025-11-07,5,0,0,0,10.0
L00457,P0062,2025-11-08,1,1,1,1,10.0
L00457,P0000,2025-11-08,2,0,0,0,8.0
L00457,P0153,2025-11-08,3,1,1,0,12.0
L00457,P0068,2025-11-08,4,1,1,0,15.0
L00457,P0029,2025-11-08,5,0,0,0,10.0
L02581,P0189,2025-11-08,1,0,0,0,10.0
L02581,P0058,2025-11-08,2,0,0,0,10.0
L02581,P0097,2025-11-08,3,0,0,0,12.0
L02581,P0065,2025-11-08,4,1,1,1,12.0
L02581,P0135,2025-11-08,5,0,0,0,10.0
L01982,P0091,2025-11-08,1,1,1,1,15.0
L01982,P0037,2025-11-08,2,0,0,0,15.0
L01982,P0024,2025-11-08,3,1,1,1,8.0
L01982,P0165,2025-11-08,4,1,1,1,15.0
L01982,P0030,2025-11-08,5,1,0,0,15.0
L01589,P0028,2025-11-08,1,0,0,0,8.0
L01589,P0020,2025-11-08,2,0,0,0,15.0
L01589,P0066,2025-11-08,3,0,0,0,15.0
L01589,P0044,2025-11-08,4,0,0,0,10.0
L01589,P0063,2025-11-08,5,1,1,1,15.0
L02275,P0087,2025-11-08,1,0,0,0,10.0
L02275,P0144,2025-11-08,2,0,0,0,15.0
L02275,P0053,2025-11-08,3,1,1,0,10.0
L02275,P0051,2025-11-08,4,1,1,0,15.0
L02275,P0021,2025-11-08,5,0,0,0,15.0
L00472,P0135,2025-11-08,1,0,0,0,8.0
L00472,P0049,2025-11-08,2,1,1,0,12.0
L00472,P0031,2025-11-08,3,1,1,0,12.0
L00472,P0074,2025-11-08,4,1,1,0,8.0
L00472,P0018,2025-11-08,5,1,0,0,10.0
L02199,P0111,2025-11-08,1,1,1,0,15.0
L02199,P0041,2025-11-08,2,1,1,1,12.0
L02199,P0036,2025-11-08,3,1,1,0,8.0
L02199,P0158,2025-11-08,4,1,0,0,15.0
L02199,P0131,2025-11-08,5,0,0,0,8.0
L00950,P0167,2025-11-08,1,1,0,0,10.0
L00950,P0078,2025-11-08,2,0,0,0,8.0
L00950,P0150,2025-11-08,3,0,0,0,15.0
L00950,P0051,2025-11-08,4,0,0,0,12.0
L00950,P0184,2025-11-08,5,1,1,0,12.0
L00889,P0148,2025-11-08,1,1,1,0,10.0
L00889,P0153,2025-11-08,2,1,1,1,8.0
L00889,P0000,2025-11-08,3,0,0,0,10.0
L00889,P0189,2025-11-08,4,0,0,0,15.0
L00889,P0143,2025-11-08,5,0,0,0,10.0
L01981,P0121,2025-11-08,1,0,0,0,12.0
L01981,P0182,2025-11-08,2,0,0,0,10.0
L01981,P0190,2025-11-08,3,0,0,0,10.0
L01981,P0013,2025-11-08,4,1,1,0,12.0
L01981,P0217,2025-11-08,5,1,1,1,12.0
L01512,P0050,2025-11-08,1,0,0,0,15.0
L01512,P0124,2025-11-08,2,1,1,0,15.0
L01512,P0061,2025-11-08,3,0,0,0,10.0
L01512,P0120,2025-11-08,4,0,0,0,10.0
L01512,P0032,2025-11-08,5,0,0,0,8.0
L02576,P0079,2025-11-08,1,1,1,0,10.0
L02576,P0145,2025-11-08,2,1,0,0,8.0
L02576,P0202,2025-11-08,3,1,1,0,10.0
L02576,P0172,2025-11-08,4,0,0,0,8.0
L02576,P0031,2025-11-08,5,1,1,0,10.0
L00169,P0148,2025-11-08,1,1,0,0,15.0
L00169,P0114,2025-11-08,2,1,1,0,15.0
L00169,P0065,2025-11-08,3,1,1,0,8.0
L00169,P0135,2025-11-08,4,1,0,0,10.0
L00169,P0097,2025-11-08,5,1,0,0,12.0
L01655,P0003,2025-11-08,1,1,1,0,10.0
L01655,P0215,2025-11-08,2,0,0,0,10.0
L01655,P0026,2025-11-08,3,1,1,0,8.0
L01655,P0119,2025-11-08,4,1,1,0,15.0
L01655,P0174,2025-11-08,5,0,0,0,12.0
L00135,P0116,2025-11-08,1,1,1,1,15.0
L00135,P0208,2025-11-08,2,1,1,0,15.0
L00135,P0020,2025-11-08,3,0,0,0,12.0
L00135,P0011,2025-11-08,4,0,0,0,15.0
L00135,P0017,2025-11-08,5,0,0,0,10.0
L02113,P0070,2025-11-08,1,0,0,0,10.0
L02113,P0106,2025-11-08,2,0,0,0,10.0
L02113,P0062,2025-11-08,3,0,0,0,10.0
L02113,P0110,2025-11-08,4,1,1,0,15.0
L02113,P0043,2025-11-08,5,0,0,0,12.0
L02893,P0110,2025-11-08,1,1,1,0,15.0
L02893,P0031,2025-11-08,2,1,1,1,15.0
L02893,P0058,2025-11-08,3,0,0,0,15.0
L02893,P0035,2025-11-08,4,1,1,0,10.0
L02893,P0073,2025-11-08,5,1,1,0,10.0
L01832,P0045,2025-11-08,1,1,0,0,15.0
L01832,P0159,2025-11-08,2,0,0,0,12.0
L01832,P0122,2025-11-08,3,0,0,0,12.0
L01832,P0016,2025-11-08,4,1,1,1,8.0
L01832,P0195,2025-11-08,5,0,0,0,12.0
L01693,P0008,2025-11-08,1,1,1,0,12.0
L01693,P0193,2025-11-08,2,1,1,0,15.0
L01693,P0140,2025-11-08,3,0,0,0,10.0
L01693,P0094,2025-11-08,4,0,0,0,15.0
L01693,P0002,2025-11-08,5,1,1,1,15.0
L02358,P0151,2025-11-08,1,1,1,1,8.0
L02358,P0176,2025-11-08,2,1,1,1,8.0
L02358,P0177,2025-11-08,3,0,0,0,12.0
L02358,P0088,2025-11-08,4,0,0,0,10.0
L02358,P0021,2025-11-08,5,1,0,0,12.0
L00833,P0094,2025-11-08,1,0,0,0,12.0
L00833,P0193,2025-11-08,2,1,1,1,10.0
L00833,P0002,2025-11-08,3,0,0,0,8.0
L00833,P0111,2025-11-08,4,0,0,0,15.0
L00833,P0140,2025-11-08,5,1,0,0,12.0
L00984,P0009,2025-11-08,1,1,1,0,8.0
L00984,P0113,2025-11-08,2,1,1,1,12.0
L00984,P0012,2025-11-08,3,1,0,0,10.0
L00984,P0060,2025-11-08,4,1,1,0,12.0
L00984,P0027,2025-11-08,5,1,1,1,8.0
L00892,P0045,2025-11-09,1,0,0,0,12.0
L00892,P0122,2025-11-09,2,0,0,0,15.0
L00892,P0188,2025-11-09,3,0,0,0,8.0
L00892,P0195,2025-11-09,4,1,1,0,15.0
L00892,P0034,2025-11-09,5,0,0,0,12.0
L01329,P0084,2025-11-09,1,1,1,1,10.0
L01329,P0030,2025-11-09,2,1,0,0,8.0
L01329,P0129,2025-11-09,3,1,1,0,10.0
L01329,P0156,2025-11-09,4,0,0,0,10.0
L01329,P0057,2025-11-09,5,1,0,0,12.0
L01051,P0091,2025-11-09,1,1,1,0,12.0
L01051,P0165,2025-11-09,2,0,0,0,10.0
L01051,P0015,2025-11-09,3,0,0,0,15.0
L01051,P0037,2025-11-09,4,0,0,0,10.0
L01051,P0030,2025-11-09,5,0,0,0,15.0
L02571,P0135,2025-11-09,1,0,0,0,10.0
L02571,P0031,2025-11-09,2,1,1,0,8.0
L02571,P0110,2025-11-09,3,0,0,0,10.0
L02571,P0049,2025-11-09,4,1,1,1,10.0
L02571,P0073,2025-11-09,5,1,1,1,12.0
L01463,P0029,2025-11-09,1,0,0,0,12.0
L01463,P0000,2025-11-09,2,0,0,0,12.0
L01463,P0062,2025-11-09,3,0,0,0,12.0
L01463,P0143,2025-11-09,4,1,0,0,15.0
L01463,P0189,2025-11-09,5,0,0,0,10.0
L02094,P0008,2025-11-09,1,0,0,0,10.0
L02094,P0036,2025-11-09,2,1,1,0,10.0
L02094,P0111,2025-11-09,3,1,1,0,12.0
L02094,P0193,2025-11-09,4,0,0,0,8.0
L02094,P0158,2025-11-09,5,0,0,0,10.0
L00219,P0095,2025-11-09,1,1,1,1,8.0
L00219,P0130,2025-11-09,2,1,1,0,12.0
L00219,P0213,2025-11-09,3,0,0,0,12.0
L00219,P0064,2025-11-09,4,0,0,0,8.0
L00219,P0046,2025-11-09,5,0,0,0,15.0
L02238,P0054,2025-11-09,1,0,0,0,15.0
L02238,P0136,2025-11-09,2,1,1,0,15.0
L02238,P0082,2025-11-09,3,1,1,0,12.0
L02238,P0116,2025-11-09,4,0,0,0,15.0
L02238,P0186,2025-11-09,5,0,0,0,10.0
L02579,P0054,2025-11-09,1,1,0,0,8.0
L02579,P0086,2025-11-09,2,1,1,0,12.0
L02579,P0004,2025-11-09,3,1,1,0,15.0
L02579,P0136,2025-11-09,4,0,0,0,12.0
L02579,P0138,2025-11-09,5,1,1,0,10.0
L02997,P0208,2025-11-09,1,0,0,0,10.0
L02997,P0116,2025-11-09,2,1,1,1,8.0
L02997,P0017,2025-11-09,3,0,0,0,10.0
L02997,P0020,2025-11-09,4,0,0,0,8.0
L02997,P0022,2025-11-09,5,1,1,0,12.0
L00189,P0167,2025-11-10,1,1,1,0,12.0
L00189,P0078,2025-11-10,2,1,1,1,12.0
L00189,P0092,2025-11-10,3,1,1,0,8.0
L00189,P0021,2025-11-10,4,1,0,0,8.0
L00189,P0051,2025-11-10,5,1,0,0,12.0
L00017,P0106,2025-11-10,1,1,0,0,15.0
L00017,P0029,2025-11-10,2,1,0,0,15.0
L00017,P0175,2025-11-10,3,1,1,1,8.0
L00017,P0070,2025-11-10,4,0,0,0,8.0
L00017,P0173,2025-11-10,5,0,0,0,8.0
L01075,P0213,2025-11-10,1,1,1,0,12.0
L01075,P0145,2025-11-10,2,1,1,0,15.0
L01075,P0118,2025-11-10,3,0,0,0,15.0
L01075,P0046,2025-11-10,4,1,1,0,10.0
L01075,P0064,2025-11-10,5,0,0,0,10.0
L01012,P0133,2025-11-10,1,1,1,1,10.0
L01012,P0066,2025-11-10,2,1,1,0,15.0
L01012,P0085,2025-11-10,3,1,1,1,8.0
L01012,P0212,2025-11-10,4,0,0,0,15.0
L01012,P0020,2025-11-10,5,0,0,0,8.0
L00659,P0137,2025-11-10,1,0,0,0,15.0
L00659,P0213,2025-11-10,2,0,0,0,8.0
L00659,P0145,2025-11-10,3,1,1,0,8.0
L00659,P0035,2025-11-10,4,0,0,0,10.0
L00659,P0046,2025-11-10,5,0,0,0,8.0
L01695,P0009,2025-11-10,1,1,1,0,15.0
L01695,P0060,2025-11-10,2,0,0,0,15.0
L01695,P0012,2025-11-10,3,0,0,0,8.0
L01695,P0198,2025-11-10,4,1,1,0,12.0
L01695,P0072,2025-11-10,5,0,0,0,12.0
L01010,P0137,2025-11-10,1,1,1,1,10.0
L01010,P0145,2025-11-10,2,1,1,1,12.0
L01010,P0130,2025-11-10,3,0,0,0,15.0
L01010,P0095,2025-11-10,4,0,0,0,12.0
L01010,P0168,2025-11-10,5,1,1,1,10.0
L02616,P0006,2025-11-10,1,0,0,0,15.0
L02616,P0114,2025-11-10,2,1,0,0,12.0
L02616,P0189,2025-11-10,3,1,1,0,10.0
L02616,P0058,2025-11-10,4,1,1,1,8.0
L02616,P0007,2025-11-10,5,0,0,0,10.0
L02489,P0029,2025-11-10,1,1,1,1,15.0
L02489,P0106,2025-11-10,2,1,1,1,12.0
L02489,P0175,2025-11-10,3,0,0,0,8.0
L02489,P0181,2025-11-10,4,1,1,0,10.0
L02489,P0043,2025-11-10,5,0,0,0,12.0
L00114,P0019,2025-11-10,1,1,1,0,10.0
L00114,P0074,2025-11-10,2,1,1,0,12.0
L00114,P0031,2025-11-10,3,1,1,0,8.0
L00114,P0105,2025-11-10,4,0,0,0,10.0
L00114,P0049,2025-11-10,5,0,0,0,8.0
L02944,P0100,2025-11-10,1,0,0,0,15.0
L02944,P0120,2025-11-10,2,0,0,0,15.0
L02944,P0050,2025-11-10,3,1,1,0,15.0
L02944,P0138,2025-11-10,4,0,0,0,12.0
L02944,P0105,2025-11-10,5,0,0,0,8.0
L00857,P0172,2025-11-10,1,1,1,1,10.0
L00857,P0118,2025-11-10,2,0,0,0,10.0
L00857,P0073,2025-11-10,3,0,0,0,8.0
L00857,P0079,2025-11-10,4,0,0,0,15.0
L00857,P0031,2025-11-10,5,1,1,0,12.0
L00303,P0208,2025-11-10,1,1,1,0,15.0
L00303,P0178,2025-11-10,2,0,0,0,10.0
L00303,P0147,2025-11-10,3,1,0,0,15.0
L00303,P0116,2025-11-10,4,1,1,1,12.0
L00303,P0020,2025-11-10,5,1,1,1,15.0
L00359,P0085,2025-11-10,1,0,0,0,15.0
L00359,P0052,2025-11-10,2,1,1,0,8.0
L00359,P0133,2025-11-10,3,1,1,1,8.0
L00359,P0212,2025-11-10,4,1,1,0,10.0
L00359,P0011,2025-11-10,5,0,0,0,8.0
L02319,P0145,2025-11-10,1,1,0,0,12.0
L02319,P0018,2025-11-10,2,0,0,0,8.0
L02319,P0073,2025-11-10,3,1,1,0,12.0
L02319,P0035,2025-11-10,4,1,1,1,10.0
L02319,P0031,2025-11-10,5,1,1,0,12.0
L00057,P0088,2025-11-10,1,1,1,0,10.0
L00057,P0167,2025-11-10,2,1,1,0,10.0
L00057,P0051,2025-11-10,3,0,0,0,12.0
L00057,P0092,2025-11-10,4,0,0,0,8.0
L00057,P0078,2025-11-10,5,0,0,0,15.0
L01187,P0205,2025-11-10,1,0,0,0,8.0
L01187,P0081,2025-11-10,2,1,0,0,10.0
L01187,P0086,2025-11-10,3,1,1,1,15.0
L01187,P0116,2025-11-10,4,1,1,0,8.0
L01187,P0056,2025-11-10,5,1,1,0,8.0
L01411,P0189,2025-11-10,1,0,0,0,10.0
L01411,P0114,2025-11-10,2,1,0,0,15.0
L01411,P0097,2025-11-10,3,0,0,0,12.0
L01411,P0006,2025-11-10,4,0,0,0,15.0
L01411,P0065,2025-11-10,5,1,1,1,15.0
L02960,P0086,2025-11-10,1,0,0,0,12.0
L02960,P0205,2025-11-10,2,0,0,0,8.0
L02960,P0004,2025-11-10,3,1,1,0,8.0
L02960,P0054,2025-11-10,4,1,1,0,8.0
L02960,P0116,2025-11-10,5,1,1,1,15.0
L01534,P0218,2025-11-11,1,1,1,0,8.0
L01534,P0078,2025-11-11,2,0,0,0,15.0
L01534,P0184,2025-11-11,3,1,1,0,8.0
L01534,P0152,2025-11-11,4,0,0,0,12.0
L01534,P0150,2025-11-11,5,0,0,0,8.0
L00849,P0202,2025-11-11,1,1,1,0,15.0
L00849,P0035,2025-11-11,2,1,1,1,10.0
L00849,P0046,2025-11-11,3,0,0,0,12.0
L00849,P0130,2025-11-11,4,0,0,0,15.0
L00849,P0137,2025-11-11,5,1,1,1,8.0
L00977,P0116,2025-11-11,1,1,1,0,12.0
L00977,P0023,2025-11-11,2,0,0,0,15.0
L00977,P0020,2025-11-11,3,1,1,1,12.0
L00977,P0053,2025-11-11,4,1,1,0,8.0
L00977,P0017,2025-11-11,5,0,0,0,10.0
L02332,P0112,2025-11-11,1,0,0,0,15.0
L02332,P0195,2025-11-11,2,1,1,0,15.0
L02332,P0188,2025-11-11,3,0,0,0,15.0
L02332,P0109,2025-11-11,4,0,0,0,10.0
L02332,P0010,2025-11-11,5,0,0,0,10.0
L02575,P0053,2025-11-11,1,0,0,0,15.0
L02575,P0158,2025-11-11,2,0,0,0,12.0
L02575,P0144,2025-11-11,3,1,1,0,8.0
L02575,P0087,2025-11-11,4,0,0,0,15.0
L02575,P0051,2025-11-11,5,0,0,0,15.0
L00942,P0207,2025-11-11,1,1,1,0,8.0
L00942,P0112,2025-11-11,2,0,0,0,8.0
L00942,P0195,2025-11-11,3,0,0,0,12.0
L00942,P0209,2025-11-11,4,0,0,0,15.0
L00942,P0047,2025-11-11,5,0,0,0,15.0
L01040,P0042,2025-11-11,1,0,0,0,8.0
L01040,P0127,2025-11-11,2,1,0,0,8.0
L01040,P0201,2025-11-11,3,0,0,0,8.0
L01040,P0197,2025-11-11,4,1,0,0,10.0
L01040,P0019,2025-11-11,5,0,0,0,10.0
L01392,P0060,2025-11-11,1,1,1,0,8.0
L01392,P0009,2025-11-11,2,1,1,0,8.0
L01392,P0107,2025-11-11,3,0,0,0,15.0
L01392,P0012,2025-11-11,4,0,0,0,8.0
L01392,P0072,2025-11-11,5,0,0,0,12.0
L02550,P0200,2025-11-11,1,1,0,0,10.0
L02550,P0071,2025-11-11,2,0,0,0,15.0
L02550,P0174,2025-11-11,3,0,0,0,15.0
L02550,P0187,2025-11-11,4,1,1,0,10.0
L02550,P0206,2025-11-11,5,1,1,1,10.0
L01506,P0016,2025-11-11,1,0,0,0,15.0
L01506,P0134,2025-11-11,2,1,1,0,10.0
L01506,P0045,2025-11-11,3,0,0,0,10.0
L01506,P0159,2025-11-11,4,0,0,0,12.0
L01506,P0112,2025-11-11,5,0,0,0,15.0
L02433,P0034,2025-11-11,1,0,0,0,8.0
L02433,P0166,2025-11-11,2,0,0,0,12.0
L02433,P0089,2025-11-11,3,0,0,0,15.0
L02433,P0200,2025-11-11,4,0,0,0,15.0
L02433,P0071,2025-11-11,5,0,0,0,8.0
L02366,P0215,2025-11-11,1,1,1,1,10.0
L02366,P0001,2025-11-11,2,1,0,0,12.0
L02366,P0123,2025-11-11,3,1,1,0,15.0
L02366,P0003,2025-11-11,4,1,0,0,15.0
L02366,P0026,2025-11-11,5,1,0,0,8.0
L01497,P0193,2025-11-11,1,0,0,0,10.0
L01497,P0140,2025-11-11,2,0,0,0,12.0
L01497,P0036,2025-11-11,3,1,1,0,12.0
L01497,P0131,2025-11-11,4,0,0,0,12.0
L01497,P0041,2025-11-11,5,1,1,1,8.0
L00736,P0129,2025-11-11,1,1,1,0,15.0
L00736,P0156,2025-11-11,2,1,0,0,10.0
L00736,P0174,2025-11-11,3,1,1,0,8.0
L00736,P0119,2025-11-11,4,1,1,0,8.0
L00736,P0203,2025-11-11,5,0,0,0,15.0
L02999,P0019,2025-11-11,1,0,0,0,12.0
L02999,P0173,2025-11-11,2,1,1,0,15.0
L02999,P0049,2025-11-11,3,0,0,0,10.0
L02999,P0104,2025-11-11,4,1,0,0,10.0
L02999,P0031,2025-11-11,5,0,0,0,8.0
L02031,P0091,2025-11-11,1,1,1,1,10.0
L02031,P0069,2025-11-11,2,0,0,0,15.0
L02031,P0037,2025-11-11,3,0,0,0,10.0
L02031,P0165,2025-11-11,4,0,0,0,12.0
L02031,P0015,2025-11-11,5,0,0,0,10.0
L01743,P0001,2025-11-11,1,1,1,0,15.0
L01743,P0187,2025-11-11,2,0,0,0,12.0
L01743,P0174,2025-11-11,3,0,0,0,8.0
L01743,P0119,2025-11-11,4,0,0,0,10.0
L01743,P0010,2025-11-11,5,0,0,0,15.0
L02993,P0085,2025-11-11,1,1,0,0,15.0
L02993,P0052,2025-11-11,2,1,0,0,8.0
L02993,P0011,2025-11-11,3,0,0,0,8.0
L02993,P0020,2025-11-11,4,0,0,0,8.0
L02993,P0023,2025-11-11,5,0,0,0,12.0
L00579,P0037,2025-11-11,1,0,0,0,10.0
L00579,P0069,2025-11-11,2,1,1,1,12.0
L00579,P0015,2025-11-11,3,1,1,1,12.0
L00579,P0165,2025-11-11,4,1,0,0,12.0
L00579,P0155,2025-11-11,5,1,0,0,8.0
L01847,P0115,2025-11-11,1,0,0,0,12.0
L01847,P0020,2025-11-11,2,0,0,0,12.0
L01847,P0149,2025-11-11,3,1,1,0,10.0
L01847,P0085,2025-11-11,4,0,0,0,10.0
L01847,P0014,2025-11-11,5,1,0,0,12.0
L00266,P0217,2025-11-11,1,0,0,0,10.0
L00266,P0132,2025-11-11,2,0,0,0,15.0
L00266,P0121,2025-11-11,3,1,1,0,10.0
L00266,P0190,2025-11-11,4,0,0,0,8.0
L00266,P0162,2025-11-11,5,1,1,0,15.0
L02791,P0010,2025-11-12,1,0,0,0,10.0
L02791,P0040,2025-11-12,2,0,0,0,12.0
L02791,P0109,2025-11-12,3,0,0,0,8.0
L02791,P0075,2025-11-12,4,0,0,0,12.0
L02791,P0112,2025-11-12,5,1,1,0,10.0
L00707,P0215,2025-11-12,1,1,1,0,15.0
L00707,P0001,2025-11-12,2,1,1,0,8.0
L00707,P0026,2025-11-12,3,0,0,0,15.0
L00707,P0183,2025-11-12,4,0,0,0,12.0
L00707,P0124,2025-11-12,5,0,0,0,8.0
L01475,P0058,2025-11-12,1,1,1,0,8.0
L01475,P0189,2025-11-12,2,1,0,0,15.0
L01475,P0097,2025-11-12,3,0,0,0,8.0
L01475,P0135,2025-11-12,4,1,1,0,8.0
L01475,P0065,2025-11-12,5,1,1,0,10.0
L02138,P0174,2025-11-12,1,1,1,0,8.0
L02138,P0077,2025-11-12,2,0,0,0,12.0
L02138,P0033,2025-11-12,3,0,0,0,8.0
L02138,P0198,2025-11-12,4,0,0,0,15.0
L02138,P0027,2025-11-12,5,0,0,0,12.0
L02720,P0109,2025-11-12,1,1,1,0,15.0
L02720,P0075,2025-11-12,2,1,1,1,15.0
L02720,P0040,2025-11-12,3,1,1,0,12.0
L02720,P0188,2025-11-12,4,0,0,0,10.0
L02720,P0033,2025-11-12,5,0,0,0,15.0
L00042,P0203,2025-11-12,1,1,1,1,8.0
L00042,P0059,2025-11-12,2,1,1,1,15.0
L00042,P0091,2025-11-12,3,1,0,0,10.0
L00042,P0084,2025-11-12,4,1,0,0,15.0
L00042,P0057,2025-11-12,5,0,0,0,10.0
L00541,P0181,2025-11-12,1,1,1,0,12.0
L00541,P0062,2025-11-12,2,0,0,0,15.0
L00541,P0106,2025-11-12,3,0,0,0,12.0
L00541,P0029,2025-11-12,4,1,1,1,12.0
L00541,P0175,2025-11-12,5,0,0,0,10.0
L00497,P0195,2025-11-12,1,1,1,0,15.0
L00497,P0047,2025-11-12,2,0,0,0,10.0
L00497,P0180,2025-11-12,3,0,0,0,8.0
L00497,P0219,2025-11-12,4,1,1,0,15.0
L00497,P0207,2025-11-12,5,1,1,0,10.0
L00299,P0175,2025-11-12,1,1,1,1,12.0
L00299,P0106,2025-11-12,2,0,0,0,10.0
L00299,P0181,2025-11-12,3,0,0,0,15.0
L00299,P0049,2025-11-12,4,1,0,0,15.0
L00299,P0043,2025-11-12,5,0,0,0,15.0
L01636,P0040,2025-11-12,1,1,1,0,15.0
L01636,P0126,2025-11-12,2,1,0,0,15.0
L01636,P0075,2025-11-12,3,0,0,0,15.0
L01636,P0188,2025-11-12,4,0,0,0,10.0
L01636,P0033,2025-11-12,5,1,1,0,12.0
L00177,P0215,2025-11-12,1,1,1,1,15.0
L00177,P0123,2025-11-12,2,1,1,1,15.0
L00177,P0174,2025-11-12,3,1,1,0,10.0
L00177,P0119,2025-11-12,4,1,1,0,15.0
L00177,P0005,2025-11-12,5,1,1,0,15.0
L00758,P0167,2025-11-12,1,0,0,0,12.0
L00758,P0193,2025-11-12,2,1,1,0,15.0
L00758,P0140,2025-11-12,3,1,0,0,10.0
L00758,P0002,2025-11-12,4,1,1,1,10.0
L00758,P0158,2025-11-12,5,1,1,0,15.0
L02359,P0091,2025-11-12,1,1,1,1,12.0
L02359,P0030,2025-11-12,2,0,0,0,10.0
L02359,P0129,2025-11-12,3,0,0,0,10.0
L02359,P0156,2025-11-12,4,0,0,0,8.0
L02359,P0119,2025-11-12,5,0,0,0,12.0
L02964,P0183,2025-11-12,1,1,1,1,8.0
L02964,P0192,2025-11-12,2,1,1,0,8.0
L02964,P0199,2025-11-12,3,1,1,1,15.0
L02964,P0025,2025-11-12,4,1,1,1,10.0
L02964,P0196,2025-11-12,5,1,1,0,15.0
L02209,P0155,2025-11-12,1,1,1,0,15.0
L02209,P0216,2025-11-12,2,0,0,0,15.0
L02209,P0091,2025-11-12,3,1,1,1,15.0
L02209,P0015,2025-11-12,4,1,1,1,8.0
L02209,P0024,2025-11-12,5,1,1,0,15.0
L00614,P0200,2025-11-12,1,0,0,0,12.0
L00614,P0187,2025-11-12,2,1,1,0,8.0
L00614,P0033,2025-11-12,3,0,0,0,10.0
L00614,P0072,2025-11-12,4,0,0,0,15.0
L00614,P0027,2025-11-12,5,0,0,0,12.0
L02191,P0000,2025-11-12,1,0,0,0,15.0
L02191,P0181,2025-11-12,2,1,1,0,12.0
L02191,P0062,2025-11-12,3,0,0,0,15.0
L02191,P0153,2025-11-12,4,1,1,0,12.0
L02191,P0068,2025-11-12,5,0,0,0,8.0
L00862,P0054,2025-11-12,1,0,0,0,8.0
L00862,P0004,2025-11-12,2,0,0,0,12.0
L00862,P0136,2025-11-12,3,0,0,0,12.0
L00862,P0205,2025-11-12,4,1,1,0,12.0
L00862,P0124,2025-11-12,5,0,0,0,15.0
L02024,P0099,2025-11-12,1,0,0,0,15.0
L02024,P0101,2025-11-12,2,1,1,0,15.0
L02024,P0008,2025-11-12,3,1,1,1,12.0
L02024,P0193,2025-11-12,4,0,0,0,8.0
L02024,P0111,2025-11-12,5,0,0,0,15.0
L00952,P0096,2025-11-12,1,1,0,0,12.0
L00952,P0066,2025-11-12,2,1,1,0,15.0
L00952,P0085,2025-11-12,3,1,1,1,10.0
L00952,P0052,2025-11-12,4,0,0,0,12.0
L00952,P0011,2025-11-12,5,0,0,0,10.0
L02368,P0033,2025-11-13,1,0,0,0,15.0
L02368,P0027,2025-11-13,2,0,0,0,15.0
L02368,P0174,2025-11-13,3,1,1,0,12.0
L02368,P0071,2025-11-13,4,1,1,1,10.0
L02368,P0200,2025-11-13,5,0,0,0,15.0
L01254,P0091,2025-11-13,1,1,0,0,8.0
L01254,P0216,2025-11-13,2,0,0,0,10.0
L01254,P0155,2025-11-13,3,1,1,0,10.0
L01254,P0069,2025-11-13,4,0,0,0,15.0
L01254,P0030,2025-11-13,5,0,0,0,8.0
L00493,P0181,2025-11-13,1,1,1,1,15.0
L00493,P0062,2025-11-13,2,1,1,0,12.0
L00493,P0106,2025-11-13,3,0,0,0,10.0
L00493,P0070,2025-11-13,4,0,0,0,8.0
L00493,P0029,2025-11-13,5,0,0,0,15.0
L02474,P0194,2025-11-13,1,0,0,0,15.0
L02474,P0186,2025-11-13,2,0,0,0,12.0
L02474,P0120,2025-11-13,3,1,1,0,15.0
L02474,P0032,2025-11-13,4,1,1,0,10.0
L02474,P0025,2025-11-13,5,1,0,0,12.0
L01917,P0181,2025-11-13,1,1,1,0,8.0
L01917,P0062,2025-11-13,2,0,0,0,10.0
L01917,P0070,2025-11-13,3,1,1,0,8.0
L01917,P0029,2025-11-13,4,1,1,0,8.0
L01917,P0106,2025-11-13,5,1,1,1,10.0
L01925,P0011,2025-11-13,1,0,0,0,8.0
L01925,P0020,2025-11-13,2,0,0,0,12.0
L01925,P0053,2025-11-13,3,1,1,1,8.0
L01925,P0017,2025-11-13,4,0,0,0,10.0
L01925,P0076,2025-11-13,5,0,0,0,8.0
L01451,P0208,2025-11-13,1,1,1,0,12.0
L01451,P0116,2025-11-13,2,0,0,0,15.0
L01451,P0004,2025-11-13,3,1,1,0,10.0
L01451,P0022,2025-11-13,4,0,0,0,8.0
L01451,P0020,2025-11-13,5,1,1,1,15.0
L00222,P0065,2025-11-13,1,1,1,1,8.0
L00222,P0163,2025-11-13,2,0,0,0,10.0
L00222,P0161,2025-11-13,3,1,1,1,8.0
L00222,P0135,2025-11-13,4,0,0,0,12.0
L00222,P0141,2025-11-13,5,0,0,0,8.0
L01211,P0188,2025-11-13,1,1,0,0,8.0
L01211,P0112,2025-11-13,2,1,0,0,15.0
L01211,P0010,2025-11-13,3,1,1,1,8.0
L01211,P0117,2025-11-13,4,0,0,0,15.0
L01211,P0040,2025-11-13,5,1,1,0,12.0
L01634,P0077,2025-11-13,1,1,0,0,12.0
L01634,P0200,2025-11-13,2,1,1,0,12.0
L01634,P0071,2025-11-13,3,0,0,0,12.0
L01634,P0187,2025-11-13,4,1,1,0,10.0
L01634,P0198,2025-11-13,5,1,1,0,10.0
L02587,P0158,2025-11-13,1,1,0,0,8.0
L02587,P0041,2025-11-13,2,0,0,0,10.0
L02587,P0140,2025-11-13,3,0,0,0,8.0
L02587,P0111,2025-11-13,4,0,0,0,8.0
L02587,P0002,2025-11-13,5,0,0,0,10.0
L01921,P0162,2025-11-13,1,0,0,0,10.0
L01921,P0121,2025-11-13,2,1,1,0,10.0
L01921,P0217,2025-11-13,3,1,1,1,10.0
L01921,P0132,2025-11-13,4,1,0,0,8.0
L01921,P0013,2025-11-13,5,1,1,0,15.0
L01287,P0023,2025-11-13,1,1,0,0,12.0
L01287,P0022,2025-11-13,2,0,0,0,8.0
L01287,P0011,2025-11-13,3,0,0,0,8.0
L01287,P0076,2025-11-13,4,1,1,0,8.0
L01287,P0017,2025-11-13,5,0,0,0,15.0
L00168,P0126,2025-11-13,1,1,1,1,12.0
L00168,P0075,2025-11-13,2,0,0,0,8.0
L00168,P0195,2025-11-13,3,0,0,0,15.0
L00168,P0112,2025-11-13,4,0,0,0,15.0
L00168,P0033,2025-11-13,5,1,0,0,12.0
L00203,P0109,2025-11-14,1,1,1,0,10.0
L00203,P0126,2025-11-14,2,0,0,0,15.0
L00203,P0040,2025-11-14,3,0,0,0,15.0
L00203,P0188,2025-11-14,4,0,0,0,15.0
L00203,P0033,2025-11-14,5,1,1,0,15.0
L02697,P0157,2025-11-14,1,1,1,0,15.0
L02697,P0125,2025-11-14,2,1,1,0,12.0
L02697,P0210,2025-11-14,3,0,0,0,15.0
L02697,P0179,2025-11-14,4,1,1,0,15.0
L02697,P0115,2025-11-14,5,0,0,0,15.0
L00406,P0158,2025-11-14,1,0,0,0,10.0
L00406,P0154,2025-11-14,2,1,1,0,10.0
L00406,P0144,2025-11-14,3,1,1,0,10.0
L00406,P0160,2025-11-14,4,0,0,0,12.0
L00406,P0078,2025-11-14,5,0,0,0,8.0
L01554,P0153,2025-11-14,1,1,1,0,12.0
L01554,P0062,2025-11-14,2,0,0,0,15.0
L01554,P0181,2025-11-14,3,0,0,0,12.0
L01554,P0068,2025-11-14,4,1,0,0,15.0
L01554,P0029,2025-11-14,5,0,0,0,15.0
L02942,P0067,2025-11-14,1,1,1,1,10.0
L02942,P0066,2025-11-14,2,0,0,0,12.0
L02942,P0014,2025-11-14,3,0,0,0,8.0
L02942,P0020,2025-11-14,4,0,0,0,8.0
L02942,P0115,2025-11-14,5,1,1,1,8.0
L01197,P0147,2025-11-14,1,0,0,0,10.0
L01197,P0044,2025-11-14,2,0,0,0,8.0
L01197,P0028,2025-11-14,3,0,0,0,8.0
L01197,P0086,2025-11-14,4,1,1,1,12.0
L01197,P0020,2025-11-14,5,0,0,0,8.0
L01445,P0015,2025-11-14,1,0,0,0,12.0
L01445,P0069,2025-11-14,2,1,1,0,15.0
L01445,P0024,2025-11-14,3,1,0,0,8.0
L01445,P0216,2025-11-14,4,0,0,0,12.0
L01445,P0030,2025-11-14,5,0,0,0,12.0
L02000,P0195,2025-11-14,1,0,0,0,8.0
L02000,P0047,2025-11-14,2,0,0,0,12.0
L02000,P0209,2025-11-14,3,1,1,0,12.0
L02000,P0005,2025-11-14,4,1,1,1,12.0
L02000,P0219,2025-11-14,5,0,0,0,8.0
L02424,P0121,2025-11-14,1,0,0,0,12.0
L02424,P0182,2025-11-14,2,0,0,0,12.0
L02424,P0190,2025-11-14,3,0,0,0,10.0
L02424,P0217,2025-11-14,4,1,1,0,10.0
L02424,P0132,2025-11-14,5,0,0,0,15.0
L00080,P0195,2025-11-14,1,1,0,0,12.0
L00080,P0010,2025-11-14,2,1,1,0,8.0
L00080,P0040,2025-11-14,3,1,1,1,8.0
L00080,P0117,2025-11-14,4,0,0,0,10.0
L00080,P0126,2025-11-14,5,0,0,0,15.0
L01858,P0112,2025-11-14,1,1,0,0,8.0
L01858,P0188,2025-11-14,2,1,1,0,12.0
L01858,P0126,2025-11-14,3,0,0,0,8.0
L01858,P0117,2025-11-14,4,0,0,0,10.0
L01858,P0109,2025-11-14,5,0,0,0,12.0
L00974,P0187,2025-11-14,1,0,0,0,15.0
L00974,P0206,2025-11-14,2,1,1,0,12.0
L00974,P0071,2025-11-14,3,1,0,0,15.0
L00974,P0033,2025-11-14,4,1,1,0,12.0
L00974,P0027,2025-11-14,5,1,1,0,12.0
L01152,P0085,2025-11-14,1,1,1,1,12.0
L01152,P0096,2025-11-14,2,1,0,0,12.0
L01152,P0066,2025-11-14,3,0,0,0,10.0
L01152,P0020,2025-11-14,4,1,1,1,10.0
L01152,P0023,2025-11-14,5,0,0,0,8.0
L02547,P0032,2025-11-15,1,1,1,0,12.0
L02547,P0139,2025-11-15,2,1,1,0,15.0
L02547,P0186,2025-11-15,3,1,1,0,10.0
L02547,P0194,2025-11-15,4,1,1,1,8.0
L02547,P0050,2025-11-15,5,0,0,0,15.0
L01956,P0011,2025-11-15,1,0,0,0,8.0
L01956,P0169,2025-11-15,2,0,0,0,15.0
L01956,P0022,2025-11-15,3,1,1,0,12.0
L01956,P0053,2025-11-15,4,0,0,0,12.0
L01956,P0087,2025-11-15,5,0,0,0,12.0
L02619,P0064,2025-11-15,1,1,1,1,12.0
L02619,P0202,2025-11-15,2,1,1,1,10.0
L02619,P0168,2025-11-15,3,1,1,0,12.0
L02619,P0046,2025-11-15,4,1,1,0,10.0
L02619,P0095,2025-11-15,5,0,0,0,15.0
L02216,P0195,2025-11-15,1,0,0,0,15.0
L02216,P0209,2025-11-15,2,1,0,0,8.0
L02216,P0047,2025-11-15,3,1,1,1,8.0
L02216,P0010,2025-11-15,4,0,0,0,8.0
L02216,P0180,2025-11-15,5,0,0,0,12.0
L01651,P0002,2025-11-15,1,1,1,1,15.0
L01651,P0140,2025-11-15,2,0,0,0,12.0
L01651,P0036,2025-11-15,3,1,1,0,8.0
L01651,P0158,2025-11-15,4,0,0,0,8.0
L01651,P0041,2025-11-15,5,1,1,0,10.0
L01934,P0178,2025-11-15,1,0,0,0,8.0
L01934,P0208,2025-11-15,2,1,0,0,12.0
L01934,P0086,2025-11-15,3,1,1,0,15.0
L01934,P0020,2025-11-15,4,1,1,1,15.0
L01934,P0028,2025-11-15,5,0,0,0,15.0
L02908,P0193,2025-11-15,1,0,0,0,10.0
L02908,P0140,2025-11-15,2,1,0,0,12.0
L02908,P0131,2025-11-15,3,0,0,0,10.0
L02908,P0008,2025-11-15,4,1,1,1,10.0
L02908,P0041,2025-11-15,5,0,0,0,15.0
L01302,P0028,2025-11-15,1,1,0,0,8.0
L01302,P0158,2025-11-15,2,0,0,0,10.0
L01302,P0041,2025-11-15,3,1,1,0,10.0
L01302,P0115,2025-11-15,4,0,0,0,15.0
L01302,P0044,2025-11-15,5,0,0,0,15.0
L00187,P0182,2025-11-15,1,1,0,0,12.0
L00187,P0162,2025-11-15,2,1,0,0,12.0
L00187,P0121,2025-11-15,3,0,0,0,12.0
L00187,P0013,2025-11-15,4,1,1,1,12.0
L00187,P0132,2025-11-15,5,0,0,0,12.0
L01091,P0036,2025-11-15,1,1,0,0,15.0
L01091,P0008,2025-11-15,2,0,0,0,10.0
L01091,P0167,2025-11-15,3,0,0,0,10.0
L01091,P0002,2025-11-15,4,1,1,1,15.0
L01091,P0094,2025-11-15,5,1,1,0,10.0
L02309,P0015,2025-11-15,1,0,0,0,8.0
L02309,P0024,2025-11-15,2,1,1,0,8.0
L02309,P0216,2025-11-15,3,0,0,0,15.0
L02309,P0155,2025-11-15,4,1,1,0,15.0
L02309,P0030,2025-11-15,5,0,0,0,8.0
L02758,P0005,2025-11-15,1,0,0,0,12.0
L02758,P0083,2025-11-15,2,1,1,0,15.0
L02758,P0010,2025-11-15,3,1,1,0,10.0
L02758,P0195,2025-11-15,4,1,1,0,10.0
L02758,P0026,2025-11-15,5,0,0,0,15.0
L00309,P0064,2025-11-15,1,0,0,0,15.0
L00309,P0202,2025-11-15,2,1,1,1,15.0
L00309,P0046,2025-11-15,3,0,0,0,15.0
L00309,P0118,2025-11-15,4,1,1,0,15.0
L00309,P0130,2025-11-15,5,0,0,0,12.0
L00897,P0061,2025-11-15,1,0,0,0,8.0
L00897,P0186,2025-11-15,2,0,0,0,12.0
L00897,P0050,2025-11-15,3,0,0,0,12.0
L00897,P0138,2025-11-15,4,0,0,0,10.0
L00897,P0105,2025-11-15,5,0,0,0,8.0
L02896,P0139,2025-11-15,1,0,0,0,8.0
L02896,P0192,2025-11-15,2,0,0,0,15.0
L02896,P0025,2025-11-15,3,0,0,0,15.0
L02896,P0124,2025-11-15,4,0,0,0,8.0
L02896,P0050,2025-11-15,5,0,0,0,15.0
L01539,P0038,2025-11-15,1,0,0,0,12.0
L01539,P0099,2025-11-15,2,1,1,0,10.0
L01539,P0008,2025-11-15,3,1,1,1,8.0
L01539,P0193,2025-11-15,4,1,1,0,8.0
L01539,P0111,2025-11-15,5,1,0,0,12.0
L00840,P0021,2025-11-16,1,1,1,0,8.0
L00840,P0078,2025-11-16,2,0,0,0,15.0
L00840,P0218,2025-11-16,3,0,0,0,12.0
L00840,P0051,2025-11-16,4,0,0,0,12.0
L00840,P0017,2025-11-16,5,1,1,1,12.0
L02155,P0020,2025-11-16,1,1,1,1,8.0
L02155,P0102,2025-11-16,2,1,1,0,12.0
L02155,P0022,2025-11-16,3,0,0,0,15.0
L02155,P0011,2025-11-16,4,0,0,0,12.0
L02155,P0087,2025-11-16,5,0,0,0,8.0
L01664,P0215,2025-11-16,1,1,1,1,10.0
L01664,P0123,2025-11-16,2,0,0,0,10.0
L01664,P0026,2025-11-16,3,0,0,0,15.0
L01664,P0183,2025-11-16,4,1,1,0,12.0
L01664,P0010,2025-11-16,5,0,0,0,8.0
L01216,P0187,2025-11-16,1,1,0,0,10.0
L01216,P0001,2025-11-16,2,1,1,0,15.0
L01216,P0215,2025-11-16,3,1,0,0,8.0
L01216,P0003,2025-11-16,4,1,1,0,10.0
L01216,P0030,2025-11-16,5,0,0,0,12.0
L00088,P0139,2025-11-16,1,0,0,0,12.0
L00088,P0192,2025-11-16,2,1,1,0,10.0
L00088,P0186,2025-11-16,3,0,0,0,15.0
L00088,P0124,2025-11-16,4,0,0,0,8.0
L00088,P0194,2025-11-16,5,0,0,0,10.0
L02057,P0069,2025-11-16,1,1,1,1,15.0
L02057,P0165,2025-11-16,2,1,0,0,8.0
L02057,P0024,2025-11-16,3,0,0,0,15.0
L02057,P0037,2025-11-16,4,1,1,0,8.0
L02057,P0216,2025-11-16,5,0,0,0,12.0
L00796,P0101,2025-11-16,1,1,1,0,10.0
L00796,P0142,2025-11-16,2,1,1,1,15.0
L00796,P0176,2025-11-16,3,1,1,1,8.0
L00796,P0039,2025-11-16,4,0,0,0,15.0
L00796,P0177,2025-11-16,5,1,1,1,8.0
L00580,P0152,2025-11-16,1,1,0,0,12.0
L00580,P0021,2025-11-16,2,1,0,0,8.0
L00580,P0193,2025-11-16,3,0,0,0,10.0
L00580,P0218,2025-11-16,4,1,1,0,10.0
L00580,P0017,2025-11-16,5,0,0,0,10.0
L00307,P0118,2025-11-16,1,1,1,0,10.0
L00307,P0018,2025-11-16,2,1,0,0,10.0
L00307,P0145,2025-11-16,3,1,0,0,8.0
L00307,P0079,2025-11-16,4,1,1,0,8.0
L00307,P0031,2025-11-16,5,1,1,1,12.0
L00689,P0120,2025-11-16,1,1,1,1,12.0
L00689,P0194,2025-11-16,2,1,1,1,8.0
L00689,P0124,2025-11-16,3,0,0,0,10.0
L00689,P0186,2025-11-16,4,1,1,1,8.0
L00689,P0105,2025-11-16,5,1,1,1,12.0
L00739,P0001,2025-11-16,1,0,0,0,12.0
L00739,P0215,2025-11-16,2,0,0,0,10.0
L00739,P0183,2025-11-16,3,1,1,0,12.0
L00739,P0083,2025-11-16,4,0,0,0,15.0
L00739,P0124,2025-11-16,5,0,0,0,12.0
L02967,P0088,2025-11-16,1,1,1,1,15.0
L02967,P0167,2025-11-16,2,1,0,0,10.0
L02967,P0055,2025-11-16,3,1,1,0,8.0
L02967,P0184,2025-11-16,4,0,0,0,8.0
L02967,P0078,2025-11-16,5,0,0,0,15.0
L00367,P0055,2025-11-16,1,1,0,0,15.0
L00367,P0167,2025-11-16,2,0,0,0,10.0
L00367,P0150,2025-11-16,3,0,0,0,10.0
L00367,P0051,2025-11-16,4,0,0,0,8.0
L00367,P0184,2025-11-16,5,0,0,0,12.0
L01964,P0153,2025-11-16,1,1,1,1,10.0
L01964,P0181,2025-11-16,2,1,1,0,12.0
L01964,P0062,2025-11-16,3,1,1,1,8.0
L01964,P0068,2025-11-16,4,1,1,0,8.0
L01964,P0029,2025-11-16,5,0,0,0,10.0
L00546,P0110,2025-11-16,1,0,0,0,15.0
L00546,P0031,2025-11-16,2,1,1,1,8.0
L00546,P0058,2025-11-16,3,1,1,0,15.0
L00546,P0035,2025-11-16,4,1,1,0,15.0
L00546,P0073,2025-11-16,5,0,0,0,10.0
L00431,P0084,2025-11-17,1,0,0,0,8.0
L00431,P0091,2025-11-17,2,1,1,1,15.0
L00431,P0216,2025-11-17,3,0,0,0,15.0
L00431,P0155,2025-11-17,4,1,1,1,12.0
L00431,P0024,2025-11-17,5,1,1,0,8.0
L02061,P0138,2025-11-17,1,0,0,0,10.0
L02061,P0007,2025-11-17,2,0,0,0,10.0
L02061,P0090,2025-11-17,3,0,0,0,15.0
L02061,P0120,2025-11-17,4,1,1,0,12.0
L02061,P0192,2025-11-17,5,0,0,0,12.0
L01610,P0114,2025-11-17,1,0,0,0,10.0
L01610,P0058,2025-11-17,2,1,1,0,10.0
L01610,P0019,2025-11-17,3,1,1,0,8.0
L01610,P0148,2025-11-17,4,0,0,0,12.0
L01610,P0006,2025-11-17,5,0,0,0,15.0
L01449,P0200,2025-11-17,1,1,0,0,12.0
L01449,P0206,2025-11-17,2,1,0,0,12.0
L01449,P0027,2025-11-17,3,1,1,0,8.0
L01449,P0072,2025-11-17,4,0,0,0,15.0
L01449,P0198,2025-11-17,5,0,0,0,12.0
L02013,P0071,2025-11-17,1,0,0,0,8.0
L02013,P0187,2025-11-17,2,0,0,0,15.0
L02013,P0174,2025-11-17,3,1,1,1,15.0
L02013,P0072,2025-11-17,4,0,0,0,15.0
L02013,P0198,2025-11-17,5,0,0,0,10.0
L00904,P0195,2025-11-17,1,1,0,0,8.0
L00904,P0010,2025-11-17,2,0,0,0,12.0
L00904,P0075,2025-11-17,3,1,1,1,12.0
L00904,P0040,2025-11-17,4,1,1,0,15.0
L00904,P0016,2025-11-17,5,1,1,0,12.0
L00560,P0123,2025-11-17,1,1,1,1,15.0
L00560,P0183,2025-11-17,2,0,0,0,8.0
L00560,P0083,2025-11-17,3,1,0,0,12.0
L00560,P0010,2025-11-17,4,0,0,0,10.0
L00560,P0005,2025-11-17,5,0,0,0,8.0
L01914,P0193,2025-11-17,1,0,0,0,12.0
L01914,P0140,2025-11-17,2,0,0,0,8.0
L01914,P0111,2025-11-17,3,1,1,1,12.0
L01914,P0041,2025-11-17,4,0,0,0,8.0
L01914,P0158,2025-11-17,5,0,0,0,8.0
L02832,P0025,2025-11-17,1,1,1,1,10.0
L02832,P0032,2025-11-17,2,1,1,0,12.0
L02832,P0192,2025-11-17,3,0,0,0,10.0
L02832,P0138,2025-11-17,4,1,1,0,15.0
L02832,P0124,2025-11-17,5,0,0,0,12.0
L00345,P0005,2025-11-17,1,0,0,0,10.0
L00345,P0047,2025-11-17,2,0,0,0,10.0
L00345,P0195,2025-11-17,3,0,0,0,8.0
L00345,P0112,2025-11-17,4,0,0,0,15.0
L00345,P0003,2025-11-17,5,0,0,0,12.0
L01689,P0076,2025-11-17,1,0,0,0,12.0
L01689,P0125,2025-11-17,2,1,1,0,10.0
L01689,P0210,2025-11-17,3,1,1,0,10.0
L01689,P0020,2025-11-17,4,1,1,1,8.0
L01689,P0022,2025-11-17,5,1,1,0,15.0
L01135,P0096,2025-11-17,1,1,1,0,8.0
L01135,P0085,2025-11-17,2,0,0,0,10.0
L01135,P0066,2025-11-17,3,1,0,0,10.0
L01135,P0020,2025-11-17,4,0,0,0,12.0
L01135,P0011,2025-11-17,5,0,0,0,10.0
L00282,P0194,2025-11-17,1,1,0,0,8.0
L00282,P0124,2025-11-17,2,1,1,0,8.0
L00282,P0186,2025-11-17,3,0,0,0,12.0
L00282,P0120,2025-11-17,4,0,0,0,12.0
L00282,P0100,2025-11-17,5,0,0,0,10.0
L01866,P0214,2025-11-17,1,1,1,1,15.0
L01866,P0043,2025-11-17,2,1,1,0,12.0
L01866,P0197,2025-11-17,3,0,0,0,10.0
L01866,P0104,2025-11-17,4,1,1,0,15.0
L01866,P0175,2025-11-17,5,0,0,0,8.0
L01223,P0109,2025-11-17,1,0,0,0,15.0
L01223,P0117,2025-11-17,2,0,0,0,12.0
L01223,P0112,2025-11-17,3,1,0,0,8.0
L01223,P0188,2025-11-17,4,1,0,0,15.0
L01223,P0033,2025-11-17,5,0,0,0,10.0
L01855,P0086,2025-11-17,1,0,0,0,12.0
L01855,P0128,2025-11-17,2,1,0,0,10.0
L01855,P0196,2025-11-17,3,1,1,0,12.0
L01855,P0056,2025-11-17,4,1,1,0,15.0
L01855,P0116,2025-11-17,5,0,0,0,15.0
L01428,P0007,2025-11-18,1,1,1,0,10.0
L01428,P0108,2025-11-18,2,0,0,0,12.0
L01428,P0120,2025-11-18,3,0,0,0,8.0
L01428,P0138,2025-11-18,4,0,0,0,10.0
L01428,P0081,2025-11-18,5,0,0,0,12.0
L01224,P0194,2025-11-18,1,0,0,0,8.0
L01224,P0186,2025-11-18,2,0,0,0,15.0
L01224,P0050,2025-11-18,3,1,1,1,15.0
L01224,P0100,2025-11-18,4,0,0,0,8.0
L01224,P0061,2025-11-18,5,0,0,0,8.0
L02680,P0143,2025-11-18,1,1,1,0,8.0
L02680,P0148,2025-11-18,2,0,0,0,8.0
L02680,P0093,2025-11-18,3,0,0,0,15.0
L02680,P0090,2025-11-18,4,1,0,0,8.0
L02680,P0007,2025-11-18,5,0,0,0,8.0
L02235,P0030,2025-11-18,1,0,0,0,15.0
L02235,P0166,2025-11-18,2,0,0,0,15.0
L02235,P0077,2025-11-18,3,0,0,0,12.0
L02235,P0187,2025-11-18,4,1,1,0,10.0
L02235,P0200,2025-11-18,5,0,0,0,10.0
L01760,P0201,2025-11-18,1,1,1,0,12.0
L01760,P0042,2025-11-18,2,1,1,0,10.0
L01760,P0127,2025-11-18,3,1,1,0,15.0
L01760,P0171,2025-11-18,4,0,0,0,8.0
L01760,P0114,2025-11-18,5,0,0,0,8.0
L01437,P0203,2025-11-18,1,1,0,0,12.0
L01437,P0091,2025-11-18,2,0,0,0,12.0
L01437,P0156,2025-11-18,3,0,0,0,10.0
L01437,P0129,2025-11-18,4,0,0,0,15.0
L01437,P0030,2025-11-18,5,0,0,0,10.0
L02467,P0031,2025-11-18,1,1,1,0,15.0
L02467,P0019,2025-11-18,2,0,0,0,12.0
L02467,P0018,2025-11-18,3,1,1,0,12.0
L02467,P0058,2025-11-18,4,1,1,1,15.0
L02467,P0035,2025-11-18,5,1,1,1,15.0
L00161,P0160,2025-11-18,1,1,0,0,15.0
L00161,P0154,2025-11-18,2,1,0,0,10.0
L00161,P0053,2025-11-18,3,1,1,0,10.0
L00161,P0017,2025-11-18,4,0,0,0,15.0
L00161,P0051,2025-11-18,5,0,0,0,8.0
L01962,P0134,2025-11-18,1,0,0,0,15.0
L01962,P0159,2025-11-18,2,0,0,0,10.0
L01962,P0188,2025-11-18,3,0,0,0,8.0
L01962,P0112,2025-11-18,4,0,0,0,10.0
L01962,P0089,2025-11-18,5,0,0,0,10.0
L00087,P0075,2025-11-18,1,1,1,1,10.0
L00087,P0010,2025-11-18,2,0,0,0,8.0
L00087,P0109,2025-11-18,3,1,1,0,12.0
L00087,P0117,2025-11-18,4,1,0,0,8.0
L00087,P0112,2025-11-18,5,0,0,0,8.0
L02399,P0160,2025-11-18,1,1,0,0,10.0
L02399,P0154,2025-11-18,2,0,0,0,12.0
L02399,P0053,2025-11-18,3,1,0,0,15.0
L02399,P0078,2025-11-18,4,0,0,0,8.0
L02399,P0021,2025-11-18,5,1,1,0,15.0
L01807,P0214,2025-11-18,1,0,0,0,12.0
L01807,P0171,2025-11-18,2,1,1,0,8.0
L01807,P0201,2025-11-18,3,0,0,0,8.0
L01807,P0058,2025-11-18,4,0,0,0,10.0
L01807,P0019,2025-11-18,5,0,0,0,10.0
L02795,P0205,2025-11-18,1,0,0,0,12.0
L02795,P0082,2025-11-18,2,1,1,1,15.0
L02795,P0054,2025-11-18,3,0,0,0,8.0
L02795,P0186,2025-11-18,4,0,0,0,8.0
L02795,P0138,2025-11-18,5,0,0,0,15.0
L02973,P0174,2025-11-18,1,1,1,0,15.0
L02973,P0077,2025-11-18,2,1,1,0,15.0
L02973,P0071,2025-11-18,3,0,0,0,12.0
L02973,P0072,2025-11-18,4,0,0,0,8.0
L02973,P0027,2025-11-18,5,0,0,0,10.0
L00202,P0192,2025-11-18,1,0,0,0,8.0
L00202,P0139,2025-11-18,2,1,0,0,8.0
L00202,P0032,2025-11-18,3,1,0,0,15.0
L00202,P0124,2025-11-18,4,1,1,1,15.0
L00202,P0194,2025-11-18,5,0,0,0,8.0
L01744,P0112,2025-11-18,1,0,0,0,15.0
L01744,P0195,2025-11-18,2,0,0,0,12.0
L01744,P0209,2025-11-18,3,0,0,0,10.0
L01744,P0005,2025-11-18,4,0,0,0,8.0
L01744,P0207,2025-11-18,5,0,0,0,10.0
L00603,P0194,2025-11-18,1,0,0,0,12.0
L00603,P0186,2025-11-18,2,1,0,0,10.0
L00603,P0032,2025-11-18,3,1,1,0,12.0
L00603,P0100,2025-11-18,4,0,0,0,12.0
L00603,P0025,2025-11-18,5,0,0,0,10.0
L01775,P0005,2025-11-18,1,1,1,1,12.0
L01775,P0010,2025-11-18,2,0,0,0,15.0
L01775,P0083,2025-11-18,3,1,1,0,8.0
L01775,P0209,2025-11-18,4,1,0,0,10.0
L01775,P0026,2025-11-18,5,0,0,0,12.0
L01001,P0003,2025-11-18,1,0,0,0,8.0
L01001,P0215,2025-11-18,2,1,1,0,8.0
L01001,P0001,2025-11-18,3,1,1,0,12.0
L01001,P0123,2025-11-18,4,0,0,0,10.0
L01001,P0119,2025-11-18,5,1,1,0,8.0
L01341,P0061,2025-11-18,1,1,1,0,10.0
L01341,P0120,2025-11-18,2,0,0,0,12.0
L01341,P0100,2025-11-18,3,1,1,0,8.0
L01341,P0050,2025-11-18,4,0,0,0,15.0
L01341,P0194,2025-11-18,5,0,0,0,10.0
L00888,P0198,2025-11-18,1,0,0,0,10.0
L00888,P0072,2025-11-18,2,0,0,0,10.0
L00888,P0211,2025-11-18,3,1,1,0,10.0
L00888,P0174,2025-11-18,4,0,0,0,12.0
L00888,P0071,2025-11-18,5,0,0,0,10.0
L00649,P0032,2025-11-18,1,1,0,0,8.0
L00649,P0192,2025-11-18,2,1,1,0,10.0
L00649,P0194,2025-11-18,3,0,0,0,15.0
L00649,P0050,2025-11-18,4,1,1,0,8.0
L00649,P0004,2025-11-18,5,0,0,0,8.0
L00469,P0138,2025-11-18,1,1,1,1,15.0
L00469,P0194,2025-11-18,2,0,0,0,12.0
L00469,P0124,2025-11-18,3,0,0,0,12.0
L00469,P0186,2025-11-18,4,1,1,1,8.0
L00469,P0004,2025-11-18,5,1,1,0,10.0
L00421,P0118,2025-11-18,1,0,0,0,10.0
L00421,P0168,2025-11-18,2,1,0,0,10.0
L00421,P0064,2025-11-18,3,0,0,0,15.0
L00421,P0202,2025-11-18,4,0,0,0,8.0
L00421,P0130,2025-11-18,5,0,0,0,10.0
L00970,P0110,2025-11-18,1,1,1,0,12.0
L00970,P0019,2025-11-18,2,0,0,0,8.0
L00970,P0058,2025-11-18,3,1,0,0,12.0
L00970,P0018,2025-11-18,4,0,0,0,8.0
L00970,P0035,2025-11-18,5,0,0,0,15.0
L01621,P0181,2025-11-19,1,1,0,0,12.0
L01621,P0062,2025-11-19,2,1,0,0,12.0
L01621,P0029,2025-11-19,3,0,0,0,10.0
L01621,P0175,2025-11-19,4,1,1,0,15.0
L01621,P0070,2025-11-19,5,0,0,0,10.0
L01093,P0004,2025-11-19,1,1,1,1,15.0
L01093,P0136,2025-11-19,2,0,0,0,10.0
L01093,P0116,2025-11-19,3,1,1,0,12.0
L01093,P0186,2025-11-19,4,1,1,0,15.0
L01093,P0124,2025-11-19,5,0,0,0,12.0
L01226,P0064,2025-11-19,1,0,0,0,12.0
L01226,P0046,2025-11-19,2,0,0,0,15.0
L01226,P0168,2025-11-19,3,1,1,1,12.0
L01226,P0118,2025-11-19,4,1,1,0,12.0
L01226,P0137,2025-11-19,5,1,0,0,15.0
L01252,P0178,2025-11-19,1,1,1,0,12.0
L01252,P0044,2025-11-19,2,0,0,0,8.0
L01252,P0056,2025-11-19,3,1,1,0,8.0
L01252,P0020,2025-11-19,4,1,0,0,10.0
L01252,P0028,2025-11-19,5,0,0,0,10.0
L01247,P0192,2025-11-19,1,1,1,0,12.0
L01247,P0032,2025-11-19,2,0,0,0,8.0
L01247,P0124,2025-11-19,3,0,0,0,12.0
L01247,P0050,2025-11-19,4,1,1,0,10.0
L01247,P0186,2025-11-19,5,1,1,0,15.0
L02025,P0123,2025-11-19,1,0,0,0,12.0
L02025,P0001,2025-11-19,2,1,1,1,12.0
L02025,P0026,2025-11-19,3,0,0,0,12.0
L02025,P0183,2025-11-19,4,0,0,0,12.0
L02025,P0005,2025-11-19,5,1,1,0,8.0
L02717,P0135,2025-11-19,1,0,0,0,8.0
L02717,P0110,2025-11-19,2,1,1,0,10.0
L02717,P0018,2025-11-19,3,0,0,0,8.0
L02717,P0035,2025-11-19,4,0,0,0,10.0
L02717,P0074,2025-11-19,5,1,1,0,8.0
L02931,P0116,2025-11-19,1,0,0,0,10.0
L02931,P0208,2025-11-19,2,0,0,0,12.0
L02931,P0020,2025-11-19,3,1,1,1,12.0
L02931,P0017,2025-11-19,4,0,0,0,15.0
L02931,P0004,2025-11-19,5,1,1,0,8.0
L00023,P0149,2025-11-19,1,1,1,0,12.0
L00023,P0063,2025-11-19,2,1,1,0,15.0
L00023,P0115,2025-11-19,3,1,1,1,15.0
L00023,P0028,2025-11-19,4,0,0,0,15.0
L00023,P0020,2025-11-19,5,0,0,0,10.0
L01998,P0145,2025-11-19,1,1,1,0,8.0
L01998,P0079,2025-11-19,2,1,0,0,8.0
L01998,P0018,2025-11-19,3,1,1,1,12.0
L01998,P0118,2025-11-19,4,0,0,0,8.0
L01998,P0031,2025-11-19,5,0,0,0,10.0
L02671,P0032,2025-11-19,1,1,0,0,15.0
L02671,P0050,2025-11-19,2,0,0,0,10.0
L02671,P0138,2025-11-19,3,0,0,0,15.0
L02671,P0186,2025-11-19,4,1,1,0,8.0
L02671,P0004,2025-11-19,5,0,0,0,8.0
L01044,P0006,2025-11-19,1,0,0,0,15.0
L01044,P0189,2025-11-19,2,0,0,0,12.0
L01044,P0058,2025-11-19,3,0,0,0,8.0
L01044,P0114,2025-11-19,4,0,0,0,15.0
L01044,P0007,2025-11-19,5,0,0,0,15.0
L00480,P0028,2025-11-19,1,0,0,0,10.0
L00480,P0020,2025-11-19,2,0,0,0,8.0
L00480,P0067,2025-11-19,3,1,1,0,12.0
L00480,P0164,2025-11-19,4,1,1,0,8.0
L00480,P0149,2025-11-19,5,0,0,0,10.0
L00989,P0182,2025-11-19,1,0,0,0,12.0
L00989,P0080,2025-11-19,2,0,0,0,12.0
L00989,P0132,2025-11-19,3,0,0,0,15.0
L00989,P0013,2025-11-19,4,1,0,0,15.0
L00989,P0162,2025-11-19,5,0,0,0,12.0
L00744,P0026,2025-11-19,1,0,0,0,10.0
L00744,P0001,2025-11-19,2,1,1,0,8.0
L00744,P0119,2025-11-19,3,1,1,0,12.0
L00744,P0010,2025-11-19,4,0,0,0,8.0
L00744,P0005,2025-11-19,5,0,0,0,12.0
L00753,P0071,2025-11-19,1,1,1,0,8.0
L00753,P0200,2025-11-19,2,1,1,1,10.0
L00753,P0077,2025-11-19,3,1,1,0,10.0
L00753,P0198,2025-11-19,4,1,0,0,10.0
L00753,P0027,2025-11-19,5,1,1,1,12.0
L02676,P0064,2025-11-19,1,1,1,0,8.0
L02676,P0035,2025-11-19,2,1,1,1,12.0
L02676,P0046,2025-11-19,3,0,0,0,15.0
L02676,P0168,2025-11-19,4,1,0,0,10.0
L02676,P0130,2025-11-19,5,0,0,0,8.0
L01822,P0209,2025-11-19,1,1,1,0,10.0
L01822,P0112,2025-11-19,2,1,0,0,8.0
L01822,P0010,2025-11-19,3,0,0,0,8.0
L01822,P0180,2025-11-19,4,1,1,0,8.0
L01822,P0083,2025-11-19,5,0,0,0,12.0
L02279,P0037,2025-11-19,1,0,0,0,8.0
L02279,P0015,2025-11-19,2,0,0,0,10.0
L02279,P0165,2025-11-19,3,1,1,0,15.0
L02279,P0069,2025-11-19,4,0,0,0,10.0
L02279,P0091,2025-11-19,5,1,1,0,8.0
L02264,P0155,2025-11-19,1,0,0,0,8.0
L02264,P0165,2025-11-19,2,1,0,0,12.0
L02264,P0069,2025-11-19,3,0,0,0,10.0
L02264,P0015,2025-11-19,4,1,0,0,12.0
L02264,P0030,2025-11-19,5,0,0,0,15.0
L00348,P0013,2025-11-19,1,0,0,0,15.0
L00348,P0098,2025-11-19,2,1,1,1,10.0
L00348,P0080,2025-11-19,3,1,1,0,12.0
L00348,P0217,2025-11-19,4,0,0,0,8.0
L00348,P0182,2025-11-19,5,0,0,0,12.0
L01804,P0181,2025-11-19,1,1,1,0,8.0
L01804,P0175,2025-11-19,2,0,0,0,8.0
L01804,P0029,2025-11-19,3,1,1,0,10.0
L01804,P0070,2025-11-19,4,0,0,0,8.0
L01804,P0106,2025-11-19,5,0,0,0,8.0
L02335,P0203,2025-11-19,1,1,1,0,8.0
L02335,P0037,2025-11-19,2,0,0,0,15.0
L02335,P0129,2025-11-19,3,1,1,0,15.0
L02335,P0057,2025-11-19,4,1,1,0,8.0
L02335,P0119,2025-11-19,5,0,0,0,12.0
L02152,P0156,2025-11-20,1,0,0,0,12.0
L02152,P0174,2025-11-20,2,1,1,0,10.0
L02152,P0187,2025-11-20,3,0,0,0,12.0
L02152,P0203,2025-11-20,4,0,0,0,12.0
L02152,P0059,2025-11-20,5,0,0,0,15.0
L00024,P0098,2025-11-20,1,0,0,0,10.0
L00024,P0162,2025-11-20,2,1,1,0,15.0
L00024,P0132,2025-11-20,3,1,1,0,10.0
L00024,P0182,2025-11-20,4,0,0,0,12.0
L00024,P0121,2025-11-20,5,1,1,0,15.0
L02557,P0201,2025-11-20,1,1,1,0,12.0
L02557,P0204,2025-11-20,2,1,1,1,10.0
L02557,P0197,2025-11-20,3,0,0,0,8.0
L02557,P0143,2025-11-20,4,1,0,0,8.0
L02557,P0058,2025-11-20,5,1,1,1,10.0
L00903,P0119,2025-11-20,1,1,1,1,15.0
L00903,P0003,2025-11-20,2,0,0,0,15.0
L00903,P0001,2025-11-20,3,1,1,0,10.0
L00903,P0123,2025-11-20,4,1,1,0,8.0
L00903,P0057,2025-11-20,5,1,1,0,8.0
L00387,P0017,2025-11-20,1,0,0,0,15.0
L00387,P0158,2025-11-20,2,0,0,0,10.0
L00387,P0087,2025-11-20,3,1,1,0,15.0
L00387,P0053,2025-11-20,4,0,0,0,15.0
L00387,P0144,2025-11-20,5,0,0,0,15.0
L01859,P0205,2025-11-20,1,0,0,0,8.0
L01859,P0081,2025-11-20,2,1,1,0,15.0
L01859,P0128,2025-11-20,3,1,1,0,15.0
L01859,P0086,2025-11-20,4,1,0,0,10.0
L01859,P0116,2025-11-20,5,0,0,0,8.0
L01053,P0209,2025-11-20,1,0,0,0,10.0
L01053,P0005,2025-11-20,2,1,1,0,10.0
L01053,P0010,2025-11-20,3,0,0,0,12.0
L01053,P0219,2025-11-20,4,0,0,0,15.0
L01053,P0207,2025-11-20,5,1,1,1,15.0
L02103,P0067,2025-11-20,1,1,1,0,10.0
L02103,P0149,2025-11-20,2,0,0,0,12.0
L02103,P0066,2025-11-20,3,0,0,0,8.0
L02103,P0115,2025-11-20,4,0,0,0,10.0
L02103,P0028,2025-11-20,5,0,0,0,10.0
L00749,P0069,2025-11-20,1,0,0,0,15.0
L00749,P0037,2025-11-20,2,0,0,0,8.0
L00749,P0084,2025-11-20,3,1,0,0,12.0
L00749,P0091,2025-11-20,4,1,1,1,10.0
L00749,P0216,2025-11-20,5,1,1,0,12.0
L02082,P0165,2025-11-20,1,1,1,0,12.0
L02082,P0024,2025-11-20,2,1,1,0,10.0
L02082,P0069,2025-11-20,3,1,1,0,10.0
L02082,P0155,2025-11-20,4,0,0,0,8.0
L02082,P0084,2025-11-20,5,1,0,0,12.0
L01120,P0138,2025-11-20,1,1,1,0,8.0
L01120,P0025,2025-11-20,2,1,1,1,15.0
L01120,P0090,2025-11-20,3,0,0,0,10.0
L01120,P0007,2025-11-20,4,0,0,0,15.0
L01120,P0183,2025-11-20,5,1,1,1,8.0
L02219,P0194,2025-11-20,1,0,0,0,8.0
L02219,P0138,2025-11-20,2,1,1,0,10.0
L02219,P0124,2025-11-20,3,0,0,0,8.0
L02219,P0025,2025-11-20,4,1,1,1,12.0
L02219,P0120,2025-11-20,5,1,1,0,15.0
L00735,P0140,2025-11-20,1,0,0,0,8.0
L00735,P0131,2025-11-20,2,1,1,1,15.0
L00735,P0008,2025-11-20,3,0,0,0,15.0
L00735,P0158,2025-11-20,4,1,1,0,10.0
L00735,P0041,2025-11-20,5,1,1,1,10.0
L02797,P0019,2025-11-20,1,1,0,0,15.0
L02797,P0189,2025-11-20,2,0,0,0,15.0
L02797,P0143,2025-11-20,3,0,0,0,12.0
L02797,P0007,2025-11-20,4,0,0,0,8.0
L02797,P0093,2025-11-20,5,1,1,0,10.0
L02428,P0118,2025-11-20,1,1,1,0,12.0
L02428,P0035,2025-11-20,2,0,0,0,10.0
L02428,P0046,2025-11-20,3,1,0,0,8.0
L02428,P0130,2025-11-20,4,0,0,0,10.0
L02428,P0095,2025-11-20,5,1,1,0,10.0
L00995,P0148,2025-11-20,1,1,1,0,12.0
L00995,P0143,2025-11-20,2,0,0,0,15.0
L00995,P0019,2025-11-20,3,0,0,0,8.0
L00995,P0090,2025-11-20,4,0,0,0,10.0
L00995,P0093,2025-11-20,5,0,0,0,10.0
L00930,P0120,2025-11-20,1,1,0,0,8.0
L00930,P0050,2025-11-20,2,0,0,0,12.0
L00930,P0194,2025-11-20,3,0,0,0,10.0
L00930,P0138,2025-11-20,4,1,0,0,12.0
L00930,P0124,2025-11-20,5,0,0,0,15.0
L00934,P0030,2025-11-21,1,1,0,0,12.0
L00934,P0166,2025-11-21,2,0,0,0,12.0
L00934,P0089,2025-11-21,3,0,0,0,12.0
L00934,P0071,2025-11-21,4,0,0,0,15.0
L00934,P0174,2025-11-21,5,1,1,0,8.0
L00489,P0025,2025-11-21,1,1,1,1,12.0
L00489,P0050,2025-11-21,2,1,1,0,12.0
L00489,P0194,2025-11-21,3,1,0,0,15.0
L00489,P0138,2025-11-21,4,1,1,0,10.0
L00489,P0186,2025-11-21,5,0,0,0,10.0
L01177,P0219,2025-11-21,1,1,1,1,12.0
L01177,P0207,2025-11-21,2,0,0,0,15.0
L01177,P0047,2025-11-21,3,1,1,0,8.0
L01177,P0195,2025-11-21,4,0,0,0,10.0
L01177,P0112,2025-11-21,5,0,0,0,8.0
L02100,P0167,2025-11-21,1,1,1,0,15.0
L02100,P0055,2025-11-21,2,1,1,0,15.0
L02100,P0092,2025-11-21,3,0,0,0,12.0
L02100,P0021,2025-11-21,4,0,0,0,10.0
L02100,P0184,2025-11-21,5,0,0,0,15.0
L00902,P0034,2025-11-21,1,1,1,0,8.0
L00902,P0174,2025-11-21,2,0,0,0,12.0
L00902,P0206,2025-11-21,3,0,0,0,10.0
L00902,P0200,2025-11-21,4,0,0,0,15.0
L00902,P0187,2025-11-21,5,1,1,0,15.0
L02045,P0127,2025-11-21,1,0,0,0,10.0
L02045,P0197,2025-11-21,2,1,0,0,15.0
L02045,P0042,2025-11-21,3,1,1,0,12.0
L02045,P0171,2025-11-21,4,1,0,0,12.0
L02045,P0058,2025-11-21,5,0,0,0,10.0
L00916,P0072,2025-11-21,1,1,0,0,10.0
L00916,P0174,2025-11-21,2,0,0,0,8.0
L00916,P0187,2025-11-21,3,0,0,0,8.0
L00916,P0200,2025-11-21,4,1,1,0,8.0
L00916,P0071,2025-11-21,5,1,1,1,10.0
L00717,P0059,2025-11-21,1,0,0,0,10.0
L00717,P0091,2025-11-21,2,1,1,0,8.0
L00717,P0203,2025-11-21,3,1,0,0,10.0
L00717,P0037,2025-11-21,4,0,0,0,10.0
L00717,P0156,2025-11-21,5,0,0,0,10.0
L01730,P0040,2025-11-21,1,0,0,0,12.0
L01730,P0010,2025-11-21,2,0,0,0,12.0
L01730,P0075,2025-11-21,3,0,0,0,10.0
L01730,P0195,2025-11-21,4,0,0,0,10.0
L01730,P0033,2025-11-21,5,0,0,0,8.0
L01303,P0184,2025-11-21,1,1,1,0,10.0
L01303,P0092,2025-11-21,2,0,0,0,8.0
L01303,P0078,2025-11-21,3,0,0,0,12.0
L01303,P0152,2025-11-21,4,1,1,1,12.0
L01303,P0017,2025-11-21,5,0,0,0,8.0
L01301,P0120,2025-11-21,1,1,1,0,12.0
L01301,P0050,2025-11-21,2,1,1,0,15.0
L01301,P0194,2025-11-21,3,0,0,0,12.0
L01301,P0138,2025-11-21,4,0,0,0,8.0
L01301,P0104,2025-11-21,5,1,1,0,8.0
L00578,P0029,2025-11-21,1,0,0,0,12.0
L00578,P0070,2025-11-21,2,0,0,0,10.0
L00578,P0175,2025-11-21,3,0,0,0,8.0
L00578,P0173,2025-11-21,4,0,0,0,8.0
L00578,P0049,2025-11-21,5,1,1,0,8.0
L01923,P0066,2025-11-21,1,0,0,0,12.0
L01923,P0212,2025-11-21,2,0,0,0,10.0
L01923,P0052,2025-11-21,3,1,1,1,15.0
L01923,P0020,2025-11-21,4,1,0,0,8.0
L01923,P0011,2025-11-21,5,0,0,0,12.0
L01708,P0058,2025-11-21,1,0,0,0,8.0
L01708,P0074,2025-11-21,2,0,0,0,10.0
L01708,P0104,2025-11-21,3,1,0,0,10.0
L01708,P0135,2025-11-21,4,1,1,0,8.0
L01708,P0105,2025-11-21,5,0,0,0,8.0
L00415,P0215,2025-11-21,1,0,0,0,8.0
L00415,P0123,2025-11-21,2,1,1,1,12.0
L00415,P0183,2025-11-21,3,1,1,0,10.0
L00415,P0005,2025-11-21,4,0,0,0,10.0
L00415,P0083,2025-11-21,5,0,0,0,12.0
L00450,P0044,2025-11-21,1,0,0,0,12.0
L00450,P0116,2025-11-21,2,0,0,0,12.0
L00450,P0147,2025-11-21,3,0,0,0,8.0
L00450,P0081,2025-11-21,4,0,0,0,10.0
L00450,P0020,2025-11-21,5,1,1,0,12.0
L01278,P0195,2025-11-21,1,1,1,0,10.0
L01278,P0188,2025-11-21,2,1,1,1,12.0
L01278,P0010,2025-11-21,3,0,0,0,15.0
L01278,P0040,2025-11-21,4,0,0,0,12.0
L01278,P0016,2025-11-21,5,0,0,0,10.0
L01446,P0181,2025-11-21,1,1,1,0,15.0
L01446,P0062,2025-11-21,2,1,1,1,8.0
L01446,P0153,2025-11-21,3,0,0,0,15.0
L01446,P0068,2025-11-21,4,0,0,0,15.0
L01446,P0029,2025-11-21,5,0,0,0,12.0
L01048,P0187,2025-11-21,1,0,0,0,12.0
L01048,P0174,2025-11-21,2,1,1,0,15.0
L01048,P0200,2025-11-21,3,0,0,0,8.0
L01048,P0033,2025-11-21,4,1,1,1,12.0
L01048,P0072,2025-11-21,5,1,0,0,12.0
L01407,P0113,2025-11-21,1,1,1,0,15.0
L01407,P0107,2025-11-21,2,0,0,0,15.0
L01407,P0012,2025-11-21,3,0,0,0,8.0
L01407,P0060,2025-11-21,4,0,0,0,12.0
L01407,P0027,2025-11-21,5,1,1,1,8.0
L01869,P0164,2025-11-21,1,0,0,0,8.0
L01869,P0066,2025-11-21,2,1,0,0,12.0
L01869,P0096,2025-11-21,3,1,1,0,12.0
L01869,P0020,2025-11-21,4,0,0,0,15.0
L01869,P0023,2025-11-21,5,0,0,0,15.0
L01723,P0184,2025-11-21,1,1,1,0,12.0
L01723,P0150,2025-11-21,2,1,1,1,12.0
L01723,P0152,2025-11-21,3,0,0,0,10.0
L01723,P0051,2025-11-21,4,0,0,0,15.0
L01723,P0017,2025-11-21,5,0,0,0,15.0
L00140,P0128,2025-11-21,1,1,1,1,10.0
L00140,P0205,2025-11-21,2,0,0,0,10.0
L00140,P0086,2025-11-21,3,0,0,0,12.0
L00140,P0147,2025-11-21,4,1,0,0,8.0
L00140,P0056,2025-11-21,5,1,1,1,12.0
L02327,P0189,2025-11-22,1,1,1,0,10.0
L02327,P0019,2025-11-22,2,0,0,0,10.0
L02327,P0143,2025-11-22,3,0,0,0,15.0
L02327,P0065,2025-11-22,4,1,1,0,12.0
L02327,P0135,2025-11-22,5,0,0,0,8.0
L02907,P0043,2025-11-22,1,0,0,0,10.0
L02907,P0214,2025-11-22,2,1,0,0,12.0
L02907,P0173,2025-11-22,3,0,0,0,10.0
L02907,P0175,2025-11-22,4,0,0,0,10.0
L02907,P0104,2025-11-22,5,1,1,0,12.0
L02148,P0081,2025-11-22,1,1,1,1,12.0
L02148,P0103,2025-11-22,2,0,0,0,8.0
L02148,P0196,2025-11-22,3,0,0,0,12.0
L02148,P0086,2025-11-22,4,1,1,1,12.0
L02148,P0044,2025-11-22,5,0,0,0,15.0
L00064,P0148,2025-11-22,1,1,0,0,12.0
L00064,P0143,2025-11-22,2,1,1,0,15.0
L00064,P0189,2025-11-22,3,0,0,0,10.0
L00064,P0097,2025-11-22,4,1,1,0,8.0
L00064,P0135,2025-11-22,5,0,0,0,15.0
L02347,P0183,2025-11-22,1,1,0,0,10.0
L02347,P0192,2025-11-22,2,1,1,1,15.0
L02347,P0138,2025-11-22,3,0,0,0,10.0
L02347,P0124,2025-11-22,4,0,0,0,10.0
L02347,P0081,2025-11-22,5,0,0,0,15.0
L01965,P0203,2025-11-22,1,1,0,0,10.0
L01965,P0037,2025-11-22,2,1,1,1,8.0
L01965,P0084,2025-11-22,3,0,0,0,15.0
L01965,P0059,2025-11-22,4,1,1,1,10.0
L01965,P0156,2025-11-22,5,0,0,0,12.0
L02884,P0188,2025-11-22,1,0,0,0,15.0
L02884,P0126,2025-11-22,2,0,0,0,12.0
L02884,P0117,2025-11-22,3,1,0,0,12.0
L02884,P0040,2025-11-22,4,0,0,0,8.0
L02884,P0016,2025-11-22,5,1,1,0,8.0
L02562,P0014,2025-11-22,1,1,0,0,12.0
L02562,P0066,2025-11-22,2,1,1,0,10.0
L02562,P0067,2025-11-22,3,1,1,1,10.0
L02562,P0085,2025-11-22,4,0,0,0,8.0
L02562,P0028,2025-11-22,5,0,0,0,15.0
L00200,P0028,2025-11-22,1,0,0,0,15.0
L00200,P0041,2025-11-22,2,0,0,0,12.0
L00200,P0066,2025-11-22,3,1,0,0,15.0
L00200,P0056,2025-11-22,4,1,1,1,15.0
L00200,P0044,2025-11-22,5,1,1,0,8.0
L02975,P0002,2025-11-22,1,1,1,0,10.0
L02975,P0111,2025-11-22,2,1,1,0,12.0
L02975,P0008,2025-11-22,3,0,0,0,10.0
L02975,P0036,2025-11-22,4,1,1,1,15.0
L02975,P0041,2025-11-22,5,1,1,0,15.0
L00454,P0063,2025-11-22,1,0,0,0,8.0
L00454,P0014,2025-11-22,2,0,0,0,15.0
L00454,P0085,2025-11-22,3,0,0,0,12.0
L00454,P0164,2025-11-22,4,1,0,0,12.0
L00454,P0028,2025-11-22,5,0,0,0,12.0
L01784,P0003,2025-11-22,1,0,0,0,10.0
L01784,P0123,2025-11-22,2,0,0,0,15.0
L01784,P0001,2025-11-22,3,1,1,0,10.0
L01784,P0183,2025-11-22,4,0,0,0,10.0
L01784,P0124,2025-11-22,5,0,0,0,10.0
L00320,P0025,2025-11-22,1,0,0,0,10.0
L00320,P0183,2025-11-22,2,1,1,0,10.0
L00320,P0138,2025-11-22,3,0,0,0,10.0
L00320,P0103,2025-11-22,4,1,1,0,15.0
L00320,P0086,2025-11-22,5,0,0,0,10.0
L02782,P0095,2025-11-22,1,1,0,0,15.0
L02782,P0046,2025-11-22,2,0,0,0,12.0
L02782,P0035,2025-11-22,3,0,0,0,15.0
L02782,P0118,2025-11-22,4,0,0,0,15.0
L02782,P0168,2025-11-22,5,0,0,0,15.0
L02352,P0172,2025-11-22,1,1,1,0,12.0
L02352,P0118,2025-11-22,2,1,1,0,10.0
L02352,P0073,2025-11-22,3,1,1,1,12.0
L02352,P0202,2025-11-22,4,1,1,1,10.0
L02352,P0145,2025-11-22,5,1,1,1,15.0
L01915,P0138,2025-11-22,1,0,0,0,15.0
L01915,P0183,2025-11-22,2,1,1,0,10.0
L01915,P0108,2025-11-22,3,1,1,1,12.0
L01915,P0192,2025-11-22,4,0,0,0,15.0
L01915,P0120,2025-11-22,5,0,0,0,12.0
L00144,P0154,2025-11-22,1,0,0,0,10.0
L00144,P0053,2025-11-22,2,0,0,0,12.0
L00144,P0087,2025-11-22,3,1,1,1,15.0
L00144,P0158,2025-11-22,4,0,0,0,10.0
L00144,P0021,2025-11-22,5,1,1,0,8.0
L01288,P0036,2025-11-22,1,0,0,0,10.0
L01288,P0167,2025-11-22,2,0,0,0,12.0
L01288,P0111,2025-11-22,3,1,0,0,12.0
L01288,P0094,2025-11-22,4,0,0,0,10.0
L01288,P0002,2025-11-22,5,1,1,0,10.0
L01922,P0139,2025-11-22,1,1,1,1,15.0
L01922,P0025,2025-11-22,2,1,1,0,12.0
L01922,P0050,2025-11-22,3,0,0,0,12.0
L01922,P0194,2025-11-22,4,0,0,0,10.0
L01922,P0004,2025-11-22,5,0,0,0,12.0
L02883,P0172,2025-11-22,1,1,1,0,12.0
L02883,P0118,2025-11-22,2,1,1,1,8.0
L02883,P0073,2025-11-22,3,1,0,0,8.0
L02883,P0018,2025-11-22,4,1,1,0,8.0
L02883,P0035,2025-11-22,5,1,1,0,15.0
L01696,P0213,2025-11-22,1,0,0,0,15.0
L01696,P0079,2025-11-22,2,1,1,0,12.0
L01696,P0035,2025-11-22,3,1,1,0,12.0
L01696,P0202,2025-11-22,4,0,0,0,8.0
L01696,P0118,2025-11-22,5,1,1,0,8.0
L01282,P0062,2025-11-22,1,1,1,0,15.0
L01282,P0181,2025-11-22,2,0,0,0,15.0
L01282,P0106,2025-11-22,3,1,1,0,8.0
L01282,P0029,2025-11-22,4,1,1,1,10.0
L01282,P0070,2025-11-22,5,0,0,0,12.0
L02440,P0186,2025-11-23,1,1,1,0,15.0
L02440,P0124,2025-11-23,2,0,0,0,12.0
L02440,P0120,2025-11-23,3,0,0,0,8.0
L02440,P0025,2025-11-23,4,1,1,0,12.0
L02440,P0032,2025-11-23,5,0,0,0,8.0
L02683,P0030,2025-11-23,1,1,1,0,8.0
L02683,P0129,2025-11-23,2,1,1,0,15.0
L02683,P0174,2025-11-23,3,1,1,0,12.0
L02683,P0037,2025-11-23,4,1,0,0,15.0
L02683,P0059,2025-11-23,5,0,0,0,10.0
L00692,P0161,2025-11-23,1,1,0,0,15.0
L00692,P0185,2025-11-23,2,0,0,0,10.0
L00692,P0046,2025-11-23,3,0,0,0,10.0
L00692,P0019,2025-11-23,4,0,0,0,12.0
L00692,P0035,2025-11-23,5,0,0,0,12.0
L02307,P0127,2025-11-23,1,0,0,0,15.0
L02307,P0204,2025-11-23,2,1,1,0,10.0
L02307,P0197,2025-11-23,3,1,1,0,15.0
L02307,P0171,2025-11-23,4,0,0,0,10.0
L02307,P0114,2025-11-23,5,0,0,0,8.0
L01453,P0120,2025-11-23,1,1,1,0,8.0
L01453,P0007,2025-11-23,2,0,0,0,8.0
L01453,P0108,2025-11-23,3,0,0,0,8.0
L01453,P0138,2025-11-23,4,0,0,0,15.0
L01453,P0124,2025-11-23,5,0,0,0,10.0
L00278,P0111,2025-11-23,1,1,1,0,8.0
L00278,P0094,2025-11-23,2,1,1,1,8.0
L00278,P0140,2025-11-23,3,0,0,0,15.0
L00278,P0008,2025-11-23,4,1,0,0,15.0
L00278,P0028,2025-11-23,5,1,0,0,15.0
L02674,P0029,2025-11-23,1,1,1,0,15.0
L02674,P0070,2025-11-23,2,1,0,0,15.0
L02674,P0181,2025-11-23,3,1,1,1,12.0
L02674,P0110,2025-11-23,4,0,0,0,15.0
L02674,P0043,2025-11-23,5,0,0,0,15.0
L00379,P0181,2025-11-23,1,0,0,0,12.0
L00379,P0062,2025-11-23,2,1,1,0,12.0
L00379,P0000,2025-11-23,3,1,1,0,10.0
L00379,P0068,2025-11-23,4,0,0,0,8.0
L00379,P0029,2025-11-23,5,0,0,0,15.0
L01955,P0190,2025-11-23,1,1,0,0,12.0
L01955,P0162,2025-11-23,2,1,1,0,15.0
L01955,P0121,2025-11-23,3,1,0,0,10.0
L01955,P0182,2025-11-23,4,0,0,0,15.0
L01955,P0013,2025-11-23,5,1,1,0,10.0
L02254,P0055,2025-11-23,1,0,0,0,10.0
L02254,P0167,2025-11-23,2,0,0,0,12.0
L02254,P0092,2025-11-23,3,1,0,0,8.0
L02254,P0021,2025-11-23,4,0,0,0,10.0
L02254,P0150,2025-11-23,5,0,0,0,12.0
L02593,P0134,2025-11-23,1,0,0,0,8.0
L02593,P0159,2025-11-23,2,0,0,0,12.0
L02593,P0112,2025-11-23,3,0,0,0,8.0
L02593,P0195,2025-11-23,4,0,0,0,10.0
L02593,P0089,2025-11-23,5,0,0,0,8.0
L00954,P0119,2025-11-23,1,0,0,0,12.0
L00954,P0003,2025-11-23,2,0,0,0,15.0
L00954,P0001,2025-11-23,3,0,0,0,10.0
L00954,P0057,2025-11-23,4,1,1,0,12.0
L00954,P0030,2025-11-23,5,1,1,0,12.0
L02255,P0035,2025-11-23,1,0,0,0,15.0
L02255,P0018,2025-11-23,2,0,0,0,8.0
L02255,P0118,2025-11-23,3,1,1,0,15.0
L02255,P0213,2025-11-23,4,0,0,0,10.0
L02255,P0031,2025-11-23,5,0,0,0,15.0
L02623,P0135,2025-11-23,1,1,1,0,12.0
L02623,P0035,2025-11-23,2,1,1,0,15.0
L02623,P0058,2025-11-23,3,0,0,0,10.0
L02623,P0074,2025-11-23,4,1,1,0,12.0
L02623,P0018,2025-11-23,5,0,0,0,8.0
L02315,P0158,2025-11-23,1,1,1,0,15.0
L02315,P0094,2025-11-23,2,1,1,0,10.0
L02315,P0140,2025-11-23,3,0,0,0,8.0
L02315,P0028,2025-11-23,4,1,1,0,15.0
L02315,P0020,2025-11-23,5,1,1,1,15.0
L02044,P0039,2025-11-23,1,1,0,0,15.0
L02044,P0176,2025-11-23,2,0,0,0,12.0
L02044,P0101,2025-11-23,3,1,1,1,12.0
L02044,P0021,2025-11-23,4,0,0,0,15.0
L02044,P0051,2025-11-23,5,0,0,0,12.0
L00538,P0184,2025-11-23,1,1,1,0,12.0
L00538,P0218,2025-11-23,2,1,1,0,15.0
L00538,P0021,2025-11-23,3,0,0,0,12.0
L00538,P0092,2025-11-23,4,1,1,0,15.0
L00538,P0017,2025-11-23,5,0,0,0,15.0
L02046,P0001,2025-11-23,1,0,0,0,10.0
L02046,P0215,2025-11-23,2,1,1,0,8.0
L02046,P0119,2025-11-23,3,1,1,0,10.0
L02046,P0174,2025-11-23,4,1,0,0,8.0
L02046,P0005,2025-11-23,5,0,0,0,15.0
L01584,P0187,2025-11-23,1,1,1,0,10.0
L01584,P0200,2025-11-23,2,1,1,0,15.0
L01584,P0206,2025-11-23,3,0,0,0,8.0
L01584,P0071,2025-11-23,4,1,1,0,15.0
L01584,P0027,2025-11-23,5,0,0,0,15.0
L01719,P0193,2025-11-23,1,0,0,0,8.0
L01719,P0111,2025-11-23,2,0,0,0,10.0
L01719,P0131,2025-11-23,3,0,0,0,15.0
L01719,P0158,2025-11-23,4,0,0,0,15.0
L01719,P0008,2025-11-23,5,0,0,0,8.0
L01170,P0108,2025-11-23,1,0,0,0,8.0
L01170,P0007,2025-11-23,2,1,1,1,10.0
L01170,P0124,2025-11-23,3,0,0,0,12.0
L01170,P0138,2025-11-23,4,0,0,0,12.0
L01170,P0006,2025-11-23,5,0,0,0,12.0
L02633,P0071,2025-11-23,1,0,0,0,10.0
L02633,P0174,2025-11-23,2,1,1,1,10.0
L02633,P0206,2025-11-23,3,0,0,0,12.0
L02633,P0077,2025-11-23,4,1,1,0,8.0
L02633,P0027,2025-11-23,5,1,1,0,8.0
L01000,P0148,2025-11-24,1,1,1,0,10.0
L01000,P0181,2025-11-24,2,0,0,0,10.0
L01000,P0000,2025-11-24,3,1,1,1,12.0
L01000,P0143,2025-11-24,4,0,0,0,15.0
L01000,P0062,2025-11-24,5,0,0,0,15.0
L02794,P0029,2025-11-24,1,0,0,0,12.0
L02794,P0181,2025-11-24,2,0,0,0,15.0
L02794,P0062,2025-11-24,3,1,1,0,12.0
L02794,P0173,2025-11-24,4,0,0,0,10.0
L02794,P0110,2025-11-24,5,0,0,0,8.0
L01069,P0028,2025-11-24,1,0,0,0,10.0
L01069,P0149,2025-11-24,2,0,0,0,15.0
L01069,P0085,2025-11-24,3,0,0,0,10.0
L01069,P0014,2025-11-24,4,1,0,0,10.0
L01069,P0164,2025-11-24,5,1,1,1,15.0
L01882,P0026,2025-11-24,1,1,1,0,15.0
L01882,P0001,2025-11-24,2,0,0,0,10.0
L01882,P0215,2025-11-24,3,1,1,0,15.0
L01882,P0187,2025-11-24,4,0,0,0,12.0
L01882,P0010,2025-11-24,5,0,0,0,10.0
L00394,P0112,2025-11-24,1,1,1,0,10.0
L00394,P0209,2025-11-24,2,0,0,0,8.0
L00394,P0083,2025-11-24,3,0,0,0,15.0
L00394,P0010,2025-11-24,4,0,0,0,15.0
L00394,P0219,2025-11-24,5,0,0,0,15.0
L01374,P0061,2025-11-24,1,0,0,0,15.0
L01374,P0050,2025-11-24,2,1,1,0,8.0
L01374,P0194,2025-11-24,3,0,0,0,12.0
L01374,P0138,2025-11-24,4,0,0,0,10.0
L01374,P0186,2025-11-24,5,1,1,1,10.0
L00605,P0068,2025-11-24,1,0,0,0,10.0
L00605,P0189,2025-11-24,2,0,0,0,10.0
L00605,P0000,2025-11-24,3,0,0,0,12.0
L00605,P0062,2025-11-24,4,0,0,0,8.0
L00605,P0143,2025-11-24,5,0,0,0,12.0
L01321,P0107,2025-11-24,1,1,1,0,8.0
L01321,P0113,2025-11-24,2,0,0,0,10.0
L01321,P0012,2025-11-24,3,0,0,0,10.0
L01321,P0072,2025-11-24,4,1,1,0,12.0
L01321,P0027,2025-11-24,5,1,1,1,8.0
L01309,P0070,2025-11-24,1,0,0,0,8.0
L01309,P0181,2025-11-24,2,1,1,0,10.0
L01309,P0049,2025-11-24,3,1,1,1,10.0
L01309,P0110,2025-11-24,4,1,1,0,10.0
L01309,P0043,2025-11-24,5,1,1,0,10.0
L02362,P0032,2025-11-24,1,0,0,0,10.0
L02362,P0139,2025-11-24,2,0,0,0,10.0
L02362,P0025,2025-11-24,3,1,1,1,8.0
L02362,P0050,2025-11-24,4,1,1,1,12.0
L02362,P0186,2025-11-24,5,0,0,0,15.0
L02940,P0151,2025-11-24,1,0,0,0,15.0
L02940,P0176,2025-11-24,2,1,1,1,8.0
L02940,P0039,2025-11-24,3,0,0,0,10.0
L02940,P0177,2025-11-24,4,1,1,1,15.0
L02940,P0051,2025-11-24,5,1,0,0,8.0
L01281,P0113,2025-11-24,1,0,0,0,12.0
L01281,P0048,2025-11-24,2,0,0,0,8.0
L01281,P0009,2025-11-24,3,1,1,0,8.0
L01281,P0033,2025-11-24,4,0,0,0,12.0
L01281,P0198,2025-11-24,5,0,0,0,15.0
L01348,P0194,2025-11-24,1,0,0,0,10.0
L01348,P0124,2025-11-24,2,0,0,0,8.0
L01348,P0120,2025-11-24,3,1,1,0,12.0
L01348,P0061,2025-11-24,4,0,0,0,10.0
L01348,P0100,2025-11-24,5,1,1,0,10.0
L01646,P0192,2025-11-24,1,1,1,0,15.0
L01646,P0199,2025-11-24,2,0,0,0,10.0
L01646,P0025,2025-11-24,3,1,1,0,10.0
L01646,P0086,2025-11-24,4,0,0,0,15.0
L01646,P0081,2025-11-24,5,1,1,0,8.0
L00655,P0188,2025-11-24,1,1,1,0,10.0
L00655,P0126,2025-11-24,2,1,1,0,8.0
L00655,P0040,2025-11-24,3,0,0,0,10.0
L00655,P0075,2025-11-24,4,0,0,0,12.0
L00655,P0109,2025-11-24,5,1,1,0,12.0
L01424,P0090,2025-11-24,1,0,0,0,8.0
L01424,P0138,2025-11-24,2,0,0,0,8.0
L01424,P0124,2025-11-24,3,0,0,0,10.0
L01424,P0081,2025-11-24,4,0,0,0,12.0
L01424,P0086,2025-11-24,5,0,0,0,8.0
L02382,P0195,2025-11-24,1,0,0,0,10.0
L02382,P0209,2025-11-24,2,0,0,0,15.0
L02382,P0112,2025-11-24,3,1,1,0,8.0
L02382,P0047,2025-11-24,4,0,0,0,12.0
L02382,P0083,2025-11-24,5,0,0,0,10.0
L00543,P0050,2025-11-24,1,1,1,0,8.0
L00543,P0124,2025-11-24,2,1,1,0,12.0
L00543,P0138,2025-11-24,3,1,1,1,12.0
L00543,P0025,2025-11-24,4,1,1,1,12.0
L00543,P0061,2025-11-24,5,0,0,0,8.0
L02425,P0030,2025-11-24,1,0,0,0,10.0
L02425,P0089,2025-11-24,2,0,0,0,12.0
L02425,P0206,2025-11-24,3,1,1,1,15.0
L02425,P0071,2025-11-24,4,1,0,0,10.0
L02425,P0200,2025-11-24,5,0,0,0,15.0
L02987,P0148,2025-11-24,1,1,1,0,8.0
L02987,P0189,2025-11-24,2,1,1,0,10.0
L02987,P0007,2025-11-24,3,0,0,0,8.0
L02987,P0093,2025-11-24,4,1,1,0,10.0
L02987,P0090,2025-11-24,5,0,0,0,12.0
L00768,P0049,2025-11-24,1,1,0,0,8.0
L00768,P0135,2025-11-24,2,0,0,0,15.0
L00768,P0031,2025-11-24,3,1,1,1,8.0
L00768,P0110,2025-11-24,4,0,0,0,12.0
L00768,P0073,2025-11-24,5,0,0,0,10.0
L02047,P0063,2025-11-25,1,1,0,0,8.0
L02047,P0067,2025-11-25,2,0,0,0,10.0
L02047,P0164,2025-11-25,3,0,0,0,12.0
L02047,P0115,2025-11-25,4,0,0,0,12.0
L02047,P0028,2025-11-25,5,0,0,0,8.0
L00547,P0037,2025-11-25,1,0,0,0,12.0
L00547,P0156,2025-11-25,2,0,0,0,8.0
L00547,P0030,2025-11-25,3,0,0,0,8.0
L00547,P0129,2025-11-25,4,1,1,0,8.0
L00547,P0119,2025-11-25,5,0,0,0,15.0
L02868,P0026,2025-11-25,1,0,0,0,8.0
L02868,P0215,2025-11-25,2,0,0,0,12.0
L02868,P0003,2025-11-25,3,0,0,0,10.0
L02868,P0083,2025-11-25,4,0,0,0,8.0
L02868,P0010,2025-11-25,5,0,0,0,12.0
L00800,P0033,2025-11-25,1,1,0,0,12.0
L00800,P0211,2025-11-25,2,1,1,1,12.0
L00800,P0077,2025-11-25,3,1,1,1,10.0
L00800,P0200,2025-11-25,4,1,1,0,15.0
L00800,P0071,2025-11-25,5,0,0,0,8.0
L00321,P0219,2025-11-25,1,1,1,0,15.0
L00321,P0207,2025-11-25,2,0,0,0,8.0
L00321,P0209,2025-11-25,3,0,0,0,12.0
L00321,P0195,2025-11-25,4,0,0,0,8.0
L00321,P0112,2025-11-25,5,0,0,0,8.0
L01375,P0195,2025-11-25,1,1,1,1,8.0
L01375,P0126,2025-11-25,2,1,1,0,12.0
L01375,P0040,2025-11-25,3,0,0,0,10.0
L01375,P0075,2025-11-25,4,0,0,0,8.0
L01375,P0016,2025-11-25,5,0,0,0,12.0
L00069,P0101,2025-11-25,1,1,1,1,12.0
L00069,P0038,2025-11-25,2,0,0,0,10.0
L00069,P0140,2025-11-25,3,0,0,0,10.0
L00069,P0193,2025-11-25,4,0,0,0,10.0
L00069,P0111,2025-11-25,5,1,0,0,8.0
L01851,P0171,2025-11-25,1,1,1,0,12.0
L01851,P0197,2025-11-25,2,0,0,0,10.0
L01851,P0173,2025-11-25,3,1,1,0,10.0
L01851,P0058,2025-11-25,4,1,1,0,8.0
L01851,P0104,2025-11-25,5,0,0,0,10.0
L02003,P0187,2025-11-25,1,1,1,1,8.0
L02003,P0200,2025-11-25,2,0,0,0,15.0
L02003,P0071,2025-11-25,3,0,0,0,8.0
L02003,P0198,2025-11-25,4,0,0,0,10.0
L02003,P0027,2025-11-25,5,1,1,0,15.0
L00631,P0212,2025-11-25,1,1,1,0,12.0
L00631,P0164,2025-11-25,2,1,1,1,15.0
L00631,P0133,2025-11-25,3,0,0,0,15.0
L00631,P0066,2025-11-25,4,1,1,0,12.0
L00631,P0020,2025-11-25,5,0,0,0,8.0
L00664,P0159,2025-11-25,1,0,0,0,15.0
L00664,P0134,2025-11-25,2,0,0,0,12.0
L00664,P0112,2025-11-25,3,0,0,0,8.0
L00664,P0195,2025-11-25,4,1,0,0,12.0
L00664,P0034,2025-11-25,5,0,0,0,12.0
L02077,P0091,2025-11-25,1,1,1,0,15.0
L02077,P0216,2025-11-25,2,1,0,0,10.0
L02077,P0155,2025-11-25,3,0,0,0,8.0
L02077,P0165,2025-11-25,4,0,0,0,10.0
L02077,P0030,2025-11-25,5,0,0,0,10.0
L01733,P0187,2025-11-25,1,1,1,0,8.0
L01733,P0174,2025-11-25,2,0,0,0,8.0
L01733,P0123,2025-11-25,3,0,0,0,10.0
L01733,P0003,2025-11-25,4,0,0,0,15.0
L01733,P0030,2025-11-25,5,0,0,0,8.0
L02823,P0215,2025-11-25,1,1,1,0,10.0
L02823,P0001,2025-11-25,2,1,1,0,10.0
L02823,P0026,2025-11-25,3,1,1,1,12.0
L02823,P0183,2025-11-25,4,0,0,0,12.0
L02823,P0010,2025-11-25,5,0,0,0,8.0
L02278,P0104,2025-11-25,1,1,1,1,10.0
L02278,P0105,2025-11-25,2,1,0,0,12.0
L02278,P0173,2025-11-25,3,0,0,0,15.0
L02278,P0074,2025-11-25,4,1,1,0,10.0
L02278,P0100,2025-11-25,5,0,0,0,12.0
L02172,P0105,2025-11-25,1,1,0,0,8.0
L02172,P0173,2025-11-25,2,0,0,0,10.0
L02172,P0074,2025-11-25,3,0,0,0,15.0
L02172,P0058,2025-11-25,4,0,0,0,8.0
L02172,P0049,2025-11-25,5,0,0,0,8.0
L00721,P0194,2025-11-25,1,1,1,0,8.0
L00721,P0050,2025-11-25,2,1,1,1,12.0
L00721,P0186,2025-11-25,3,1,0,0,8.0
L00721,P0032,2025-11-25,4,1,1,0,10.0
L00721,P0120,2025-11-25,5,1,1,0,8.0
L01881,P0079,2025-11-25,1,1,0,0,12.0
L01881,P0145,2025-11-25,2,1,1,0,8.0
L01881,P0202,2025-11-25,3,0,0,0,15.0
L01881,P0172,2025-11-25,4,1,1,1,12.0
L01881,P0118,2025-11-25,5,0,0,0,10.0
L01524,P0032,2025-11-25,1,1,1,0,12.0
L01524,P0192,2025-11-25,2,0,0,0,8.0
L01524,P0194,2025-11-25,3,0,0,0,12.0
L01524,P0124,2025-11-25,4,0,0,0,8.0
L01524,P0138,2025-11-25,5,0,0,0,12.0
L02768,P0079,2025-11-25,1,0,0,0,8.0
L02768,P0118,2025-11-25,2,0,0,0,10.0
L02768,P0202,2025-11-25,3,0,0,0,10.0
L02768,P0073,2025-11-25,4,0,0,0,10.0
L02768,P0035,2025-11-25,5,1,1,0,10.0
L02762,P0093,2025-11-25,1,1,1,0,8.0
L02762,P0090,2025-11-25,2,0,0,0,12.0
L02762,P0108,2025-11-25,3,0,0,0,10.0
L02762,P0138,2025-11-25,4,0,0,0,8.0
L02762,P0081,2025-11-25,5,0,0,0,8.0
L01657,P0110,2025-11-25,1,1,0,0,8.0
L01657,P0135,2025-11-25,2,1,1,0,15.0
L01657,P0019,2025-11-25,3,0,0,0,15.0
L01657,P0074,2025-11-25,4,1,1,0,15.0
L01657,P0035,2025-11-25,5,0,0,0,8.0
L01110,P0177,2025-11-25,1,1,0,0,8.0
L01110,P0176,2025-11-25,2,0,0,0,10.0
L01110,P0101,2025-11-25,3,0,0,0,8.0
L01110,P0151,2025-11-25,4,0,0,0,8.0
L01110,P0088,2025-11-25,5,1,0,0,8.0
L00465,P0068,2025-11-25,1,1,0,0,12.0
L00465,P0000,2025-11-25,2,1,1,0,12.0
L00465,P0143,2025-11-25,3,0,0,0,8.0
L00465,P0153,2025-11-25,4,0,0,0,12.0
L00465,P0148,2025-11-25,5,0,0,0,15.0
L02028,P0124,2025-11-26,1,0,0,0,12.0
L02028,P0138,2025-11-26,2,1,1,0,15.0
L02028,P0007,2025-11-26,3,1,1,0,10.0
L02028,P0108,2025-11-26,4,0,0,0,12.0
L02028,P0093,2025-11-26,5,1,1,0,12.0
L01652,P0045,2025-11-26,1,0,0,0,12.0
L01652,P0016,2025-11-26,2,1,1,0,12.0
L01652,P0134,2025-11-26,3,0,0,0,10.0
L01652,P0112,2025-11-26,4,0,0,0,12.0
L01652,P0089,2025-11-26,5,0,0,0,8.0
L01799,P0175,2025-11-26,1,1,1,1,8.0
L01799,P0029,2025-11-26,2,0,0,0,12.0
L01799,P0173,2025-11-26,3,1,1,0,10.0
L01799,P0062,2025-11-26,4,0,0,0,12.0
L01799,P0049,2025-11-26,5,0,0,0,10.0
L00623,P0186,2025-11-26,1,1,1,0,15.0
L00623,P0050,2025-11-26,2,1,1,0,10.0
L00623,P0138,2025-11-26,3,1,0,0,10.0
L00623,P0124,2025-11-26,4,1,1,0,12.0
L00623,P0105,2025-11-26,5,1,0,0,8.0
L00468,P0131,2025-11-26,1,1,1,1,12.0
L00468,P0036,2025-11-26,2,1,1,1,12.0
L00468,P0167,2025-11-26,3,0,0,0,12.0
L00468,P0002,2025-11-26,4,1,1,1,12.0
L00468,P0140,2025-11-26,5,0,0,0,8.0
L02642,P0036,2025-11-26,1,1,1,0,15.0
L02642,P0167,2025-11-26,2,0,0,0,10.0
L02642,P0094,2025-11-26,3,0,0,0,12.0
L02642,P0111,2025-11-26,4,1,1,0,10.0
L02642,P0158,2025-11-26,5,1,0,0,12.0
L01970,P0186,2025-11-26,1,0,0,0,10.0
L01970,P0050,2025-11-26,2,0,0,0,15.0
L01970,P0138,2025-11-26,3,0,0,0,8.0
L01970,P0194,2025-11-26,4,0,0,0,15.0
L01970,P0004,2025-11-26,5,0,0,0,8.0
L00997,P0131,2025-11-26,1,0,0,0,12.0
L00997,P0111,2025-11-26,2,0,0,0,15.0
L00997,P0002,2025-11-26,3,0,0,0,12.0
L00997,P0140,2025-11-26,4,1,0,0,15.0
L00997,P0193,2025-11-26,5,0,0,0,12.0
L00710,P0007,2025-11-26,1,1,0,0,8.0
L00710,P0108,2025-11-26,2,0,0,0,10.0
L00710,P0124,2025-11-26,3,0,0,0,10.0
L00710,P0006,2025-11-26,4,0,0,0,10.0
L00710,P0086,2025-11-26,5,0,0,0,15.0
L01419,P0016,2025-11-26,1,0,0,0,8.0
L01419,P0045,2025-11-26,2,0,0,0,15.0
L01419,P0122,2025-11-26,3,0,0,0,15.0
L01419,P0159,2025-11-26,4,0,0,0,15.0
L01419,P0195,2025-11-26,5,1,1,0,10.0
L00408,P0088,2025-11-26,1,1,1,1,12.0
L00408,P0055,2025-11-26,2,1,1,0,8.0
L00408,P0021,2025-11-26,3,0,0,0,15.0
L00408,P0078,2025-11-26,4,1,1,0,15.0
L00408,P0152,2025-11-26,5,1,1,0,8.0
L02564,P0073,2025-11-26,1,1,1,0,8.0
L02564,P0202,2025-11-26,2,0,0,0,15.0
L02564,P0018,2025-11-26,3,0,0,0,15.0
L02564,P0118,2025-11-26,4,0,0,0,15.0
L02564,P0031,2025-11-26,5,1,0,0,10.0
L01391,P0074,2025-11-26,1,1,1,0,8.0
L01391,P0110,2025-11-26,2,1,1,1,15.0
L01391,P0049,2025-11-26,3,1,1,0,10.0
L01391,P0031,2025-11-26,4,1,1,1,8.0
L01391,P0104,2025-11-26,5,0,0,0,12.0
L02346,P0115,2025-11-26,1,0,0,0,8.0
L02346,P0041,2025-11-26,2,1,0,0,12.0
L02346,P0044,2025-11-26,3,1,1,1,12.0
L02346,P0056,2025-11-26,4,1,0,0,8.0
L02346,P0063,2025-11-26,5,0,0,0,15.0
L01630,P0059,2025-11-26,1,0,0,0,8.0
L01630,P0203,2025-11-26,2,0,0,0,8.0
L01630,P0156,2025-11-26,3,0,0,0,15.0
L01630,P0030,2025-11-26,4,1,0,0,8.0
L01630,P0119,2025-11-26,5,1,1,0,10.0
L01537,P0074,2025-11-26,1,1,1,0,12.0
L01537,P0110,2025-11-26,2,1,1,1,8.0
L01537,P0104,2025-11-26,3,1,1,1,12.0
L01537,P0135,2025-11-26,4,1,1,0,12.0
L01537,P0031,2025-11-26,5,1,1,1,15.0
L02881,P0166,2025-11-26,1,0,0,0,15.0
L02881,P0030,2025-11-26,2,1,1,0,12.0
L02881,P0187,2025-11-26,3,0,0,0,8.0
L02881,P0200,2025-11-26,4,1,1,0,12.0
L02881,P0174,2025-11-26,5,1,1,0,15.0
L02599,P0132,2025-11-26,1,0,0,0,15.0
L02599,P0013,2025-11-26,2,0,0,0,12.0
L02599,P0182,2025-11-26,3,1,0,0,15.0
L02599,P0190,2025-11-26,4,1,1,0,8.0
L02599,P0121,2025-11-26,5,0,0,0,8.0
L02252,P0067,2025-11-26,1,1,1,0,10.0
L02252,P0063,2025-11-26,2,1,1,0,15.0
L02252,P0028,2025-11-26,3,1,0,0,8.0
L02252,P0020,2025-11-26,4,1,1,1,15.0
L02252,P0115,2025-11-26,5,1,1,0,12.0
L02950,P0180,2025-11-26,1,1,1,1,15.0
L02950,P0010,2025-11-26,2,1,1,0,15.0
L02950,P0195,2025-11-26,3,0,0,0,10.0
L02950,P0209,2025-11-26,4,1,1,0,15.0
L02950,P0026,2025-11-26,5,0,0,0,10.0
L01284,P0213,2025-11-26,1,0,0,0,12.0
L01284,P0145,2025-11-26,2,1,1,1,15.0
L01284,P0079,2025-11-26,3,0,0,0,12.0
L01284,P0035,2025-11-26,4,0,0,0,10.0
L01284,P0202,2025-11-26,5,0,0,0,10.0
L02749,P0171,2025-11-27,1,0,0,0,8.0
L02749,P0043,2025-11-27,2,0,0,0,8.0
L02749,P0201,2025-11-27,3,0,0,0,10.0
L02749,P0173,2025-11-27,4,0,0,0,12.0
L02749,P0104,2025-11-27,5,0,0,0,15.0
L01244,P0019,2025-11-27,1,0,0,0,12.0
L01244,P0110,2025-11-27,2,1,1,0,10.0
L01244,P0031,2025-11-27,3,1,1,0,8.0
L01244,P0135,2025-11-27,4,1,1,0,12.0
L01244,P0104,2025-11-27,5,0,0,0,12.0
L00490,P0211,2025-11-27,1,1,0,0,8.0
L00490,P0027,2025-11-27,2,0,0,0,10.0
L00490,P0187,2025-11-27,3,1,1,1,10.0
L00490,P0200,2025-11-27,4,1,1,0,12.0
L00490,P0174,2025-11-27,5,1,1,1,8.0
L01030,P0103,2025-11-27,1,0,0,0,12.0
L01030,P0081,2025-11-27,2,1,1,0,15.0
L01030,P0205,2025-11-27,3,0,0,0,12.0
L01030,P0116,2025-11-27,4,0,0,0,10.0
L01030,P0147,2025-11-27,5,0,0,0,10.0
L00887,P0043,2025-11-27,1,0,0,0,10.0
L00887,P0197,2025-11-27,2,0,0,0,10.0
L00887,P0173,2025-11-27,3,0,0,0,15.0
L00887,P0175,2025-11-27,4,1,0,0,15.0
L00887,P0104,2025-11-27,5,0,0,0,8.0
L01994,P0174,2025-11-27,1,1,1,1,8.0
L01994,P0187,2025-11-27,2,1,1,0,15.0
L01994,P0026,2025-11-27,3,0,0,0,12.0
L01994,P0123,2025-11-27,4,0,0,0,15.0
L01994,P0001,2025-11-27,5,0,0,0,15.0
L00308,P0062,2025-11-27,1,1,1,0,15.0
L00308,P0181,2025-11-27,2,1,1,1,10.0
L00308,P0175,2025-11-27,3,0,0,0,8.0
L00308,P0029,2025-11-27,4,0,0,0,12.0
L00308,P0106,2025-11-27,5,0,0,0,15.0
L00301,P0197,2025-11-27,1,0,0,0,10.0
L00301,P0201,2025-11-27,2,1,1,0,12.0
L00301,P0058,2025-11-27,3,1,1,0,15.0
L00301,P0173,2025-11-27,4,1,0,0,10.0
L00301,P0104,2025-11-27,5,0,0,0,12.0
L02257,P0127,2025-11-27,1,1,1,1,12.0
L02257,P0042,2025-11-27,2,1,1,1,8.0
L02257,P0197,2025-11-27,3,0,0,0,12.0
L02257,P0058,2025-11-27,4,1,1,1,10.0
L02257,P0019,2025-11-27,5,0,0,0,8.0
L00622,P0032,2025-11-27,1,1,1,0,10.0
L00622,P0139,2025-11-27,2,0,0,0,8.0
L00622,P0138,2025-11-27,3,1,0,0,15.0
L00622,P0124,2025-11-27,4,1,1,1,8.0
L00622,P0004,2025-11-27,5,0,0,0,10.0
L02322,P0119,2025-11-27,1,0,0,0,15.0
L02322,P0123,2025-11-27,2,1,1,0,10.0
L02322,P0003,2025-11-27,3,0,0,0,15.0
L02322,P0026,2025-11-27,4,1,1,1,8.0
L02322,P0057,2025-11-27,5,0,0,0,12.0
L00499,P0027,2025-11-27,1,1,1,0,12.0
L00499,P0211,2025-11-27,2,1,1,0,10.0
L00499,P0071,2025-11-27,3,1,1,1,8.0
L00499,P0200,2025-11-27,4,1,1,1,12.0
L00499,P0077,2025-11-27,5,1,1,1,10.0
L00737,P0133,2025-11-27,1,1,0,0,15.0
L00737,P0096,2025-11-27,2,0,0,0,15.0
L00737,P0066,2025-11-27,3,1,1,0,12.0
L00737,P0011,2025-11-27,4,1,0,0,12.0
L00737,P0020,2025-11-27,5,1,1,0,8.0
L02779,P0130,2025-11-27,1,1,1,0,10.0
L02779,P0137,2025-11-27,2,1,1,0,12.0
L02779,P0213,2025-11-27,3,1,1,1,8.0
L02779,P0095,2025-11-27,4,1,1,0,15.0
L02779,P0118,2025-11-27,5,1,1,0,10.0
L02135,P0069,2025-11-27,1,0,0,0,12.0
L02135,P0024,2025-11-27,2,1,0,0,10.0
L02135,P0091,2025-11-27,3,1,1,0,15.0
L02135,P0216,2025-11-27,4,0,0,0,10.0
L02135,P0030,2025-11-27,5,1,1,0,12.0
L01016,P0134,2025-11-27,1,1,1,0,15.0
L01016,P0159,2025-11-27,2,0,0,0,12.0
L01016,P0122,2025-11-27,3,0,0,0,10.0
L01016,P0112,2025-11-27,4,1,1,0,10.0
L01016,P0188,2025-11-27,5,1,1,0,12.0
L02251,P0036,2025-11-27,1,0,0,0,10.0
L02251,P0008,2025-11-27,2,1,1,0,10.0
L02251,P0111,2025-11-27,3,0,0,0,15.0
L02251,P0140,2025-11-27,4,0,0,0,12.0
L02251,P0002,2025-11-27,5,0,0,0,10.0
L00879,P0181,2025-11-27,1,0,0,0,8.0
L00879,P0062,2025-11-27,2,1,1,0,10.0
L00879,P0070,2025-11-27,3,1,1,0,10.0
L00879,P0175,2025-11-27,4,1,0,0,15.0
L00879,P0029,2025-11-27,5,1,0,0,10.0
L02787,P0069,2025-11-27,1,1,1,1,10.0
L02787,P0015,2025-11-27,2,1,1,0,8.0
L02787,P0155,2025-11-27,3,0,0,0,12.0
L02787,P0084,2025-11-27,4,0,0,0,8.0
L02787,P0091,2025-11-27,5,1,1,1,15.0
L00085,P0099,2025-11-27,1,0,0,0,10.0
L00085,P0038,2025-11-27,2,1,1,1,10.0
L00085,P0101,2025-11-27,3,1,1,0,10.0
L00085,P0111,2025-11-27,4,1,0,0,12.0
L00085,P0193,2025-11-27,5,1,1,0,12.0
L02212,P0060,2025-11-27,1,1,1,1,15.0
L02212,P0009,2025-11-27,2,0,0,0,12.0
L02212,P0012,2025-11-27,3,1,1,1,8.0
L02212,P0113,2025-11-27,4,1,1,1,8.0
L02212,P0027,2025-11-27,5,0,0,0,8.0
L02958,P0138,2025-11-27,1,0,0,0,10.0
L02958,P0124,2025-11-27,2,0,0,0,12.0
L02958,P0108,2025-11-27,3,0,0,0,15.0
L02958,P0192,2025-11-27,4,0,0,0,8.0
L02958,P0120,2025-11-27,5,1,1,1,8.0
L01222,P0019,2025-11-28,1,0,0,0,15.0
L01222,P0173,2025-11-28,2,0,0,0,8.0
L01222,P0058,2025-11-28,3,0,0,0,12.0
L01222,P0100,2025-11-28,4,0,0,0,12.0
L01222,P0061,2025-11-28,5,1,1,0,15.0
L00267,P0167,2025-11-28,1,1,1,1,12.0
L00267,P0008,2025-11-28,2,1,1,0,12.0
L00267,P0131,2025-11-28,3,1,0,0,10.0
L00267,P0193,2025-11-28,4,0,0,0,10.0
L00267,P0158,2025-11-28,5,0,0,0,15.0
L01977,P0136,2025-11-28,1,0,0,0,12.0
L01977,P0004,2025-11-28,2,1,1,1,8.0
L01977,P0086,2025-11-28,3,1,1,0,15.0
L01977,P0116,2025-11-28,4,1,1,1,15.0
L01977,P0124,2025-11-28,5,0,0,0,12.0
L01430,P0006,2025-11-28,1,1,1,0,12.0
L01430,P0114,2025-11-28,2,1,1,0,15.0
L01430,P0090,2025-11-28,3,0,0,0,12.0
L01430,P0093,2025-11-28,4,1,1,1,8.0
L01430,P0007,2025-11-28,5,0,0,0,10.0
L01188,P0084,2025-11-28,1,0,0,0,15.0
L01188,P0091,2025-11-28,2,1,1,1,12.0
L01188,P0015,2025-11-28,3,1,1,0,8.0
L01188,P0069,2025-11-28,4,1,1,0,8.0
L01188,P0037,2025-11-28,5,1,1,0,10.0
L00090,P0061,2025-11-28,1,0,0,0,15.0
L00090,P0100,2025-11-28,2,0,0,0,10.0
L00090,P0186,2025-11-28,3,1,1,1,12.0
L00090,P0104,2025-11-28,4,0,0,0,10.0
L00090,P0105,2025-11-28,5,1,1,0,15.0
L00361,P0047,2025-11-28,1,1,1,0,10.0
L00361,P0195,2025-11-28,2,0,0,0,10.0
L00361,P0180,2025-11-28,3,0,0,0,12.0
L00361,P0010,2025-11-28,4,0,0,0,15.0
L00361,P0005,2025-11-28,5,0,0,0,12.0
L00198,P0038,2025-11-28,1,0,0,0,15.0
L00198,P0101,2025-11-28,2,1,1,0,10.0
L00198,P0094,2025-11-28,3,1,1,0,8.0
L00198,P0002,2025-11-28,4,0,0,0,15.0
L00198,P0193,2025-11-28,5,1,1,1,12.0
L01566,P0111,2025-11-28,1,0,0,0,10.0
L01566,P0193,2025-11-28,2,0,0,0,8.0
L01566,P0002,2025-11-28,3,1,0,0,10.0
L01566,P0094,2025-11-28,4,0,0,0,8.0
L01566,P0158,2025-11-28,5,1,0,0,12.0
L02498,P0158,2025-11-28,1,0,0,0,10.0
L02498,P0041,2025-11-28,2,0,0,0,8.0
L02498,P0140,2025-11-28,3,0,0,0,8.0
L02498,P0002,2025-11-28,4,0,0,0,8.0
L02498,P0008,2025-11-28,5,0,0,0,10.0
L01563,P0075,2025-11-28,1,0,0,0,12.0
L01563,P0126,2025-11-28,2,1,1,0,8.0
L01563,P0010,2025-11-28,3,1,1,0,12.0
L01563,P0112,2025-11-28,4,1,1,0,15.0
L01563,P0033,2025-11-28,5,0,0,0,10.0
L02891,P0017,2025-11-28,1,0,0,0,15.0
L02891,P0144,2025-11-28,2,0,0,0,10.0
L02891,P0087,2025-11-28,3,0,0,0,10.0
L02891,P0154,2025-11-28,4,0,0,0,12.0
L02891,P0051,2025-11-28,5,0,0,0,10.0
L01336,P0135,2025-11-28,1,0,0,0,12.0
L01336,P0018,2025-11-28,2,1,1,0,10.0
L01336,P0058,2025-11-28,3,1,1,0,8.0
L01336,P0074,2025-11-28,4,1,0,0,8.0
L01336,P0073,2025-11-28,5,1,0,0,15.0
L02140,P0199,2025-11-28,1,1,0,0,12.0
L02140,P0192,2025-11-28,2,0,0,0,8.0
L02140,P0025,2025-11-28,3,1,1,0,8.0
L02140,P0086,2025-11-28,4,0,0,0,10.0
L02140,P0196,2025-11-28,5,0,0,0,12.0
L00875,P0053,2025-11-28,1,1,0,0,12.0
L00875,P0154,2025-11-28,2,0,0,0,12.0
L00875,P0017,2025-11-28,3,1,1,0,12.0
L00875,P0051,2025-11-28,4,0,0,0,10.0
L00875,P0021,2025-11-28,5,0,0,0,10.0
L00959,P0093,2025-11-28,1,1,1,0,10.0
L00959,P0007,2025-11-28,2,0,0,0,15.0
L00959,P0090,2025-11-28,3,0,0,0,12.0
L00959,P0124,2025-11-28,4,1,1,0,12.0
L00959,P0006,2025-11-28,5,1,1,0,15.0
L00968,P0132,2025-11-28,1,1,1,1,12.0
L00968,P0162,2025-11-28,2,0,0,0,15.0
L00968,P0121,2025-11-28,3,1,0,0,8.0
L00968,P0013,2025-11-28,4,0,0,0,12.0
L00968,P0217,2025-11-28,5,1,1,1,12.0
L02706,P0187,2025-11-28,1,1,1,0,10.0
L02706,P0174,2025-11-28,2,1,1,0,10.0
L02706,P0071,2025-11-28,3,0,0,0,15.0
L02706,P0077,2025-11-28,4,0,0,0,15.0
L02706,P0206,2025-11-28,5,0,0,0,12.0
L01604,P0025,2025-11-28,1,0,0,0,10.0
L01604,P0199,2025-11-28,2,1,1,1,12.0
L01604,P0124,2025-11-28,3,0,0,0,10.0
L01604,P0103,2025-11-28,4,0,0,0,12.0
L01604,P0196,2025-11-28,5,0,0,0,8.0
L02725,P0073,2025-11-28,1,0,0,0,8.0
L02725,P0172,2025-11-28,2,0,0,0,10.0
L02725,P0018,2025-11-28,3,1,1,0,8.0
L02725,P0202,2025-11-28,4,0,0,0,10.0
L02725,P0145,2025-11-28,5,1,1,1,15.0
L01628,P0049,2025-11-28,1,1,1,1,8.0
L01628,P0110,2025-11-28,2,1,1,0,12.0
L01628,P0074,2025-11-28,3,0,0,0,15.0
L01628,P0073,2025-11-28,4,1,1,0,12.0
L01628,P0035,2025-11-28,5,1,1,1,15.0
L00817,P0003,2025-11-28,1,0,0,0,10.0
L00817,P0123,2025-11-28,2,1,0,0,8.0
L00817,P0215,2025-11-28,3,1,1,0,8.0
L00817,P0010,2025-11-28,4,0,0,0,8.0
L00817,P0124,2025-11-28,5,0,0,0,8.0
L02206,P0124,2025-11-28,1,1,1,1,15.0
L02206,P0090,2025-11-28,2,1,1,0,10.0
L02206,P0183,2025-11-28,3,0,0,0,8.0
L02206,P0025,2025-11-28,4,1,1,0,8.0
L02206,P0093,2025-11-28,5,1,1,1,8.0
L00920,P0029,2025-11-28,1,1,0,0,10.0
L00920,P0070,2025-11-28,2,1,1,0,8.0
L00920,P0062,2025-11-28,3,0,0,0,10.0
L00920,P0110,2025-11-28,4,0,0,0,15.0
L00920,P0043,2025-11-28,5,0,0,0,10.0
L00826,P0195,2025-11-28,1,0,0,0,8.0
L00826,P0209,2025-11-28,2,0,0,0,8.0
L00826,P0010,2025-11-28,3,0,0,0,15.0
L00826,P0207,2025-11-28,4,0,0,0,12.0
L00826,P0219,2025-11-28,5,0,0,0,10.0
L02690,P0075,2025-11-28,1,0,0,0,10.0
L02690,P0040,2025-11-28,2,0,0,0,10.0
L02690,P0117,2025-11-28,3,0,0,0,10.0
L02690,P0195,2025-11-28,4,1,1,0,12.0
L02690,P0033,2025-11-28,5,0,0,0,8.0
L00526,P0109,2025-11-28,1,1,1,0,15.0
L00526,P0126,2025-11-28,2,1,1,0,8.0
L00526,P0117,2025-11-28,3,0,0,0,10.0
L00526,P0112,2025-11-28,4,0,0,0,8.0
L00526,P0033,2025-11-28,5,1,1,0,15.0
L02702,P0197,2025-11-29,1,0,0,0,10.0
L02702,P0042,2025-11-29,2,1,1,1,15.0
L02702,P0201,2025-11-29,3,1,0,0,10.0
L02702,P0114,2025-11-29,4,0,0,0,12.0
L02702,P0143,2025-11-29,5,0,0,0,8.0
L02356,P0095,2025-11-29,1,0,0,0,12.0
L02356,P0137,2025-11-29,2,1,1,1,8.0
L02356,P0130,2025-11-29,3,1,1,1,10.0
L02356,P0168,2025-11-29,4,1,1,0,8.0
L02356,P0064,2025-11-29,5,0,0,0,12.0
L00743,P0167,2025-11-29,1,0,0,0,8.0
L00743,P0078,2025-11-29,2,0,0,0,12.0
L00743,P0184,2025-11-29,3,0,0,0,12.0
L00743,P0152,2025-11-29,4,1,0,0,12.0
L00743,P0051,2025-11-29,5,1,0,0,12.0
L02454,P0132,2025-11-29,1,1,1,0,12.0
L02454,P0162,2025-11-29,2,1,1,1,8.0
L02454,P0182,2025-11-29,3,1,1,1,10.0
L02454,P0098,2025-11-29,4,1,1,0,10.0
L02454,P0217,2025-11-29,5,1,1,0,8.0
L02673,P0029,2025-11-29,1,0,0,0,15.0
L02673,P0106,2025-11-29,2,0,0,0,12.0
L02673,P0181,2025-11-29,3,0,0,0,12.0
L02673,P0173,2025-11-29,4,0,0,0,8.0
L02673,P0110,2025-11-29,5,0,0,0,8.0
L02032,P0117,2025-11-29,1,1,1,1,8.0
L02032,P0040,2025-11-29,2,0,0,0,8.0
L02032,P0075,2025-11-29,3,0,0,0,8.0
L02032,P0126,2025-11-29,4,1,1,0,15.0
L02032,P0033,2025-11-29,5,0,0,0,12.0
L01203,P0181,2025-11-29,1,1,1,1,8.0
L01203,P0062,2025-11-29,2,0,0,0,10.0
L01203,P0070,2025-11-29,3,0,0,0,8.0
L01203,P0175,2025-11-29,4,1,1,1,15.0
L01203,P0106,2025-11-29,5,0,0,0,10.0
L02798,P0178,2025-11-29,1,1,1,1,12.0
L02798,P0044,2025-11-29,2,1,0,0,15.0
L02798,P0081,2025-11-29,3,1,1,1,15.0
L02798,P0020,2025-11-29,4,1,1,1,12.0
L02798,P0028,2025-11-29,5,1,1,0,8.0
L00294,P0187,2025-11-29,1,0,0,0,10.0
L00294,P0077,2025-11-29,2,1,0,0,8.0
L00294,P0200,2025-11-29,3,1,1,0,12.0
L00294,P0206,2025-11-29,4,1,0,0,12.0
L00294,P0072,2025-11-29,5,0,0,0,8.0
L01806,P0156,2025-11-29,1,0,0,0,10.0
L01806,P0057,2025-11-29,2,1,1,1,10.0
L01806,P0119,2025-11-29,3,1,1,0,8.0
L01806,P0203,2025-11-29,4,0,0,0,15.0
L01806,P0059,2025-11-29,5,0,0,0,10.0
L00269,P0061,2025-11-29,1,1,0,0,10.0
L00269,P0100,2025-11-29,2,0,0,0,10.0
L00269,P0194,2025-11-29,3,0,0,0,8.0
L00269,P0124,2025-11-29,4,1,1,0,15.0
L00269,P0104,2025-11-29,5,0,0,0,15.0
L01773,P0139,2025-11-29,1,1,1,1,15.0
L01773,P0192,2025-11-29,2,0,0,0,8.0
L01773,P0025,2025-11-29,3,1,1,1,15.0
L01773,P0050,2025-11-29,4,1,1,1,10.0
L01773,P0124,2025-11-29,5,1,1,0,15.0
L01235,P0041,2025-11-29,1,0,0,0,15.0
L01235,P0094,2025-11-29,2,0,0,0,8.0
L01235,P0111,2025-11-29,3,0,0,0,12.0
L01235,P0020,2025-11-29,4,0,0,0,10.0
L01235,P0008,2025-11-29,5,0,0,0,8.0
L00770,P0091,2025-11-29,1,1,1,0,10.0
L00770,P0156,2025-11-29,2,0,0,0,15.0
L00770,P0030,2025-11-29,3,0,0,0,15.0
L00770,P0129,2025-11-29,4,0,0,0,12.0
L00770,P0057,2025-11-29,5,0,0,0,15.0
L01220,P0147,2025-11-29,1,0,0,0,15.0
L01220,P0116,2025-11-29,2,0,0,0,10.0
L01220,P0020,2025-11-29,3,1,0,0,10.0
L01220,P0028,2025-11-29,4,0,0,0,12.0
L01220,P0086,2025-11-29,5,1,1,0,15.0
L02716,P0055,2025-11-29,1,0,0,0,12.0
L02716,P0088,2025-11-29,2,1,1,1,8.0
L02716,P0078,2025-11-29,3,1,1,1,10.0
L02716,P0051,2025-11-29,4,1,0,0,8.0
L02716,P0150,2025-11-29,5,0,0,0,8.0
L02750,P0115,2025-11-29,1,1,0,0,8.0
L02750,P0020,2025-11-29,2,0,0,0,12.0
L02750,P0063,2025-11-29,3,0,0,0,12.0
L02750,P0067,2025-11-29,4,1,1,1,8.0
L02750,P0164,2025-11-29,5,0,0,0,12.0
L01243,P0202,2025-11-29,1,0,0,0,10.0
L01243,P0018,2025-11-29,2,1,1,0,12.0
L01243,P0172,2025-11-29,3,1,1,1,10.0
L01243,P0213,2025-11-29,4,1,1,0,10.0
L01243,P0079,2025-11-29,5,1,1,1,8.0
L02954,P0009,2025-11-30,1,1,0,0,15.0
L02954,P0060,2025-11-30,2,0,0,0,15.0
L02954,P0107,2025-11-30,3,1,1,0,15.0
L02954,P0113,2025-11-30,4,0,0,0,10.0
L02954,P0033,2025-11-30,5,0,0,0,10.0
L01383,P0081,2025-11-30,1,1,1,1,8.0
L01383,P0205,2025-11-30,2,1,1,1,10.0
L01383,P0116,2025-11-30,3,1,1,0,15.0
L01383,P0147,2025-11-30,4,1,1,0,15.0
L01383,P0044,2025-11-30,5,0,0,0,8.0
L02723,P0182,2025-11-30,1,0,0,0,15.0
L02723,P0162,2025-11-30,2,1,1,0,12.0
L02723,P0098,2025-11-30,3,0,0,0,10.0
L02723,P0080,2025-11-30,4,1,1,0,10.0
L02723,P0121,2025-11-30,5,0,0,0,8.0
L01941,P0137,2025-11-30,1,1,1,0,12.0
L01941,P0130,2025-11-30,2,1,0,0,15.0
L01941,P0168,2025-11-30,3,1,1,0,15.0
L01941,P0064,2025-11-30,4,1,1,1,8.0
L01941,P0035,2025-11-30,5,0,0,0,8.0
L01107,P0028,2025-11-30,1,0,0,0,12.0
L01107,P0066,2025-11-30,2,1,0,0,12.0
L01107,P0067,2025-11-30,3,1,1,0,8.0
L01107,P0063,2025-11-30,4,1,1,1,8.0
L01107,P0164,2025-11-30,5,0,0,0,8.0
L01815,P0020,2025-11-30,1,1,1,0,12.0
L01815,P0149,2025-11-30,2,1,0,0,12.0
L01815,P0066,2025-11-30,3,1,1,1,15.0
L01815,P0067,2025-11-30,4,1,1,0,12.0
L01815,P0085,2025-11-30,5,0,0,0,15.0
L02867,P0023,2025-11-30,1,1,0,0,10.0
L02867,P0022,2025-11-30,2,1,1,1,15.0
L02867,P0011,2025-11-30,3,1,1,0,10.0
L02867,P0076,2025-11-30,4,0,0,0,12.0
L02867,P0017,2025-11-30,5,0,0,0,15.0
L00599,P0008,2025-11-30,1,0,0,0,10.0
L00599,P0140,2025-11-30,2,0,0,0,8.0
L00599,P0094,2025-11-30,3,0,0,0,12.0
L00599,P0111,2025-11-30,4,0,0,0,10.0
L00599,P0002,2025-11-30,5,0,0,0,8.0
L02331,P0059,2025-11-30,1,1,0,0,10.0
L02331,P0037,2025-11-30,2,0,0,0,15.0
L02331,P0129,2025-11-30,3,1,1,0,8.0
L02331,P0057,2025-11-30,4,0,0,0,10.0
L02331,P0119,2025-11-30,5,0,0,0,15.0
L01070,P0101,2025-11-30,1,1,1,0,8.0
L01070,P0142,2025-11-30,2,1,1,0,15.0
L01070,P0146,2025-11-30,3,0,0,0,12.0
L01070,P0177,2025-11-30,4,0,0,0,8.0
L01070,P0021,2025-11-30,5,0,0,0,8.0
L02177,P0115,2025-11-30,1,1,1,1,10.0
L02177,P0020,2025-11-30,2,1,0,0,12.0
L02177,P0164,2025-11-30,3,0,0,0,15.0
L02177,P0014,2025-11-30,4,0,0,0,8.0
L02177,P0085,2025-11-30,5,0,0,0,12.0
L00237,P0012,2025-11-30,1,1,0,0,8.0
L00237,P0107,2025-11-30,2,0,0,0,12.0
L00237,P0060,2025-11-30,3,1,1,1,12.0
L00237,P0048,2025-11-30,4,1,1,1,10.0
L00237,P0072,2025-11-30,5,0,0,0,8.0
L01242,P0098,2025-11-30,1,0,0,0,12.0
L01242,P0162,2025-11-30,2,1,1,0,8.0
L01242,P0121,2025-11-30,3,0,0,0,12.0
L01242,P0132,2025-11-30,4,1,0,0,10.0
L01242,P0217,2025-11-30,5,1,1,0,12.0
L01527,P0032,2025-11-30,1,1,0,0,10.0
L01527,P0192,2025-11-30,2,1,1,1,10.0
L01527,P0124,2025-11-30,3,0,0,0,15.0
L01527,P0186,2025-11-30,4,1,1,1,10.0
L01527,P0004,2025-11-30,5,0,0,0,10.0
L02388,P0044,2025-11-30,1,0,0,0,15.0
L02388,P0208,2025-11-30,2,0,0,0,15.0
L02388,P0056,2025-11-30,3,0,0,0,10.0
L02388,P0020,2025-11-30,4,0,0,0,15.0
L02388,P0086,2025-11-30,5,0,0,0,12.0
L01257,P0189,2025-11-30,1,1,1,0,15.0
L01257,P0143,2025-11-30,2,1,1,0,12.0
L01257,P0058,2025-11-30,3,0,0,0,15.0
L01257,P0065,2025-11-30,4,1,1,0,12.0
L01257,P0097,2025-11-30,5,0,0,0,8.0
L02634,P0093,2025-11-30,1,0,0,0,12.0
L02634,P0120,2025-11-30,2,0,0,0,15.0
L02634,P0108,2025-11-30,3,0,0,0,8.0
L02634,P0007,2025-11-30,4,0,0,0,8.0
L02634,P0138,2025-11-30,5,1,1,0,12.0
L01731,P0029,2025-11-30,1,0,0,0,10.0
L01731,P0070,2025-11-30,2,0,0,0,15.0
L01731,P0173,2025-11-30,3,0,0,0,10.0
L01731,P0181,2025-11-30,4,0,0,0,8.0
L01731,P0110,2025-11-30,5,1,1,0,10.0
L00208,P0023,2025-11-30,1,0,0,0,10.0
L00208,P0169,2025-11-30,2,1,1,1,8.0
L00208,P0053,2025-11-30,3,1,1,1,10.0
L00208,P0017,2025-11-30,4,0,0,0,15.0
L00208,P0076,2025-11-30,5,0,0,0,12.0
L00645,P0186,2025-11-30,1,1,1,0,15.0
L00645,P0138,2025-11-30,2,0,0,0,12.0
L00645,P0050,2025-11-30,3,1,1,0,12.0
L00645,P0061,2025-11-30,4,0,0,0,15.0
L00645,P0025,2025-11-30,5,1,1,1,12.0
L01928,P0215,2025-11-30,1,0,0,0,15.0
L01928,P0123,2025-11-30,2,1,1,1,10.0
L01928,P0174,2025-11-30,3,0,0,0,12.0
L01928,P0119,2025-11-30,4,0,0,0,12.0
L01928,P0005,2025-11-30,5,0,0,0,15.0
L00576,P0204,2025-11-30,1,0,0,0,15.0
L00576,P0197,2025-11-30,2,0,0,0,12.0
L00576,P0127,2025-11-30,3,1,1,0,8.0
L00576,P0019,2025-11-30,4,1,1,0,10.0
L00576,P0114,2025-11-30,5,1,1,0,10.0
L02476,P0030,2025-12-01,1,0,0,0,8.0
L02476,P0129,2025-12-01,2,1,0,0,12.0
L02476,P0174,2025-12-01,3,0,0,0,12.0
L02476,P0119,2025-12-01,4,1,0,0,12.0
L02476,P0187,2025-12-01,5,1,1,0,12.0
L00287,P0136,2025-12-01,1,1,1,1,10.0
L00287,P0054,2025-12-01,2,0,0,0,10.0
L00287,P0205,2025-12-01,3,1,0,0,8.0
L00287,P0124,2025-12-01,4,1,0,0,12.0
L00287,P0186,2025-12-01,5,0,0,0,10.0
L02355,P0091,2025-12-01,1,1,1,1,8.0
L02355,P0084,2025-12-01,2,0,0,0,15.0
L02355,P0129,2025-12-01,3,1,1,0,10.0
L02355,P0030,2025-12-01,4,1,0,0,12.0
L02355,P0119,2025-12-01,5,0,0,0,15.0
L02196,P0108,2025-12-01,1,1,1,0,15.0
L02196,P0090,2025-12-01,2,0,0,0,12.0
L02196,P0093,2025-12-01,3,1,0,0,8.0
L02196,P0124,2025-12-01,4,1,1,0,15.0
L02196,P0086,2025-12-01,5,1,1,0,10.0
L00790,P0135,2025-12-01,1,0,0,0,8.0
L00790,P0097,2025-12-01,2,0,0,0,15.0
L00790,P0163,2025-12-01,3,0,0,0,15.0
L00790,P0046,2025-12-01,4,0,0,0,10.0
L00790,P0035,2025-12-01,5,0,0,0,12.0
L01339,P0175,2025-12-01,1,0,0,0,12.0
L01339,P0173,2025-12-01,2,0,0,0,15.0
L01339,P0049,2025-12-01,3,0,0,0,10.0
L01339,P0110,2025-12-01,4,0,0,0,15.0
L01339,P0043,2025-12-01,5,0,0,0,8.0
L02419,P0174,2025-12-01,1,0,0,0,12.0
L02419,P0119,2025-12-01,2,0,0,0,8.0
L02419,P0026,2025-12-01,3,1,1,1,15.0
L02419,P0215,2025-12-01,4,0,0,0,15.0
L02419,P0057,2025-12-01,5,1,0,0,10.0
L02600,P0024,2025-12-01,1,0,0,0,15.0
L02600,P0037,2025-12-01,2,1,1,0,15.0
L02600,P0165,2025-12-01,3,0,0,0,15.0
L02600,P0091,2025-12-01,4,1,1,1,15.0
L02600,P0155,2025-12-01,5,0,0,0,12.0
L02567,P0010,2025-12-01,1,0,0,0,12.0
L02567,P0083,2025-12-01,2,1,1,0,12.0
L02567,P0005,2025-12-01,3,1,0,0,10.0
L02567,P0047,2025-12-01,4,0,0,0,15.0
L02567,P0112,2025-12-01,5,1,0,0,10.0
L02393,P0138,2025-12-01,1,1,1,1,12.0
L02393,P0186,2025-12-01,2,1,1,0,8.0
L02393,P0124,2025-12-01,3,1,1,0,8.0
L02393,P0032,2025-12-01,4,1,0,0,15.0
L02393,P0025,2025-12-01,5,1,1,1,12.0
L00773,P0013,2025-12-01,1,0,0,0,12.0
L00773,P0162,2025-12-01,2,1,1,0,12.0
L00773,P0098,2025-12-01,3,0,0,0,8.0
L00773,P0182,2025-12-01,4,1,0,0,15.0
L00773,P0132,2025-12-01,5,0,0,0,10.0
L00462,P0206,2025-12-01,1,1,1,0,12.0
L00462,P0077,2025-12-01,2,1,1,0,12.0
L00462,P0187,2025-12-01,3,1,1,0,12.0
L00462,P0200,2025-12-01,4,1,1,1,10.0
L00462,P0174,2025-12-01,5,1,1,0,15.0
L02333,P0016,2025-12-01,1,0,0,0,12.0
L02333,P0045,2025-12-01,2,0,0,0,8.0
L02333,P0122,2025-12-01,3,0,0,0,15.0
L02333,P0195,2025-12-01,4,1,0,0,10.0
L02333,P0112,2025-12-01,5,1,0,0,15.0
L01482,P0029,2025-12-01,1,1,0,0,15.0
L01482,P0173,2025-12-01,2,1,0,0,15.0
L01482,P0062,2025-12-01,3,1,1,0,10.0
L01482,P0110,2025-12-01,4,0,0,0,15.0
L01482,P0049,2025-12-01,5,0,0,0,15.0
L00007,P0073,2025-12-01,1,1,1,0,15.0
L00007,P0172,2025-12-01,2,1,0,0,10.0
L00007,P0202,2025-12-01,3,1,1,0,10.0
L00007,P0118,2025-12-01,4,1,1,1,8.0
L00007,P0145,2025-12-01,5,0,0,0,15.0
L02859,P0107,2025-12-01,1,0,0,0,12.0
L02859,P0060,2025-12-01,2,1,1,1,8.0
L02859,P0009,2025-12-01,3,1,0,0,12.0
L02859,P0027,2025-12-01,4,1,1,1,12.0
L02859,P0072,2025-12-01,5,1,0,0,10.0
L00608,P0110,2025-12-01,1,1,1,1,10.0
L00608,P0031,2025-12-01,2,1,1,1,15.0
L00608,P0135,2025-12-01,3,1,0,0,8.0
L00608,P0073,2025-12-01,4,1,1,0,10.0
L00608,P0074,2025-12-01,5,0,0,0,12.0
L00636,P0136,2025-12-01,1,1,1,0,8.0
L00636,P0116,2025-12-01,2,1,1,1,15.0
L00636,P0124,2025-12-01,3,0,0,0,15.0
L00636,P0138,2025-12-01,4,0,0,0,15.0
L00636,P0186,2025-12-01,5,1,1,0,15.0
L02084,P0181,2025-12-01,1,1,0,0,10.0
L02084,P0000,2025-12-01,2,1,0,0,8.0
L02084,P0153,2025-12-01,3,0,0,0,8.0
L02084,P0029,2025-12-01,4,1,0,0,8.0
L02084,P0068,2025-12-01,5,0,0,0,12.0
L02626,P0213,2025-12-01,1,0,0,0,8.0
L02626,P0145,2025-12-01,2,1,1,1,15.0
L02626,P0202,2025-12-01,3,0,0,0,8.0
L02626,P0035,2025-12-01,4,1,1,0,8.0
L02626,P0118,2025-12-01,5,1,1,0,10.0
L00333,P0208,2025-12-01,1,1,0,0,15.0
L00333,P0020,2025-12-01,2,0,0,0,8.0
L00333,P0023,2025-12-01,3,1,1,1,10.0
L00333,P0011,2025-12-01,4,0,0,0,10.0
L00333,P0022,2025-12-01,5,1,1,1,12.0
L02308,P0055,2025-12-02,1,0,0,0,12.0
L02308,P0088,2025-12-02,2,1,1,1,10.0
L02308,P0051,2025-12-02,3,0,0,0,15.0
L02308,P0184,2025-12-02,4,0,0,0,12.0
L02308,P0150,2025-12-02,5,0,0,0,15.0
L01042,P0020,2025-12-02,1,1,0,0,10.0
L01042,P0102,2025-12-02,2,1,1,0,15.0
L01042,P0169,2025-12-02,3,1,1,1,8.0
L01042,P0022,2025-12-02,4,1,1,1,12.0
L01042,P0053,2025-12-02,5,0,0,0,10.0
L02179,P0026,2025-12-02,1,0,0,0,8.0
L02179,P0001,2025-12-02,2,0,0,0,8.0
L02179,P0123,2025-12-02,3,0,0,0,10.0
L02179,P0183,2025-12-02,4,0,0,0,12.0
L02179,P0124,2025-12-02,5,0,0,0,15.0
L02515,P0115,2025-12-02,1,0,0,0,8.0
L02515,P0066,2025-12-02,2,0,0,0,12.0
L02515,P0085,2025-12-02,3,0,0,0,8.0
L02515,P0164,2025-12-02,4,0,0,0,8.0
L02515,P0063,2025-12-02,5,0,0,0,10.0
L00245,P0045,2025-12-02,1,1,0,0,10.0
L00245,P0159,2025-12-02,2,1,1,1,12.0
L00245,P0122,2025-12-02,3,0,0,0,10.0
L00245,P0195,2025-12-02,4,1,1,0,8.0
L00245,P0089,2025-12-02,5,0,0,0,15.0
L02226,P0007,2025-12-02,1,0,0,0,10.0
L02226,P0108,2025-12-02,2,1,1,0,10.0
L02226,P0006,2025-12-02,3,0,0,0,15.0
L02226,P0081,2025-12-02,4,1,1,0,10.0
L02226,P0086,2025-12-02,5,0,0,0,12.0
L02268,P0078,2025-12-02,1,0,0,0,15.0
L02268,P0152,2025-12-02,2,1,1,0,15.0
L02268,P0021,2025-12-02,3,0,0,0,12.0
L02268,P0051,2025-12-02,4,1,1,0,10.0
L02268,P0092,2025-12-02,5,0,0,0,12.0
L00296,P0188,2025-12-02,1,0,0,0,10.0
L00296,P0112,2025-12-02,2,1,1,0,8.0
L00296,P0109,2025-12-02,3,0,0,0,15.0
L00296,P0040,2025-12-02,4,0,0,0,10.0
L00296,P0075,2025-12-02,5,0,0,0,10.0
L02909,P0158,2025-12-02,1,0,0,0,8.0
L02909,P0094,2025-12-02,2,1,1,0,8.0
L02909,P0008,2025-12-02,3,1,1,1,15.0
L02909,P0020,2025-12-02,4,0,0,0,12.0
L02909,P0028,2025-12-02,5,0,0,0,8.0
L02729,P0149,2025-12-02,1,0,0,0,15.0
L02729,P0164,2025-12-02,2,0,0,0,8.0
L02729,P0067,2025-12-02,3,1,1,0,12.0
L02729,P0085,2025-12-02,4,0,0,0,15.0
L02729,P0063,2025-12-02,5,1,1,1,10.0
L02540,P0079,2025-12-02,1,1,1,0,15.0
L02540,P0202,2025-12-02,2,1,1,0,8.0
L02540,P0035,2025-12-02,3,0,0,0,10.0
L02540,P0118,2025-12-02,4,1,1,0,15.0
L02540,P0031,2025-12-02,5,1,1,1,12.0
L00419,P0062,2025-12-02,1,0,0,0,8.0
L00419,P0181,2025-12-02,2,1,1,0,8.0
L00419,P0106,2025-12-02,3,0,0,0,12.0
L00419,P0029,2025-12-02,4,0,0,0,12.0
L00419,P0175,2025-12-02,5,0,0,0,10.0
L02938,P0159,2025-12-02,1,1,1,1,12.0
L02938,P0016,2025-12-02,2,1,1,1,12.0
L02938,P0045,2025-12-02,3,0,0,0,10.0
L02938,P0122,2025-12-02,4,1,1,1,15.0
L02938,P0195,2025-12-02,5,0,0,0,10.0
L02134,P0049,2025-12-02,1,1,1,0,12.0
L02134,P0110,2025-12-02,2,1,1,0,15.0
L02134,P0074,2025-12-02,3,1,1,0,12.0
L02134,P0035,2025-12-02,4,0,0,0,8.0
L02134,P0018,2025-12-02,5,1,1,0,10.0
L00762,P0101,2025-12-02,1,1,1,1,15.0
L00762,P0038,2025-12-02,2,0,0,0,12.0
L00762,P0008,2025-12-02,3,0,0,0,15.0
L00762,P0111,2025-12-02,4,1,1,0,12.0
L00762,P0094,2025-12-02,5,1,1,0,12.0
L02381,P0030,2025-12-02,1,1,0,0,8.0
L02381,P0166,2025-12-02,2,0,0,0,8.0
L02381,P0071,2025-12-02,3,0,0,0,10.0
L02381,P0187,2025-12-02,4,1,1,1,15.0
L02381,P0206,2025-12-02,5,0,0,0,10.0
L00389,P0148,2025-12-02,1,1,1,0,15.0
L00389,P0058,2025-12-02,2,1,1,1,8.0
L00389,P0019,2025-12-02,3,0,0,0,8.0
L00389,P0114,2025-12-02,4,0,0,0,15.0
L00389,P0090,2025-12-02,5,1,1,1,10.0
L00265,P0106,2025-12-02,1,0,0,0,12.0
L00265,P0070,2025-12-02,2,1,1,1,10.0
L00265,P0175,2025-12-02,3,1,0,0,15.0
L00265,P0181,2025-12-02,4,1,0,0,15.0
L00265,P0049,2025-12-02,5,0,0,0,15.0
L02377,P0166,2025-12-02,1,1,1,0,10.0
L02377,P0034,2025-12-02,2,1,1,1,10.0
L02377,P0174,2025-12-02,3,0,0,0,15.0
L02377,P0077,2025-12-02,4,1,1,0,10.0
L02377,P0200,2025-12-02,5,0,0,0,10.0
L01828,P0116,2025-12-02,1,1,1,1,15.0
L01828,P0004,2025-12-02,2,1,1,0,10.0
L01828,P0020,2025-12-02,3,0,0,0,15.0
L01828,P0023,2025-12-02,4,0,0,0,8.0
L01828,P0053,2025-12-02,5,0,0,0,10.0
L00184,P0042,2025-12-02,1,0,0,0,12.0
L00184,P0127,2025-12-02,2,0,0,0,8.0
L00184,P0143,2025-12-02,3,0,0,0,8.0
L00184,P0019,2025-12-02,4,1,0,0,10.0
L00184,P0058,2025-12-02,5,1,1,1,8.0
L00453,P0206,2025-12-03,1,0,0,0,15.0
L00453,P0071,2025-12-03,2,0,0,0,8.0
L00453,P0072,2025-12-03,3,1,0,0,10.0
L00453,P0198,2025-12-03,4,0,0,0,10.0
L00453,P0033,2025-12-03,5,0,0,0,8.0
L00680,P0153,2025-12-03,1,1,1,1,15.0
L00680,P0181,2025-12-03,2,1,0,0,10.0
L00680,P0062,2025-12-03,3,1,1,0,8.0
L00680,P0029,2025-12-03,4,1,1,0,12.0
L00680,P0068,2025-12-03,5,0,0,0,15.0
L02643,P0094,2025-12-03,1,1,1,1,8.0
L02643,P0193,2025-12-03,2,0,0,0,15.0
L02643,P0140,2025-12-03,3,0,0,0,12.0
L02643,P0041,2025-12-03,4,0,0,0,15.0
L02643,P0008,2025-12-03,5,1,1,0,10.0
L01028,P0193,2025-12-03,1,1,1,0,15.0
L01028,P0140,2025-12-03,2,0,0,0,8.0
L01028,P0008,2025-12-03,3,0,0,0,15.0
L01028,P0036,2025-12-03,4,0,0,0,15.0
L01028,P0041,2025-12-03,5,1,0,0,10.0
L01307,P0197,2025-12-03,1,1,1,1,8.0
L01307,P0171,2025-12-03,2,1,1,0,12.0
L01307,P0201,2025-12-03,3,0,0,0,12.0
L01307,P0114,2025-12-03,4,1,1,1,10.0
L01307,P0143,2025-12-03,5,1,1,0,8.0
L01459,P0022,2025-12-03,1,1,0,0,8.0
L01459,P0011,2025-12-03,2,1,1,0,10.0
L01459,P0087,2025-12-03,3,1,1,0,10.0
L01459,P0053,2025-12-03,4,1,1,1,8.0
L01459,P0076,2025-12-03,5,0,0,0,8.0
L02398,P0158,2025-12-03,1,0,0,0,12.0
L02398,P0154,2025-12-03,2,0,0,0,15.0
L02398,P0053,2025-12-03,3,1,1,0,12.0
L02398,P0051,2025-12-03,4,0,0,0,12.0
L02398,P0078,2025-12-03,5,0,0,0,12.0
L02799,P0165,2025-12-03,1,1,1,0,12.0
L02799,P0015,2025-12-03,2,1,1,0,15.0
L02799,P0024,2025-12-03,3,0,0,0,15.0
L02799,P0084,2025-12-03,4,1,0,0,15.0
L02799,P0030,2025-12-03,5,0,0,0,10.0
L00422,P0016,2025-12-03,1,1,1,0,12.0
L00422,P0159,2025-12-03,2,0,0,0,8.0
L00422,P0112,2025-12-03,3,0,0,0,12.0
L00422,P0195,2025-12-03,4,0,0,0,10.0
L00422,P0089,2025-12-03,5,0,0,0,8.0
L01672,P0061,2025-12-03,1,0,0,0,10.0
L01672,P0194,2025-12-03,2,0,0,0,12.0
L01672,P0050,2025-12-03,3,0,0,0,15.0
L01672,P0104,2025-12-03,4,0,0,0,12.0
L01672,P0105,2025-12-03,5,1,1,1,12.0
L01269,P0135,2025-12-03,1,1,1,0,12.0
L01269,P0110,2025-12-03,2,1,1,0,15.0
L01269,P0018,2025-12-03,3,0,0,0,10.0
L01269,P0074,2025-12-03,4,0,0,0,8.0
L01269,P0073,2025-12-03,5,0,0,0,15.0
L02780,P0192,2025-12-03,1,1,1,0,15.0
L02780,P0139,2025-12-03,2,1,0,0,12.0
L02780,P0032,2025-12-03,3,1,1,0,15.0
L02780,P0186,2025-12-03,4,1,1,1,10.0
L02780,P0004,2025-12-03,5,1,0,0,15.0
L01502,P0088,2025-12-03,1,0,0,0,8.0
L01502,P0150,2025-12-03,2,0,0,0,12.0
L01502,P0078,2025-12-03,3,0,0,0,15.0
L01502,P0051,2025-12-03,4,0,0,0,12.0
L01502,P0152,2025-12-03,5,0,0,0,10.0
L00971,P0110,2025-12-03,1,1,1,0,12.0
L00971,P0049,2025-12-03,2,1,0,0,8.0
L00971,P0058,2025-12-03,3,0,0,0,12.0
L00971,P0018,2025-12-03,4,0,0,0,8.0
L00971,P0073,2025-12-03,5,1,1,0,8.0
L02484,P0031,2025-12-03,1,1,1,0,8.0
L02484,P0110,2025-12-03,2,0,0,0,8.0
L02484,P0135,2025-12-03,3,0,0,0,12.0
L02484,P0104,2025-12-03,4,0,0,0,12.0
L02484,P0105,2025-12-03,5,0,0,0,10.0
L00491,P0154,2025-12-03,1,1,0,0,8.0
L00491,P0053,2025-12-03,2,1,1,1,12.0
L00491,P0158,2025-12-03,3,1,1,0,8.0
L00491,P0021,2025-12-03,4,1,0,0,8.0
L00491,P0051,2025-12-03,5,0,0,0,12.0
L00702,P0173,2025-12-03,1,0,0,0,15.0
L00702,P0104,2025-12-03,2,1,1,1,15.0
L00702,P0110,2025-12-03,3,0,0,0,8.0
L00702,P0031,2025-12-03,4,1,1,0,10.0
L00702,P0105,2025-12-03,5,1,1,0,10.0
L00831,P0025,2025-12-03,1,1,1,0,10.0
L00831,P0124,2025-12-03,2,1,1,0,8.0
L00831,P0086,2025-12-03,3,1,1,0,10.0
L00831,P0103,2025-12-03,4,0,0,0,15.0
L00831,P0081,2025-12-03,5,1,1,0,8.0
L01117,P0125,2025-12-03,1,1,0,0,15.0
L01117,P0179,2025-12-03,2,1,1,0,12.0
L01117,P0115,2025-12-03,3,0,0,0,8.0
L01117,P0076,2025-12-03,4,1,0,0,15.0
L01117,P0020,2025-12-03,5,1,1,1,8.0
L01483,P0008,2025-12-03,1,1,1,1,10.0
L01483,P0036,2025-12-03,2,1,1,0,8.0
L01483,P0193,2025-12-03,3,1,1,0,15.0
L01483,P0140,2025-12-03,4,0,0,0,8.0
L01483,P0002,2025-12-03,5,0,0,0,15.0
L01698,P0123,2025-12-03,1,1,1,1,12.0
L01698,P0001,2025-12-03,2,1,0,0,8.0
L01698,P0083,2025-12-03,3,1,1,0,10.0
L01698,P0005,2025-12-03,4,1,1,1,12.0
L01698,P0124,2025-12-03,5,1,0,0,10.0
L01277,P0003,2025-12-03,1,1,0,0,12.0
L01277,P0123,2025-12-03,2,0,0,0,10.0
L01277,P0215,2025-12-03,3,1,1,0,12.0
L01277,P0187,2025-12-03,4,0,0,0,10.0
L01277,P0174,2025-12-03,5,1,0,0,10.0
L00674,P0112,2025-12-03,1,1,1,1,10.0
L00674,P0188,2025-12-03,2,1,0,0,10.0
L00674,P0010,2025-12-03,3,0,0,0,10.0
L00674,P0126,2025-12-03,4,0,0,0,12.0
L00674,P0016,2025-12-03,5,0,0,0,12.0
L02649,P0120,2025-12-04,1,0,0,0,10.0
L02649,P0100,2025-12-04,2,1,1,0,12.0
L02649,P0050,2025-12-04,3,1,1,0,15.0
L02649,P0138,2025-12-04,4,0,0,0,10.0
L02649,P0104,2025-12-04,5,0,0,0,12.0
L01154,P0209,2025-12-04,1,1,0,0,15.0
L01154,P0112,2025-12-04,2,1,1,0,10.0
L01154,P0005,2025-12-04,3,1,1,0,12.0
L01154,P0219,2025-12-04,4,1,1,1,10.0
L01154,P0207,2025-12-04,5,0,0,0,15.0
L01540,P0207,2025-12-04,1,0,0,0,10.0
L01540,P0219,2025-12-04,2,0,0,0,10.0
L01540,P0112,2025-12-04,3,0,0,0,10.0
L01540,P0195,2025-12-04,4,0,0,0,10.0
L01540,P0047,2025-12-04,5,0,0,0,15.0
L00260,P0028,2025-12-04,1,0,0,0,15.0
L00260,P0158,2025-12-04,2,0,0,0,10.0
L00260,P0041,2025-12-04,3,1,1,0,8.0
L00260,P0115,2025-12-04,4,0,0,0,10.0
L00260,P0063,2025-12-04,5,1,0,0,10.0
L00270,P0038,2025-12-04,1,0,0,0,12.0
L00270,P0008,2025-12-04,2,0,0,0,12.0
L00270,P0094,2025-12-04,3,0,0,0,10.0
L00270,P0193,2025-12-04,4,0,0,0,8.0
L00270,P0140,2025-12-04,5,0,0,0,10.0
L01674,P0000,2025-12-04,1,1,1,1,8.0
L01674,P0153,2025-12-04,2,1,1,1,10.0
L01674,P0181,2025-12-04,3,0,0,0,10.0
L01674,P0068,2025-12-04,4,1,1,1,15.0
L01674,P0029,2025-12-04,5,1,1,0,10.0
L02418,P0024,2025-12-04,1,0,0,0,12.0
L02418,P0084,2025-12-04,2,1,1,1,15.0
L02418,P0091,2025-12-04,3,0,0,0,10.0
L02418,P0216,2025-12-04,4,0,0,0,15.0
L02418,P0030,2025-12-04,5,0,0,0,12.0
L02553,P0100,2025-12-04,1,1,1,0,12.0
L02553,P0120,2025-12-04,2,1,1,0,8.0
L02553,P0138,2025-12-04,3,1,1,0,12.0
L02553,P0050,2025-12-04,4,1,1,0,12.0
L02553,P0194,2025-12-04,5,0,0,0,10.0
L01675,P0077,2025-12-04,1,1,0,0,15.0
L01675,P0174,2025-12-04,2,1,0,0,15.0
L01675,P0206,2025-12-04,3,1,1,0,8.0
L01675,P0198,2025-12-04,4,1,1,0,10.0
L01675,P0027,2025-12-04,5,1,0,0,8.0
L01738,P0139,2025-12-04,1,1,1,0,8.0
L01738,P0025,2025-12-04,2,1,1,0,8.0
L01738,P0194,2025-12-04,3,0,0,0,8.0
L01738,P0138,2025-12-04,4,0,0,0,10.0
L01738,P0186,2025-12-04,5,0,0,0,15.0
L01863,P0044,2025-12-04,1,1,1,0,8.0
L01863,P0056,2025-12-04,2,1,1,1,10.0
L01863,P0178,2025-12-04,3,0,0,0,10.0
L01863,P0147,2025-12-04,4,1,1,1,8.0
L01863,P0028,2025-12-04,5,0,0,0,8.0
L02956,P0201,2025-12-04,1,1,1,0,15.0
L02956,P0042,2025-12-04,2,0,0,0,15.0
L02956,P0127,2025-12-04,3,1,1,1,8.0
L02956,P0197,2025-12-04,4,1,1,0,10.0
L02956,P0114,2025-12-04,5,0,0,0,15.0
L02573,P0173,2025-12-04,1,1,0,0,10.0
L02573,P0031,2025-12-04,2,1,1,1,15.0
L02573,P0104,2025-12-04,3,1,1,0,8.0
L02573,P0049,2025-12-04,4,0,0,0,8.0
L02573,P0105,2025-12-04,5,1,1,1,12.0
L01204,P0028,2025-12-04,1,1,1,0,12.0
L01204,P0020,2025-12-04,2,0,0,0,12.0
L01204,P0164,2025-12-04,3,0,0,0,12.0
L01204,P0067,2025-12-04,4,0,0,0,8.0
L01204,P0063,2025-12-04,5,1,1,0,8.0
L02715,P0058,2025-12-04,1,1,1,0,15.0
L02715,P0104,2025-12-04,2,1,1,0,8.0
L02715,P0105,2025-12-04,3,1,0,0,8.0
L02715,P0049,2025-12-04,4,0,0,0,10.0
L02715,P0135,2025-12-04,5,0,0,0,12.0
L02569,P0193,2025-12-04,1,0,0,0,8.0
L02569,P0140,2025-12-04,2,0,0,0,10.0
L02569,P0002,2025-12-04,3,1,1,1,10.0
L02569,P0158,2025-12-04,4,1,1,0,15.0
L02569,P0131,2025-12-04,5,1,1,0,8.0
L00256,P0167,2025-12-04,1,1,1,0,8.0
L00256,P0055,2025-12-04,2,1,0,0,12.0
L00256,P0021,2025-12-04,3,0,0,0,15.0
L00256,P0150,2025-12-04,4,0,0,0,15.0
L00256,P0152,2025-12-04,5,0,0,0,8.0
L00059,P0104,2025-12-04,1,1,1,0,12.0
L00059,P0173,2025-12-04,2,1,1,0,8.0
L00059,P0120,2025-12-04,3,0,0,0,15.0
L00059,P0061,2025-12-04,4,0,0,0,12.0
L00059,P0049,2025-12-04,5,0,0,0,8.0
L01561,P0123,2025-12-04,1,1,1,1,12.0
L01561,P0003,2025-12-04,2,1,1,0,8.0
L01561,P0187,2025-12-04,3,0,0,0,15.0
L01561,P0005,2025-12-04,4,1,1,0,10.0
L01561,P0010,2025-12-04,5,0,0,0,15.0
L00940,P0094,2025-12-04,1,1,1,0,8.0
L00940,P0193,2025-12-04,2,0,0,0,12.0
L00940,P0111,2025-12-04,3,1,0,0,12.0
L00940,P0028,2025-12-04,4,1,1,1,8.0
L00940,P0008,2025-12-04,5,0,0,0,12.0
L01602,P0193,2025-12-04,1,1,1,1,10.0
L01602,P0002,2025-12-04,2,1,1,0,8.0
L01602,P0140,2025-12-04,3,1,1,1,10.0
L01602,P0111,2025-12-04,4,0,0,0,12.0
L01602,P0028,2025-12-04,5,0,0,0,15.0
L02613,P0121,2025-12-04,1,0,0,0,10.0
L02613,P0132,2025-12-04,2,0,0,0,10.0
L02613,P0013,2025-12-04,3,1,1,0,15.0
L02613,P0182,2025-12-04,4,0,0,0,15.0
L02613,P0080,2025-12-04,5,0,0,0,15.0
L01139,P0124,2025-12-04,1,0,0,0,12.0
L01139,P0050,2025-12-04,2,1,1,0,8.0
L01139,P0138,2025-12-04,3,1,1,1,10.0
L01139,P0061,2025-12-04,4,0,0,0,8.0
L01139,P0025,2025-12-04,5,0,0,0,10.0
L02785,P0116,2025-12-04,1,0,0,0,8.0
L02785,P0011,2025-12-04,2,1,1,0,15.0
L02785,P0023,2025-12-04,3,0,0,0,15.0
L02785,P0017,2025-12-04,4,0,0,0,10.0
L02785,P0004,2025-12-04,5,1,1,0,8.0
L02405,P0173,2025-12-05,1,1,1,1,12.0
L02405,P0019,2025-12-05,2,1,0,0,8.0
L02405,P0110,2025-12-05,3,1,0,0,12.0
L02405,P0031,2025-12-05,4,0,0,0,8.0
L02405,P0135,2025-12-05,5,0,0,0,10.0
L02835,P0062,2025-12-05,1,1,0,0,15.0
L02835,P0114,2025-12-05,2,1,1,1,10.0
L02835,P0189,2025-12-05,3,0,0,0,15.0
L02835,P0000,2025-12-05,4,0,0,0,8.0
L02835,P0143,2025-12-05,5,0,0,0,8.0
L01417,P0019,2025-12-05,1,1,1,0,12.0
L01417,P0143,2025-12-05,2,0,0,0,8.0
L01417,P0189,2025-12-05,3,1,1,0,12.0
L01417,P0114,2025-12-05,4,0,0,0,10.0
L01417,P0135,2025-12-05,5,0,0,0,10.0
L00247,P0168,2025-12-05,1,0,0,0,8.0
L00247,P0046,2025-12-05,2,0,0,0,10.0
L00247,P0202,2025-12-05,3,0,0,0,12.0
L00247,P0191,2025-12-05,4,0,0,0,10.0
L00247,P0095,2025-12-05,5,0,0,0,12.0
L00384,P0030,2025-12-05,1,1,0,0,12.0
L00384,P0034,2025-12-05,2,1,1,1,12.0
L00384,P0200,2025-12-05,3,1,1,0,8.0
L00384,P0174,2025-12-05,4,0,0,0,8.0
L00384,P0077,2025-12-05,5,0,0,0,12.0
L00708,P0010,2025-12-05,1,0,0,0,15.0
L00708,P0117,2025-12-05,2,0,0,0,10.0
L00708,P0040,2025-12-05,3,1,1,1,8.0
L00708,P0188,2025-12-05,4,0,0,0,12.0
L00708,P0195,2025-12-05,5,0,0,0,10.0
L01353,P0072,2025-12-05,1,0,0,0,15.0
L01353,P0211,2025-12-05,2,1,1,0,15.0
L01353,P0174,2025-12-05,3,0,0,0,12.0
L01353,P0071,2025-12-05,4,1,1,0,15.0
L01353,P0187,2025-12-05,5,0,0,0,10.0
L02819,P0174,2025-12-05,1,1,1,0,10.0
L02819,P0119,2025-12-05,2,1,1,1,10.0
L02819,P0026,2025-12-05,3,1,1,1,12.0
L02819,P0215,2025-12-05,4,1,1,0,8.0
L02819,P0123,2025-12-05,5,1,1,0,15.0
L00041,P0084,2025-12-05,1,1,0,0,8.0
L00041,P0155,2025-12-05,2,0,0,0,12.0
L00041,P0216,2025-12-05,3,1,1,0,12.0
L00041,P0037,2025-12-05,4,0,0,0,12.0
L00041,P0069,2025-12-05,5,1,1,0,15.0
L01926,P0145,2025-12-05,1,1,1,1,10.0
L01926,P0213,2025-12-05,2,1,1,0,10.0
L01926,P0035,2025-12-05,3,1,1,1,8.0
L01926,P0202,2025-12-05,4,0,0,0,8.0
L01926,P0073,2025-12-05,5,1,0,0,8.0
L02151,P0075,2025-12-05,1,0,0,0,15.0
L02151,P0188,2025-12-05,2,1,0,0,8.0
L02151,P0195,2025-12-05,3,1,1,0,10.0
L02151,P0112,2025-12-05,4,0,0,0,15.0
L02151,P0033,2025-12-05,5,1,1,0,8.0
L02453,P0081,2025-12-05,1,1,1,1,15.0
L02453,P0128,2025-12-05,2,0,0,0,15.0
L02453,P0103,2025-12-05,3,0,0,0,10.0
L02453,P0116,2025-12-05,4,1,0,0,12.0
L02453,P0056,2025-12-05,5,0,0,0,12.0
L00458,P0020,2025-12-05,1,1,0,0,10.0
L00458,P0102,2025-12-05,2,1,1,1,8.0
L00458,P0053,2025-12-05,3,0,0,0,12.0
L00458,P0017,2025-12-05,4,0,0,0,10.0
L00458,P0076,2025-12-05,5,0,0,0,10.0
L00600,P0194,2025-12-05,1,0,0,0,15.0
L00600,P0050,2025-12-05,2,1,1,0,10.0
L00600,P0186,2025-12-05,3,0,0,0,10.0
L00600,P0061,2025-12-05,4,0,0,0,8.0
L00600,P0100,2025-12-05,5,1,0,0,10.0
L00559,P0206,2025-12-05,1,1,1,1,12.0
L00559,P0187,2025-12-05,2,1,1,1,8.0
L00559,P0071,2025-12-05,3,1,1,0,8.0
L00559,P0200,2025-12-05,4,1,1,1,15.0
L00559,P0072,2025-12-05,5,0,0,0,12.0
L00363,P0208,2025-12-05,1,1,1,0,15.0
L00363,P0044,2025-12-05,2,1,1,1,8.0
L00363,P0081,2025-12-05,3,0,0,0,15.0
L00363,P0086,2025-12-05,4,1,1,1,8.0
L00363,P0020,2025-12-05,5,1,1,0,12.0
L01919,P0215,2025-12-05,1,1,1,0,15.0
L01919,P0123,2025-12-05,2,1,1,0,8.0
L01919,P0119,2025-12-05,3,0,0,0,15.0
L01919,P0174,2025-12-05,4,0,0,0,8.0
L01919,P0010,2025-12-05,5,1,1,0,8.0
L02745,P0187,2025-12-05,1,1,1,0,12.0
L02745,P0077,2025-12-05,2,1,1,0,10.0
L02745,P0033,2025-12-05,3,1,1,0,15.0
L02745,P0027,2025-12-05,4,1,1,0,15.0
L02745,P0198,2025-12-05,5,1,1,1,12.0
L02494,P0021,2025-12-05,1,0,0,0,10.0
L02494,P0150,2025-12-05,2,0,0,0,10.0
L02494,P0193,2025-12-05,3,1,1,1,15.0
L02494,P0184,2025-12-05,4,0,0,0,15.0
L02494,P0017,2025-12-05,5,0,0,0,12.0
L02166,P0104,2025-12-05,1,0,0,0,15.0
L02166,P0173,2025-12-05,2,1,1,1,8.0
L02166,P0058,2025-12-05,3,0,0,0,12.0
L02166,P0019,2025-12-05,4,0,0,0,12.0
L02166,P0061,2025-12-05,5,1,1,1,15.0
L00096,P0017,2025-12-05,1,0,0,0,15.0
L00096,P0144,2025-12-05,2,1,1,0,10.0
L00096,P0160,2025-12-05,3,1,1,0,12.0
L00096,P0154,2025-12-05,4,0,0,0,10.0
L00096,P0021,2025-12-05,5,0,0,0,12.0
L00120,P0101,2025-12-06,1,1,1,1,10.0
L00120,P0176,2025-12-06,2,0,0,0,12.0
L00120,P0146,2025-12-06,3,0,0,0,10.0
L00120,P0177,2025-12-06,4,1,1,0,12.0
L00120,P0021,2025-12-06,5,0,0,0,12.0
L02632,P0006,2025-12-06,1,0,0,0,10.0
L02632,P0058,2025-12-06,2,0,0,0,10.0
L02632,P0019,2025-12-06,3,1,0,0,12.0
L02632,P0090,2025-12-06,4,0,0,0,10.0
L02632,P0093,2025-12-06,5,0,0,0,8.0
L02534,P0038,2025-12-06,1,1,0,0,12.0
L02534,P0111,2025-12-06,2,1,1,0,12.0
L02534,P0140,2025-12-06,3,1,1,0,12.0
L02534,P0094,2025-12-06,4,1,1,0,10.0
L02534,P0002,2025-12-06,5,0,0,0,8.0
L01734,P0091,2025-12-06,1,1,1,0,8.0
L01734,P0037,2025-12-06,2,1,1,0,10.0
L01734,P0203,2025-12-06,3,0,0,0,15.0
L01734,P0057,2025-12-06,4,0,0,0,12.0
L01734,P0119,2025-12-06,5,0,0,0,15.0
L02086,P0124,2025-12-06,1,1,1,0,12.0
L02086,P0138,2025-12-06,2,0,0,0,10.0
L02086,P0025,2025-12-06,3,1,0,0,10.0
L02086,P0108,2025-12-06,4,0,0,0,8.0
L02086,P0192,2025-12-06,5,0,0,0,10.0
L01076,P0132,2025-12-06,1,0,0,0,10.0
L01076,P0080,2025-12-06,2,0,0,0,15.0
L01076,P0121,2025-12-06,3,1,1,0,15.0
L01076,P0217,2025-12-06,4,1,1,0,8.0
L01076,P0182,2025-12-06,5,0,0,0,10.0
L00293,P0100,2025-12-06,1,1,1,0,15.0
L00293,P0138,2025-12-06,2,0,0,0,10.0
L00293,P0050,2025-12-06,3,1,1,0,8.0
L00293,P0124,2025-12-06,4,0,0,0,10.0
L00293,P0104,2025-12-06,5,1,0,0,12.0
L00488,P0081,2025-12-06,1,1,1,1,15.0
L00488,P0205,2025-12-06,2,0,0,0,8.0
L00488,P0044,2025-12-06,3,0,0,0,15.0
L00488,P0056,2025-12-06,4,1,1,0,15.0
L00488,P0116,2025-12-06,5,0,0,0,10.0
L01853,P0104,2025-12-06,1,0,0,0,15.0
L01853,P0105,2025-12-06,2,1,0,0,15.0
L01853,P0100,2025-12-06,3,0,0,0,12.0
L01853,P0061,2025-12-06,4,0,0,0,12.0
L01853,P0049,2025-12-06,5,0,0,0,15.0
L02981,P0201,2025-12-06,1,0,0,0,15.0
L02981,P0197,2025-12-06,2,0,0,0,10.0
L02981,P0058,2025-12-06,3,0,0,0,8.0
L02981,P0173,2025-12-06,4,0,0,0,10.0
L02981,P0175,2025-12-06,5,1,0,0,12.0
L00794,P0009,2025-12-06,1,0,0,0,8.0
L00794,P0060,2025-12-06,2,1,0,0,10.0
L00794,P0048,2025-12-06,3,0,0,0,10.0
L00794,P0033,2025-12-06,4,0,0,0,10.0
L00794,P0027,2025-12-06,5,0,0,0,12.0
L00048,P0029,2025-12-06,1,1,0,0,12.0
L00048,P0068,2025-12-06,2,1,1,0,12.0
L00048,P0114,2025-12-06,3,0,0,0,15.0
L00048,P0000,2025-12-06,4,0,0,0,8.0
L00048,P0143,2025-12-06,5,0,0,0,12.0
L00495,P0045,2025-12-06,1,0,0,0,8.0
L00495,P0195,2025-12-06,2,0,0,0,15.0
L00495,P0188,2025-12-06,3,1,1,0,15.0
L00495,P0089,2025-12-06,4,0,0,0,8.0
L00495,P0034,2025-12-06,5,1,1,1,12.0
L00475,P0100,2025-12-06,1,1,1,1,10.0
L00475,P0061,2025-12-06,2,1,0,0,8.0
L00475,P0050,2025-12-06,3,1,1,0,10.0
L00475,P0186,2025-12-06,4,1,1,1,8.0
L00475,P0104,2025-12-06,5,1,1,1,12.0
L01145,P0091,2025-12-06,1,0,0,0,12.0
L01145,P0216,2025-12-06,2,1,0,0,8.0
L01145,P0037,2025-12-06,3,0,0,0,12.0
L01145,P0024,2025-12-06,4,0,0,0,8.0
L01145,P0030,2025-12-06,5,0,0,0,8.0
L00713,P0118,2025-12-06,1,1,1,0,8.0
L00713,P0035,2025-12-06,2,1,1,0,15.0
L00713,P0018,2025-12-06,3,1,1,0,8.0
L00713,P0213,2025-12-06,4,0,0,0,15.0
L00713,P0145,2025-12-06,5,1,1,0,10.0
L02183,P0174,2025-12-06,1,1,1,0,10.0
L02183,P0187,2025-12-06,2,1,1,0,10.0
L02183,P0123,2025-12-06,3,1,1,1,12.0
L02183,P0026,2025-12-06,4,0,0,0,15.0
L02183,P0030,2025-12-06,5,0,0,0,15.0
L01943,P0173,2025-12-07,1,0,0,0,15.0
L01943,P0019,2025-12-07,2,0,0,0,15.0
L01943,P0074,2025-12-07,3,0,0,0,8.0
L01943,P0105,2025-12-07,4,0,0,0,8.0
L01943,P0031,2025-12-07,5,0,0,0,15.0
L01248,P0010,2025-12-07,1,1,1,0,15.0
L01248,P0180,2025-12-07,2,1,1,0,15.0
L01248,P0209,2025-12-07,3,1,0,0,12.0
L01248,P0112,2025-12-07,4,1,0,0,12.0
L01248,P0026,2025-12-07,5,1,1,0,12.0
L02341,P0213,2025-12-07,1,1,1,0,8.0
L02341,P0145,2025-12-07,2,1,1,1,8.0
L02341,P0079,2025-12-07,3,1,1,1,10.0
L02341,P0018,2025-12-07,4,1,1,0,8.0
L02341,P0031,2025-12-07,5,0,0,0,15.0
L01501,P0138,2025-12-07,1,0,0,0,8.0
L01501,P0093,2025-12-07,2,0,0,0,15.0
L01501,P0120,2025-12-07,3,0,0,0,8.0
L01501,P0025,2025-12-07,4,1,0,0,10.0
L01501,P0108,2025-12-07,5,0,0,0,10.0
L01351,P0079,2025-12-07,1,1,1,0,12.0
L01351,P0202,2025-12-07,2,0,0,0,8.0
L01351,P0118,2025-12-07,3,0,0,0,10.0
L01351,P0035,2025-12-07,4,0,0,0,10.0
L01351,P0031,2025-12-07,5,0,0,0,15.0
L00632,P0003,2025-12-07,1,1,1,1,12.0
L00632,P0001,2025-12-07,2,0,0,0,8.0
L00632,P0083,2025-12-07,3,0,0,0,12.0
L00632,P0005,2025-12-07,4,0,0,0,8.0
L00632,P0124,2025-12-07,5,1,1,1,15.0
L01791,P0115,2025-12-07,1,1,1,0,15.0
L01791,P0020,2025-12-07,2,0,0,0,15.0
L01791,P0028,2025-12-07,3,0,0,0,12.0
L01791,P0063,2025-12-07,4,0,0,0,15.0
L01791,P0014,2025-12-07,5,0,0,0,10.0
L01025,P0203,2025-12-07,1,0,0,0,8.0
L01025,P0059,2025-12-07,2,0,0,0,8.0
L01025,P0091,2025-12-07,3,1,1,1,10.0
L01025,P0156,2025-12-07,4,0,0,0,15.0
L01025,P0119,2025-12-07,5,1,1,0,12.0
L00444,P0189,2025-12-07,1,0,0,0,12.0
L00444,P0058,2025-12-07,2,0,0,0,10.0
L00444,P0019,2025-12-07,3,1,1,0,15.0
L00444,P0148,2025-12-07,4,0,0,0,15.0
L00444,P0007,2025-12-07,5,1,0,0,8.0
L00402,P0140,2025-12-07,1,0,0,0,15.0
L00402,P0111,2025-12-07,2,0,0,0,10.0
L00402,P0094,2025-12-07,3,1,1,0,10.0
L00402,P0036,2025-12-07,4,1,1,0,12.0
L00402,P0041,2025-12-07,5,1,1,1,15.0
L00461,P0054,2025-12-07,1,0,0,0,12.0
L00461,P0136,2025-12-07,2,0,0,0,12.0
L00461,P0116,2025-12-07,3,1,1,0,12.0
L00461,P0186,2025-12-07,4,1,0,0,12.0
L00461,P0124,2025-12-07,5,0,0,0,15.0
L01819,P0048,2025-12-07,1,1,1,0,10.0
L01819,P0012,2025-12-07,2,1,1,0,12.0
L01819,P0060,2025-12-07,3,1,1,0,10.0
L01819,P0072,2025-12-07,4,0,0,0,10.0
L01819,P0198,2025-12-07,5,0,0,0,12.0
L00342,P0048,2025-12-07,1,0,0,0,8.0
L00342,P0060,2025-12-07,2,1,1,1,8.0
L00342,P0009,2025-12-07,3,0,0,0,8.0
L00342,P0072,2025-12-07,4,0,0,0,12.0
L00342,P0027,2025-12-07,5,0,0,0,8.0
L00430,P0046,2025-12-07,1,1,1,0,12.0
L00430,P0035,2025-12-07,2,1,0,0,15.0
L00430,P0064,2025-12-07,3,0,0,0,10.0
L00430,P0137,2025-12-07,4,0,0,0,10.0
L00430,P0130,2025-12-07,5,0,0,0,12.0
L01098,P0211,2025-12-07,1,1,1,0,15.0
L01098,P0198,2025-12-07,2,1,1,1,8.0
L01098,P0077,2025-12-07,3,1,1,1,10.0
L01098,P0174,2025-12-07,4,1,1,1,12.0
L01098,P0200,2025-12-07,5,1,1,1,15.0
L00918,P0164,2025-12-07,1,1,0,0,8.0
L00918,P0014,2025-12-07,2,0,0,0,10.0
L00918,P0063,2025-12-07,3,1,1,1,15.0
L00918,P0149,2025-12-07,4,1,1,0,8.0
L00918,P0020,2025-12-07,5,0,0,0,10.0
L01492,P0158,2025-12-08,1,0,0,0,10.0
L01492,P0041,2025-12-08,2,0,0,0,12.0
L01492,P0094,2025-12-08,3,0,0,0,15.0
L01492,P0111,2025-12-08,4,0,0,0,8.0
L01492,P0008,2025-12-08,5,0,0,0,8.0
L01848,P0094,2025-12-08,1,0,0,0,10.0
L01848,P0002,2025-12-08,2,1,1,0,15.0
L01848,P0111,2025-12-08,3,1,1,0,15.0
L01848,P0008,2025-12-08,4,1,1,0,10.0
L01848,P0131,2025-12-08,5,1,0,0,12.0
L00582,P0021,2025-12-08,1,0,0,0,8.0
L00582,P0184,2025-12-08,2,0,0,0,10.0
L00582,P0152,2025-12-08,3,1,1,1,10.0
L00582,P0051,2025-12-08,4,0,0,0,8.0
L00582,P0078,2025-12-08,5,0,0,0,8.0
L00471,P0120,2025-12-08,1,1,1,0,10.0
L00471,P0194,2025-12-08,2,0,0,0,10.0
L00471,P0186,2025-12-08,3,1,1,1,8.0
L00471,P0104,2025-12-08,4,0,0,0,12.0
L00471,P0105,2025-12-08,5,0,0,0,15.0
L01777,P0124,2025-12-08,1,1,1,0,15.0
L01777,P0138,2025-12-08,2,1,0,0,12.0
L01777,P0090,2025-12-08,3,0,0,0,15.0
L01777,P0120,2025-12-08,4,1,1,0,8.0
L01777,P0007,2025-12-08,5,0,0,0,8.0
L01255,P0115,2025-12-08,1,1,1,0,12.0
L01255,P0041,2025-12-08,2,1,0,0,8.0
L01255,P0066,2025-12-08,3,1,1,0,15.0
L01255,P0044,2025-12-08,4,0,0,0,10.0
L01255,P0056,2025-12-08,5,0,0,0,15.0
L00933,P0020,2025-12-08,1,0,0,0,12.0
L00933,P0115,2025-12-08,2,1,1,0,12.0
L00933,P0014,2025-12-08,3,0,0,0,10.0
L00933,P0063,2025-12-08,4,1,1,0,15.0
L00933,P0066,2025-12-08,5,0,0,0,10.0
L02589,P0182,2025-12-08,1,0,0,0,10.0
L02589,P0132,2025-12-08,2,1,1,1,8.0
L02589,P0080,2025-12-08,3,1,1,0,10.0
L02589,P0162,2025-12-08,4,1,1,0,10.0
L02589,P0098,2025-12-08,5,0,0,0,10.0
L01245,P0009,2025-12-08,1,1,0,0,8.0
L01245,P0060,2025-12-08,2,1,1,1,15.0
L01245,P0012,2025-12-08,3,0,0,0,15.0
L01245,P0113,2025-12-08,4,0,0,0,8.0
L01245,P0027,2025-12-08,5,1,1,0,8.0
L00240,P0100,2025-12-08,1,0,0,0,10.0
L00240,P0050,2025-12-08,2,0,0,0,15.0
L00240,P0138,2025-12-08,3,1,1,0,10.0
L00240,P0194,2025-12-08,4,0,0,0,15.0
L00240,P0124,2025-12-08,5,0,0,0,15.0
L00298,P0070,2025-12-08,1,1,1,1,10.0
L00298,P0181,2025-12-08,2,1,1,0,8.0
L00298,P0173,2025-12-08,3,1,1,1,15.0
L00298,P0049,2025-12-08,4,0,0,0,15.0
L00298,P0110,2025-12-08,5,0,0,0,12.0
L00776,P0104,2025-12-08,1,0,0,0,8.0
L00776,P0105,2025-12-08,2,1,1,0,12.0
L00776,P0019,2025-12-08,3,0,0,0,8.0
L00776,P0100,2025-12-08,4,1,0,0,15.0
L00776,P0049,2025-12-08,5,1,1,0,12.0
L01473,P0122,2025-12-08,1,0,0,0,15.0
L01473,P0159,2025-12-08,2,1,1,0,8.0
L01473,P0134,2025-12-08,3,0,0,0,12.0
L01473,P0016,2025-12-08,4,0,0,0,15.0
L01473,P0195,2025-12-08,5,0,0,0,10.0
L01678,P0145,2025-12-08,1,1,1,0,8.0
L01678,P0079,2025-12-08,2,1,1,0,8.0
L01678,P0118,2025-12-08,3,0,0,0,8.0
L01678,P0018,2025-12-08,4,0,0,0,10.0
L01678,P0172,2025-12-08,5,0,0,0,15.0
L02147,P0195,2025-12-08,1,1,1,0,15.0
L02147,P0112,2025-12-08,2,1,1,0,12.0
L02147,P0209,2025-12-08,3,1,0,0,8.0
L02147,P0010,2025-12-08,4,0,0,0,8.0
L02147,P0207,2025-12-08,5,1,1,1,15.0
L02244,P0002,2025-12-08,1,0,0,0,8.0
L02244,P0094,2025-12-08,2,1,1,1,15.0
L02244,P0158,2025-12-08,3,0,0,0,12.0
L02244,P0041,2025-12-08,4,0,0,0,12.0
L02244,P0008,2025-12-08,5,0,0,0,8.0
L01168,P0010,2025-12-08,1,1,1,1,8.0
L01168,P0126,2025-12-08,2,1,0,0,12.0
L01168,P0109,2025-12-08,3,0,0,0,12.0
L01168,P0112,2025-12-08,4,0,0,0,12.0
L01168,P0033,2025-12-08,5,0,0,0,15.0
L01530,P0192,2025-12-08,1,0,0,0,10.0
L01530,P0138,2025-12-08,2,0,0,0,12.0
L01530,P0186,2025-12-08,3,0,0,0,10.0
L01530,P0124,2025-12-08,4,0,0,0,15.0
L01530,P0004,2025-12-08,5,0,0,0,8.0
L02861,P0088,2025-12-08,1,1,1,1,12.0
L02861,P0167,2025-12-08,2,0,0,0,12.0
L02861,P0150,2025-12-08,3,0,0,0,15.0
L02861,P0152,2025-12-08,4,1,1,0,8.0
L02861,P0021,2025-12-08,5,1,1,1,15.0
L00015,P0116,2025-12-08,1,0,0,0,12.0
L00015,P0208,2025-12-08,2,0,0,0,15.0
L00015,P0017,2025-12-08,3,0,0,0,12.0
L00015,P0011,2025-12-08,4,1,1,1,10.0
L00015,P0022,2025-12-08,5,0,0,0,10.0
L01498,P0205,2025-12-08,1,1,1,0,15.0
L01498,P0086,2025-12-08,2,1,0,0,8.0
L01498,P0081,2025-12-08,3,0,0,0,12.0
L01498,P0128,2025-12-08,4,1,1,0,8.0
L01498,P0103,2025-12-08,5,1,0,0,10.0
L01583,P0193,2025-12-09,1,0,0,0,12.0
L01583,P0092,2025-12-09,2,1,1,1,15.0
L01583,P0152,2025-12-09,3,0,0,0,15.0
L01583,P0184,2025-12-09,4,1,0,0,15.0
L01583,P0017,2025-12-09,5,0,0,0,10.0
L02563,P0170,2025-12-09,1,0,0,0,10.0
L02563,P0179,2025-12-09,2,1,1,0,10.0
L02563,P0076,2025-12-09,3,0,0,0,12.0
L02563,P0210,2025-12-09,4,1,1,1,12.0
L02563,P0011,2025-12-09,5,0,0,0,12.0
L02979,P0115,2025-12-09,1,0,0,0,15.0
L02979,P0149,2025-12-09,2,0,0,0,15.0
L02979,P0164,2025-12-09,3,0,0,0,12.0
L02979,P0014,2025-12-09,4,1,1,0,15.0
L02979,P0085,2025-12-09,5,0,0,0,12.0
L01913,P0127,2025-12-09,1,0,0,0,8.0
L01913,P0197,2025-12-09,2,0,0,0,10.0
L01913,P0143,2025-12-09,3,1,0,0,10.0
L01913,P0058,2025-12-09,4,1,1,0,10.0
L01913,P0114,2025-12-09,5,0,0,0,8.0
L01387,P0120,2025-12-09,1,0,0,0,15.0
L01387,P0124,2025-12-09,2,0,0,0,8.0
L01387,P0194,2025-12-09,3,0,0,0,8.0
L01387,P0186,2025-12-09,4,0,0,0,15.0
L01387,P0105,2025-12-09,5,1,1,1,15.0
L02741,P0051,2025-12-09,1,1,0,0,10.0
L02741,P0092,2025-12-09,2,1,1,0,12.0
L02741,P0021,2025-12-09,3,1,1,0,10.0
L02741,P0078,2025-12-09,4,1,1,0,8.0
L02741,P0152,2025-12-09,5,1,1,0,10.0
L02475,P0145,2025-12-09,1,1,0,0,15.0
L02475,P0213,2025-12-09,2,0,0,0,15.0
L02475,P0095,2025-12-09,3,1,1,0,12.0
L02475,P0168,2025-12-09,4,1,1,1,15.0
L02475,P0118,2025-12-09,5,0,0,0,12.0
L00704,P0050,2025-12-09,1,0,0,0,10.0
L00704,P0061,2025-12-09,2,0,0,0,12.0
L00704,P0025,2025-12-09,3,1,1,0,8.0
L00704,P0032,2025-12-09,4,0,0,0,15.0
L00704,P0120,2025-12-09,5,1,1,0,10.0
L01735,P0197,2025-12-09,1,0,0,0,15.0
L01735,P0214,2025-12-09,2,0,0,0,8.0
L01735,P0173,2025-12-09,3,0,0,0,12.0
L01735,P0104,2025-12-09,4,0,0,0,12.0
L01735,P0175,2025-12-09,5,0,0,0,12.0
L02529,P0104,2025-12-09,1,0,0,0,12.0
L02529,P0105,2025-12-09,2,1,0,0,10.0
L02529,P0019,2025-12-09,3,1,1,1,10.0
L02529,P0058,2025-12-09,4,0,0,0,12.0
L02529,P0100,2025-12-09,5,0,0,0,12.0
L01704,P0010,2025-12-09,1,1,0,0,8.0
L01704,P0109,2025-12-09,2,0,0,0,12.0
L01704,P0117,2025-12-09,3,1,1,1,12.0
L01704,P0195,2025-12-09,4,0,0,0,10.0
L01704,P0033,2025-12-09,5,1,1,0,10.0
L00334,P0020,2025-12-09,1,0,0,0,10.0
L00334,P0066,2025-12-09,2,1,1,0,15.0
L00334,P0067,2025-12-09,3,1,1,0,8.0
L00334,P0014,2025-12-09,4,0,0,0,12.0
L00334,P0063,2025-12-09,5,1,1,0,12.0
L01724,P0187,2025-12-09,1,1,1,1,10.0
L01724,P0174,2025-12-09,2,0,0,0,8.0
L01724,P0003,2025-12-09,3,1,1,0,8.0
L01724,P0001,2025-12-09,4,0,0,0,10.0
L01724,P0123,2025-12-09,5,0,0,0,12.0
L02813,P0031,2025-12-09,1,0,0,0,15.0
L02813,P0049,2025-12-09,2,0,0,0,12.0
L02813,P0035,2025-12-09,3,0,0,0,8.0
L02813,P0058,2025-12-09,4,0,0,0,8.0
L02813,P0074,2025-12-09,5,0,0,0,10.0
L00756,P0019,2025-12-09,1,1,1,1,12.0
L00756,P0058,2025-12-09,2,1,1,1,8.0
L00756,P0031,2025-12-09,3,0,0,0,12.0
L00756,P0104,2025-12-09,4,1,1,1,8.0
L00756,P0110,2025-12-09,5,1,1,0,15.0
L01800,P0124,2025-12-09,1,1,1,1,12.0
L01800,P0138,2025-12-09,2,0,0,0,15.0
L01800,P0186,2025-12-09,3,1,1,1,15.0
L01800,P0050,2025-12-09,4,1,1,0,10.0
L01800,P0194,2025-12-09,5,1,1,1,15.0
L01546,P0038,2025-12-09,1,1,0,0,10.0
L01546,P0008,2025-12-09,2,0,0,0,10.0
L01546,P0140,2025-12-09,3,0,0,0,15.0
L01546,P0193,2025-12-09,4,0,0,0,15.0
L01546,P0094,2025-12-09,5,0,0,0,8.0
L01660,P0093,2025-12-09,1,1,1,0,8.0
L01660,P0007,2025-12-09,2,0,0,0,15.0
L01660,P0124,2025-12-09,3,1,1,0,15.0
L01660,P0086,2025-12-09,4,1,1,0,15.0
L01660,P0081,2025-12-09,5,0,0,0,15.0
L00657,P0156,2025-12-09,1,0,0,0,8.0
L00657,P0030,2025-12-09,2,1,1,0,15.0
L00657,P0129,2025-12-09,3,1,1,0,12.0
L00657,P0174,2025-12-09,4,1,1,1,8.0
L00657,P0203,2025-12-09,5,0,0,0,10.0
L00588,P0215,2025-12-09,1,1,1,0,12.0
L00588,P0123,2025-12-09,2,1,1,0,15.0
L00588,P0003,2025-12-09,3,0,0,0,10.0
L00588,P0001,2025-12-09,4,1,1,0,15.0
L00588,P0010,2025-12-09,5,1,1,1,12.0
L00564,P0032,2025-12-10,1,0,0,0,15.0
L00564,P0139,2025-12-10,2,1,1,0,12.0
L00564,P0138,2025-12-10,3,1,1,0,8.0
L00564,P0194,2025-12-10,4,0,0,0,12.0
L00564,P0050,2025-12-10,5,0,0,0,12.0
L02481,P0088,2025-12-10,1,0,0,0,12.0
L02481,P0055,2025-12-10,2,1,0,0,8.0
L02481,P0051,2025-12-10,3,0,0,0,12.0
L02481,P0152,2025-12-10,4,0,0,0,12.0
L02481,P0184,2025-12-10,5,0,0,0,12.0
L00807,P0060,2025-12-10,1,1,1,1,10.0
L00807,P0107,2025-12-10,2,0,0,0,8.0
L00807,P0027,2025-12-10,3,1,1,0,8.0
L00807,P0072,2025-12-10,4,0,0,0,15.0
L00807,P0033,2025-12-10,5,1,0,0,10.0
L02218,P0118,2025-12-10,1,0,0,0,12.0
L02218,P0202,2025-12-10,2,0,0,0,15.0
L02218,P0172,2025-12-10,3,0,0,0,12.0
L02218,P0018,2025-12-10,4,0,0,0,12.0
L02218,P0079,2025-12-10,5,0,0,0,8.0
L02165,P0171,2025-12-10,1,1,0,0,12.0
L02165,P0214,2025-12-10,2,0,0,0,10.0
L02165,P0197,2025-12-10,3,0,0,0,12.0
L02165,P0019,2025-12-10,4,1,0,0,10.0
L02165,P0104,2025-12-10,5,0,0,0,8.0
L01541,P0209,2025-12-10,1,0,0,0,12.0
L01541,P0010,2025-12-10,2,0,0,0,15.0
L01541,P0005,2025-12-10,3,0,0,0,15.0
L01541,P0083,2025-12-10,4,0,0,0,10.0
L01541,P0219,2025-12-10,5,0,0,0,8.0
L02282,P0124,2025-12-10,1,1,1,1,10.0
L02282,P0061,2025-12-10,2,0,0,0,8.0
L02282,P0025,2025-12-10,3,0,0,0,15.0
L02282,P0100,2025-12-10,4,0,0,0,15.0
L02282,P0032,2025-12-10,5,0,0,0,12.0
L00615,P0150,2025-12-10,1,0,0,0,15.0
L00615,P0092,2025-12-10,2,0,0,0,10.0
L00615,P0078,2025-12-10,3,0,0,0,12.0
L00615,P0152,2025-12-10,4,0,0,0,12.0
L00615,P0017,2025-12-10,5,0,0,0,8.0
L00452,P0205,2025-12-10,1,1,0,0,8.0
L00452,P0086,2025-12-10,2,1,1,1,12.0
L00452,P0103,2025-12-10,3,1,0,0,15.0
L00452,P0056,2025-12-10,4,1,1,0,15.0
L00452,P0044,2025-12-10,5,0,0,0,8.0
L00720,P0135,2025-12-10,1,1,1,0,15.0
L00720,P0110,2025-12-10,2,1,1,0,8.0
L00720,P0073,2025-12-10,3,1,0,0,10.0
L00720,P0018,2025-12-10,4,1,1,1,8.0
L00720,P0019,2025-12-10,5,0,0,0,10.0
L02517,P0013,2025-12-10,1,0,0,0,15.0
L02517,P0132,2025-12-10,2,0,0,0,10.0
L02517,P0182,2025-12-10,3,0,0,0,8.0
L02517,P0121,2025-12-10,4,0,0,0,8.0
L02517,P0217,2025-12-10,5,1,1,0,10.0
L01519,P0061,2025-12-10,1,0,0,0,12.0
L01519,P0100,2025-12-10,2,1,1,0,15.0
L01519,P0186,2025-12-10,3,1,1,0,10.0
L01519,P0124,2025-12-10,4,1,1,0,8.0
L01519,P0104,2025-12-10,5,0,0,0,8.0
L02777,P0172,2025-12-10,1,1,1,0,8.0
L02777,P0118,2025-12-10,2,1,1,0,8.0
L02777,P0202,2025-12-10,3,0,0,0,12.0
L02777,P0073,2025-12-10,4,1,1,0,15.0
L02777,P0031,2025-12-10,5,1,1,0,10.0
L00694,P0092,2025-12-10,1,1,1,0,10.0
L00694,P0051,2025-12-10,2,0,0,0,8.0
L00694,P0150,2025-12-10,3,1,1,0,15.0
L00694,P0152,2025-12-10,4,1,0,0,12.0
L00694,P0193,2025-12-10,5,1,1,0,10.0
L00039,P0179,2025-12-10,1,1,1,0,10.0
L00039,P0115,2025-12-10,2,0,0,0,8.0
L00039,P0011,2025-12-10,3,0,0,0,12.0
L00039,P0020,2025-12-10,4,1,1,1,15.0
L00039,P0022,2025-12-10,5,0,0,0,12.0
L02250,P0201,2025-12-10,1,0,0,0,8.0
L02250,P0214,2025-12-10,2,0,0,0,15.0
L02250,P0058,2025-12-10,3,0,0,0,12.0
L02250,P0173,2025-12-10,4,0,0,0,15.0
L02250,P0104,2025-12-10,5,0,0,0,15.0
L02994,P0126,2025-12-10,1,1,1,0,8.0
L02994,P0010,2025-12-10,2,1,1,1,15.0
L02994,P0075,2025-12-10,3,0,0,0,10.0
L02994,P0188,2025-12-10,4,0,0,0,8.0
L02994,P0112,2025-12-10,5,0,0,0,10.0
L02834,P0158,2025-12-10,1,1,1,0,10.0
L02834,P0041,2025-12-10,2,1,1,1,8.0
L02834,P0111,2025-12-10,3,1,1,1,8.0
L02834,P0002,2025-12-10,4,1,1,0,8.0
L02834,P0008,2025-12-10,5,0,0,0,8.0
L01205,P0099,2025-12-10,1,0,0,0,15.0
L01205,P0008,2025-12-10,2,0,0,0,10.0
L01205,P0193,2025-12-10,3,0,0,0,8.0
L01205,P0111,2025-12-10,4,0,0,0,8.0
L01205,P0140,2025-12-10,5,0,0,0,15.0
L00898,P0064,2025-12-10,1,0,0,0,12.0
L00898,P0046,2025-12-10,2,0,0,0,15.0
L00898,P0168,2025-12-10,3,1,1,1,15.0
L00898,P0130,2025-12-10,4,0,0,0,10.0
L00898,P0137,2025-12-10,5,0,0,0,10.0
L00501,P0146,2025-12-10,1,1,1,0,15.0
L00501,P0176,2025-12-10,2,0,0,0,10.0
L00501,P0177,2025-12-10,3,0,0,0,8.0
L00501,P0039,2025-12-10,4,1,1,0,12.0
L00501,P0051,2025-12-10,5,0,0,0,12.0
L02773,P0010,2025-12-10,1,1,1,0,8.0
L02773,P0195,2025-12-10,2,0,0,0,12.0
L02773,P0047,2025-12-10,3,1,1,1,10.0
L02773,P0209,2025-12-10,4,1,1,0,10.0
L02773,P0003,2025-12-10,5,0,0,0,8.0
L00370,P0041,2025-12-10,1,0,0,0,12.0
L00370,P0094,2025-12-10,2,1,0,0,8.0
L00370,P0140,2025-12-10,3,0,0,0,10.0
L00370,P0002,2025-12-10,4,0,0,0,15.0
L00370,P0008,2025-12-10,5,0,0,0,12.0
L00028,P0065,2025-12-11,1,1,1,0,12.0
L00028,P0161,2025-12-11,2,1,0,0,12.0
L00028,P0141,2025-12-11,3,1,1,0,15.0
L00028,P0135,2025-12-11,4,1,0,0,10.0
L00028,P0035,2025-12-11,5,1,1,0,8.0
L00687,P0024,2025-12-11,1,1,1,0,10.0
L00687,P0069,2025-12-11,2,1,0,0,15.0
L00687,P0165,2025-12-11,3,1,1,0,10.0
L00687,P0091,2025-12-11,4,0,0,0,15.0
L00687,P0155,2025-12-11,5,0,0,0,8.0
L01526,P0180,2025-12-11,1,1,1,1,15.0
L01526,P0010,2025-12-11,2,1,1,1,15.0
L01526,P0083,2025-12-11,3,0,0,0,8.0
L01526,P0112,2025-12-11,4,1,0,0,10.0
L01526,P0026,2025-12-11,5,0,0,0,15.0
L02708,P0013,2025-12-11,1,0,0,0,10.0
L02708,P0162,2025-12-11,2,1,1,0,8.0
L02708,P0121,2025-12-11,3,1,1,0,8.0
L02708,P0080,2025-12-11,4,0,0,0,15.0
L02708,P0217,2025-12-11,5,0,0,0,10.0
L01019,P0000,2025-12-11,1,0,0,0,12.0
L01019,P0153,2025-12-11,2,0,0,0,10.0
L01019,P0181,2025-12-11,3,0,0,0,15.0
L01019,P0068,2025-12-11,4,1,1,0,15.0
L01019,P0029,2025-12-11,5,0,0,0,8.0
L01199,P0194,2025-12-11,1,1,0,0,10.0
L01199,P0124,2025-12-11,2,1,1,0,15.0
L01199,P0061,2025-12-11,3,1,1,0,15.0
L01199,P0025,2025-12-11,4,1,1,0,12.0
L01199,P0032,2025-12-11,5,0,0,0,12.0
L02058,P0192,2025-12-11,1,1,1,0,10.0
L02058,P0025,2025-12-11,2,1,0,0,12.0
L02058,P0186,2025-12-11,3,1,1,0,10.0
L02058,P0050,2025-12-11,4,1,1,0,15.0
L02058,P0138,2025-12-11,5,1,0,0,10.0
L00508,P0062,2025-12-11,1,0,0,0,8.0
L00508,P0070,2025-12-11,2,0,0,0,8.0
L00508,P0106,2025-12-11,3,1,1,0,12.0
L00508,P0175,2025-12-11,4,0,0,0,12.0
L00508,P0029,2025-12-11,5,0,0,0,10.0
L02865,P0008,2025-12-11,1,0,0,0,8.0
L02865,P0140,2025-12-11,2,0,0,0,15.0
L02865,P0002,2025-12-11,3,1,1,0,15.0
L02865,P0111,2025-12-11,4,0,0,0,15.0
L02865,P0158,2025-12-11,5,1,1,0,10.0
L00594,P0138,2025-12-11,1,1,0,0,15.0
L00594,P0124,2025-12-11,2,0,0,0,12.0
L00594,P0093,2025-12-11,3,1,1,1,12.0
L00594,P0192,2025-12-11,4,0,0,0,10.0
L00594,P0183,2025-12-11,5,1,1,1,8.0
L02035,P0070,2025-12-11,1,0,0,0,8.0
L02035,P0106,2025-12-11,2,1,0,0,10.0
L02035,P0029,2025-12-11,3,0,0,0,10.0
L02035,P0175,2025-12-11,4,1,1,1,12.0
L02035,P0043,2025-12-11,5,0,0,0,10.0
L01987,P0060,2025-12-11,1,1,1,0,15.0
L01987,P0107,2025-12-11,2,1,1,0,8.0
L01987,P0009,2025-12-11,3,0,0,0,15.0
L01987,P0072,2025-12-11,4,0,0,0,10.0
L01987,P0033,2025-12-11,5,0,0,0,10.0
L02538,P0107,2025-12-11,1,1,1,0,12.0
L02538,P0048,2025-12-11,2,1,0,0,12.0
L02538,P0198,2025-12-11,3,0,0,0,15.0
L02538,P0033,2025-12-11,4,1,1,0,12.0
L02538,P0072,2025-12-11,5,0,0,0,15.0
L02277,P0143,2025-12-11,1,0,0,0,8.0
L02277,P0148,2025-12-11,2,0,0,0,12.0
L02277,P0006,2025-12-11,3,1,0,0,10.0
L02277,P0097,2025-12-11,4,0,0,0,15.0
L02277,P0065,2025-12-11,5,0,0,0,15.0
L02036,P0105,2025-12-11,1,1,1,1,8.0
L02036,P0104,2025-12-11,2,1,1,1,12.0
L02036,P0058,2025-12-11,3,1,1,1,8.0
L02036,P0173,2025-12-11,4,1,0,0,10.0
L02036,P0120,2025-12-11,5,1,0,0,12.0
L02577,P0091,2025-12-11,1,0,0,0,15.0
L02577,P0037,2025-12-11,2,1,1,1,10.0
L02577,P0129,2025-12-11,3,0,0,0,15.0
L02577,P0156,2025-12-11,4,0,0,0,10.0
L02577,P0057,2025-12-11,5,0,0,0,10.0
L01372,P0012,2025-12-11,1,1,1,1,12.0
L01372,P0107,2025-12-11,2,1,1,1,15.0
L01372,P0060,2025-12-11,3,1,1,0,8.0
L01372,P0198,2025-12-11,4,0,0,0,10.0
L01372,P0072,2025-12-11,5,0,0,0,12.0
L00990,P0183,2025-12-11,1,1,1,1,8.0
L00990,P0007,2025-12-11,2,1,1,1,10.0
L00990,P0093,2025-12-11,3,0,0,0,12.0
L00990,P0090,2025-12-11,4,1,1,0,8.0
L00990,P0108,2025-12-11,5,0,0,0,8.0
L02211,P0182,2025-12-11,1,1,1,1,12.0
L02211,P0162,2025-12-11,2,1,0,0,10.0
L02211,P0121,2025-12-11,3,1,1,1,12.0
L02211,P0013,2025-12-11,4,1,1,0,15.0
L02211,P0098,2025-12-11,5,0,0,0,15.0
L01173,P0117,2025-12-11,1,1,1,0,8.0
L01173,P0075,2025-12-11,2,0,0,0,10.0
L01173,P0040,2025-12-11,3,1,1,0,8.0
L01173,P0188,2025-12-11,4,1,1,0,8.0
L01173,P0112,2025-12-11,5,0,0,0,8.0
L00894,P0085,2025-12-11,1,0,0,0,8.0
L00894,P0014,2025-12-11,2,1,0,0,15.0
L00894,P0063,2025-12-11,3,0,0,0,10.0
L00894,P0028,2025-12-11,4,0,0,0,12.0
L00894,P0020,2025-12-11,5,0,0,0,8.0
L02323,P0159,2025-12-11,1,0,0,0,12.0
L02323,P0134,2025-12-11,2,0,0,0,10.0
L02323,P0195,2025-12-11,3,0,0,0,10.0
L02323,P0112,2025-12-11,4,1,1,0,15.0
L02323,P0188,2025-12-11,5,0,0,0,8.0
L02389,P0100,2025-12-11,1,1,1,0,10.0
L02389,P0120,2025-12-11,2,1,1,0,8.0
L02389,P0124,2025-12-11,3,0,0,0,10.0
L02389,P0194,2025-12-11,4,0,0,0,8.0
L02389,P0050,2025-12-11,5,1,1,1,10.0
L02609,P0145,2025-12-11,1,1,0,0,12.0
L02609,P0118,2025-12-11,2,1,1,0,15.0
L02609,P0202,2025-12-11,3,0,0,0,15.0
L02609,P0018,2025-12-11,4,0,0,0,8.0
L02609,P0035,2025-12-11,5,1,1,0,10.0
L02621,P0123,2025-12-12,1,1,0,0,10.0
L02621,P0215,2025-12-12,2,1,1,0,10.0
L02621,P0001,2025-12-12,3,1,1,0,15.0
L02621,P0119,2025-12-12,4,0,0,0,8.0
L02621,P0187,2025-12-12,5,0,0,0,15.0
L02056,P0093,2025-12-12,1,1,1,0,12.0
L02056,P0090,2025-12-12,2,1,1,0,12.0
L02056,P0124,2025-12-12,3,1,0,0,15.0
L02056,P0138,2025-12-12,4,1,1,0,10.0
L02056,P0006,2025-12-12,5,1,1,0,10.0
L01043,P0182,2025-12-12,1,1,1,1,15.0
L01043,P0013,2025-12-12,2,0,0,0,12.0
L01043,P0121,2025-12-12,3,0,0,0,8.0
L01043,P0162,2025-12-12,4,1,1,0,10.0
L01043,P0080,2025-12-12,5,1,1,0,12.0
L00106,P0025,2025-12-12,1,0,0,0,8.0
L00106,P0032,2025-12-12,2,0,0,0,8.0
L00106,P0138,2025-12-12,3,0,0,0,8.0
L00106,P0194,2025-12-12,4,0,0,0,10.0
L00106,P0124,2025-12-12,5,0,0,0,10.0
L00455,P0015,2025-12-12,1,0,0,0,8.0
L00455,P0069,2025-12-12,2,1,0,0,12.0
L00455,P0165,2025-12-12,3,1,1,1,10.0
L00455,P0084,2025-12-12,4,0,0,0,10.0
L00455,P0030,2025-12-12,5,0,0,0,15.0
L01679,P0174,2025-12-12,1,1,1,0,12.0
L01679,P0187,2025-12-12,2,1,1,1,10.0
L01679,P0119,2025-12-12,3,1,1,0,10.0
L01679,P0001,2025-12-12,4,0,0,0,12.0
L01679,P0026,2025-12-12,5,0,0,0,12.0
L02842,P0150,2025-12-12,1,0,0,0,15.0
L02842,P0218,2025-12-12,2,1,1,0,12.0
L02842,P0021,2025-12-12,3,1,0,0,12.0
L02842,P0152,2025-12-12,4,0,0,0,10.0
L02842,P0184,2025-12-12,5,1,1,0,8.0
L01210,P0069,2025-12-12,1,1,0,0,15.0
L01210,P0015,2025-12-12,2,1,1,1,12.0
L01210,P0084,2025-12-12,3,0,0,0,12.0
L01210,P0091,2025-12-12,4,1,1,1,15.0
L01210,P0155,2025-12-12,5,0,0,0,15.0
L00772,P0112,2025-12-12,1,1,1,0,8.0
L00772,P0010,2025-12-12,2,0,0,0,10.0
L00772,P0109,2025-12-12,3,1,0,0,15.0
L00772,P0126,2025-12-12,4,1,1,1,10.0
L00772,P0040,2025-12-12,5,1,1,0,10.0
L02384,P0104,2025-12-12,1,0,0,0,15.0
L02384,P0105,2025-12-12,2,1,1,0,8.0
L02384,P0074,2025-12-12,3,1,1,0,12.0
L02384,P0019,2025-12-12,4,0,0,0,15.0
L02384,P0120,2025-12-12,5,1,1,0,12.0
L02241,P0052,2025-12-12,1,1,1,1,12.0
L02241,P0212,2025-12-12,2,1,0,0,10.0
L02241,P0085,2025-12-12,3,1,0,0,8.0
L02241,P0164,2025-12-12,4,1,0,0,15.0
L02241,P0020,2025-12-12,5,0,0,0,15.0
L01650,P0150,2025-12-12,1,0,0,0,12.0
L01650,P0092,2025-12-12,2,1,1,1,10.0
L01650,P0021,2025-12-12,3,0,0,0,15.0
L01650,P0078,2025-12-12,4,1,1,0,10.0
L01650,P0051,2025-12-12,5,1,1,0,12.0
L02822,P0100,2025-12-12,1,0,0,0,15.0
L02822,P0120,2025-12-12,2,1,1,0,8.0
L02822,P0050,2025-12-12,3,1,0,0,15.0
L02822,P0194,2025-12-12,4,0,0,0,15.0
L02822,P0124,2025-12-12,5,0,0,0,10.0
L00084,P0051,2025-12-12,1,0,0,0,10.0
L00084,P0152,2025-12-12,2,0,0,0,15.0
L00084,P0193,2025-12-12,3,0,0,0,15.0
L00084,P0150,2025-12-12,4,0,0,0,12.0
L00084,P0184,2025-12-12,5,0,0,0,15.0
L00149,P0031,2025-12-12,1,1,1,1,12.0
L00149,P0073,2025-12-12,2,1,0,0,12.0
L00149,P0035,2025-12-12,3,1,1,0,8.0
L00149,P0074,2025-12-12,4,0,0,0,12.0
L00149,P0058,2025-12-12,5,1,1,1,10.0
L01239,P0084,2025-12-12,1,1,1,1,12.0
L01239,P0091,2025-12-12,2,1,1,0,10.0
L01239,P0057,2025-12-12,3,0,0,0,10.0
L01239,P0030,2025-12-12,4,0,0,0,8.0
L01239,P0129,2025-12-12,5,1,0,0,8.0
L00014,P0058,2025-12-12,1,1,1,0,10.0
L00014,P0019,2025-12-12,2,0,0,0,10.0
L00014,P0143,2025-12-12,3,1,1,0,8.0
L00014,P0065,2025-12-12,4,1,1,0,15.0
L00014,P0135,2025-12-12,5,0,0,0,8.0
L00565,P0011,2025-12-12,1,1,1,0,8.0
L00565,P0022,2025-12-12,2,0,0,0,15.0
L00565,P0023,2025-12-12,3,0,0,0,12.0
L00565,P0076,2025-12-12,4,0,0,0,15.0
L00565,P0053,2025-12-12,5,1,1,0,8.0
L01577,P0080,2025-12-12,1,0,0,0,10.0
L01577,P0013,2025-12-12,2,0,0,0,15.0
L01577,P0132,2025-12-12,3,0,0,0,15.0
L01577,P0182,2025-12-12,4,1,0,0,8.0
L01577,P0098,2025-12-12,5,0,0,0,15.0
L02899,P0003,2025-12-12,1,0,0,0,8.0
L02899,P0123,2025-12-12,2,0,0,0,10.0
L02899,P0183,2025-12-12,3,0,0,0,10.0
L02899,P0083,2025-12-12,4,0,0,0,10.0
L02899,P0010,2025-12-12,5,0,0,0,15.0
L01624,P0159,2025-12-12,1,0,0,0,8.0
L01624,P0122,2025-12-12,2,1,1,0,8.0
L01624,P0045,2025-12-12,3,0,0,0,12.0
L01624,P0112,2025-12-12,4,0,0,0,8.0
L01624,P0089,2025-12-12,5,0,0,0,15.0
L02365,P0061,2025-12-12,1,1,0,0,12.0
L02365,P0120,2025-12-12,2,0,0,0,8.0
L02365,P0186,2025-12-12,3,1,1,0,8.0
L02365,P0124,2025-12-12,4,1,1,0,10.0
L02365,P0105,2025-12-12,5,0,0,0,10.0
L00656,P0084,2025-12-13,1,1,0,0,12.0
L00656,P0156,2025-12-13,2,0,0,0,10.0
L00656,P0057,2025-12-13,3,0,0,0,15.0
L00656,P0030,2025-12-13,4,0,0,0,10.0
L00656,P0119,2025-12-13,5,1,1,1,15.0
L00638,P0017,2025-12-13,1,1,1,0,12.0
L00638,P0144,2025-12-13,2,0,0,0,12.0
L00638,P0087,2025-12-13,3,1,1,0,15.0
L00638,P0078,2025-12-13,4,0,0,0,8.0
L00638,P0021,2025-12-13,5,1,0,0,12.0
L00712,P0055,2025-12-13,1,0,0,0,10.0
L00712,P0051,2025-12-13,2,0,0,0,12.0
L00712,P0078,2025-12-13,3,0,0,0,15.0
L00712,P0152,2025-12-13,4,0,0,0,12.0
L00712,P0184,2025-12-13,5,1,1,0,15.0
L01461,P0026,2025-12-13,1,0,0,0,15.0
L01461,P0001,2025-12-13,2,1,1,0,10.0
L01461,P0083,2025-12-13,3,0,0,0,15.0
L01461,P0010,2025-12-13,4,0,0,0,10.0
L01461,P0124,2025-12-13,5,0,0,0,10.0
L01384,P0151,2025-12-13,1,0,0,0,10.0
L01384,P0039,2025-12-13,2,0,0,0,10.0
L01384,P0146,2025-12-13,3,0,0,0,15.0
L01384,P0021,2025-12-13,4,1,1,0,8.0
L01384,P0051,2025-12-13,5,0,0,0,10.0
L01612,P0039,2025-12-13,1,0,0,0,8.0
L01612,P0177,2025-12-13,2,0,0,0,12.0
L01612,P0142,2025-12-13,3,0,0,0,8.0
L01612,P0021,2025-12-13,4,0,0,0,12.0
L01612,P0051,2025-12-13,5,0,0,0,12.0
L01985,P0019,2025-12-13,1,0,0,0,10.0
L01985,P0114,2025-12-13,2,1,1,0,15.0
L01985,P0135,2025-12-13,3,1,0,0,12.0
L01985,P0097,2025-12-13,4,1,1,1,15.0
L01985,P0065,2025-12-13,5,1,1,0,10.0
L00369,P0164,2025-12-13,1,0,0,0,12.0
L00369,P0133,2025-12-13,2,0,0,0,12.0
L00369,P0085,2025-12-13,3,0,0,0,12.0
L00369,P0212,2025-12-13,4,0,0,0,8.0
L00369,P0011,2025-12-13,5,0,0,0,8.0
L02703,P0201,2025-12-13,1,1,0,0,15.0
L02703,P0042,2025-12-13,2,1,1,0,15.0
L02703,P0171,2025-12-13,3,1,1,1,8.0
L02703,P0019,2025-12-13,4,1,1,0,10.0
L02703,P0114,2025-12-13,5,1,1,0,12.0
L01357,P0078,2025-12-13,1,1,1,0,15.0
L01357,P0150,2025-12-13,2,0,0,0,12.0
L01357,P0218,2025-12-13,3,0,0,0,15.0
L01357,P0021,2025-12-13,4,0,0,0,12.0
L01357,P0017,2025-12-13,5,0,0,0,12.0
L02059,P0170,2025-12-13,1,1,0,0,8.0
L02059,P0157,2025-12-13,2,1,1,0,10.0
L02059,P0076,2025-12-13,3,1,1,1,15.0
L02059,P0179,2025-12-13,4,1,1,0,8.0
L02059,P0011,2025-12-13,5,0,0,0,10.0
L00252,P0138,2025-12-13,1,0,0,0,12.0
L00252,P0007,2025-12-13,2,0,0,0,10.0
L00252,P0025,2025-12-13,3,0,0,0,10.0
L00252,P0093,2025-12-13,4,0,0,0,10.0
L00252,P0192,2025-12-13,5,0,0,0,12.0
L00922,P0115,2025-12-13,1,0,0,0,12.0
L00922,P0028,2025-12-13,2,0,0,0,15.0
L00922,P0066,2025-12-13,3,0,0,0,10.0
L00922,P0085,2025-12-13,4,1,1,1,8.0
L00922,P0067,2025-12-13,5,1,1,0,15.0
L02091,P0028,2025-12-13,1,1,0,0,10.0
L02091,P0020,2025-12-13,2,1,1,0,8.0
L02091,P0041,2025-12-13,3,1,1,0,8.0
L02091,P0044,2025-12-13,4,0,0,0,10.0
L02091,P0014,2025-12-13,5,0,0,0,12.0
L00196,P0088,2025-12-13,1,1,1,0,8.0
L00196,P0167,2025-12-13,2,0,0,0,8.0
L00196,P0184,2025-12-13,3,1,1,0,15.0
L00196,P0078,2025-12-13,4,0,0,0,8.0
L00196,P0021,2025-12-13,5,1,1,0,15.0
L01629,P0020,2025-12-13,1,1,1,1,15.0
L01629,P0158,2025-12-13,2,1,1,1,12.0
L01629,P0115,2025-12-13,3,1,1,0,10.0
L01629,P0066,2025-12-13,4,0,0,0,8.0
L01629,P0056,2025-12-13,5,0,0,0,8.0
L01551,P0008,2025-12-13,1,1,1,0,10.0
L01551,P0002,2025-12-13,2,1,1,1,15.0
L01551,P0193,2025-12-13,3,0,0,0,15.0
L01551,P0111,2025-12-13,4,1,1,0,10.0
L01551,P0094,2025-12-13,5,0,0,0,15.0
L02462,P0074,2025-12-13,1,1,1,0,10.0
L02462,P0019,2025-12-13,2,0,0,0,8.0
L02462,P0135,2025-12-13,3,0,0,0,8.0
L02462,P0049,2025-12-13,4,1,1,1,15.0
L02462,P0110,2025-12-13,5,0,0,0,8.0
L02877,P0080,2025-12-13,1,1,1,1,8.0
L02877,P0098,2025-12-13,2,1,1,1,8.0
L02877,P0182,2025-12-13,3,0,0,0,15.0
L02877,P0121,2025-12-13,4,1,1,1,12.0
L02877,P0132,2025-12-13,5,0,0,0,10.0
L01291,P0204,2025-12-13,1,1,1,1,15.0
L01291,P0019,2025-12-13,2,0,0,0,12.0
L01291,P0114,2025-12-13,3,1,1,0,8.0
L01291,P0143,2025-12-13,4,1,1,0,12.0
L01291,P0058,2025-12-13,5,0,0,0,12.0
L00502,P0198,2025-12-13,1,0,0,0,10.0
L00502,P0072,2025-12-13,2,0,0,0,12.0
L00502,P0200,2025-12-13,3,0,0,0,15.0
L00502,P0187,2025-12-13,4,1,0,0,10.0
L00502,P0077,2025-12-13,5,0,0,0,12.0
L01189,P0084,2025-12-13,1,0,0,0,15.0
L01189,P0155,2025-12-13,2,0,0,0,10.0
L01189,P0165,2025-12-13,3,0,0,0,10.0
L01189,P0024,2025-12-13,4,0,0,0,10.0
L01189,P0030,2025-12-13,5,0,0,0,10.0
L02397,P0143,2025-12-13,1,0,0,0,10.0
L02397,P0114,2025-12-13,2,1,1,0,15.0
L02397,P0065,2025-12-13,3,1,1,0,12.0
L02397,P0006,2025-12-13,4,0,0,0,8.0
L02397,P0097,2025-12-13,5,1,1,0,12.0
L00110,P0075,2025-12-13,1,1,0,0,10.0
L00110,P0117,2025-12-13,2,1,1,1,8.0
L00110,P0126,2025-12-13,3,1,1,0,8.0
L00110,P0195,2025-12-13,4,1,1,0,8.0
L00110,P0112,2025-12-13,5,0,0,0,10.0
L02808,P0084,2025-12-14,1,0,0,0,8.0
L02808,P0156,2025-12-14,2,0,0,0,12.0
L02808,P0129,2025-12-14,3,0,0,0,15.0
L02808,P0030,2025-12-14,4,0,0,0,8.0
L02808,P0119,2025-12-14,5,0,0,0,10.0
L00924,P0126,2025-12-14,1,1,1,1,12.0
L00924,P0010,2025-12-14,2,0,0,0,8.0
L00924,P0109,2025-12-14,3,0,0,0,10.0
L00924,P0112,2025-12-14,4,0,0,0,10.0
L00924,P0188,2025-12-14,5,0,0,0,8.0
L01148,P0041,2025-12-14,1,0,0,0,12.0
L01148,P0115,2025-12-14,2,0,0,0,10.0
L01148,P0063,2025-12-14,3,0,0,0,12.0
L01148,P0044,2025-12-14,4,1,1,0,12.0
L01148,P0056,2025-12-14,5,1,0,0,15.0
L02849,P0022,2025-12-14,1,0,0,0,15.0
L02849,P0023,2025-12-14,2,1,0,0,8.0
L02849,P0102,2025-12-14,3,1,1,1,12.0
L02849,P0020,2025-12-14,4,0,0,0,8.0
L02849,P0053,2025-12-14,5,1,1,0,10.0
L01885,P0145,2025-12-14,1,0,0,0,12.0
L01885,P0202,2025-12-14,2,0,0,0,12.0
L01885,P0172,2025-12-14,3,1,1,0,10.0
L01885,P0035,2025-12-14,4,0,0,0,15.0
L01885,P0031,2025-12-14,5,0,0,0,8.0
L00633,P0151,2025-12-14,1,0,0,0,8.0
L00633,P0146,2025-12-14,2,1,1,1,8.0
L00633,P0039,2025-12-14,3,0,0,0,10.0
L00633,P0101,2025-12-14,4,0,0,0,10.0
L00633,P0088,2025-12-14,5,0,0,0,15.0
L01849,P0029,2025-12-14,1,1,0,0,15.0
L01849,P0175,2025-12-14,2,1,1,0,15.0
L01849,P0173,2025-12-14,3,0,0,0,12.0
L01849,P0049,2025-12-14,4,1,1,0,12.0
L01849,P0043,2025-12-14,5,1,1,1,10.0
L00988,P0133,2025-12-14,1,0,0,0,8.0
L00988,P0052,2025-12-14,2,0,0,0,12.0
L00988,P0096,2025-12-14,3,0,0,0,15.0
L00988,P0066,2025-12-14,4,0,0,0,10.0
L00988,P0011,2025-12-14,5,0,0,0,10.0
L02746,P0208,2025-12-14,1,0,0,0,12.0
L02746,P0116,2025-12-14,2,1,0,0,10.0
L02746,P0147,2025-12-14,3,1,1,0,12.0
L02746,P0056,2025-12-14,4,1,1,0,10.0
L02746,P0086,2025-12-14,5,0,0,0,10.0
L01264,P0170,2025-12-14,1,1,0,0,10.0
L01264,P0115,2025-12-14,2,1,0,0,8.0
L01264,P0076,2025-12-14,3,1,1,1,12.0
L01264,P0179,2025-12-14,4,1,1,0,10.0
L01264,P0020,2025-12-14,5,0,0,0,15.0
L02684,P0135,2025-12-14,1,1,0,0,8.0
L02684,P0161,2025-12-14,2,1,1,0,12.0
L02684,P0035,2025-12-14,3,0,0,0,12.0
L02684,P0046,2025-12-14,4,1,0,0,10.0
L02684,P0019,2025-12-14,5,0,0,0,12.0
L02042,P0177,2025-12-14,1,1,1,0,15.0
L02042,P0142,2025-12-14,2,0,0,0,15.0
L02042,P0151,2025-12-14,3,1,1,0,10.0
L02042,P0146,2025-12-14,4,1,0,0,12.0
L02042,P0176,2025-12-14,5,1,1,0,12.0
L02300,P0148,2025-12-14,1,0,0,0,8.0
L02300,P0000,2025-12-14,2,0,0,0,10.0
L02300,P0062,2025-12-14,3,0,0,0,10.0
L02300,P0153,2025-12-14,4,0,0,0,10.0
L02300,P0189,2025-12-14,5,0,0,0,15.0
L01766,P0182,2025-12-14,1,0,0,0,12.0
L01766,P0098,2025-12-14,2,0,0,0,10.0
L01766,P0132,2025-12-14,3,1,1,0,8.0
L01766,P0217,2025-12-14,4,1,1,0,15.0
L01766,P0013,2025-12-14,5,0,0,0,15.0
L00407,P0086,2025-12-14,1,1,1,1,15.0
L00407,P0082,2025-12-14,2,1,1,0,10.0
L00407,P0205,2025-12-14,3,1,1,1,10.0
L00407,P0004,2025-12-14,4,1,1,0,15.0
L00407,P0186,2025-12-14,5,0,0,0,8.0
L02932,P0025,2025-12-14,1,0,0,0,15.0
L02932,P0192,2025-12-14,2,0,0,0,10.0
L02932,P0199,2025-12-14,3,0,0,0,15.0
L02932,P0196,2025-12-14,4,1,1,0,10.0
L02932,P0081,2025-12-14,5,0,0,0,10.0
L02986,P0020,2025-12-14,1,0,0,0,15.0
L02986,P0115,2025-12-14,2,0,0,0,15.0
L02986,P0066,2025-12-14,3,0,0,0,15.0
L02986,P0056,2025-12-14,4,0,0,0,8.0
L02986,P0063,2025-12-14,5,0,0,0,15.0
L02687,P0025,2025-12-14,1,0,0,0,10.0
L02687,P0139,2025-12-14,2,1,1,0,15.0
L02687,P0186,2025-12-14,3,1,0,0,12.0
L02687,P0138,2025-12-14,4,1,1,0,8.0
L02687,P0004,2025-12-14,5,1,1,1,10.0
L02392,P0174,2025-12-14,1,1,0,0,12.0
L02392,P0187,2025-12-14,2,1,1,0,15.0
L02392,P0200,2025-12-14,3,1,1,1,10.0
L02392,P0072,2025-12-14,4,0,0,0,10.0
L02392,P0027,2025-12-14,5,1,0,0,10.0
L02242,P0115,2025-12-14,1,1,0,0,10.0
L02242,P0028,2025-12-14,2,0,0,0,15.0
L02242,P0020,2025-12-14,3,0,0,0,10.0
L02242,P0063,2025-12-14,4,0,0,0,15.0
L02242,P0066,2025-12-14,5,0,0,0,10.0
L01865,P0138,2025-12-14,1,1,1,0,15.0
L01865,P0194,2025-12-14,2,0,0,0,15.0
L01865,P0025,2025-12-14,3,0,0,0,12.0
L01865,P0100,2025-12-14,4,1,1,0,8.0
L01865,P0061,2025-12-14,5,1,1,0,8.0
L01756,P0074,2025-12-14,1,1,1,0,8.0
L01756,P0019,2025-12-14,2,1,1,0,10.0
L01756,P0049,2025-12-14,3,0,0,0,12.0
L01756,P0110,2025-12-14,4,1,1,1,15.0
L01756,P0031,2025-12-14,5,1,1,0,15.0
L02130,P0173,2025-12-14,1,0,0,0,15.0
L02130,P0110,2025-12-14,2,0,0,0,8.0
L02130,P0104,2025-12-14,3,0,0,0,10.0
L02130,P0031,2025-12-14,4,1,1,1,8.0
L02130,P0135,2025-12-14,5,1,1,1,8.0
L01130,P0132,2025-12-14,1,0,0,0,15.0
L01130,P0013,2025-12-14,2,0,0,0,12.0
L01130,P0121,2025-12-14,3,1,1,1,15.0
L01130,P0162,2025-12-14,4,1,0,0,12.0
L01130,P0217,2025-12-14,5,1,1,0,15.0
L02630,P0115,2025-12-14,1,0,0,0,15.0
L02630,P0028,2025-12-14,2,0,0,0,12.0
L02630,P0066,2025-12-14,3,0,0,0,10.0
L02630,P0085,2025-12-14,4,0,0,0,15.0
L02630,P0149,2025-12-14,5,0,0,0,15.0
L01352,P0202,2025-12-14,1,0,0,0,8.0
L01352,P0168,2025-12-14,2,1,1,0,15.0
L01352,P0064,2025-12-14,3,1,0,0,8.0
L01352,P0130,2025-12-14,4,0,0,0,12.0
L01352,P0095,2025-12-14,5,1,0,0,10.0
L00284,P0055,2025-12-14,1,1,1,0,12.0
L00284,P0078,2025-12-14,2,0,0,0,12.0
L00284,P0150,2025-12-14,3,0,0,0,12.0
L00284,P0021,2025-12-14,4,0,0,0,12.0
L00284,P0152,2025-12-14,5,0,0,0,12.0
L01300,P0211,2025-12-14,1,1,1,1,10.0
L01300,P0033,2025-12-14,2,0,0,0,8.0
L01300,P0027,2025-12-14,3,1,1,0,10.0
L01300,P0077,2025-12-14,4,1,1,0,10.0
L01300,P0174,2025-12-14,5,1,1,1,15.0
L02214,P0182,2025-12-14,1,1,1,0,12.0
L02214,P0162,2025-12-14,2,0,0,0,10.0
L02214,P0013,2025-12-14,3,0,0,0,10.0
L02214,P0132,2025-12-14,4,0,0,0,15.0
L02214,P0217,2025-12-14,5,1,1,1,10.0
L00589,P0102,2025-12-14,1,1,0,0,8.0
L00589,P0022,2025-12-14,2,1,1,0,10.0
L00589,P0053,2025-12-14,3,1,1,1,15.0
L00589,P0017,2025-12-14,4,0,0,0,15.0
L00589,P0087,2025-12-14,5,0,0,0,15.0
L00965,P0018,2025-12-14,1,1,1,0,10.0
L00965,P0172,2025-12-14,2,1,1,1,12.0
L00965,P0118,2025-12-14,3,1,0,0,10.0
L00965,P0213,2025-12-14,4,0,0,0,15.0
L00965,P0145,2025-12-14,5,0,0,0,12.0
L01313,P0038,2025-12-15,1,0,0,0,15.0
L01313,P0099,2025-12-15,2,1,1,0,12.0
L01313,P0111,2025-12-15,3,1,1,0,10.0
L01313,P0193,2025-12-15,4,0,0,0,8.0
L01313,P0002,2025-12-15,5,1,0,0,10.0
L02860,P0023,2025-12-15,1,0,0,0,10.0
L02860,P0169,2025-12-15,2,1,1,1,10.0
L02860,P0011,2025-12-15,3,0,0,0,12.0
L02860,P0053,2025-12-15,4,0,0,0,8.0
L02860,P0017,2025-12-15,5,1,1,0,15.0
L02117,P0101,2025-12-15,1,0,0,0,8.0
L02117,P0038,2025-12-15,2,0,0,0,10.0
L02117,P0140,2025-12-15,3,0,0,0,10.0
L02117,P0193,2025-12-15,4,0,0,0,10.0
L02117,P0094,2025-12-15,5,0,0,0,15.0
L00843,P0199,2025-12-15,1,1,1,0,8.0
L00843,P0192,2025-12-15,2,1,0,0,8.0
L00843,P0183,2025-12-15,3,0,0,0,15.0
L00843,P0124,2025-12-15,4,0,0,0,15.0
L00843,P0081,2025-12-15,5,1,1,0,15.0
L00705,P0145,2025-12-15,1,1,1,0,12.0
L00705,P0172,2025-12-15,2,0,0,0,15.0
L00705,P0018,2025-12-15,3,1,1,0,12.0
L00705,P0035,2025-12-15,4,1,0,0,10.0
L00705,P0202,2025-12-15,5,0,0,0,8.0
L01862,P0188,2025-12-15,1,1,0,0,8.0
L01862,P0195,2025-12-15,2,0,0,0,15.0
L01862,P0075,2025-12-15,3,0,0,0,12.0
L01862,P0117,2025-12-15,4,0,0,0,10.0
L01862,P0109,2025-12-15,5,1,1,0,10.0
L02631,P0007,2025-12-15,1,1,1,0,8.0
L02631,P0090,2025-12-15,2,0,0,0,10.0
L02631,P0120,2025-12-15,3,1,0,0,8.0
L02631,P0124,2025-12-15,4,1,1,1,8.0
L02631,P0138,2025-12-15,5,0,0,0,12.0
L01645,P0188,2025-12-15,1,0,0,0,10.0
L01645,P0112,2025-12-15,2,0,0,0,15.0
L01645,P0195,2025-12-15,3,1,1,0,12.0
L01645,P0109,2025-12-15,4,0,0,0,15.0
L01645,P0075,2025-12-15,5,0,0,0,12.0
L02053,P0003,2025-12-15,1,0,0,0,10.0
L02053,P0026,2025-12-15,2,0,0,0,10.0
L02053,P0187,2025-12-15,3,0,0,0,8.0
L02053,P0010,2025-12-15,4,1,1,0,12.0
L02053,P0005,2025-12-15,5,0,0,0,15.0
L00767,P0113,2025-12-15,1,0,0,0,10.0
L00767,P0009,2025-12-15,2,1,1,0,10.0
L00767,P0072,2025-12-15,3,0,0,0,12.0
L00767,P0198,2025-12-15,4,0,0,0,8.0
L00767,P0033,2025-12-15,5,1,0,0,10.0
L00310,P0150,2025-12-15,1,1,1,0,12.0
L00310,P0021,2025-12-15,2,1,1,0,12.0
L00310,P0152,2025-12-15,3,1,1,0,15.0
L00310,P0078,2025-12-15,4,0,0,0,15.0
L00310,P0017,2025-12-15,5,0,0,0,10.0
L01227,P0158,2025-12-15,1,1,0,0,8.0
L01227,P0140,2025-12-15,2,1,1,1,8.0
L01227,P0002,2025-12-15,3,0,0,0,15.0
L01227,P0193,2025-12-15,4,1,1,0,8.0
L01227,P0020,2025-12-15,5,1,1,1,15.0
L01338,P0207,2025-12-15,1,1,1,0,12.0
L01338,P0219,2025-12-15,2,1,0,0,12.0
L01338,P0209,2025-12-15,3,1,1,0,8.0
L01338,P0047,2025-12-15,4,1,1,0,10.0
L01338,P0112,2025-12-15,5,1,1,1,15.0
L02917,P0035,2025-12-15,1,0,0,0,8.0
L02917,P0202,2025-12-15,2,1,1,0,10.0
L02917,P0145,2025-12-15,3,0,0,0,12.0
L02917,P0213,2025-12-15,4,0,0,0,10.0
L02917,P0079,2025-12-15,5,0,0,0,15.0
L00535,P0186,2025-12-15,1,0,0,0,8.0
L00535,P0100,2025-12-15,2,1,1,1,8.0
L00535,P0025,2025-12-15,3,0,0,0,12.0
L00535,P0032,2025-12-15,4,0,0,0,15.0
L00535,P0120,2025-12-15,5,0,0,0,12.0
L01165,P0203,2025-12-15,1,0,0,0,8.0
L01165,P0037,2025-12-15,2,0,0,0,8.0
L01165,P0057,2025-12-15,3,1,0,0,15.0
L01165,P0129,2025-12-15,4,0,0,0,15.0
L01165,P0030,2025-12-15,5,0,0,0,8.0
L01250,P0191,2025-12-15,1,0,0,0,12.0
L01250,P0035,2025-12-15,2,1,1,1,15.0
L01250,P0118,2025-12-15,3,0,0,0,12.0
L01250,P0064,2025-12-15,4,1,1,1,10.0
L01250,P0168,2025-12-15,5,1,1,0,10.0
L01131,P0219,2025-12-15,1,1,1,0,10.0
L01131,P0207,2025-12-15,2,1,1,0,10.0
L01131,P0112,2025-12-15,3,0,0,0,8.0
L01131,P0209,2025-12-15,4,1,0,0,15.0
L01131,P0195,2025-12-15,5,0,0,0,8.0
L02328,P0027,2025-12-15,1,1,0,0,15.0
L02328,P0198,2025-12-15,2,0,0,0,15.0
L02328,P0200,2025-12-15,3,1,1,0,12.0
L02328,P0077,2025-12-15,4,0,0,0,10.0
L02328,P0187,2025-12-15,5,0,0,0,8.0
L01764,P0166,2025-12-15,1,0,0,0,12.0
L01764,P0030,2025-12-15,2,0,0,0,15.0
L01764,P0089,2025-12-15,3,1,1,0,15.0
L01764,P0187,2025-12-15,4,1,0,0,10.0
L01764,P0071,2025-12-15,5,0,0,0,8.0
L02732,P0020,2025-12-15,1,0,0,0,8.0
L02732,P0011,2025-12-15,2,0,0,0,12.0
L02732,P0102,2025-12-15,3,0,0,0,10.0
L02732,P0017,2025-12-15,4,1,1,0,12.0
L02732,P0076,2025-12-15,5,1,1,1,15.0
L01614,P0202,2025-12-15,1,1,1,1,8.0
L01614,P0118,2025-12-15,2,1,1,0,15.0
L01614,P0035,2025-12-15,3,1,1,0,15.0
L01614,P0172,2025-12-15,4,1,1,1,15.0
L01614,P0079,2025-12-15,5,0,0,0,8.0
L00798,P0122,2025-12-15,1,0,0,0,10.0
L00798,P0134,2025-12-15,2,0,0,0,12.0
L00798,P0016,2025-12-15,3,1,0,0,8.0
L00798,P0112,2025-12-15,4,0,0,0,8.0
L00798,P0034,2025-12-15,5,0,0,0,15.0
L02330,P0186,2025-12-15,1,1,1,0,15.0
L02330,P0050,2025-12-15,2,0,0,0,12.0
L02330,P0124,2025-12-15,3,0,0,0,12.0
L02330,P0194,2025-12-15,4,0,0,0,8.0
L02330,P0100,2025-12-15,5,0,0,0,15.0
L02375,P0203,2025-12-15,1,1,1,1,8.0
L02375,P0091,2025-12-15,2,0,0,0,8.0
L02375,P0129,2025-12-15,3,0,0,0,15.0
L02375,P0057,2025-12-15,4,0,0,0,15.0
L02375,P0119,2025-12-15,5,0,0,0,8.0
L02485,P0132,2025-12-16,1,1,1,0,12.0
L02485,P0121,2025-12-16,2,1,1,0,8.0
L02485,P0013,2025-12-16,3,1,1,0,8.0
L02485,P0217,2025-12-16,4,1,1,1,10.0
L02485,P0098,2025-12-16,5,1,1,1,15.0
L00895,P0032,2025-12-16,1,0,0,0,15.0
L00895,P0025,2025-12-16,2,1,1,0,12.0
L00895,P0050,2025-12-16,3,1,1,1,15.0
L00895,P0186,2025-12-16,4,0,0,0,12.0
L00895,P0138,2025-12-16,5,0,0,0,8.0
L02776,P0004,2025-12-16,1,0,0,0,12.0
L02776,P0053,2025-12-16,2,1,1,1,15.0
L02776,P0020,2025-12-16,3,1,1,0,8.0
L02776,P0023,2025-12-16,4,0,0,0,8.0
L02776,P0054,2025-12-16,5,0,0,0,10.0
L02506,P0171,2025-12-16,1,1,1,1,12.0
L02506,P0197,2025-12-16,2,1,1,0,12.0
L02506,P0173,2025-12-16,3,0,0,0,15.0
L02506,P0058,2025-12-16,4,1,1,0,8.0
L02506,P0104,2025-12-16,5,1,1,0,15.0
L02904,P0152,2025-12-16,1,1,1,0,15.0
L02904,P0078,2025-12-16,2,0,0,0,8.0
L02904,P0184,2025-12-16,3,0,0,0,12.0
L02904,P0218,2025-12-16,4,0,0,0,12.0
L02904,P0017,2025-12-16,5,0,0,0,15.0
L00162,P0092,2025-12-16,1,0,0,0,8.0
L00162,P0218,2025-12-16,2,1,1,1,15.0
L00162,P0021,2025-12-16,3,1,1,0,15.0
L00162,P0152,2025-12-16,4,1,0,0,12.0
L00162,P0017,2025-12-16,5,0,0,0,10.0
L00604,P0104,2025-12-16,1,0,0,0,8.0
L00604,P0105,2025-12-16,2,1,1,0,15.0
L00604,P0019,2025-12-16,3,1,1,0,12.0
L00604,P0074,2025-12-16,4,1,1,0,12.0
L00604,P0120,2025-12-16,5,0,0,0,8.0
L00485,P0120,2025-12-16,1,1,1,0,12.0
L00485,P0108,2025-12-16,2,0,0,0,12.0
L00485,P0124,2025-12-16,3,0,0,0,15.0
L00485,P0138,2025-12-16,4,0,0,0,10.0
L00485,P0081,2025-12-16,5,1,1,0,15.0
L02805,P0037,2025-12-16,1,1,1,0,10.0
L02805,P0216,2025-12-16,2,1,0,0,12.0
L02805,P0155,2025-12-16,3,1,1,1,15.0
L02805,P0091,2025-12-16,4,0,0,0,10.0
L02805,P0030,2025-12-16,5,0,0,0,12.0
L00801,P0187,2025-12-16,1,1,0,0,12.0
L00801,P0071,2025-12-16,2,0,0,0,15.0
L00801,P0198,2025-12-16,3,1,1,1,15.0
L00801,P0072,2025-12-16,4,0,0,0,12.0
L00801,P0027,2025-12-16,5,1,0,0,10.0
L00624,P0075,2025-12-16,1,0,0,0,8.0
L00624,P0040,2025-12-16,2,0,0,0,8.0
L00624,P0195,2025-12-16,3,1,0,0,15.0
L00624,P0112,2025-12-16,4,0,0,0,8.0
L00624,P0033,2025-12-16,5,0,0,0,12.0
L01354,P0106,2025-12-16,1,1,1,0,8.0
L01354,P0070,2025-12-16,2,0,0,0,8.0
L01354,P0175,2025-12-16,3,0,0,0,15.0
L01354,P0173,2025-12-16,4,0,0,0,15.0
L01354,P0043,2025-12-16,5,0,0,0,10.0
L00100,P0185,2025-12-16,1,0,0,0,8.0
L00100,P0065,2025-12-16,2,1,1,1,10.0
L00100,P0161,2025-12-16,3,1,1,0,12.0
L00100,P0163,2025-12-16,4,1,1,1,8.0
L00100,P0046,2025-12-16,5,0,0,0,8.0
L00235,P0127,2025-12-16,1,1,1,1,8.0
L00235,P0204,2025-12-16,2,1,1,0,12.0
L00235,P0171,2025-12-16,3,1,1,0,10.0
L00235,P0143,2025-12-16,4,1,0,0,10.0
L00235,P0019,2025-12-16,5,0,0,0,10.0
L01066,P0057,2025-12-16,1,0,0,0,8.0
L01066,P0156,2025-12-16,2,1,1,1,10.0
L01066,P0174,2025-12-16,3,1,1,0,15.0
L01066,P0119,2025-12-16,4,0,0,0,8.0
L01066,P0203,2025-12-16,5,1,1,0,12.0
L02007,P0040,2025-12-16,1,1,1,0,8.0
L02007,P0126,2025-12-16,2,0,0,0,10.0
L02007,P0195,2025-12-16,3,0,0,0,10.0
L02007,P0188,2025-12-16,4,1,1,0,15.0
L02007,P0033,2025-12-16,5,0,0,0,15.0
L01400,P0068,2025-12-16,1,1,1,0,12.0
L01400,P0029,2025-12-16,2,0,0,0,15.0
L01400,P0189,2025-12-16,3,1,0,0,10.0
L01400,P0148,2025-12-16,4,1,1,0,15.0
L01400,P0114,2025-12-16,5,1,1,0,15.0
L00034,P0071,2025-12-16,1,1,1,1,8.0
L00034,P0187,2025-12-16,2,1,1,0,12.0
L00034,P0077,2025-12-16,3,1,1,0,8.0
L00034,P0027,2025-12-16,4,1,1,1,8.0
L00034,P0198,2025-12-16,5,1,0,0,8.0
L00273,P0099,2025-12-16,1,1,1,0,8.0
L00273,P0008,2025-12-16,2,0,0,0,15.0
L00273,P0094,2025-12-16,3,0,0,0,15.0
L00273,P0002,2025-12-16,4,1,1,1,8.0
L00273,P0111,2025-12-16,5,0,0,0,12.0
L00385,P0074,2025-12-16,1,1,1,0,12.0
L00385,P0058,2025-12-16,2,1,1,0,10.0
L00385,P0019,2025-12-16,3,1,1,1,10.0
L00385,P0031,2025-12-16,4,1,1,1,10.0
L00385,P0105,2025-12-16,5,1,1,1,12.0
L00484,P0029,2025-12-16,1,0,0,0,12.0
L00484,P0173,2025-12-16,2,0,0,0,10.0
L00484,P0062,2025-12-16,3,0,0,0,12.0
L00484,P0181,2025-12-16,4,0,0,0,10.0
L00484,P0043,2025-12-16,5,0,0,0,15.0
L00909,P0020,2025-12-16,1,1,1,1,12.0
L00909,P0067,2025-12-16,2,1,1,0,8.0
L00909,P0149,2025-12-16,3,1,0,0,8.0
L00909,P0164,2025-12-16,4,0,0,0,10.0
L00909,P0085,2025-12-16,5,0,0,0,15.0
L00511,P0158,2025-12-16,1,0,0,0,8.0
L00511,P0115,2025-12-16,2,1,1,1,8.0
L00511,P0056,2025-12-16,3,1,1,0,10.0
L00511,P0044,2025-12-16,4,1,1,0,15.0
L00511,P0014,2025-12-16,5,0,0,0,8.0
L01381,P0060,2025-12-16,1,1,0,0,8.0
L01381,P0012,2025-12-16,2,1,1,1,8.0
L01381,P0198,2025-12-16,3,0,0,0,10.0
L01381,P0027,2025-12-16,4,1,0,0,8.0
L01381,P0072,2025-12-16,5,0,0,0,10.0
L02176,P0086,2025-12-17,1,1,0,0,8.0
L02176,P0128,2025-12-17,2,0,0,0,15.0
L02176,P0205,2025-12-17,3,0,0,0,15.0
L02176,P0044,2025-12-17,4,1,1,0,12.0
L02176,P0116,2025-12-17,5,1,1,0,10.0
L02020,P0209,2025-12-17,1,0,0,0,12.0
L02020,P0047,2025-12-17,2,1,1,1,12.0
L02020,P0195,2025-12-17,3,1,1,0,15.0
L02020,P0083,2025-12-17,4,1,0,0,10.0
L02020,P0010,2025-12-17,5,0,0,0,15.0
L01741,P0062,2025-12-17,1,1,0,0,8.0
L01741,P0181,2025-12-17,2,1,1,1,10.0
L01741,P0070,2025-12-17,3,0,0,0,8.0
L01741,P0106,2025-12-17,4,0,0,0,12.0
L01741,P0175,2025-12-17,5,1,1,0,10.0
L02225,P0026,2025-12-17,1,1,1,0,15.0
L02225,P0001,2025-12-17,2,0,0,0,15.0
L02225,P0003,2025-12-17,3,1,0,0,12.0
L02225,P0174,2025-12-17,4,1,1,0,15.0
L02225,P0010,2025-12-17,5,0,0,0,15.0
L02195,P0166,2025-12-17,1,0,0,0,8.0
L02195,P0089,2025-12-17,2,1,1,0,8.0
L02195,P0030,2025-12-17,3,0,0,0,15.0
L02195,P0034,2025-12-17,4,1,1,1,15.0
L02195,P0174,2025-12-17,5,1,0,0,15.0
L01864,P0105,2025-12-17,1,1,1,0,8.0
L01864,P0074,2025-12-17,2,0,0,0,8.0
L01864,P0173,2025-12-17,3,1,1,1,10.0
L01864,P0058,2025-12-17,4,1,1,0,10.0
L01864,P0061,2025-12-17,5,0,0,0,15.0
L00993,P0208,2025-12-17,1,1,1,1,8.0
L00993,P0023,2025-12-17,2,0,0,0,15.0
L00993,P0011,2025-12-17,3,0,0,0,10.0
L00993,P0053,2025-12-17,4,1,1,1,8.0
L00993,P0004,2025-12-17,5,0,0,0,15.0
L00883,P0118,2025-12-17,1,1,1,0,12.0
L00883,P0073,2025-12-17,2,1,1,0,8.0
L00883,P0172,2025-12-17,3,0,0,0,10.0
L00883,P0018,2025-12-17,4,0,0,0,8.0
L00883,P0031,2025-12-17,5,0,0,0,8.0
L02769,P0128,2025-12-17,1,0,0,0,15.0
L02769,P0086,2025-12-17,2,1,1,1,8.0
L02769,P0116,2025-12-17,3,1,1,0,8.0
L02769,P0147,2025-12-17,4,0,0,0,15.0
L02769,P0044,2025-12-17,5,0,0,0,12.0
L00319,P0170,2025-12-17,1,1,1,1,10.0
L00319,P0179,2025-12-17,2,1,1,0,15.0
L00319,P0210,2025-12-17,3,1,0,0,15.0
L00319,P0115,2025-12-17,4,0,0,0,8.0
L00319,P0020,2025-12-17,5,1,1,0,15.0
L00448,P0016,2025-12-17,1,1,1,1,12.0
L00448,P0045,2025-12-17,2,0,0,0,10.0
L00448,P0159,2025-12-17,3,0,0,0,8.0
L00448,P0188,2025-12-17,4,1,1,0,8.0
L00448,P0034,2025-12-17,5,1,0,0,12.0
L00842,P0217,2025-12-17,1,1,0,0,12.0
L00842,P0182,2025-12-17,2,0,0,0,8.0
L00842,P0080,2025-12-17,3,0,0,0,10.0
L00842,P0132,2025-12-17,4,1,1,0,15.0
L00842,P0013,2025-12-17,5,0,0,0,15.0
L00585,P0019,2025-12-17,1,0,0,0,8.0
L00585,P0058,2025-12-17,2,1,1,1,10.0
L00585,P0105,2025-12-17,3,1,0,0,8.0
L00585,P0104,2025-12-17,4,1,1,1,10.0
L00585,P0135,2025-12-17,5,0,0,0,8.0
L02728,P0144,2025-12-17,1,1,1,0,15.0
L02728,P0154,2025-12-17,2,1,1,1,15.0
L02728,P0053,2025-12-17,3,1,1,0,8.0
L02728,P0078,2025-12-17,4,0,0,0,10.0
L02728,P0051,2025-12-17,5,0,0,0,10.0
L00729,P0061,2025-12-17,1,0,0,0,8.0
L00729,P0124,2025-12-17,2,0,0,0,15.0
L00729,P0186,2025-12-17,3,1,1,1,8.0
L00729,P0138,2025-12-17,4,1,0,0,12.0
L00729,P0104,2025-12-17,5,0,0,0,8.0
L00164,P0205,2025-12-17,1,0,0,0,15.0
L00164,P0136,2025-12-17,2,0,0,0,12.0
L00164,P0116,2025-12-17,3,1,0,0,15.0
L00164,P0186,2025-12-17,4,1,1,1,15.0
L00164,P0138,2025-12-17,5,1,1,0,8.0
L00026,P0059,2025-12-17,1,1,1,0,15.0
L00026,P0203,2025-12-17,2,1,1,0,15.0
L00026,P0129,2025-12-17,3,1,1,0,8.0
L00026,P0156,2025-12-17,4,0,0,0,15.0
L00026,P0119,2025-12-17,5,0,0,0,8.0
L00281,P0120,2025-12-17,1,0,0,0,15.0
L00281,P0100,2025-12-17,2,1,0,0,8.0
L00281,P0138,2025-12-17,3,1,1,0,15.0
L00281,P0186,2025-12-17,4,0,0,0,10.0
L00281,P0104,2025-12-17,5,0,0,0,15.0
L02949,P0037,2025-12-17,1,0,0,0,10.0
L02949,P0165,2025-12-17,2,0,0,0,12.0
L02949,P0155,2025-12-17,3,0,0,0,15.0
L02949,P0091,2025-12-17,4,0,0,0,12.0
L02949,P0084,2025-12-17,5,0,0,0,8.0
L00467,P0187,2025-12-17,1,0,0,0,10.0
L00467,P0119,2025-12-17,2,1,1,0,8.0
L00467,P0003,2025-12-17,3,1,1,1,15.0
L00467,P0001,2025-12-17,4,0,0,0,10.0
L00467,P0030,2025-12-17,5,0,0,0,15.0
L02386,P0020,2025-12-17,1,0,0,0,8.0
L02386,P0158,2025-12-17,2,0,0,0,10.0
L02386,P0063,2025-12-17,3,1,1,0,8.0
L02386,P0066,2025-12-17,4,1,1,1,8.0
L02386,P0056,2025-12-17,5,0,0,0,15.0
L02928,P0170,2025-12-17,1,0,0,0,8.0
L02928,P0210,2025-12-17,2,1,1,0,12.0
L02928,P0157,2025-12-17,3,0,0,0,12.0
L02928,P0022,2025-12-17,4,1,1,1,15.0
L02928,P0020,2025-12-17,5,0,0,0,10.0
L02705,P0171,2025-12-17,1,0,0,0,8.0
L02705,P0201,2025-12-17,2,0,0,0,12.0
L02705,P0197,2025-12-17,3,0,0,0,15.0
L02705,P0058,2025-12-17,4,1,1,0,10.0
L02705,P0143,2025-12-17,5,0,0,0,12.0
L00172,P0004,2025-12-18,1,1,1,0,8.0
L00172,P0082,2025-12-18,2,0,0,0,10.0
L00172,P0116,2025-12-18,3,0,0,0,12.0
L00172,P0138,2025-12-18,4,0,0,0,15.0
L00172,P0186,2025-12-18,5,1,1,1,12.0
L00362,P0124,2025-12-18,1,0,0,0,15.0
L00362,P0090,2025-12-18,2,0,0,0,8.0
L00362,P0007,2025-12-18,3,0,0,0,10.0
L00362,P0120,2025-12-18,4,0,0,0,8.0
L00362,P0192,2025-12-18,5,1,1,1,10.0
L01992,P0062,2025-12-18,1,1,1,0,15.0
L01992,P0000,2025-12-18,2,1,0,0,15.0
L01992,P0153,2025-12-18,3,1,0,0,10.0
L01992,P0029,2025-12-18,4,0,0,0,8.0
L01992,P0068,2025-12-18,5,0,0,0,10.0
L02153,P0100,2025-12-18,1,1,1,1,12.0
L02153,P0194,2025-12-18,2,1,1,1,10.0
L02153,P0186,2025-12-18,3,1,1,1,8.0
L02153,P0124,2025-12-18,4,0,0,0,10.0
L02153,P0104,2025-12-18,5,1,1,0,15.0
L00487,P0086,2025-12-18,1,1,0,0,10.0
L00487,P0082,2025-12-18,2,1,1,0,12.0
L00487,P0136,2025-12-18,3,1,1,1,15.0
L00487,P0138,2025-12-18,4,0,0,0,15.0
L00487,P0186,2025-12-18,5,0,0,0,15.0
L01299,P0160,2025-12-18,1,1,1,1,12.0
L01299,P0087,2025-12-18,2,1,1,1,12.0
L01299,P0154,2025-12-18,3,0,0,0,15.0
L01299,P0021,2025-12-18,4,1,1,0,10.0
L01299,P0051,2025-12-18,5,0,0,0,8.0
L02988,P0219,2025-12-18,1,1,0,0,10.0
L02988,P0207,2025-12-18,2,0,0,0,8.0
L02988,P0112,2025-12-18,3,0,0,0,12.0
L02988,P0209,2025-12-18,4,1,1,0,8.0
L02988,P0195,2025-12-18,5,1,1,0,12.0
L01748,P0033,2025-12-18,1,1,0,0,8.0
L01748,P0027,2025-12-18,2,1,0,0,15.0
L01748,P0072,2025-12-18,3,1,1,0,12.0
L01748,P0077,2025-12-18,4,0,0,0,15.0
L01748,P0071,2025-12-18,5,0,0,0,8.0
L00619,P0113,2025-12-18,1,0,0,0,15.0
L00619,P0009,2025-12-18,2,1,1,1,8.0
L00619,P0060,2025-12-18,3,0,0,0,8.0
L00619,P0198,2025-12-18,4,0,0,0,12.0
L00619,P0072,2025-12-18,5,0,0,0,15.0
L02248,P0139,2025-12-18,1,1,1,0,8.0
L02248,P0124,2025-12-18,2,0,0,0,12.0
L02248,P0186,2025-12-18,3,1,1,0,15.0
L02248,P0138,2025-12-18,4,1,1,1,15.0
L02248,P0004,2025-12-18,5,0,0,0,10.0
L02588,P0046,2025-12-18,1,0,0,0,12.0
L02588,P0064,2025-12-18,2,1,1,0,10.0
L02588,P0035,2025-12-18,3,1,1,1,8.0
L02588,P0095,2025-12-18,4,1,1,1,12.0
L02588,P0137,2025-12-18,5,1,0,0,15.0
L01166,P0088,2025-12-18,1,1,1,0,12.0
L01166,P0150,2025-12-18,2,0,0,0,15.0
L01166,P0092,2025-12-18,3,0,0,0,12.0
L01166,P0021,2025-12-18,4,0,0,0,10.0
L01166,P0184,2025-12-18,5,1,1,0,12.0
L01370,P0171,2025-12-18,1,1,1,0,12.0
L01370,P0197,2025-12-18,2,1,1,0,10.0
L01370,P0201,2025-12-18,3,0,0,0,10.0
L01370,P0019,2025-12-18,4,1,1,0,10.0
L01370,P0104,2025-12-18,5,0,0,0,15.0
L00123,P0027,2025-12-18,1,0,0,0,10.0
L00123,P0211,2025-12-18,2,1,1,1,15.0
L00123,P0198,2025-12-18,3,1,1,1,8.0
L00123,P0077,2025-12-18,4,1,1,1,10.0
L00123,P0187,2025-12-18,5,1,1,0,12.0
L01377,P0058,2025-12-18,1,1,1,0,8.0
L01377,P0019,2025-12-18,2,0,0,0,10.0
L01377,P0049,2025-12-18,3,1,0,0,12.0
L01377,P0110,2025-12-18,4,1,1,0,10.0
L01377,P0104,2025-12-18,5,1,1,0,8.0
L00446,P0066,2025-12-18,1,1,1,0,8.0
L00446,P0014,2025-12-18,2,1,1,0,15.0
L00446,P0149,2025-12-18,3,0,0,0,12.0
L00446,P0028,2025-12-18,4,1,1,1,15.0
L00446,P0020,2025-12-18,5,1,1,0,12.0
L00124,P0202,2025-12-18,1,0,0,0,15.0
L00124,P0046,2025-12-18,2,1,1,0,12.0
L00124,P0118,2025-12-18,3,1,1,0,10.0
L00124,P0035,2025-12-18,4,1,1,0,12.0
L00124,P0137,2025-12-18,5,1,1,0,15.0
L01431,P0121,2025-12-18,1,0,0,0,12.0
L01431,P0013,2025-12-18,2,1,1,0,8.0
L01431,P0162,2025-12-18,3,1,1,0,10.0
L01431,P0217,2025-12-18,4,0,0,0,10.0
L01431,P0190,2025-12-18,5,0,0,0,10.0
L01136,P0198,2025-12-18,1,0,0,0,12.0
L01136,P0027,2025-12-18,2,1,0,0,8.0
L01136,P0033,2025-12-18,3,0,0,0,12.0
L01136,P0187,2025-12-18,4,0,0,0,12.0
L01136,P0200,2025-12-18,5,1,1,0,15.0
L00194,P0029,2025-12-19,1,0,0,0,8.0
L00194,P0189,2025-12-19,2,1,1,0,8.0
L00194,P0143,2025-12-19,3,0,0,0,15.0
L00194,P0062,2025-12-19,4,1,0,0,8.0
L00194,P0000,2025-12-19,5,0,0,0,8.0
L02012,P0095,2025-12-19,1,1,1,1,15.0
L02012,P0213,2025-12-19,2,0,0,0,8.0
L02012,P0064,2025-12-19,3,0,0,0,12.0
L02012,P0035,2025-12-19,4,1,1,0,12.0
L02012,P0046,2025-12-19,5,0,0,0,15.0
L01946,P0181,2025-12-19,1,1,1,1,15.0
L01946,P0000,2025-12-19,2,1,1,0,10.0
L01946,P0153,2025-12-19,3,1,0,0,12.0
L01946,P0029,2025-12-19,4,0,0,0,10.0
L01946,P0068,2025-12-19,5,1,1,1,15.0
L01593,P0074,2025-12-19,1,1,1,0,12.0
L01593,P0058,2025-12-19,2,1,1,1,15.0
L01593,P0173,2025-12-19,3,0,0,0,15.0
L01593,P0019,2025-12-19,4,1,1,1,15.0
L01593,P0105,2025-12-19,5,1,1,1,10.0
L00812,P0113,2025-12-19,1,0,0,0,12.0
L00812,P0048,2025-12-19,2,1,1,1,15.0
L00812,P0009,2025-12-19,3,0,0,0,10.0
L00812,P0060,2025-12-19,4,1,1,1,10.0
L00812,P0027,2025-12-19,5,1,1,0,12.0
L00383,P0195,2025-12-19,1,0,0,0,8.0
L00383,P0075,2025-12-19,2,0,0,0,8.0
L00383,P0126,2025-12-19,3,0,0,0,8.0
L00383,P0010,2025-12-19,4,1,1,0,15.0
L00383,P0016,2025-12-19,5,0,0,0,10.0
L00070,P0205,2025-12-19,1,1,1,0,12.0
L00070,P0136,2025-12-19,2,1,1,1,10.0
L00070,P0116,2025-12-19,3,0,0,0,10.0
L00070,P0186,2025-12-19,4,0,0,0,10.0
L00070,P0124,2025-12-19,5,0,0,0,10.0
L01533,P0156,2025-12-19,1,0,0,0,8.0
L01533,P0129,2025-12-19,2,1,1,0,8.0
L01533,P0174,2025-12-19,3,0,0,0,10.0
L01533,P0187,2025-12-19,4,1,1,0,10.0
L01533,P0037,2025-12-19,5,0,0,0,15.0
L00821,P0209,2025-12-19,1,0,0,0,12.0
L00821,P0112,2025-12-19,2,1,0,0,10.0
L00821,P0010,2025-12-19,3,1,1,0,15.0
L00821,P0005,2025-12-19,4,1,1,0,15.0
L00821,P0083,2025-12-19,5,0,0,0,12.0
L02601,P0181,2025-12-19,1,1,1,0,10.0
L02601,P0062,2025-12-19,2,0,0,0,15.0
L02601,P0070,2025-12-19,3,0,0,0,10.0
L02601,P0106,2025-12-19,4,0,0,0,15.0
L02601,P0029,2025-12-19,5,0,0,0,8.0
L00926,P0145,2025-12-19,1,1,1,1,10.0
L00926,P0213,2025-12-19,2,0,0,0,15.0
L00926,P0073,2025-12-19,3,1,0,0,8.0
L00926,P0172,2025-12-19,4,0,0,0,12.0
L00926,P0031,2025-12-19,5,1,1,1,8.0
L00923,P0062,2025-12-19,1,1,1,1,10.0
L00923,P0181,2025-12-19,2,1,1,0,15.0
L00923,P0000,2025-12-19,3,0,0,0,8.0
L00923,P0068,2025-12-19,4,0,0,0,10.0
L00923,P0029,2025-12-19,5,0,0,0,10.0
L00867,P0071,2025-12-19,1,0,0,0,15.0
L00867,P0077,2025-12-19,2,0,0,0,10.0
L00867,P0027,2025-12-19,3,0,0,0,8.0
L00867,P0198,2025-12-19,4,0,0,0,10.0
L00867,P0072,2025-12-19,5,0,0,0,15.0
L00331,P0041,2025-12-19,1,1,1,1,10.0
L00331,P0158,2025-12-19,2,0,0,0,12.0
L00331,P0193,2025-12-19,3,0,0,0,12.0
L00331,P0140,2025-12-19,4,0,0,0,12.0
L00331,P0028,2025-12-19,5,0,0,0,10.0
L02483,P0191,2025-12-19,1,1,1,1,8.0
L02483,P0168,2025-12-19,2,0,0,0,12.0
L02483,P0202,2025-12-19,3,0,0,0,8.0
L02483,P0064,2025-12-19,4,1,0,0,8.0
L02483,P0130,2025-12-19,5,1,1,1,10.0
L01328,P0016,2025-12-19,1,1,1,1,15.0
L01328,P0045,2025-12-19,2,1,0,0,10.0
L01328,P0195,2025-12-19,3,0,0,0,15.0
L01328,P0188,2025-12-19,4,0,0,0,15.0
L01328,P0034,2025-12-19,5,1,0,0,10.0
L00667,P0183,2025-12-19,1,0,0,0,8.0
L00667,P0025,2025-12-19,2,1,1,0,8.0
L00667,P0124,2025-12-19,3,1,0,0,12.0
L00667,P0086,2025-12-19,4,1,1,0,8.0
L00667,P0103,2025-12-19,5,0,0,0,15.0
L02295,P0020,2025-12-19,1,0,0,0,15.0
L02295,P0028,2025-12-19,2,0,0,0,15.0
L02295,P0041,2025-12-19,3,0,0,0,10.0
L02295,P0158,2025-12-19,4,0,0,0,10.0
L02295,P0014,2025-12-19,5,0,0,0,8.0
L01753,P0129,2025-12-19,1,0,0,0,10.0
L01753,P0030,2025-12-19,2,0,0,0,12.0
L01753,P0174,2025-12-19,3,0,0,0,10.0
L01753,P0119,2025-12-19,4,1,1,1,12.0
L01753,P0203,2025-12-19,5,1,1,0,8.0
L01371,P0091,2025-12-19,1,1,1,0,8.0
L01371,P0059,2025-12-19,2,1,1,0,10.0
L01371,P0203,2025-12-19,3,0,0,0,10.0
L01371,P0030,2025-12-19,4,0,0,0,8.0
L01371,P0119,2025-12-19,5,0,0,0,12.0
L01373,P0197,2025-12-19,1,1,1,0,10.0
L01373,P0043,2025-12-19,2,1,1,1,8.0
L01373,P0171,2025-12-19,3,1,1,0,12.0
L01373,P0173,2025-12-19,4,1,0,0,12.0
L01373,P0019,2025-12-19,5,0,0,0,12.0
L00052,P0189,2025-12-19,1,1,0,0,8.0
L00052,P0019,2025-12-19,2,1,1,1,15.0
L00052,P0058,2025-12-19,3,1,1,0,12.0
L00052,P0065,2025-12-19,4,1,1,0,15.0
L00052,P0135,2025-12-19,5,1,0,0,12.0
L02266,P0210,2025-12-19,1,0,0,0,10.0
L02266,P0170,2025-12-19,2,1,1,1,10.0
L02266,P0179,2025-12-19,3,0,0,0,12.0
L02266,P0076,2025-12-19,4,1,1,0,12.0
L02266,P0022,2025-12-19,5,0,0,0,10.0
L01405,P0172,2025-12-19,1,1,0,0,8.0
L01405,P0018,2025-12-19,2,0,0,0,15.0
L01405,P0079,2025-12-19,3,0,0,0,10.0
L01405,P0145,2025-12-19,4,0,0,0,15.0
L01405,P0031,2025-12-19,5,1,1,0,15.0
L01894,P0060,2025-12-19,1,0,0,0,15.0
L01894,P0012,2025-12-19,2,0,0,0,8.0
L01894,P0048,2025-12-19,3,0,0,0,10.0
L01894,P0009,2025-12-19,4,1,1,0,15.0
L01894,P0107,2025-12-19,5,1,1,0,8.0
L00279,P0010,2025-12-19,1,1,0,0,12.0
L00279,P0083,2025-12-19,2,1,1,0,10.0
L00279,P0005,2025-12-19,3,1,1,0,12.0
L00279,P0195,2025-12-19,4,0,0,0,8.0
L00279,P0047,2025-12-19,5,0,0,0,8.0
L00595,P0167,2025-12-20,1,0,0,0,12.0
L00595,P0002,2025-12-20,2,1,0,0,15.0
L00595,P0094,2025-12-20,3,1,1,0,8.0
L00595,P0193,2025-12-20,4,1,0,0,8.0
L00595,P0140,2025-12-20,5,0,0,0,15.0
L02786,P0124,2025-12-20,1,1,1,0,10.0
L02786,P0120,2025-12-20,2,0,0,0,10.0
L02786,P0090,2025-12-20,3,0,0,0,12.0
L02786,P0007,2025-12-20,4,0,0,0,8.0
L02786,P0108,2025-12-20,5,0,0,0,12.0
L01394,P0074,2025-12-20,1,0,0,0,8.0
L01394,P0019,2025-12-20,2,1,1,0,8.0
L01394,P0100,2025-12-20,3,1,1,0,10.0
L01394,P0061,2025-12-20,4,0,0,0,8.0
L01394,P0049,2025-12-20,5,0,0,0,15.0
L02320,P0175,2025-12-20,1,1,1,1,8.0
L02320,P0106,2025-12-20,2,1,1,1,8.0
L02320,P0029,2025-12-20,3,0,0,0,8.0
L02320,P0173,2025-12-20,4,1,0,0,10.0
L02320,P0049,2025-12-20,5,1,1,0,15.0
L00507,P0048,2025-12-20,1,1,0,0,10.0
L00507,P0107,2025-12-20,2,0,0,0,10.0
L00507,P0009,2025-12-20,3,1,1,0,8.0
L00507,P0198,2025-12-20,4,0,0,0,15.0
L00507,P0072,2025-12-20,5,0,0,0,8.0
L00009,P0189,2025-12-20,1,0,0,0,8.0
L00009,P0143,2025-12-20,2,0,0,0,15.0
L00009,P0058,2025-12-20,3,1,0,0,8.0
L00009,P0114,2025-12-20,4,1,1,0,12.0
L00009,P0065,2025-12-20,5,0,0,0,15.0
L00395,P0124,2025-12-20,1,0,0,0,8.0
L00395,P0183,2025-12-20,2,1,1,0,10.0
L00395,P0025,2025-12-20,3,1,1,0,10.0
L00395,P0120,2025-12-20,4,1,1,0,12.0
L00395,P0108,2025-12-20,5,0,0,0,12.0
L02466,P0136,2025-12-20,1,1,1,0,8.0
L02466,P0054,2025-12-20,2,0,0,0,8.0
L02466,P0205,2025-12-20,3,1,0,0,8.0
L02466,P0116,2025-12-20,4,1,1,1,8.0
L02466,P0138,2025-12-20,5,0,0,0,15.0
L01595,P0054,2025-12-20,1,0,0,0,12.0
L01595,P0004,2025-12-20,2,0,0,0,12.0
L01595,P0116,2025-12-20,3,1,1,1,15.0
L01595,P0124,2025-12-20,4,1,1,0,10.0
L01595,P0186,2025-12-20,5,0,0,0,15.0
L01114,P0105,2025-12-20,1,1,0,0,12.0
L01114,P0173,2025-12-20,2,0,0,0,10.0
L01114,P0058,2025-12-20,3,1,1,0,8.0
L01114,P0061,2025-12-20,4,1,1,1,12.0
L01114,P0100,2025-12-20,5,1,1,1,8.0
L00401,P0219,2025-12-20,1,0,0,0,15.0
L00401,P0207,2025-12-20,2,0,0,0,15.0
L00401,P0047,2025-12-20,3,1,1,0,8.0
L00401,P0112,2025-12-20,4,0,0,0,8.0
L00401,P0195,2025-12-20,5,0,0,0,10.0
L00314,P0139,2025-12-20,1,1,1,1,8.0
L00314,P0186,2025-12-20,2,1,1,0,10.0
L00314,P0050,2025-12-20,3,1,1,0,12.0
L00314,P0138,2025-12-20,4,1,1,1,12.0
L00314,P0004,2025-12-20,5,1,1,1,12.0
L01850,P0114,2025-12-20,1,0,0,0,10.0
L01850,P0143,2025-12-20,2,0,0,0,12.0
L01850,P0019,2025-12-20,3,0,0,0,8.0
L01850,P0093,2025-12-20,4,0,0,0,12.0
L01850,P0090,2025-12-20,5,1,0,0,15.0
L01088,P0205,2025-12-20,1,0,0,0,15.0
L01088,P0081,2025-12-20,2,0,0,0,8.0
L01088,P0044,2025-12-20,3,0,0,0,8.0
L01088,P0116,2025-12-20,4,0,0,0,10.0
L01088,P0147,2025-12-20,5,0,0,0,10.0
L00125,P0121,2025-12-20,1,1,1,0,8.0
L00125,P0217,2025-12-20,2,1,0,0,15.0
L00125,P0190,2025-12-20,3,1,1,0,10.0
L00125,P0013,2025-12-20,4,1,1,0,12.0
L00125,P0132,2025-12-20,5,1,1,1,8.0
L02213,P0103,2025-12-20,1,0,0,0,15.0
L02213,P0196,2025-12-20,2,1,1,1,10.0
L02213,P0086,2025-12-20,3,0,0,0,12.0
L02213,P0056,2025-12-20,4,1,1,0,10.0
L02213,P0044,2025-12-20,5,0,0,0,8.0
L00003,P0135,2025-12-20,1,1,1,1,15.0
L00003,P0049,2025-12-20,2,1,1,0,15.0
L00003,P0110,2025-12-20,3,1,1,0,15.0
L00003,P0031,2025-12-20,4,1,1,0,15.0
L00003,P0073,2025-12-20,5,0,0,0,8.0
L02886,P0025,2025-12-20,1,1,1,1,8.0
L02886,P0032,2025-12-20,2,0,0,0,12.0
L02886,P0138,2025-12-20,3,1,0,0,8.0
L02886,P0186,2025-12-20,4,0,0,0,8.0
L02886,P0050,2025-12-20,5,1,1,1,8.0
L01232,P0218,2025-12-20,1,1,1,0,15.0
L01232,P0150,2025-12-20,2,1,1,1,10.0
L01232,P0051,2025-12-20,3,1,1,0,8.0
L01232,P0184,2025-12-20,4,0,0,0,10.0
L01232,P0092,2025-12-20,5,0,0,0,10.0
L01895,P0124,2025-12-20,1,1,1,0,12.0
L01895,P0138,2025-12-20,2,1,0,0,8.0
L01895,P0186,2025-12-20,3,1,0,0,10.0
L01895,P0105,2025-12-20,4,0,0,0,8.0
L01895,P0104,2025-12-20,5,0,0,0,12.0
L00062,P0021,2025-12-20,1,0,0,0,8.0
L00062,P0051,2025-12-20,2,1,0,0,8.0
L00062,P0150,2025-12-20,3,0,0,0,10.0
L00062,P0184,2025-12-20,4,0,0,0,12.0
L00062,P0092,2025-12-20,5,1,1,0,15.0
L00381,P0045,2025-12-20,1,0,0,0,12.0
L00381,P0112,2025-12-20,2,0,0,0,15.0
L00381,P0195,2025-12-20,3,0,0,0,15.0
L00381,P0188,2025-12-20,4,0,0,0,8.0
L00381,P0034,2025-12-20,5,0,0,0,10.0
L00191,P0183,2025-12-20,1,1,1,0,10.0
L00191,P0025,2025-12-20,2,1,1,0,12.0
L00191,P0124,2025-12-20,3,1,1,0,10.0
L00191,P0103,2025-12-20,4,1,1,0,10.0
L00191,P0081,2025-12-20,5,1,1,1,15.0
L02927,P0219,2025-12-20,1,0,0,0,15.0
L02927,P0207,2025-12-20,2,1,1,0,10.0
L02927,P0195,2025-12-20,3,0,0,0,15.0
L02927,P0209,2025-12-20,4,0,0,0,8.0
L02927,P0112,2025-12-20,5,1,1,0,10.0
L02663,P0102,2025-12-20,1,1,0,0,10.0
L02663,P0022,2025-12-20,2,0,0,0,10.0
L02663,P0023,2025-12-20,3,1,1,1,8.0
L02663,P0017,2025-12-20,4,1,0,0,10.0
L02663,P0053,2025-12-20,5,0,0,0,10.0
L00810,P0115,2025-12-20,1,0,0,0,15.0
L00810,P0063,2025-12-20,2,1,0,0,8.0
L00810,P0164,2025-12-20,3,0,0,0,15.0
L00810,P0067,2025-12-20,4,0,0,0,12.0
L00810,P0066,2025-12-20,5,1,1,0,12.0
L00317,P0174,2025-12-20,1,1,1,0,15.0
L00317,P0119,2025-12-20,2,1,1,0,8.0
L00317,P0001,2025-12-20,3,1,0,0,15.0
L00317,P0215,2025-12-20,4,1,1,0,12.0
L00317,P0030,2025-12-20,5,1,0,0,12.0
L00077,P0155,2025-12-20,1,1,0,0,8.0
L00077,P0015,2025-12-20,2,0,0,0,8.0
L00077,P0165,2025-12-20,3,1,1,0,12.0
L00077,P0024,2025-12-20,4,0,0,0,8.0
L00077,P0030,2025-12-20,5,0,0,0,8.0
L00054,P0029,2025-12-20,1,1,1,0,15.0
L00054,P0143,2025-12-20,2,0,0,0,12.0
L00054,P0114,2025-12-20,3,0,0,0,15.0
L00054,P0148,2025-12-20,4,1,0,0,15.0
L00054,P0189,2025-12-20,5,0,0,0,15.0
L02371,P0013,2025-12-20,1,0,0,0,8.0
L02371,P0132,2025-12-20,2,0,0,0,12.0
L02371,P0190,2025-12-20,3,0,0,0,12.0
L02371,P0162,2025-12-20,4,0,0,0,8.0
L02371,P0217,2025-12-20,5,0,0,0,8.0
L02646,P0212,2025-12-21,1,1,1,0,15.0
L02646,P0164,2025-12-21,2,1,1,1,8.0
L02646,P0052,2025-12-21,3,0,0,0,8.0
L02646,P0023,2025-12-21,4,0,0,0,15.0
L02646,P0020,2025-12-21,5,0,0,0,12.0
L00327,P0016,2025-12-21,1,0,0,0,10.0
L00327,P0159,2025-12-21,2,0,0,0,10.0
L00327,P0122,2025-12-21,3,0,0,0,8.0
L00327,P0112,2025-12-21,4,0,0,0,15.0
L00327,P0089,2025-12-21,5,0,0,0,10.0
L00214,P0058,2025-12-21,1,1,1,0,12.0
L00214,P0019,2025-12-21,2,0,0,0,8.0
L00214,P0110,2025-12-21,3,1,1,1,15.0
L00214,P0031,2025-12-21,4,0,0,0,15.0
L00214,P0049,2025-12-21,5,0,0,0,15.0
L01184,P0050,2025-12-21,1,1,0,0,12.0
L01184,P0124,2025-12-21,2,1,0,0,12.0
L01184,P0025,2025-12-21,3,1,1,1,15.0
L01184,P0120,2025-12-21,4,1,1,0,8.0
L01184,P0061,2025-12-21,5,1,1,0,12.0
L00996,P0177,2025-12-21,1,1,1,1,10.0
L00996,P0151,2025-12-21,2,0,0,0,8.0
L00996,P0176,2025-12-21,3,0,0,0,12.0
L00996,P0088,2025-12-21,4,1,1,0,15.0
L00996,P0021,2025-12-21,5,1,0,0,10.0
L01556,P0113,2025-12-21,1,0,0,0,10.0
L01556,P0107,2025-12-21,2,1,1,0,10.0
L01556,P0009,2025-12-21,3,1,0,0,12.0
L01556,P0072,2025-12-21,4,0,0,0,15.0
L01556,P0027,2025-12-21,5,1,1,0,12.0
L01234,P0025,2025-12-21,1,1,1,1,10.0
L01234,P0192,2025-12-21,2,0,0,0,8.0
L01234,P0124,2025-12-21,3,0,0,0,8.0
L01234,P0138,2025-12-21,4,0,0,0,12.0
L01234,P0004,2025-12-21,5,0,0,0,10.0
L02204,P0217,2025-12-21,1,0,0,0,8.0
L02204,P0013,2025-12-21,2,0,0,0,12.0
L02204,P0162,2025-12-21,3,1,1,0,8.0
L02204,P0132,2025-12-21,4,0,0,0,12.0
L02204,P0121,2025-12-21,5,1,1,0,10.0
L02526,P0107,2025-12-21,1,0,0,0,8.0
L02526,P0113,2025-12-21,2,0,0,0,10.0
L02526,P0033,2025-12-21,3,0,0,0,12.0
L02526,P0072,2025-12-21,4,0,0,0,15.0
L02526,P0198,2025-12-21,5,0,0,0,10.0
L02602,P0011,2025-12-21,1,0,0,0,10.0
L02602,P0020,2025-12-21,2,1,1,0,8.0
L02602,P0169,2025-12-21,3,0,0,0,12.0
L02602,P0022,2025-12-21,4,1,1,0,12.0
L02602,P0053,2025-12-21,5,0,0,0,10.0
L02535,P0110,2025-12-21,1,1,1,1,8.0
L02535,P0074,2025-12-21,2,1,1,0,15.0
L02535,P0035,2025-12-21,3,0,0,0,15.0
L02535,P0018,2025-12-21,4,0,0,0,12.0
L02535,P0073,2025-12-21,5,0,0,0,15.0
L01036,P0103,2025-12-21,1,1,0,0,15.0
L01036,P0205,2025-12-21,2,1,1,0,12.0
L01036,P0056,2025-12-21,3,1,1,1,12.0
L01036,P0116,2025-12-21,4,1,0,0,10.0
L01036,P0147,2025-12-21,5,0,0,0,15.0
L01581,P0006,2025-12-21,1,1,0,0,12.0
L01581,P0148,2025-12-21,2,1,1,0,10.0
L01581,P0019,2025-12-21,3,1,1,0,10.0
L01581,P0007,2025-12-21,4,0,0,0,8.0
L01581,P0090,2025-12-21,5,0,0,0,10.0
L00748,P0158,2025-12-21,1,1,0,0,12.0
L00748,P0111,2025-12-21,2,1,1,1,8.0
L00748,P0193,2025-12-21,3,1,1,1,15.0
L00748,P0094,2025-12-21,4,0,0,0,10.0
L00748,P0028,2025-12-21,5,0,0,0,12.0
L01450,P0156,2025-12-21,1,1,0,0,10.0
L01450,P0129,2025-12-21,2,1,0,0,10.0
L01450,P0203,2025-12-21,3,0,0,0,15.0
L01450,P0037,2025-12-21,4,0,0,0,15.0
L01450,P0059,2025-12-21,5,0,0,0,10.0
L00479,P0175,2025-12-21,1,0,0,0,10.0
L00479,P0029,2025-12-21,2,0,0,0,10.0
L00479,P0173,2025-12-21,3,0,0,0,10.0
L00479,P0110,2025-12-21,4,0,0,0,10.0
L00479,P0043,2025-12-21,5,1,1,1,8.0
L02372,P0038,2025-12-21,1,1,1,1,15.0
L02372,P0099,2025-12-21,2,1,1,1,12.0
L02372,P0008,2025-12-21,3,1,1,1,8.0
L02372,P0002,2025-12-21,4,1,1,0,8.0
L02372,P0094,2025-12-21,5,1,1,1,8.0
L00671,P0192,2025-12-21,1,0,0,0,15.0
L00671,P0138,2025-12-21,2,0,0,0,15.0
L00671,P0124,2025-12-21,3,0,0,0,10.0
L00671,P0081,2025-12-21,4,1,1,1,15.0
L00671,P0086,2025-12-21,5,1,1,0,8.0
L00531,P0064,2025-12-21,1,1,1,0,15.0
L00531,P0202,2025-12-21,2,0,0,0,12.0
L00531,P0168,2025-12-21,3,0,0,0,15.0
L00531,P0046,2025-12-21,4,1,1,0,10.0
L00531,P0130,2025-12-21,5,1,1,1,8.0
L02920,P0018,2025-12-21,1,1,1,0,12.0
L02920,P0172,2025-12-21,2,1,1,1,8.0
L02920,P0035,2025-12-21,3,1,1,1,12.0
L02920,P0073,2025-12-21,4,1,0,0,8.0
L02920,P0213,2025-12-21,5,0,0,0,15.0
L02479,P0167,2025-12-21,1,0,0,0,15.0
L02479,P0055,2025-12-21,2,1,1,0,10.0
L02479,P0078,2025-12-21,3,1,1,0,15.0
L02479,P0021,2025-12-21,4,1,1,0,12.0
L02479,P0092,2025-12-21,5,0,0,0,8.0
L02966,P0196,2025-12-21,1,0,0,0,10.0
L02966,P0128,2025-12-21,2,0,0,0,15.0
L02966,P0116,2025-12-21,3,1,1,1,15.0
L02966,P0044,2025-12-21,4,1,1,0,10.0
L02966,P0056,2025-12-21,5,0,0,0,12.0
L02417,P0087,2025-12-21,1,1,1,0,10.0
L02417,P0144,2025-12-21,2,1,0,0,10.0
L02417,P0053,2025-12-21,3,0,0,0,8.0
L02417,P0017,2025-12-21,4,0,0,0,15.0
L02417,P0051,2025-12-21,5,1,1,0,15.0
L00781,P0192,2025-12-22,1,1,1,0,8.0
L00781,P0032,2025-12-22,2,1,1,1,12.0
L00781,P0050,2025-12-22,3,1,1,1,12.0
L00781,P0194,2025-12-22,4,0,0,0,15.0
L00781,P0138,2025-12-22,5,0,0,0,12.0
L01039,P0062,2025-12-22,1,1,1,0,10.0
L01039,P0181,2025-12-22,2,0,0,0,8.0
L01039,P0106,2025-12-22,3,1,1,0,10.0
L01039,P0029,2025-12-22,4,0,0,0,12.0
L01039,P0175,2025-12-22,5,1,0,0,8.0
L00763,P0006,2025-12-22,1,0,0,0,12.0
L00763,P0148,2025-12-22,2,1,1,0,12.0
L00763,P0189,2025-12-22,3,1,1,1,8.0
L00763,P0143,2025-12-22,4,1,1,0,12.0
L00763,P0093,2025-12-22,5,1,1,1,15.0
L02198,P0197,2025-12-22,1,0,0,0,15.0
L02198,P0171,2025-12-22,2,1,1,1,10.0
L02198,P0143,2025-12-22,3,0,0,0,8.0
L02198,P0058,2025-12-22,4,0,0,0,15.0
L02198,P0114,2025-12-22,5,0,0,0,10.0
L00119,P0038,2025-12-22,1,1,1,1,10.0
L00119,P0101,2025-12-22,2,1,1,0,8.0
L00119,P0002,2025-12-22,3,1,1,0,15.0
L00119,P0140,2025-12-22,4,1,1,1,10.0
L00119,P0193,2025-12-22,5,0,0,0,15.0
L01705,P0187,2025-12-22,1,1,0,0,12.0
L01705,P0119,2025-12-22,2,1,1,0,8.0
L01705,P0003,2025-12-22,3,0,0,0,8.0
L01705,P0215,2025-12-22,4,0,0,0,15.0
L01705,P0001,2025-12-22,5,0,0,0,8.0
L00440,P0030,2025-12-22,1,0,0,0,8.0
L00440,P0129,2025-12-22,2,1,1,0,8.0
L00440,P0187,2025-12-22,3,0,0,0,8.0
L00440,P0203,2025-12-22,4,0,0,0,12.0
L00440,P0059,2025-12-22,5,1,1,1,8.0
L00481,P0100,2025-12-22,1,1,1,0,12.0
L00481,P0061,2025-12-22,2,1,1,0,8.0
L00481,P0120,2025-12-22,3,0,0,0,10.0
L00481,P0194,2025-12-22,4,1,1,0,15.0
L00481,P0104,2025-12-22,5,0,0,0,8.0
L01763,P0167,2025-12-22,1,0,0,0,12.0
L01763,P0002,2025-12-22,2,1,1,1,15.0
L01763,P0193,2025-12-22,3,0,0,0,8.0
L01763,P0094,2025-12-22,4,1,0,0,10.0
L01763,P0158,2025-12-22,5,1,1,0,8.0
L00850,P0070,2025-12-22,1,1,1,0,12.0
L00850,P0175,2025-12-22,2,1,0,0,15.0
L00850,P0181,2025-12-22,3,0,0,0,8.0
L00850,P0062,2025-12-22,4,1,1,0,15.0
L00850,P0043,2025-12-22,5,1,1,0,8.0
L00601,P0136,2025-12-22,1,0,0,0,10.0
L00601,P0004,2025-12-22,2,0,0,0,10.0
L00601,P0082,2025-12-22,3,0,0,0,15.0
L00601,P0186,2025-12-22,4,0,0,0,15.0
L00601,P0124,2025-12-22,5,1,1,1,15.0
L00848,P0180,2025-12-22,1,1,1,0,12.0
L00848,P0005,2025-12-22,2,0,0,0,12.0
L00848,P0195,2025-12-22,3,1,1,0,10.0
L00848,P0047,2025-12-22,4,1,1,0,8.0
L00848,P0003,2025-12-22,5,0,0,0,8.0
L02137,P0102,2025-12-22,1,0,0,0,8.0
L02137,P0053,2025-12-22,2,1,1,0,8.0
L02137,P0076,2025-12-22,3,0,0,0,12.0
L02137,P0087,2025-12-22,4,0,0,0,15.0
L02137,P0017,2025-12-22,5,0,0,0,8.0
L01666,P0036,2025-12-22,1,1,1,0,8.0
L01666,P0002,2025-12-22,2,1,1,0,8.0
L01666,P0094,2025-12-22,3,0,0,0,10.0
L01666,P0111,2025-12-22,4,0,0,0,15.0
L01666,P0158,2025-12-22,5,1,0,0,12.0
L02598,P0173,2025-12-22,1,0,0,0,8.0
L02598,P0058,2025-12-22,2,1,1,0,15.0
L02598,P0049,2025-12-22,3,1,1,0,10.0
L02598,P0110,2025-12-22,4,1,1,0,8.0
L02598,P0105,2025-12-22,5,0,0,0,15.0
L00552,P0047,2025-12-22,1,0,0,0,10.0
L00552,P0083,2025-12-22,2,1,1,0,15.0
L00552,P0010,2025-12-22,3,1,1,0,12.0
L00552,P0207,2025-12-22,4,0,0,0,8.0
L00552,P0219,2025-12-22,5,0,0,0,10.0
L02654,P0113,2025-12-22,1,0,0,0,10.0
L02654,P0048,2025-12-22,2,0,0,0,8.0
L02654,P0012,2025-12-22,3,0,0,0,12.0
L02654,P0107,2025-12-22,4,0,0,0,12.0
L02654,P0027,2025-12-22,5,0,0,0,12.0
L00525,P0107,2025-12-22,1,0,0,0,8.0
L00525,P0012,2025-12-22,2,1,1,0,10.0
L00525,P0113,2025-12-22,3,1,1,1,12.0
L00525,P0027,2025-12-22,4,1,1,0,8.0
L00525,P0072,2025-12-22,5,0,0,0,15.0
L02274,P0187,2025-12-22,1,1,1,0,12.0
L02274,P0174,2025-12-22,2,1,1,1,10.0
L02274,P0200,2025-12-22,3,1,1,0,12.0
L02274,P0027,2025-12-22,4,1,1,0,15.0
L02274,P0072,2025-12-22,5,0,0,0,8.0
L01960,P0088,2025-12-22,1,1,1,1,15.0
L01960,P0055,2025-12-22,2,1,0,0,12.0
L01960,P0021,2025-12-22,3,1,0,0,15.0
L01960,P0051,2025-12-22,4,0,0,0,15.0
L01960,P0152,2025-12-22,5,0,0,0,15.0
L02215,P0019,2025-12-22,1,0,0,0,8.0
L02215,P0135,2025-12-22,2,0,0,0,12.0
L02215,P0104,2025-12-22,3,0,0,0,10.0
L02215,P0105,2025-12-22,4,0,0,0,15.0
L02215,P0049,2025-12-22,5,0,0,0,12.0
L01164,P0015,2025-12-22,1,1,0,0,8.0
L01164,P0024,2025-12-22,2,1,1,0,15.0
L01164,P0216,2025-12-22,3,0,0,0,15.0
L01164,P0155,2025-12-22,4,0,0,0,10.0
L01164,P0030,2025-12-22,5,0,0,0,15.0
L01084,P0213,2025-12-22,1,1,0,0,12.0
L01084,P0145,2025-12-22,2,0,0,0,10.0
L01084,P0064,2025-12-22,3,0,0,0,10.0
L01084,P0046,2025-12-22,4,1,1,1,10.0
L01084,P0035,2025-12-22,5,1,1,0,8.0
L01513,P0146,2025-12-22,1,1,1,0,12.0
L01513,P0176,2025-12-22,2,1,0,0,8.0
L01513,P0088,2025-12-22,3,0,0,0,12.0
L01513,P0021,2025-12-22,4,0,0,0,10.0
L01513,P0051,2025-12-22,5,1,1,0,15.0
L02224,P0130,2025-12-22,1,0,0,0,10.0
L02224,P0095,2025-12-22,2,0,0,0,8.0
L02224,P0145,2025-12-22,3,1,1,1,12.0
L02224,P0137,2025-12-22,4,1,0,0,10.0
L02224,P0064,2025-12-22,5,1,1,0,12.0
L02285,P0174,2025-12-22,1,1,1,1,10.0
L02285,P0119,2025-12-22,2,1,1,0,12.0
L02285,P0187,2025-12-22,3,1,1,1,8.0
L02285,P0001,2025-12-22,4,0,0,0,15.0
L02285,P0057,2025-12-22,5,1,1,0,12.0
L00991,P0042,2025-12-23,1,0,0,0,12.0
L00991,P0127,2025-12-23,2,0,0,0,10.0
L00991,P0204,2025-12-23,3,1,1,0,12.0
L00991,P0197,2025-12-23,4,0,0,0,10.0
L00991,P0019,2025-12-23,5,0,0,0,8.0
L00572,P0215,2025-12-23,1,0,0,0,8.0
L00572,P0123,2025-12-23,2,1,1,1,12.0
L00572,P0003,2025-12-23,3,0,0,0,15.0
L00572,P0057,2025-12-23,4,0,0,0,8.0
L00572,P0030,2025-12-23,5,0,0,0,8.0
L00514,P0154,2025-12-23,1,1,1,1,8.0
L00514,P0158,2025-12-23,2,0,0,0,15.0
L00514,P0017,2025-12-23,3,0,0,0,8.0
L00514,P0021,2025-12-23,4,0,0,0,12.0
L00514,P0078,2025-12-23,5,0,0,0,12.0
L02203,P0008,2025-12-23,1,0,0,0,10.0
L02203,P0131,2025-12-23,2,1,1,0,12.0
L02203,P0167,2025-12-23,3,1,0,0,15.0
L02203,P0036,2025-12-23,4,1,1,0,12.0
L02203,P0111,2025-12-23,5,0,0,0,8.0
L00979,P0000,2025-12-23,1,1,1,0,12.0
L00979,P0153,2025-12-23,2,1,1,0,8.0
L00979,P0062,2025-12-23,3,1,1,0,10.0
L00979,P0029,2025-12-23,4,0,0,0,10.0
L00979,P0068,2025-12-23,5,0,0,0,15.0
L02543,P0041,2025-12-23,1,0,0,0,15.0
L02543,P0115,2025-12-23,2,0,0,0,10.0
L02543,P0158,2025-12-23,3,0,0,0,8.0
L02543,P0066,2025-12-23,4,1,1,0,15.0
L02543,P0063,2025-12-23,5,0,0,0,15.0
L01801,P0115,2025-12-23,1,1,1,1,8.0
L01801,P0028,2025-12-23,2,0,0,0,15.0
L01801,P0014,2025-12-23,3,1,0,0,15.0
L01801,P0085,2025-12-23,4,0,0,0,15.0
L01801,P0066,2025-12-23,5,1,1,1,12.0
L00207,P0053,2025-12-23,1,1,1,1,12.0
L00207,P0022,2025-12-23,2,0,0,0,10.0
L00207,P0023,2025-12-23,3,0,0,0,15.0
L00207,P0011,2025-12-23,4,1,0,0,15.0
L00207,P0004,2025-12-23,5,0,0,0,15.0
L01606,P0058,2025-12-23,1,1,1,0,8.0
L01606,P0074,2025-12-23,2,1,1,0,10.0
L01606,P0105,2025-12-23,3,1,1,0,8.0
L01606,P0110,2025-12-23,4,1,1,1,12.0
L01606,P0104,2025-12-23,5,0,0,0,12.0
L01271,P0130,2025-12-23,1,1,1,1,8.0
L01271,P0145,2025-12-23,2,1,1,0,10.0
L01271,P0095,2025-12-23,3,0,0,0,15.0
L01271,P0046,2025-12-23,4,0,0,0,15.0
L01271,P0035,2025-12-23,5,1,1,1,10.0
L00908,P0144,2025-12-23,1,0,0,0,15.0
L00908,P0087,2025-12-23,2,1,1,0,15.0
L00908,P0154,2025-12-23,3,0,0,0,8.0
L00908,P0158,2025-12-23,4,0,0,0,10.0
L00908,P0053,2025-12-23,5,1,0,0,10.0
L00486,P0057,2025-12-23,1,1,0,0,10.0
L00486,P0030,2025-12-23,2,1,1,0,12.0
L00486,P0119,2025-12-23,3,0,0,0,12.0
L00486,P0174,2025-12-23,4,0,0,0,12.0
L00486,P0187,2025-12-23,5,1,1,1,12.0
L00616,P0055,2025-12-23,1,1,1,0,10.0
L00616,P0167,2025-12-23,2,1,1,1,10.0
L00616,P0051,2025-12-23,3,1,0,0,15.0
L00616,P0184,2025-12-23,4,0,0,0,12.0
L00616,P0150,2025-12-23,5,1,0,0,12.0
L01403,P0105,2025-12-23,1,1,1,1,15.0
L01403,P0104,2025-12-23,2,1,1,1,12.0
L01403,P0120,2025-12-23,3,1,1,1,15.0
L01403,P0100,2025-12-23,4,1,0,0,15.0
L01403,P0049,2025-12-23,5,1,1,0,12.0
L01810,P0029,2025-12-23,1,1,0,0,12.0
L01810,P0062,2025-12-23,2,1,1,0,8.0
L01810,P0173,2025-12-23,3,0,0,0,15.0
L01810,P0110,2025-12-23,4,0,0,0,12.0
L01810,P0043,2025-12-23,5,1,1,0,10.0
L00405,P0123,2025-12-23,1,1,1,0,15.0
L00405,P0174,2025-12-23,2,1,1,1,8.0
L00405,P0187,2025-12-23,3,0,0,0,10.0
L00405,P0119,2025-12-23,4,1,1,0,15.0
L00405,P0005,2025-12-23,5,0,0,0,10.0
L01656,P0091,2025-12-23,1,1,1,1,12.0
L01656,P0165,2025-12-23,2,1,1,0,8.0
L01656,P0069,2025-12-23,3,1,0,0,10.0
L01656,P0024,2025-12-23,4,1,0,0,10.0
L01656,P0037,2025-12-23,5,1,0,0,8.0
L02243,P0217,2025-12-24,1,0,0,0,12.0
L02243,P0182,2025-12-24,2,1,1,0,12.0
L02243,P0190,2025-12-24,3,1,0,0,15.0
L02243,P0121,2025-12-24,4,1,0,0,12.0
L02243,P0132,2025-12-24,5,1,0,0,10.0
L02957,P0167,2025-12-24,1,1,0,0,8.0
L02957,P0055,2025-12-24,2,0,0,0,8.0
L02957,P0150,2025-12-24,3,0,0,0,10.0
L02957,P0021,2025-12-24,4,1,1,1,12.0
L02957,P0051,2025-12-24,5,0,0,0,8.0
L02245,P0043,2025-12-24,1,1,0,0,8.0
L02245,P0197,2025-12-24,2,1,1,0,10.0
L02245,P0173,2025-12-24,3,1,1,1,12.0
L02245,P0058,2025-12-24,4,1,1,1,8.0
L02245,P0019,2025-12-24,5,0,0,0,10.0
L02603,P0214,2025-12-24,1,1,0,0,12.0
L02603,P0043,2025-12-24,2,0,0,0,8.0
L02603,P0173,2025-12-24,3,1,1,0,12.0
L02603,P0058,2025-12-24,4,1,1,0,15.0
L02603,P0019,2025-12-24,5,0,0,0,10.0
L01275,P0213,2025-12-24,1,1,1,0,15.0
L01275,P0137,2025-12-24,2,0,0,0,12.0
L01275,P0130,2025-12-24,3,1,1,0,10.0
L01275,P0118,2025-12-24,4,0,0,0,10.0
L01275,P0046,2025-12-24,5,1,0,0,12.0
L00872,P0196,2025-12-24,1,1,1,0,8.0
L00872,P0103,2025-12-24,2,0,0,0,8.0
L00872,P0147,2025-12-24,3,0,0,0,8.0
L00872,P0116,2025-12-24,4,0,0,0,10.0
L00872,P0056,2025-12-24,5,0,0,0,10.0
L00893,P0167,2025-12-24,1,0,0,0,8.0
L00893,P0088,2025-12-24,2,0,0,0,15.0
L00893,P0055,2025-12-24,3,1,1,0,8.0
L00893,P0078,2025-12-24,4,0,0,0,12.0
L00893,P0150,2025-12-24,5,0,0,0,8.0
L00782,P0162,2025-12-24,1,0,0,0,10.0
L00782,P0190,2025-12-24,2,0,0,0,15.0
L00782,P0013,2025-12-24,3,0,0,0,15.0
L00782,P0217,2025-12-24,4,1,1,0,10.0
L00782,P0132,2025-12-24,5,0,0,0,12.0
L01930,P0089,2025-12-24,1,0,0,0,12.0
L01930,P0034,2025-12-24,2,0,0,0,8.0
L01930,P0166,2025-12-24,3,1,1,0,10.0
L01930,P0071,2025-12-24,4,0,0,0,15.0
L01930,P0206,2025-12-24,5,0,0,0,10.0
L00783,P0048,2025-12-24,1,0,0,0,10.0
L00783,P0113,2025-12-24,2,0,0,0,8.0
L00783,P0060,2025-12-24,3,1,1,1,8.0
L00783,P0072,2025-12-24,4,0,0,0,15.0
L00783,P0198,2025-12-24,5,0,0,0,15.0
L00885,P0113,2025-12-24,1,0,0,0,10.0
L00885,P0009,2025-12-24,2,1,0,0,8.0
L00885,P0072,2025-12-24,3,1,1,1,12.0
L00885,P0027,2025-12-24,4,1,1,0,12.0
L00885,P0033,2025-12-24,5,1,1,0,10.0
L02933,P0083,2025-12-24,1,0,0,0,8.0
L02933,P0180,2025-12-24,2,1,1,0,8.0
L02933,P0047,2025-12-24,3,0,0,0,12.0
L02933,P0209,2025-12-24,4,0,0,0,10.0
L02933,P0026,2025-12-24,5,0,0,0,8.0
L02545,P0091,2025-12-24,1,1,1,0,8.0
L02545,P0084,2025-12-24,2,1,0,0,10.0
L02545,P0037,2025-12-24,3,0,0,0,10.0
L02545,P0203,2025-12-24,4,1,1,0,10.0
L02545,P0119,2025-12-24,5,1,1,0,15.0
L00841,P0112,2025-12-24,1,0,0,0,10.0
L00841,P0195,2025-12-24,2,1,1,0,12.0
L00841,P0117,2025-12-24,3,1,1,0,10.0
L00841,P0109,2025-12-24,4,0,0,0,12.0
L00841,P0040,2025-12-24,5,0,0,0,8.0
L02145,P0145,2025-12-24,1,0,0,0,12.0
L02145,P0118,2025-12-24,2,1,1,0,10.0
L02145,P0073,2025-12-24,3,1,1,0,10.0
L02145,P0035,2025-12-24,4,0,0,0,10.0
L02145,P0031,2025-12-24,5,1,1,1,12.0
L00418,P0090,2025-12-24,1,1,1,1,15.0
L00418,P0007,2025-12-24,2,0,0,0,10.0
L00418,P0093,2025-12-24,3,1,1,1,8.0
L00418,P0006,2025-12-24,4,0,0,0,12.0
L00418,P0086,2025-12-24,5,1,1,0,15.0
L00005,P0214,2025-12-24,1,1,1,0,12.0
L00005,P0197,2025-12-24,2,0,0,0,10.0
L00005,P0171,2025-12-24,3,1,1,0,12.0
L00005,P0058,2025-12-24,4,0,0,0,15.0
L00005,P0173,2025-12-24,5,0,0,0,8.0
L01317,P0099,2025-12-24,1,1,1,0,10.0
L01317,P0038,2025-12-24,2,1,1,0,12.0
L01317,P0008,2025-12-24,3,0,0,0,15.0
L01317,P0094,2025-12-24,4,0,0,0,15.0
L01317,P0140,2025-12-24,5,0,0,0,8.0
L01124,P0219,2025-12-24,1,0,0,0,8.0
L01124,P0209,2025-12-24,2,0,0,0,8.0
L01124,P0112,2025-12-24,3,0,0,0,10.0
L01124,P0195,2025-12-24,4,0,0,0,10.0
L01124,P0047,2025-12-24,5,0,0,0,12.0
L01359,P0023,2025-12-24,1,0,0,0,8.0
L01359,P0022,2025-12-24,2,1,1,1,12.0
L01359,P0087,2025-12-24,3,1,1,0,15.0
L01359,P0053,2025-12-24,4,1,1,1,12.0
L01359,P0017,2025-12-24,5,1,0,0,12.0
L01337,P0084,2025-12-24,1,0,0,0,15.0
L01337,P0216,2025-12-24,2,0,0,0,12.0
L01337,P0037,2025-12-24,3,0,0,0,10.0
L01337,P0015,2025-12-24,4,0,0,0,10.0
L01337,P0030,2025-12-24,5,0,0,0,10.0
L01318,P0172,2025-12-24,1,1,1,0,8.0
L01318,P0018,2025-12-24,2,1,1,0,15.0
L01318,P0035,2025-12-24,3,1,0,0,10.0
L01318,P0145,2025-12-24,4,1,1,0,15.0
L01318,P0031,2025-12-24,5,0,0,0,8.0
L00528,P0120,2025-12-24,1,1,1,0,15.0
L00528,P0061,2025-12-24,2,0,0,0,10.0
L00528,P0138,2025-12-24,3,0,0,0,10.0
L00528,P0124,2025-12-24,4,0,0,0,15.0
L00528,P0050,2025-12-24,5,0,0,0,10.0
L00176,P0037,2025-12-25,1,0,0,0,12.0
L00176,P0203,2025-12-25,2,0,0,0,10.0
L00176,P0084,2025-12-25,3,0,0,0,15.0
L00176,P0156,2025-12-25,4,0,0,0,10.0
L00176,P0030,2025-12-25,5,0,0,0,10.0
L01824,P0217,2025-12-25,1,0,0,0,15.0
L01824,P0098,2025-12-25,2,1,1,1,12.0
L01824,P0013,2025-12-25,3,1,0,0,8.0
L01824,P0182,2025-12-25,4,1,0,0,15.0
L01824,P0121,2025-12-25,5,1,1,0,12.0
L02499,P0058,2025-12-25,1,1,1,1,10.0
L02499,P0019,2025-12-25,2,0,0,0,10.0
L02499,P0114,2025-12-25,3,1,1,1,8.0
L02499,P0006,2025-12-25,4,1,1,1,12.0
L02499,P0097,2025-12-25,5,0,0,0,12.0
L02311,P0179,2025-12-25,1,1,1,1,10.0
L02311,P0157,2025-12-25,2,1,1,0,8.0
L02311,P0076,2025-12-25,3,0,0,0,15.0
L02311,P0170,2025-12-25,4,1,1,1,15.0
L02311,P0022,2025-12-25,5,0,0,0,10.0
L00868,P0004,2025-12-25,1,1,1,1,8.0
L00868,P0205,2025-12-25,2,1,1,1,8.0
L00868,P0124,2025-12-25,3,1,1,0,8.0
L00868,P0186,2025-12-25,4,1,1,0,8.0
L00868,P0138,2025-12-25,5,1,0,0,12.0
L02853,P0110,2025-12-25,1,0,0,0,8.0
L02853,P0058,2025-12-25,2,0,0,0,10.0
L02853,P0019,2025-12-25,3,1,1,0,12.0
L02853,P0018,2025-12-25,4,0,0,0,8.0
L02853,P0035,2025-12-25,5,1,1,0,12.0
L01191,P0183,2025-12-25,1,1,1,0,8.0
L01191,P0199,2025-12-25,2,0,0,0,8.0
L01191,P0025,2025-12-25,3,0,0,0,12.0
L01191,P0192,2025-12-25,4,0,0,0,10.0
L01191,P0103,2025-12-25,5,0,0,0,12.0
L02591,P0196,2025-12-25,1,1,1,0,12.0
L02591,P0128,2025-12-25,2,1,1,0,10.0
L02591,P0116,2025-12-25,3,0,0,0,12.0
L02591,P0044,2025-12-25,4,1,0,0,12.0
L02591,P0147,2025-12-25,5,0,0,0,15.0
L00519,P0134,2025-12-25,1,0,0,0,12.0
L00519,P0159,2025-12-25,2,0,0,0,12.0
L00519,P0016,2025-12-25,3,1,1,1,8.0
L00519,P0195,2025-12-25,4,0,0,0,15.0
L00519,P0112,2025-12-25,5,1,0,0,15.0
L02312,P0167,2025-12-25,1,1,0,0,12.0
L02312,P0055,2025-12-25,2,1,1,0,10.0
L02312,P0088,2025-12-25,3,0,0,0,15.0
L02312,P0184,2025-12-25,4,1,0,0,10.0
L02312,P0051,2025-12-25,5,0,0,0,12.0
L01575,P0157,2025-12-25,1,1,1,1,15.0
L01575,P0179,2025-12-25,2,1,1,0,15.0
L01575,P0170,2025-12-25,3,0,0,0,15.0
L01575,P0011,2025-12-25,4,1,1,0,10.0
L01575,P0022,2025-12-25,5,1,1,1,15.0
L00521,P0026,2025-12-25,1,0,0,0,12.0
L00521,P0215,2025-12-25,2,0,0,0,12.0
L00521,P0001,2025-12-25,3,0,0,0,10.0
L00521,P0005,2025-12-25,4,1,1,0,15.0
L00521,P0124,2025-12-25,5,0,0,0,10.0
L00855,P0122,2025-12-25,1,0,0,0,10.0
L00855,P0016,2025-12-25,2,1,1,0,15.0
L00855,P0159,2025-12-25,3,1,0,0,10.0
L00855,P0188,2025-12-25,4,0,0,0,15.0
L00855,P0034,2025-12-25,5,0,0,0,8.0
L02283,P0216,2025-12-25,1,0,0,0,8.0
L02283,P0037,2025-12-25,2,1,0,0,10.0
L02283,P0165,2025-12-25,3,1,0,0,12.0
L02283,P0015,2025-12-25,4,0,0,0,12.0
L02283,P0030,2025-12-25,5,0,0,0,10.0
L02186,P0145,2025-12-25,1,1,1,0,8.0
L02186,P0213,2025-12-25,2,0,0,0,8.0
L02186,P0079,2025-12-25,3,1,0,0,15.0
L02186,P0018,2025-12-25,4,1,1,0,15.0
L02186,P0031,2025-12-25,5,0,0,0,10.0
L02158,P0023,2025-12-25,1,1,0,0,10.0
L02158,P0169,2025-12-25,2,1,1,0,15.0
L02158,P0017,2025-12-25,3,0,0,0,12.0
L02158,P0053,2025-12-25,4,1,1,0,12.0
L02158,P0087,2025-12-25,5,0,0,0,12.0
L01615,P0068,2025-12-25,1,0,0,0,12.0
L01615,P0000,2025-12-25,2,1,0,0,10.0
L01615,P0148,2025-12-25,3,1,1,1,12.0
L01615,P0062,2025-12-25,4,0,0,0,12.0
L01615,P0114,2025-12-25,5,1,1,0,15.0
L02837,P0058,2025-12-25,1,0,0,0,15.0
L02837,P0019,2025-12-25,2,0,0,0,15.0
L02837,P0100,2025-12-25,3,0,0,0,15.0
L02837,P0120,2025-12-25,4,0,0,0,12.0
L02837,P0061,2025-12-25,5,0,0,0,8.0
L01966,P0020,2025-12-25,1,0,0,0,15.0
L01966,P0041,2025-12-25,2,0,0,0,8.0
L01966,P0066,2025-12-25,3,0,0,0,10.0
L01966,P0014,2025-12-25,4,0,0,0,10.0
L01966,P0056,2025-12-25,5,0,0,0,12.0
L02620,P0138,2025-12-25,1,1,1,1,8.0
L02620,P0124,2025-12-25,2,0,0,0,15.0
L02620,P0090,2025-12-25,3,0,0,0,15.0
L02620,P0093,2025-12-25,4,0,0,0,12.0
L02620,P0108,2025-12-25,5,0,0,0,10.0
L00932,P0003,2025-12-25,1,0,0,0,12.0
L00932,P0215,2025-12-25,2,1,1,0,10.0
L00932,P0123,2025-12-25,3,1,1,0,12.0
L00932,P0083,2025-12-25,4,0,0,0,10.0
L00932,P0005,2025-12-25,5,0,0,0,8.0
L02618,P0158,2025-12-25,1,1,1,1,12.0
L02618,P0041,2025-12-25,2,1,0,0,8.0
L02618,P0111,2025-12-25,3,1,1,1,12.0
L02618,P0094,2025-12-25,4,1,1,0,12.0
L02618,P0020,2025-12-25,5,1,1,1,15.0
L01878,P0033,2025-12-25,1,1,1,0,12.0
L01878,P0200,2025-12-25,2,1,1,0,12.0
L01878,P0077,2025-12-25,3,1,1,1,15.0
L01878,P0071,2025-12-25,4,0,0,0,10.0
L01878,P0187,2025-12-25,5,0,0,0,10.0
L01932,P0147,2025-12-25,1,1,1,0,12.0
L01932,P0044,2025-12-25,2,0,0,0,12.0
L01932,P0208,2025-12-25,3,0,0,0,8.0
L01932,P0178,2025-12-25,4,1,1,0,8.0
L01932,P0020,2025-12-25,5,1,1,0,15.0
L00986,P0023,2025-12-25,1,0,0,0,10.0
L00986,P0004,2025-12-25,2,1,1,0,10.0
L00986,P0053,2025-12-25,3,1,0,0,8.0
L00986,P0054,2025-12-25,4,0,0,0,10.0
L00986,P0011,2025-12-25,5,0,0,0,15.0
L01974,P0137,2025-12-26,1,1,1,1,8.0
L01974,P0213,2025-12-26,2,1,1,1,15.0
L01974,P0046,2025-12-26,3,0,0,0,12.0
L01974,P0118,2025-12-26,4,0,0,0,15.0
L01974,P0035,2025-12-26,5,0,0,0,15.0
L00166,P0020,2025-12-26,1,1,1,0,8.0
L00166,P0054,2025-12-26,2,0,0,0,10.0
L00166,P0011,2025-12-26,3,1,0,0,15.0
L00166,P0053,2025-12-26,4,1,1,0,8.0
L00166,P0004,2025-12-26,5,1,1,0,12.0
L00232,P0116,2025-12-26,1,1,1,0,10.0
L00232,P0208,2025-12-26,2,1,0,0,12.0
L00232,P0023,2025-12-26,3,0,0,0,12.0
L00232,P0053,2025-12-26,4,1,1,0,12.0
L00232,P0004,2025-12-26,5,0,0,0,8.0
L00079,P0030,2025-12-26,1,1,0,0,10.0
L00079,P0129,2025-12-26,2,0,0,0,10.0
L00079,P0119,2025-12-26,3,1,1,0,12.0
L00079,P0187,2025-12-26,4,1,1,0,15.0
L00079,P0037,2025-12-26,5,1,0,0,12.0
L02034,P0181,2025-12-26,1,1,1,0,8.0
L02034,P0175,2025-12-26,2,0,0,0,12.0
L02034,P0029,2025-12-26,3,0,0,0,8.0
L02034,P0070,2025-12-26,4,0,0,0,8.0
L02034,P0106,2025-12-26,5,0,0,0,12.0
L02771,P0215,2025-12-26,1,1,1,0,8.0
L02771,P0026,2025-12-26,2,0,0,0,8.0
L02771,P0003,2025-12-26,3,0,0,0,15.0
L02771,P0005,2025-12-26,4,0,0,0,10.0
L02771,P0124,2025-12-26,5,0,0,0,10.0
L01219,P0134,2025-12-26,1,0,0,0,10.0
L01219,P0045,2025-12-26,2,1,1,1,10.0
L01219,P0122,2025-12-26,3,1,1,0,15.0
L01219,P0016,2025-12-26,4,1,1,0,15.0
L01219,P0089,2025-12-26,5,1,0,0,15.0
L01182,P0157,2025-12-26,1,0,0,0,15.0
L01182,P0115,2025-12-26,2,0,0,0,12.0
L01182,P0210,2025-12-26,3,1,1,0,15.0
L01182,P0076,2025-12-26,4,0,0,0,15.0
L01182,P0020,2025-12-26,5,0,0,0,10.0
L00019,P0012,2025-12-26,1,1,1,0,15.0
L00019,P0113,2025-12-26,2,1,1,1,8.0
L00019,P0107,2025-12-26,3,0,0,0,10.0
L00019,P0072,2025-12-26,4,0,0,0,10.0
L00019,P0027,2025-12-26,5,0,0,0,12.0
L02736,P0033,2025-12-26,1,0,0,0,8.0
L02736,P0071,2025-12-26,2,1,0,0,8.0
L02736,P0187,2025-12-26,3,1,1,1,15.0
L02736,P0077,2025-12-26,4,0,0,0,12.0
L02736,P0200,2025-12-26,5,1,1,0,12.0
L02376,P0084,2025-12-26,1,1,1,1,10.0
L02376,P0155,2025-12-26,2,0,0,0,10.0
L02376,P0091,2025-12-26,3,0,0,0,8.0
L02376,P0037,2025-12-26,4,0,0,0,15.0
L02376,P0069,2025-12-26,5,0,0,0,10.0
L01692,P0105,2025-12-26,1,0,0,0,12.0
L01692,P0104,2025-12-26,2,1,0,0,12.0
L01692,P0019,2025-12-26,3,1,0,0,8.0
L01692,P0100,2025-12-26,4,1,1,0,15.0
L01692,P0120,2025-12-26,5,0,0,0,12.0
L00159,P0066,2025-12-26,1,1,1,0,10.0
L00159,P0085,2025-12-26,2,1,1,1,8.0
L00159,P0052,2025-12-26,3,1,1,1,10.0
L00159,P0212,2025-12-26,4,0,0,0,15.0
L00159,P0096,2025-12-26,5,1,0,0,15.0
L02111,P0158,2025-12-26,1,0,0,0,8.0
L02111,P0041,2025-12-26,2,1,1,0,15.0
L02111,P0115,2025-12-26,3,0,0,0,12.0
L02111,P0063,2025-12-26,4,0,0,0,10.0
L02111,P0056,2025-12-26,5,1,1,0,8.0
L02518,P0121,2025-12-26,1,0,0,0,12.0
L02518,P0132,2025-12-26,2,0,0,0,15.0
L02518,P0217,2025-12-26,3,1,1,0,15.0
L02518,P0162,2025-12-26,4,0,0,0,12.0
L02518,P0190,2025-12-26,5,0,0,0,15.0
L02594,P0118,2025-12-26,1,1,1,0,10.0
L02594,P0202,2025-12-26,2,0,0,0,12.0
L02594,P0046,2025-12-26,3,0,0,0,10.0
L02594,P0130,2025-12-26,4,0,0,0,15.0
L02594,P0137,2025-12-26,5,0,0,0,15.0
L00325,P0037,2025-12-26,1,1,1,0,10.0
L00325,P0059,2025-12-26,2,1,1,0,8.0
L00325,P0091,2025-12-26,3,1,1,1,8.0
L00325,P0057,2025-12-26,4,0,0,0,15.0
L00325,P0129,2025-12-26,5,0,0,0,10.0
L01570,P0091,2025-12-26,1,0,0,0,10.0
L01570,P0059,2025-12-26,2,1,1,0,15.0
L01570,P0129,2025-12-26,3,1,1,0,15.0
L01570,P0030,2025-12-26,4,0,0,0,10.0
L01570,P0057,2025-12-26,5,0,0,0,12.0
L01429,P0095,2025-12-26,1,1,1,1,12.0
L01429,P0145,2025-12-26,2,1,1,1,8.0
L01429,P0137,2025-12-26,3,1,0,0,8.0
L01429,P0046,2025-12-26,4,0,0,0,15.0
L01429,P0035,2025-12-26,5,1,0,0,8.0
L00146,P0203,2025-12-26,1,0,0,0,12.0
L00146,P0037,2025-12-26,2,1,0,0,15.0
L00146,P0091,2025-12-26,3,0,0,0,15.0
L00146,P0129,2025-12-26,4,1,1,0,10.0
L00146,P0119,2025-12-26,5,0,0,0,15.0
L00157,P0105,2025-12-26,1,0,0,0,12.0
L00157,P0074,2025-12-26,2,1,1,0,15.0
L00157,P0100,2025-12-26,3,1,1,1,12.0
L00157,P0120,2025-12-26,4,0,0,0,10.0
L00157,P0061,2025-12-26,5,1,1,0,8.0
L01149,P0071,2025-12-26,1,1,1,1,10.0
L01149,P0206,2025-12-26,2,1,1,1,15.0
L01149,P0174,2025-12-26,3,1,1,0,8.0
L01149,P0033,2025-12-26,4,0,0,0,8.0
L01149,P0198,2025-12-26,5,0,0,0,10.0
L00436,P0131,2025-12-26,1,0,0,0,10.0
L00436,P0008,2025-12-26,2,0,0,0,8.0
L00436,P0111,2025-12-26,3,1,1,0,15.0
L00436,P0193,2025-12-26,4,0,0,0,10.0
L00436,P0158,2025-12-26,5,0,0,0,15.0
L00524,P0062,2025-12-26,1,0,0,0,12.0
L00524,P0181,2025-12-26,2,1,0,0,8.0
L00524,P0029,2025-12-26,3,1,1,0,8.0
L00524,P0070,2025-12-26,4,1,1,0,12.0
L00524,P0175,2025-12-26,5,0,0,0,15.0
L00425,P0140,2025-12-26,1,1,0,0,15.0
L00425,P0094,2025-12-26,2,1,1,0,12.0
L00425,P0131,2025-12-26,3,1,1,0,10.0
L00425,P0036,2025-12-26,4,0,0,0,8.0
L00425,P0158,2025-12-26,5,0,0,0,10.0
L01442,P0062,2025-12-27,1,0,0,0,10.0
L01442,P0000,2025-12-27,2,1,0,0,15.0
L01442,P0181,2025-12-27,3,0,0,0,8.0
L01442,P0153,2025-12-27,4,1,1,0,15.0
L01442,P0068,2025-12-27,5,0,0,0,15.0
L02192,P0037,2025-12-27,1,1,0,0,10.0
L02192,P0156,2025-12-27,2,0,0,0,12.0
L02192,P0129,2025-12-27,3,1,1,0,8.0
L02192,P0030,2025-12-27,4,0,0,0,8.0
L02192,P0119,2025-12-27,5,0,0,0,10.0
L02871,P0174,2025-12-27,1,1,1,1,10.0
L02871,P0200,2025-12-27,2,1,1,0,12.0
L02871,P0072,2025-12-27,3,0,0,0,15.0
L02871,P0198,2025-12-27,4,1,0,0,12.0
L02871,P0033,2025-12-27,5,1,1,0,15.0
L01787,P0171,2025-12-27,1,1,1,0,10.0
L01787,P0197,2025-12-27,2,0,0,0,8.0
L01787,P0201,2025-12-27,3,0,0,0,10.0
L01787,P0019,2025-12-27,4,0,0,0,12.0
L01787,P0104,2025-12-27,5,0,0,0,8.0
L00335,P0032,2025-12-27,1,1,1,0,10.0
L00335,P0186,2025-12-27,2,1,1,1,12.0
L00335,P0138,2025-12-27,3,0,0,0,12.0
L00335,P0194,2025-12-27,4,0,0,0,10.0
L00335,P0004,2025-12-27,5,1,1,0,12.0
L02354,P0084,2025-12-27,1,1,0,0,12.0
L02354,P0059,2025-12-27,2,1,1,0,15.0
L02354,P0203,2025-12-27,3,0,0,0,8.0
L02354,P0129,2025-12-27,4,0,0,0,10.0
L02354,P0030,2025-12-27,5,0,0,0,10.0
L02668,P0213,2025-12-27,1,0,0,0,8.0
L02668,P0145,2025-12-27,2,1,1,0,15.0
L02668,P0118,2025-12-27,3,0,0,0,12.0
L02668,P0035,2025-12-27,4,0,0,0,10.0
L02668,P0202,2025-12-27,5,0,0,0,12.0
L01413,P0190,2025-12-27,1,0,0,0,10.0
L01413,P0013,2025-12-27,2,1,1,1,10.0
L01413,P0121,2025-12-27,3,0,0,0,8.0
L01413,P0162,2025-12-27,4,0,0,0,12.0
L01413,P0132,2025-12-27,5,0,0,0,12.0
L00527,P0131,2025-12-27,1,1,1,1,15.0
L00527,P0008,2025-12-27,2,0,0,0,15.0
L00527,P0002,2025-12-27,3,0,0,0,10.0
L00527,P0111,2025-12-27,4,1,1,1,8.0
L00527,P0094,2025-12-27,5,1,1,1,15.0
L02338,P0042,2025-12-27,1,1,1,0,10.0
L02338,P0019,2025-12-27,2,0,0,0,15.0
L02338,P0114,2025-12-27,3,0,0,0,12.0
L02338,P0058,2025-12-27,4,0,0,0,8.0
L02338,P0143,2025-12-27,5,0,0,0,8.0
L01560,P0205,2025-12-27,1,1,1,0,12.0
L01560,P0081,2025-12-27,2,1,1,0,12.0
L01560,P0086,2025-12-27,3,1,1,0,12.0
L01560,P0056,2025-12-27,4,1,0,0,10.0
L01560,P0044,2025-12-27,5,0,0,0,15.0
L01349,P0219,2025-12-27,1,1,1,1,8.0
L01349,P0207,2025-12-27,2,0,0,0,10.0
L01349,P0195,2025-12-27,3,0,0,0,15.0
L01349,P0047,2025-12-27,4,0,0,0,8.0
L01349,P0209,2025-12-27,5,0,0,0,10.0
L01796,P0006,2025-12-27,1,1,1,0,8.0
L01796,P0114,2025-12-27,2,1,1,1,10.0
L01796,P0148,2025-12-27,3,1,1,0,8.0
L01796,P0143,2025-12-27,4,0,0,0,8.0
L01796,P0007,2025-12-27,5,0,0,0,8.0
L00592,P0117,2025-12-27,1,1,1,0,15.0
L00592,P0126,2025-12-27,2,1,0,0,12.0
L00592,P0188,2025-12-27,3,0,0,0,15.0
L00592,P0112,2025-12-27,4,1,1,1,15.0
L00592,P0033,2025-12-27,5,0,0,0,8.0
L01290,P0200,2025-12-27,1,1,1,1,8.0
L01290,P0077,2025-12-27,2,1,1,0,12.0
L01290,P0033,2025-12-27,3,0,0,0,8.0
L01290,P0198,2025-12-27,4,0,0,0,10.0
L01290,P0072,2025-12-27,5,0,0,0,12.0
L00899,P0138,2025-12-27,1,0,0,0,12.0
L00899,P0100,2025-12-27,2,0,0,0,10.0
L00899,P0032,2025-12-27,3,0,0,0,10.0
L00899,P0120,2025-12-27,4,1,1,1,15.0
L00899,P0061,2025-12-27,5,1,1,1,12.0
L00815,P0214,2025-12-27,1,1,1,0,10.0
L00815,P0019,2025-12-27,2,0,0,0,8.0
L00815,P0173,2025-12-27,3,0,0,0,12.0
L00815,P0104,2025-12-27,4,0,0,0,10.0
L00815,P0175,2025-12-27,5,1,1,0,8.0
L01685,P0074,2025-12-27,1,1,1,1,15.0
L01685,P0173,2025-12-27,2,1,1,0,10.0
L01685,P0049,2025-12-27,3,1,1,0,15.0
L01685,P0031,2025-12-27,4,1,1,0,15.0
L01685,P0104,2025-12-27,5,0,0,0,12.0
L00304,P0145,2025-12-27,1,1,1,0,15.0
L00304,P0079,2025-12-27,2,0,0,0,12.0
L00304,P0073,2025-12-27,3,0,0,0,10.0
L00304,P0035,2025-12-27,4,0,0,0,12.0
L00304,P0172,2025-12-27,5,0,0,0,10.0
L02754,P0019,2025-12-27,1,1,1,0,12.0
L02754,P0074,2025-12-27,2,1,1,0,8.0
L02754,P0058,2025-12-27,3,1,1,1,8.0
L02754,P0104,2025-12-27,4,0,0,0,8.0
L02754,P0031,2025-12-27,5,0,0,0,15.0
L00155,P0142,2025-12-27,1,0,0,0,8.0
L00155,P0177,2025-12-27,2,0,0,0,10.0
L00155,P0101,2025-12-27,3,0,0,0,15.0
L00155,P0176,2025-12-27,4,0,0,0,12.0
L00155,P0146,2025-12-27,5,1,0,0,8.0
L01839,P0070,2025-12-27,1,1,1,0,10.0
L01839,P0106,2025-12-27,2,1,1,0,15.0
L01839,P0173,2025-12-27,3,0,0,0,15.0
L01839,P0181,2025-12-27,4,0,0,0,12.0
L01839,P0043,2025-12-27,5,1,1,0,15.0
L02965,P0062,2025-12-27,1,0,0,0,15.0
L02965,P0181,2025-12-27,2,1,1,0,15.0
L02965,P0153,2025-12-27,3,1,0,0,8.0
L02965,P0029,2025-12-27,4,1,1,1,12.0
L02965,P0068,2025-12-27,5,0,0,0,15.0
L02239,P0029,2025-12-27,1,1,1,1,12.0
L02239,P0153,2025-12-27,2,1,1,1,10.0
L02239,P0189,2025-12-27,3,1,0,0,10.0
L02239,P0181,2025-12-27,4,1,1,1,8.0
L02239,P0000,2025-12-27,5,0,0,0,10.0
L02431,P0168,2025-12-27,1,1,0,0,8.0
L02431,P0118,2025-12-27,2,1,1,0,10.0
L02431,P0046,2025-12-27,3,0,0,0,10.0
L02431,P0095,2025-12-27,4,0,0,0,10.0
L02431,P0137,2025-12-27,5,1,1,0,12.0
L00001,P0019,2025-12-27,1,1,1,0,15.0
L00001,P0058,2025-12-27,2,1,1,0,12.0
L00001,P0074,2025-12-27,3,0,0,0,15.0
L00001,P0110,2025-12-27,4,0,0,0,12.0
L00001,P0104,2025-12-27,5,0,0,0,12.0
L00451,P0215,2025-12-27,1,1,1,1,12.0
L00451,P0026,2025-12-27,2,1,1,0,8.0
L00451,P0001,2025-12-27,3,1,1,0,10.0
L00451,P0183,2025-12-27,4,0,0,0,8.0
L00451,P0083,2025-12-27,5,1,0,0,15.0
L00797,P0202,2025-12-28,1,1,1,0,8.0
L00797,P0064,2025-12-28,2,1,1,0,12.0
L00797,P0035,2025-12-28,3,1,1,0,12.0
L00797,P0130,2025-12-28,4,1,1,1,8.0
L00797,P0137,2025-12-28,5,1,1,0,15.0
L00686,P0130,2025-12-28,1,1,1,0,10.0
L00686,P0145,2025-12-28,2,1,1,0,15.0
L00686,P0095,2025-12-28,3,1,1,0,10.0
L00686,P0118,2025-12-28,4,1,1,0,10.0
L00686,P0168,2025-12-28,5,0,0,0,12.0
L02202,P0131,2025-12-28,1,0,0,0,12.0
L02202,P0167,2025-12-28,2,1,1,1,8.0
L02202,P0036,2025-12-28,3,1,0,0,12.0
L02202,P0111,2025-12-28,4,1,1,0,12.0
L02202,P0193,2025-12-28,5,1,1,0,12.0
L00545,P0000,2025-12-28,1,1,1,0,8.0
L00545,P0062,2025-12-28,2,0,0,0,12.0
L00545,P0181,2025-12-28,3,0,0,0,10.0
L00545,P0068,2025-12-28,4,0,0,0,12.0
L00545,P0029,2025-12-28,5,0,0,0,15.0
L01543,P0219,2025-12-28,1,1,1,0,10.0
L01543,P0209,2025-12-28,2,0,0,0,8.0
L01543,P0047,2025-12-28,3,0,0,0,10.0
L01543,P0195,2025-12-28,4,0,0,0,10.0
L01543,P0112,2025-12-28,5,1,1,0,10.0
L00130,P0037,2025-12-28,1,0,0,0,8.0
L00130,P0024,2025-12-28,2,0,0,0,8.0
L00130,P0084,2025-12-28,3,1,1,0,8.0
L00130,P0155,2025-12-28,4,1,1,0,15.0
L00130,P0030,2025-12-28,5,0,0,0,15.0
L02258,P0043,2025-12-28,1,0,0,0,12.0
L02258,P0197,2025-12-28,2,1,0,0,12.0
L02258,P0171,2025-12-28,3,1,0,0,12.0
L02258,P0173,2025-12-28,4,0,0,0,15.0
L02258,P0019,2025-12-28,5,1,1,1,12.0
L01798,P0128,2025-12-28,1,1,1,1,10.0
L01798,P0196,2025-12-28,2,1,1,1,15.0
L01798,P0103,2025-12-28,3,1,0,0,15.0
L01798,P0056,2025-12-28,4,0,0,0,15.0
L01798,P0116,2025-12-28,5,1,1,1,8.0
L02607,P0089,2025-12-28,1,1,0,0,10.0
L02607,P0206,2025-12-28,2,0,0,0,15.0
L02607,P0077,2025-12-28,3,1,0,0,10.0
L02607,P0187,2025-12-28,4,1,0,0,10.0
L02607,P0071,2025-12-28,5,0,0,0,8.0
L00067,P0215,2025-12-28,1,1,1,1,12.0
L00067,P0026,2025-12-28,2,1,0,0,12.0
L00067,P0003,2025-12-28,3,1,1,0,10.0
L00067,P0119,2025-12-28,4,1,1,0,8.0
L00067,P0174,2025-12-28,5,1,1,1,8.0
L02903,P0095,2025-12-28,1,1,0,0,15.0
L02903,P0130,2025-12-28,2,1,0,0,10.0
L02903,P0213,2025-12-28,3,0,0,0,10.0
L02903,P0137,2025-12-28,4,0,0,0,15.0
L02903,P0035,2025-12-28,5,1,1,1,8.0
L02948,P0172,2025-12-28,1,0,0,0,10.0
L02948,P0118,2025-12-28,2,0,0,0,10.0
L02948,P0018,2025-12-28,3,1,1,0,12.0
L02948,P0073,2025-12-28,4,1,1,1,15.0
L02948,P0145,2025-12-28,5,1,1,0,12.0
L00206,P0187,2025-12-28,1,1,0,0,15.0
L00206,P0215,2025-12-28,2,0,0,0,10.0
L00206,P0123,2025-12-28,3,0,0,0,12.0
L00206,P0057,2025-12-28,4,0,0,0,12.0
L00206,P0030,2025-12-28,5,1,1,0,15.0
L02394,P0055,2025-12-28,1,1,0,0,8.0
L02394,P0167,2025-12-28,2,0,0,0,8.0
L02394,P0051,2025-12-28,3,1,1,0,10.0
L02394,P0092,2025-12-28,4,0,0,0,8.0
L02394,P0150,2025-12-28,5,0,0,0,15.0
L00171,P0179,2025-12-28,1,1,1,1,12.0
L00171,P0210,2025-12-28,2,1,1,1,8.0
L00171,P0125,2025-12-28,3,1,1,0,8.0
L00171,P0011,2025-12-28,4,0,0,0,15.0
L00171,P0022,2025-12-28,5,1,1,1,10.0
L02537,P0031,2025-12-28,1,1,1,0,15.0
L02537,P0110,2025-12-28,2,0,0,0,15.0
L02537,P0019,2025-12-28,3,0,0,0,15.0
L02537,P0018,2025-12-28,4,0,0,0,10.0
L02537,P0058,2025-12-28,5,0,0,0,10.0
L02174,P0201,2025-12-28,1,1,1,0,12.0
L02174,P0058,2025-12-28,2,1,1,1,8.0
L02174,P0173,2025-12-28,3,0,0,0,12.0
L02174,P0104,2025-12-28,4,0,0,0,12.0
L02174,P0175,2025-12-28,5,1,1,0,12.0
L00752,P0206,2025-12-28,1,1,1,1,8.0
L00752,P0077,2025-12-28,2,1,1,0,10.0
L00752,P0198,2025-12-28,3,1,0,0,12.0
L00752,P0033,2025-12-28,4,0,0,0,10.0
L00752,P0072,2025-12-28,5,1,0,0,15.0
L01109,P0082,2025-12-28,1,0,0,0,12.0
L01109,P0136,2025-12-28,2,1,1,1,10.0
L01109,P0004,2025-12-28,3,0,0,0,15.0
L01109,P0086,2025-12-28,4,1,1,0,12.0
L01109,P0138,2025-12-28,5,1,0,0,12.0
L01020,P0011,2025-12-28,1,0,0,0,10.0
L01020,P0169,2025-12-28,2,0,0,0,10.0
L01020,P0020,2025-12-28,3,1,1,0,15.0
L01020,P0053,2025-12-28,4,0,0,0,12.0
L01020,P0076,2025-12-28,5,0,0,0,12.0
L00326,P0120,2025-12-28,1,1,1,0,15.0
L00326,P0124,2025-12-28,2,0,0,0,10.0
L00326,P0050,2025-12-28,3,0,0,0,10.0
L00326,P0186,2025-12-28,4,0,0,0,10.0
L00326,P0194,2025-12-28,5,0,0,0,15.0
L02549,P0155,2025-12-28,1,1,1,1,12.0
L02549,P0084,2025-12-28,2,0,0,0,12.0
L02549,P0069,2025-12-28,3,1,1,0,15.0
L02549,P0015,2025-12-28,4,0,0,0,15.0
L02549,P0037,2025-12-28,5,0,0,0,12.0
L00101,P0106,2025-12-28,1,1,1,0,10.0
L00101,P0070,2025-12-28,2,0,0,0,10.0
L00101,P0029,2025-12-28,3,1,1,1,10.0
L00101,P0173,2025-12-28,4,1,0,0,12.0
L00101,P0062,2025-12-28,5,1,0,0,10.0
L01050,P0183,2025-12-28,1,1,0,0,12.0
L01050,P0192,2025-12-28,2,0,0,0,15.0
L01050,P0124,2025-12-28,3,1,1,0,15.0
L01050,P0138,2025-12-28,4,0,0,0,12.0
L01050,P0196,2025-12-28,5,0,0,0,15.0
L00254,P0104,2025-12-28,1,1,0,0,8.0
L00254,P0074,2025-12-28,2,1,1,0,10.0
L00254,P0100,2025-12-28,3,0,0,0,15.0
L00254,P0120,2025-12-28,4,0,0,0,15.0
L00254,P0061,2025-12-28,5,0,0,0,15.0
L02302,P0111,2025-12-29,1,0,0,0,8.0
L02302,P0140,2025-12-29,2,0,0,0,8.0
L02302,P0002,2025-12-29,3,0,0,0,15.0
L02302,P0193,2025-12-29,4,0,0,0,8.0
L02302,P0041,2025-12-29,5,0,0,0,8.0
L00999,P0104,2025-12-29,1,0,0,0,15.0
L00999,P0105,2025-12-29,2,0,0,0,10.0
L00999,P0173,2025-12-29,3,0,0,0,10.0
L00999,P0058,2025-12-29,4,0,0,0,8.0
L00999,P0100,2025-12-29,5,0,0,0,10.0
L02090,P0206,2025-12-29,1,1,1,1,8.0
L02090,P0071,2025-12-29,2,0,0,0,12.0
L02090,P0077,2025-12-29,3,0,0,0,15.0
L02090,P0198,2025-12-29,4,0,0,0,8.0
L02090,P0033,2025-12-29,5,1,1,0,12.0
L02937,P0124,2025-12-29,1,0,0,0,10.0
L02937,P0050,2025-12-29,2,1,1,1,8.0
L02937,P0120,2025-12-29,3,0,0,0,8.0
L02937,P0025,2025-12-29,4,0,0,0,8.0
L02937,P0032,2025-12-29,5,0,0,0,12.0
L02793,P0142,2025-12-29,1,1,0,0,15.0
L02793,P0101,2025-12-29,2,0,0,0,8.0
L02793,P0146,2025-12-29,3,0,0,0,12.0
L02793,P0088,2025-12-29,4,0,0,0,8.0
L02793,P0051,2025-12-29,5,0,0,0,8.0
L00344,P0195,2025-12-29,1,1,1,0,15.0
L00344,P0188,2025-12-29,2,1,1,0,12.0
L00344,P0126,2025-12-29,3,1,1,0,8.0
L00344,P0040,2025-12-29,4,0,0,0,10.0
L00344,P0016,2025-12-29,5,0,0,0,8.0
L01843,P0215,2025-12-29,1,0,0,0,8.0
L01843,P0183,2025-12-29,2,1,1,0,8.0
L01843,P0083,2025-12-29,3,1,1,0,15.0
L01843,P0005,2025-12-29,4,0,0,0,12.0
L01843,P0010,2025-12-29,5,0,0,0,15.0
L00802,P0138,2025-12-29,1,1,1,1,10.0
L00802,P0124,2025-12-29,2,0,0,0,8.0
L00802,P0194,2025-12-29,3,0,0,0,15.0
L00802,P0025,2025-12-29,4,1,1,1,12.0
L00802,P0032,2025-12-29,5,0,0,0,12.0
L01505,P0123,2025-12-29,1,1,1,1,8.0
L01505,P0026,2025-12-29,2,0,0,0,10.0
L01505,P0003,2025-12-29,3,0,0,0,12.0
L01505,P0215,2025-12-29,4,0,0,0,15.0
L01505,P0187,2025-12-29,5,0,0,0,15.0
L01262,P0005,2025-12-29,1,1,1,1,12.0
L01262,P0112,2025-12-29,2,1,1,0,8.0
L01262,P0047,2025-12-29,3,0,0,0,8.0
L01262,P0195,2025-12-29,4,1,1,1,8.0
L01262,P0003,2025-12-29,5,1,0,0,8.0
L00338,P0171,2025-12-29,1,1,0,0,12.0
L00338,P0197,2025-12-29,2,1,1,0,15.0
L00338,P0058,2025-12-29,3,1,1,0,15.0
L00338,P0173,2025-12-29,4,1,0,0,10.0
L00338,P0019,2025-12-29,5,0,0,0,8.0
L01548,P0179,2025-12-29,1,1,0,0,15.0
L01548,P0170,2025-12-29,2,1,0,0,8.0
L01548,P0076,2025-12-29,3,1,1,1,15.0
L01548,P0210,2025-12-29,4,1,1,0,12.0
L01548,P0020,2025-12-29,5,1,1,1,8.0
L01984,P0048,2025-12-29,1,0,0,0,15.0
L01984,P0060,2025-12-29,2,1,0,0,10.0
L01984,P0009,2025-12-29,3,1,1,0,12.0
L01984,P0027,2025-12-29,4,1,1,0,10.0
L01984,P0072,2025-12-29,5,0,0,0,15.0
L00747,P0073,2025-12-29,1,1,1,0,10.0
L00747,P0172,2025-12-29,2,1,0,0,10.0
L00747,P0079,2025-12-29,3,1,0,0,15.0
L00747,P0145,2025-12-29,4,0,0,0,8.0
L00747,P0031,2025-12-29,5,0,0,0,8.0
L02465,P0181,2025-12-29,1,0,0,0,12.0
L02465,P0062,2025-12-29,2,0,0,0,8.0
L02465,P0173,2025-12-29,3,0,0,0,8.0
L02465,P0110,2025-12-29,4,0,0,0,10.0
L02465,P0049,2025-12-29,5,0,0,0,12.0
L01871,P0150,2025-12-29,1,1,1,0,10.0
L01871,P0218,2025-12-29,2,0,0,0,10.0
L01871,P0021,2025-12-29,3,1,0,0,8.0
L01871,P0051,2025-12-29,4,1,1,0,15.0
L01871,P0184,2025-12-29,5,0,0,0,8.0
L00116,P0005,2025-12-29,1,1,1,1,10.0
L00116,P0010,2025-12-29,2,1,1,0,15.0
L00116,P0180,2025-12-29,3,1,1,0,10.0
L00116,P0112,2025-12-29,4,0,0,0,12.0
L00116,P0003,2025-12-29,5,1,1,1,10.0
L02445,P0121,2025-12-29,1,1,0,0,15.0
L02445,P0013,2025-12-29,2,0,0,0,8.0
L02445,P0182,2025-12-29,3,1,1,1,8.0
L02445,P0132,2025-12-29,4,0,0,0,12.0
L02445,P0217,2025-12-29,5,1,0,0,15.0
L02974,P0006,2025-12-29,1,0,0,0,15.0
L02974,P0148,2025-12-29,2,1,1,0,15.0
L02974,P0189,2025-12-29,3,1,1,0,15.0
L02974,P0019,2025-12-29,4,0,0,0,8.0
L02974,P0143,2025-12-29,5,0,0,0,15.0
L01613,P0074,2025-12-29,1,0,0,0,15.0
L01613,P0173,2025-12-29,2,1,0,0,12.0
L01613,P0031,2025-12-29,3,1,1,1,12.0
L01613,P0049,2025-12-29,4,0,0,0,15.0
L01613,P0135,2025-12-29,5,1,1,0,10.0
L02839,P0115,2025-12-29,1,0,0,0,15.0
L02839,P0028,2025-12-29,2,0,0,0,15.0
L02839,P0149,2025-12-29,3,0,0,0,10.0
L02839,P0014,2025-12-29,4,0,0,0,12.0
L02839,P0067,2025-12-29,5,1,0,0,15.0
L00174,P0066,2025-12-29,1,1,1,1,8.0
L00174,P0085,2025-12-29,2,1,1,0,8.0
L00174,P0096,2025-12-29,3,1,0,0,15.0
L00174,P0212,2025-12-29,4,1,1,0,15.0
L00174,P0020,2025-12-29,5,0,0,0,15.0
L00838,P0151,2025-12-29,1,0,0,0,12.0
L00838,P0142,2025-12-29,2,1,0,0,8.0
L00838,P0146,2025-12-29,3,1,1,0,10.0
L00838,P0176,2025-12-29,4,1,1,0,12.0
L00838,P0051,2025-12-29,5,1,1,0,15.0
L02119,P0086,2025-12-30,1,0,0,0,12.0
L02119,P0196,2025-12-30,2,0,0,0,15.0
L02119,P0103,2025-12-30,3,0,0,0,10.0
L02119,P0128,2025-12-30,4,1,1,0,10.0
L02119,P0081,2025-12-30,5,1,1,0,10.0
L01786,P0167,2025-12-30,1,1,1,1,12.0
L01786,P0092,2025-12-30,2,1,1,0,12.0
L01786,P0078,2025-12-30,3,0,0,0,10.0
L01786,P0150,2025-12-30,4,0,0,0,12.0
L01786,P0051,2025-12-30,5,1,1,0,10.0
L01857,P0115,2025-12-30,1,0,0,0,12.0
L01857,P0085,2025-12-30,2,0,0,0,12.0
L01857,P0067,2025-12-30,3,1,1,1,10.0
L01857,P0014,2025-12-30,4,0,0,0,15.0
L01857,P0164,2025-12-30,5,0,0,0,8.0
L00563,P0075,2025-12-30,1,1,1,0,10.0
L00563,P0010,2025-12-30,2,0,0,0,15.0
L00563,P0109,2025-12-30,3,0,0,0,10.0
L00563,P0188,2025-12-30,4,0,0,0,15.0
L00563,P0033,2025-12-30,5,0,0,0,15.0
L00540,P0205,2025-12-30,1,1,1,1,10.0
L00540,P0054,2025-12-30,2,1,1,0,8.0
L00540,P0124,2025-12-30,3,0,0,0,15.0
L00540,P0138,2025-12-30,4,0,0,0,10.0
L00540,P0186,2025-12-30,5,0,0,0,12.0
L01073,P0014,2025-12-30,1,0,0,0,8.0
L01073,P0149,2025-12-30,2,1,0,0,8.0
L01073,P0067,2025-12-30,3,0,0,0,15.0
L01073,P0115,2025-12-30,4,0,0,0,15.0
L01073,P0020,2025-12-30,5,1,1,0,10.0
L01797,P0196,2025-12-30,1,1,1,1,12.0
L01797,P0086,2025-12-30,2,0,0,0,8.0
L01797,P0103,2025-12-30,3,0,0,0,15.0
L01797,P0147,2025-12-30,4,0,0,0,10.0
L01797,P0056,2025-12-30,5,1,1,1,10.0
L00126,P0139,2025-12-30,1,1,0,0,12.0
L00126,P0192,2025-12-30,2,0,0,0,10.0
L00126,P0138,2025-12-30,3,1,1,1,15.0
L00126,P0050,2025-12-30,4,0,0,0,12.0
L00126,P0124,2025-12-30,5,0,0,0,12.0
L02205,P0053,2025-12-30,1,1,1,0,12.0
L02205,P0017,2025-12-30,2,0,0,0,15.0
L02205,P0154,2025-12-30,3,0,0,0,8.0
L02205,P0158,2025-12-30,4,0,0,0,12.0
L02205,P0160,2025-12-30,5,1,1,0,8.0
L02522,P0080,2025-12-30,1,0,0,0,8.0
L02522,P0013,2025-12-30,2,0,0,0,15.0
L02522,P0098,2025-12-30,3,0,0,0,15.0
L02522,P0132,2025-12-30,4,1,1,1,12.0
L02522,P0162,2025-12-30,5,0,0,0,8.0
L01125,P0183,2025-12-30,1,1,1,0,10.0
L01125,P0199,2025-12-30,2,1,1,1,8.0
L01125,P0138,2025-12-30,3,1,0,0,10.0
L01125,P0086,2025-12-30,4,1,0,0,8.0
L01125,P0103,2025-12-30,5,1,0,0,15.0
L01625,P0200,2025-12-30,1,1,1,1,10.0
L01625,P0174,2025-12-30,2,1,1,1,15.0
L01625,P0206,2025-12-30,3,1,0,0,12.0
L01625,P0072,2025-12-30,4,0,0,0,10.0
L01625,P0027,2025-12-30,5,1,0,0,15.0
L02566,P0164,2025-12-30,1,1,1,0,10.0
L02566,P0052,2025-12-30,2,1,1,0,10.0
L02566,P0020,2025-12-30,3,0,0,0,10.0
L02566,P0023,2025-12-30,4,0,0,0,12.0
L02566,P0011,2025-12-30,5,0,0,0,12.0
L02188,P0068,2025-12-30,1,1,0,0,10.0
L02188,P0181,2025-12-30,2,0,0,0,10.0
L02188,P0148,2025-12-30,3,0,0,0,12.0
L02188,P0062,2025-12-30,4,0,0,0,10.0
L02188,P0153,2025-12-30,5,1,1,1,10.0
L01147,P0219,2025-12-30,1,0,0,0,8.0
L01147,P0207,2025-12-30,2,1,1,0,10.0
L01147,P0112,2025-12-30,3,0,0,0,15.0
L01147,P0209,2025-12-30,4,0,0,0,12.0
L01147,P0047,2025-12-30,5,0,0,0,12.0
L00152,P0140,2025-12-30,1,1,1,0,8.0
L00152,P0094,2025-12-30,2,1,0,0,12.0
L00152,P0041,2025-12-30,3,0,0,0,12.0
L00152,P0131,2025-12-30,4,1,1,0,8.0
L00152,P0158,2025-12-30,5,1,0,0,12.0
L01169,P0200,2025-12-30,1,1,1,0,12.0
L01169,P0187,2025-12-30,2,0,0,0,12.0
L01169,P0174,2025-12-30,3,1,1,1,8.0
L01169,P0027,2025-12-30,4,1,1,1,10.0
L01169,P0072,2025-12-30,5,0,0,0,15.0
L01356,P0187,2025-12-30,1,1,1,1,8.0
L01356,P0215,2025-12-30,2,1,1,0,8.0
L01356,P0026,2025-12-30,3,0,0,0,12.0
L01356,P0123,2025-12-30,4,1,1,1,15.0
L01356,P0001,2025-12-30,5,1,1,0,12.0
L01665,P0024,2025-12-30,1,0,0,0,8.0
L01665,P0015,2025-12-30,2,0,0,0,8.0
L01665,P0165,2025-12-30,3,1,1,1,8.0
L01665,P0084,2025-12-30,4,0,0,0,8.0
L01665,P0030,2025-12-30,5,1,1,1,10.0
L01840,P0112,2025-12-30,1,1,1,0,8.0
L01840,P0209,2025-12-30,2,1,0,0,8.0
L01840,P0005,2025-12-30,3,1,1,1,8.0
L01840,P0180,2025-12-30,4,1,1,1,12.0
L01840,P0207,2025-12-30,5,0,0,0,8.0
L01809,P0032,2025-12-30,1,1,1,0,15.0
L01809,P0194,2025-12-30,2,0,0,0,12.0
L01809,P0138,2025-12-30,3,0,0,0,15.0
L01809,P0186,2025-12-30,4,0,0,0,15.0
L01809,P0004,2025-12-30,5,0,0,0,15.0
L00066,P0040,2025-12-30,1,0,0,0,10.0
L00066,P0117,2025-12-30,2,1,1,0,10.0
L00066,P0126,2025-12-30,3,0,0,0,12.0
L00066,P0188,2025-12-30,4,0,0,0,10.0
L00066,P0033,2025-12-30,5,0,0,0,10.0
L02828,P0091,2025-12-30,1,0,0,0,10.0
L02828,P0084,2025-12-30,2,0,0,0,10.0
L02828,P0024,2025-12-30,3,0,0,0,10.0
L02828,P0015,2025-12-30,4,0,0,0,15.0
L02828,P0030,2025-12-30,5,0,0,0,8.0
L01912,P0041,2025-12-30,1,1,1,1,10.0
L01912,P0158,2025-12-30,2,0,0,0,12.0
L01912,P0020,2025-12-30,3,0,0,0,12.0
L01912,P0008,2025-12-30,4,0,0,0,10.0
L01912,P0028,2025-12-30,5,1,1,0,12.0
L02653,P0184,2025-12-30,1,0,0,0,8.0
L02653,P0152,2025-12-30,2,1,0,0,10.0
L02653,P0092,2025-12-30,3,1,0,0,12.0
L02653,P0078,2025-12-30,4,0,0,0,15.0
L02653,P0051,2025-12-30,5,1,1,0,15.0
L02685,P0137,2025-12-30,1,0,0,0,10.0
L02685,P0145,2025-12-30,2,1,1,1,8.0
L02685,P0130,2025-12-30,3,0,0,0,10.0
L02685,P0064,2025-12-30,4,0,0,0,10.0
L02685,P0118,2025-12-30,5,1,1,0,15.0
L01479,P0123,2025-12-30,1,0,0,0,12.0
L01479,P0215,2025-12-30,2,1,1,0,8.0
L01479,P0026,2025-12-30,3,0,0,0,10.0
L01479,P0003,2025-12-30,4,0,0,0,8.0
L01479,P0010,2025-12-30,5,0,0,0,10.0
L00828,P0115,2025-12-30,1,1,0,0,8.0
L00828,P0041,2025-12-30,2,1,1,0,8.0
L00828,P0044,2025-12-30,3,0,0,0,10.0
L00828,P0014,2025-12-30,4,1,1,0,12.0
L00828,P0066,2025-12-30,5,1,1,0,8.0
L02201,P0089,2025-12-30,1,0,0,0,12.0
L02201,P0071,2025-12-30,2,0,0,0,15.0
L02201,P0187,2025-12-30,3,0,0,0,12.0
L02201,P0200,2025-12-30,4,0,0,0,15.0
L02201,P0174,2025-12-30,5,1,1,0,15.0
L00517,P0158,2025-12-31,1,1,1,0,10.0
L00517,P0193,2025-12-31,2,0,0,0,12.0
L00517,P0111,2025-12-31,3,1,1,0,10.0
L00517,P0094,2025-12-31,4,0,0,0,12.0
L00517,P0020,2025-12-31,5,1,0,0,8.0
L02079,P0047,2025-12-31,1,0,0,0,10.0
L02079,P0209,2025-12-31,2,1,1,0,8.0
L02079,P0010,2025-12-31,3,0,0,0,12.0
L02079,P0180,2025-12-31,4,1,0,0,8.0
L02079,P0219,2025-12-31,5,0,0,0,10.0
L00426,P0209,2025-12-31,1,1,1,0,10.0
L00426,P0047,2025-12-31,2,1,0,0,10.0
L00426,P0010,2025-12-31,3,1,1,1,15.0
L00426,P0005,2025-12-31,4,1,1,0,15.0
L00426,P0219,2025-12-31,5,1,1,0,15.0
L02844,P0185,2025-12-31,1,1,1,1,12.0
L02844,P0065,2025-12-31,2,0,0,0,15.0
L02844,P0135,2025-12-31,3,1,1,0,10.0
L02844,P0161,2025-12-31,4,1,0,0,8.0
L02844,P0035,2025-12-31,5,1,0,0,8.0
L00313,P0116,2025-12-31,1,1,1,0,15.0
L00313,P0053,2025-12-31,2,1,1,1,15.0
L00313,P0022,2025-12-31,3,0,0,0,10.0
L00313,P0020,2025-12-31,4,1,1,0,15.0
L00313,P0054,2025-12-31,5,0,0,0,10.0
L02269,P0207,2025-12-31,1,1,0,0,8.0
L02269,P0219,2025-12-31,2,0,0,0,15.0
L02269,P0209,2025-12-31,3,0,0,0,10.0
L02269,P0112,2025-12-31,4,0,0,0,15.0
L02269,P0195,2025-12-31,5,0,0,0,12.0
L00056,P0051,2025-12-31,1,1,0,0,15.0
L00056,P0021,2025-12-31,2,1,0,0,12.0
L00056,P0193,2025-12-31,3,0,0,0,15.0
L00056,P0078,2025-12-31,4,0,0,0,10.0
L00056,P0017,2025-12-31,5,0,0,0,15.0
L01236,P0119,2025-12-31,1,1,1,0,12.0
L01236,P0215,2025-12-31,2,1,1,0,10.0
L01236,P0001,2025-12-31,3,1,1,0,12.0
L01236,P0123,2025-12-31,4,0,0,0,15.0
L01236,P0026,2025-12-31,5,0,0,0,15.0
L01128,P0174,2025-12-31,1,0,0,0,15.0
L01128,P0187,2025-12-31,2,1,1,0,12.0
L01128,P0072,2025-12-31,3,0,0,0,8.0
L01128,P0198,2025-12-31,4,0,0,0,15.0
L01128,P0033,2025-12-31,5,0,0,0,15.0
L02229,P0059,2025-12-31,1,0,0,0,12.0
L02229,P0091,2025-12-31,2,1,1,0,12.0
L02229,P0057,2025-12-31,3,1,1,1,10.0
L02229,P0030,2025-12-31,4,0,0,0,12.0
L02229,P0119,2025-12-31,5,0,0,0,12.0
L02010,P0037,2025-12-31,1,0,0,0,12.0
L02010,P0084,2025-12-31,2,1,1,0,12.0
L02010,P0129,2025-12-31,3,1,1,1,15.0
L02010,P0030,2025-12-31,4,0,0,0,12.0
L02010,P0057,2025-12-31,5,0,0,0,12.0
L01100,P0002,2025-12-31,1,0,0,0,15.0
L01100,P0094,2025-12-31,2,0,0,0,10.0
L01100,P0193,2025-12-31,3,1,0,0,8.0
L01100,P0041,2025-12-31,4,1,0,0,8.0
L01100,P0158,2025-12-31,5,0,0,0,8.0
L01944,P0027,2025-12-31,1,1,0,0,10.0
L01944,P0211,2025-12-31,2,1,1,0,15.0
L01944,P0187,2025-12-31,3,0,0,0,15.0
L01944,P0200,2025-12-31,4,0,0,0,8.0
L01944,P0077,2025-12-31,5,0,0,0,15.0
L02210,P0013,2025-12-31,1,0,0,0,10.0
L02210,P0121,2025-12-31,2,0,0,0,15.0
L02210,P0217,2025-12-31,3,1,1,1,8.0
L02210,P0182,2025-12-31,4,0,0,0,8.0
L02210,P0190,2025-12-31,5,0,0,0,10.0
L01005,P0069,2025-12-31,1,1,0,0,12.0
L01005,P0037,2025-12-31,2,0,0,0,12.0
L01005,P0216,2025-12-31,3,1,0,0,10.0
L01005,P0091,2025-12-31,4,1,1,1,12.0
L01005,P0030,2025-12-31,5,0,0,0,12.0
L00530,P0219,2025-12-31,1,1,1,0,8.0
L00530,P0207,2025-12-31,2,0,0,0,15.0
L00530,P0112,2025-12-31,3,0,0,0,12.0
L00530,P0209,2025-12-31,4,0,0,0,10.0
L00530,P0047,2025-12-31,5,0,0,0,12.0
L02554,P0202,2025-12-31,1,0,0,0,8.0
L02554,P0064,2025-12-31,2,1,1,0,15.0
L02554,P0137,2025-12-31,3,0,0,0,15.0
L02554,P0095,2025-12-31,4,0,0,0,15.0
L02554,P0130,2025-12-31,5,1,1,1,12.0
L00910,P0015,2025-12-31,1,1,1,1,15.0
L00910,P0069,2025-12-31,2,1,1,1,8.0
L00910,P0037,2025-12-31,3,1,0,0,10.0
L00910,P0084,2025-12-31,4,0,0,0,10.0
L00910,P0030,2025-12-31,5,0,0,0,12.0
L00350,P0000,2025-12-31,1,1,1,0,8.0
L00350,P0062,2025-12-31,2,1,0,0,15.0
L00350,P0181,2025-12-31,3,1,1,0,15.0
L00350,P0153,2025-12-31,4,1,1,1,15.0
L00350,P0029,2025-12-31,5,0,0,0,10.0
L01694,P0057,2025-12-31,1,0,0,0,15.0
L01694,P0156,2025-12-31,2,0,0,0,15.0
L01694,P0174,2025-12-31,3,0,0,0,15.0
L01694,P0187,2025-12-31,4,0,0,0,15.0
L01694,P0203,2025-12-31,5,0,0,0,10.0
L01605,P0128,2025-12-31,1,1,0,0,8.0
L01605,P0081,2025-12-31,2,1,1,1,12.0
L01605,P0116,2025-12-31,3,1,0,0,12.0
L01605,P0044,2025-12-31,4,0,0,0,8.0
L01605,P0056,2025-12-31,5,1,1,0,12.0
L00188,P0159,2025-12-31,1,0,0,0,12.0
L00188,P0045,2025-12-31,2,1,1,1,15.0
L00188,P0188,2025-12-31,3,1,1,0,12.0
L00188,P0089,2025-12-31,4,0,0,0,12.0
L00188,P0034,2025-12-31,5,0,0,0,15.0
L00271,P0204,2025-12-31,1,1,1,0,15.0
L00271,P0042,2025-12-31,2,0,0,0,8.0
L00271,P0058,2025-12-31,3,1,1,0,12.0
L00271,P0143,2025-12-31,4,1,1,1,10.0
L00271,P0019,2025-12-31,5,0,0,0,15.0
L00241,P0078,2025-12-31,1,1,1,1,10.0
L00241,P0051,2025-12-31,2,0,0,0,15.0
L00241,P0150,2025-12-31,3,0,0,0,15.0
L00241,P0218,2025-12-31,4,1,1,0,10.0
L00241,P0017,2025-12-31,5,0,0,0,12.0
L02054,P0109,2025-12-31,1,1,1,1,15.0
L02054,P0040,2025-12-31,2,1,1,1,12.0
L02054,P0117,2025-12-31,3,1,0,0,10.0
L02054,P0112,2025-12-31,4,0,0,0,10.0
L02054,P0195,2025-12-31,5,1,1,0,12.0
L00734,P0062,2025-12-31,1,1,1,0,12.0
L00734,P0153,2025-12-31,2,1,1,0,10.0
L00734,P0000,2025-12-31,3,0,0,0,15.0
L00734,P0068,2025-12-31,4,0,0,0,10.0
L00734,P0029,2025-12-31,5,0,0,0,8.0
L02743,P0015,2025-12-31,1,1,1,0,15.0
L02743,P0037,2025-12-31,2,1,1,0,12.0
L02743,P0155,2025-12-31,3,1,0,0,15.0
L02743,P0084,2025-12-31,4,0,0,0,12.0
L02743,P0030,2025-12-31,5,0,0,0,12.0
L00647,P0148,2025-12-31,1,0,0,0,10.0
L00647,P0189,2025-12-31,2,1,0,0,15.0
L00647,P0019,2025-12-31,3,0,0,0,10.0
L00647,P0097,2025-12-31,4,0,0,0,8.0
L00647,P0006,2025-12-31,5,1,1,1,12.0
L00792,P0062,2025-12-31,1,1,1,0,15.0
L00792,P0181,2025-12-31,2,0,0,0,8.0
L00792,P0000,2025-12-31,3,1,1,0,12.0
L00792,P0153,2025-12-31,4,1,0,0,8.0
L00792,P0068,2025-12-31,5,1,1,0,15.0
L02924,P0174,2025-12-31,1,0,0,0,15.0
L02924,P0215,2025-12-31,2,1,1,0,12.0
L02924,P0001,2025-12-31,3,0,0,0,10.0
L02924,P0026,2025-12-31,4,1,0,0,8.0
L02924,P0057,2025-12-31,5,0,0,0,15.0
L02660,P0076,2025-12-31,1,1,1,0,10.0
L02660,P0179,2025-12-31,2,1,1,1,8.0
L02660,P0125,2025-12-31,3,0,0,0,10.0
L02660,P0170,2025-12-31,4,1,1,0,8.0
L02660,P0011,2025-12-31,5,0,0,0,12.0
L00474,P0119,2026-01-01,1,1,1,0,12.0
L00474,P0001,2026-01-01,2,0,0,0,8.0
L00474,P0215,2026-01-01,3,1,1,1,15.0
L00474,P0057,2026-01-01,4,0,0,0,12.0
L00474,P0030,2026-01-01,5,1,0,0,15.0
L02866,P0187,2026-01-01,1,1,1,0,15.0
L02866,P0174,2026-01-01,2,1,1,0,15.0
L02866,P0033,2026-01-01,3,1,1,0,10.0
L02866,P0027,2026-01-01,4,1,0,0,12.0
L02866,P0198,2026-01-01,5,0,0,0,10.0
L02955,P0075,2026-01-01,1,0,0,0,15.0
L02955,P0010,2026-01-01,2,1,1,0,12.0
L02955,P0109,2026-01-01,3,1,1,0,12.0
L02955,P0040,2026-01-01,4,1,1,0,8.0
L02955,P0195,2026-01-01,5,1,1,0,8.0
L01952,P0000,2026-01-01,1,1,1,1,15.0
L01952,P0181,2026-01-01,2,1,1,0,10.0
L01952,P0153,2026-01-01,3,0,0,0,15.0
L01952,P0029,2026-01-01,4,0,0,0,10.0
L01952,P0068,2026-01-01,5,0,0,0,15.0
L01194,P0116,2026-01-01,1,0,0,0,10.0
L01194,P0023,2026-01-01,2,1,1,0,8.0
L01194,P0017,2026-01-01,3,0,0,0,12.0
L01194,P0053,2026-01-01,4,1,1,1,10.0
L01194,P0004,2026-01-01,5,1,1,1,12.0
L01161,P0078,2026-01-01,1,0,0,0,8.0
L01161,P0184,2026-01-01,2,1,0,0,10.0
L01161,P0150,2026-01-01,3,1,0,0,15.0
L01161,P0218,2026-01-01,4,1,1,0,10.0
L01161,P0051,2026-01-01,5,0,0,0,8.0
L02395,P0057,2026-01-01,1,1,0,0,10.0
L02395,P0129,2026-01-01,2,1,1,1,15.0
L02395,P0174,2026-01-01,3,0,0,0,8.0
L02395,P0187,2026-01-01,4,1,0,0,15.0
L02395,P0037,2026-01-01,5,0,0,0,12.0
L00583,P0118,2026-01-01,1,0,0,0,10.0
L00583,P0202,2026-01-01,2,0,0,0,12.0
L00583,P0145,2026-01-01,3,1,0,0,15.0
L00583,P0079,2026-01-01,4,1,0,0,12.0
L00583,P0031,2026-01-01,5,1,1,0,8.0
L02063,P0189,2026-01-01,1,1,1,0,8.0
L02063,P0019,2026-01-01,2,1,1,0,8.0
L02063,P0143,2026-01-01,3,1,1,0,8.0
L02063,P0065,2026-01-01,4,1,1,0,10.0
L02063,P0135,2026-01-01,5,1,1,0,12.0
L02369,P0182,2026-01-01,1,0,0,0,12.0
L02369,P0121,2026-01-01,2,1,0,0,12.0
L02369,P0217,2026-01-01,3,1,1,0,8.0
L02369,P0132,2026-01-01,4,0,0,0,10.0
L02369,P0013,2026-01-01,5,0,0,0,8.0
L01406,P0124,2026-01-01,1,1,1,1,12.0
L01406,P0050,2026-01-01,2,1,1,1,12.0
L01406,P0186,2026-01-01,3,1,1,0,10.0
L01406,P0100,2026-01-01,4,0,0,0,15.0
L01406,P0032,2026-01-01,5,1,0,0,15.0
L01448,P0171,2026-01-01,1,1,0,0,10.0
L01448,P0201,2026-01-01,2,1,1,0,10.0
L01448,P0127,2026-01-01,3,0,0,0,15.0
L01448,P0019,2026-01-01,4,0,0,0,10.0
L01448,P0143,2026-01-01,5,0,0,0,12.0
L02446,P0188,2026-01-01,1,1,1,0,12.0
L02446,P0112,2026-01-01,2,1,1,1,12.0
L02446,P0117,2026-01-01,3,0,0,0,10.0
L02446,P0010,2026-01-01,4,0,0,0,8.0
L02446,P0016,2026-01-01,5,0,0,0,8.0
L01949,P0076,2026-01-01,1,1,1,0,12.0
L01949,P0115,2026-01-01,2,0,0,0,10.0
L01949,P0170,2026-01-01,3,1,0,0,10.0
L01949,P0157,2026-01-01,4,1,1,0,12.0
L01949,P0179,2026-01-01,5,1,1,0,10.0
L02471,P0050,2026-01-01,1,1,0,0,15.0
L02471,P0025,2026-01-01,2,0,0,0,12.0
L02471,P0120,2026-01-01,3,1,1,0,8.0
L02471,P0032,2026-01-01,4,1,1,0,8.0
L02471,P0061,2026-01-01,5,0,0,0,12.0
L01830,P0209,2026-01-01,1,0,0,0,10.0
L01830,P0112,2026-01-01,2,0,0,0,8.0
L01830,P0047,2026-01-01,3,1,1,0,15.0
L01830,P0026,2026-01-01,4,0,0,0,10.0
L01830,P0003,2026-01-01,5,1,1,1,8.0
L00178,P0079,2026-01-01,1,0,0,0,12.0
L00178,P0118,2026-01-01,2,0,0,0,8.0
L00178,P0035,2026-01-01,3,0,0,0,8.0
L00178,P0172,2026-01-01,4,1,1,0,10.0
L00178,P0202,2026-01-01,5,0,0,0,8.0
L00818,P0035,2026-01-01,1,0,0,0,12.0
L00818,P0073,2026-01-01,2,0,0,0,8.0
L00818,P0018,2026-01-01,3,1,1,0,10.0
L00818,P0202,2026-01-01,4,1,1,0,8.0
L00818,P0118,2026-01-01,5,0,0,0,8.0
L00830,P0028,2026-01-01,1,0,0,0,8.0
L00830,P0014,2026-01-01,2,0,0,0,12.0
L00830,P0164,2026-01-01,3,0,0,0,8.0
L00830,P0149,2026-01-01,4,1,0,0,8.0
L00830,P0063,2026-01-01,5,0,0,0,8.0
L01663,P0091,2026-01-01,1,0,0,0,8.0
L01663,P0216,2026-01-01,2,0,0,0,12.0
L01663,P0084,2026-01-01,3,0,0,0,15.0
L01663,P0069,2026-01-01,4,0,0,0,15.0
L01663,P0037,2026-01-01,5,0,0,0,12.0
L00143,P0109,2026-01-01,1,1,1,1,15.0
L00143,P0075,2026-01-01,2,0,0,0,15.0
L00143,P0010,2026-01-01,3,0,0,0,12.0
L00143,P0195,2026-01-01,4,1,0,0,12.0
L00143,P0188,2026-01-01,5,0,0,0,12.0
L01642,P0197,2026-01-01,1,1,1,1,12.0
L01642,P0201,2026-01-01,2,1,1,0,10.0
L01642,P0058,2026-01-01,3,1,0,0,15.0
L01642,P0019,2026-01-01,4,1,1,1,10.0
L01642,P0143,2026-01-01,5,0,0,0,12.0
L00272,P0207,2026-01-01,1,1,1,1,8.0
L00272,P0047,2026-01-01,2,0,0,0,15.0
L00272,P0112,2026-01-01,3,0,0,0,8.0
L00272,P0209,2026-01-01,4,1,1,0,10.0
L00272,P0195,2026-01-01,5,0,0,0,12.0
L00696,P0162,2026-01-01,1,0,0,0,8.0
L00696,P0217,2026-01-01,2,1,1,0,15.0
L00696,P0190,2026-01-01,3,1,1,1,10.0
L00696,P0121,2026-01-01,4,0,0,0,10.0
L00696,P0013,2026-01-01,5,0,0,0,8.0
L01720,P0058,2026-01-01,1,1,1,0,12.0
L01720,P0114,2026-01-01,2,0,0,0,8.0
L01720,P0143,2026-01-01,3,1,1,0,15.0
L01720,P0097,2026-01-01,4,0,0,0,12.0
L01720,P0065,2026-01-01,5,1,1,1,15.0
L00960,P0020,2026-01-01,1,1,1,1,8.0
L00960,P0028,2026-01-01,2,1,1,0,12.0
L00960,P0041,2026-01-01,3,1,1,0,15.0
L00960,P0014,2026-01-01,4,1,0,0,12.0
L00960,P0063,2026-01-01,5,1,1,0,12.0
L01607,P0087,2026-01-01,1,0,0,0,10.0
L01607,P0158,2026-01-01,2,0,0,0,10.0
L01607,P0144,2026-01-01,3,1,1,0,12.0
L01607,P0078,2026-01-01,4,0,0,0,12.0
L01607,P0051,2026-01-01,5,0,0,0,15.0
L01011,P0007,2026-01-01,1,0,0,0,12.0
L01011,P0093,2026-01-01,2,0,0,0,10.0
L01011,P0090,2026-01-01,3,1,1,1,8.0
L01011,P0006,2026-01-01,4,0,0,0,15.0
L01011,P0081,2026-01-01,5,1,1,0,12.0
L02503,P0121,2026-01-01,1,0,0,0,8.0
L02503,P0162,2026-01-01,2,1,1,0,15.0
L02503,P0098,2026-01-01,3,0,0,0,12.0
L02503,P0080,2026-01-01,4,0,0,0,8.0
L02503,P0182,2026-01-01,5,0,0,0,8.0
L01072,P0010,2026-01-01,1,0,0,0,10.0
L01072,P0109,2026-01-01,2,0,0,0,10.0
L01072,P0040,2026-01-01,3,1,0,0,12.0
L01072,P0117,2026-01-01,4,1,1,0,10.0
L01072,P0112,2026-01-01,5,0,0,0,15.0
L02193,P0063,2026-01-01,1,1,1,0,15.0
L02193,P0085,2026-01-01,2,0,0,0,10.0
L02193,P0066,2026-01-01,3,1,0,0,10.0
L02193,P0028,2026-01-01,4,0,0,0,15.0
L02193,P0020,2026-01-01,5,0,0,0,10.0
L00276,P0088,2026-01-02,1,1,1,0,15.0
L00276,P0167,2026-01-02,2,0,0,0,8.0
L00276,P0055,2026-01-02,3,1,1,1,8.0
L00276,P0021,2026-01-02,4,0,0,0,8.0
L00276,P0184,2026-01-02,5,1,1,0,12.0
L00037,P0059,2026-01-02,1,1,1,1,15.0
L00037,P0084,2026-01-02,2,1,1,0,10.0
L00037,P0156,2026-01-02,3,0,0,0,8.0
L00037,P0030,2026-01-02,4,0,0,0,15.0
L00037,P0119,2026-01-02,5,1,1,0,10.0
L00275,P0207,2026-01-02,1,0,0,0,8.0
L00275,P0195,2026-01-02,2,1,0,0,12.0
L00275,P0209,2026-01-02,3,0,0,0,12.0
L00275,P0112,2026-01-02,4,0,0,0,15.0
L00275,P0047,2026-01-02,5,1,1,0,10.0
L00033,P0106,2026-01-02,1,1,1,0,15.0
L00033,P0070,2026-01-02,2,1,1,1,12.0
L00033,P0173,2026-01-02,3,0,0,0,8.0
L00033,P0110,2026-01-02,4,0,0,0,15.0
L00033,P0043,2026-01-02,5,0,0,0,12.0
L00148,P0188,2026-01-02,1,1,1,1,8.0
L00148,P0109,2026-01-02,2,1,1,1,10.0
L00148,P0010,2026-01-02,3,0,0,0,8.0
L00148,P0126,2026-01-02,4,1,1,1,15.0
L00148,P0040,2026-01-02,5,0,0,0,10.0
L02290,P0135,2026-01-02,1,1,0,0,8.0
L02290,P0073,2026-01-02,2,1,1,0,8.0
L02290,P0074,2026-01-02,3,1,1,1,10.0
L02290,P0058,2026-01-02,4,1,1,1,12.0
L02290,P0018,2026-01-02,5,0,0,0,8.0
L02772,P0067,2026-01-02,1,1,0,0,8.0
L02772,P0066,2026-01-02,2,1,1,0,10.0
L02772,P0063,2026-01-02,3,1,0,0,15.0
L02772,P0164,2026-01-02,4,0,0,0,10.0
L02772,P0014,2026-01-02,5,1,1,0,12.0
L01213,P0181,2026-01-02,1,0,0,0,10.0
L01213,P0106,2026-01-02,2,1,1,1,8.0
L01213,P0175,2026-01-02,3,0,0,0,8.0
L01213,P0070,2026-01-02,4,0,0,0,12.0
L01213,P0029,2026-01-02,5,1,1,0,10.0
L02561,P0040,2026-01-02,1,1,1,0,15.0
L02561,P0126,2026-01-02,2,0,0,0,12.0
L02561,P0188,2026-01-02,3,1,0,0,8.0
L02561,P0112,2026-01-02,4,0,0,0,12.0
L02561,P0033,2026-01-02,5,0,0,0,12.0
L00654,P0215,2026-01-02,1,0,0,0,15.0
L00654,P0026,2026-01-02,2,0,0,0,10.0
L00654,P0003,2026-01-02,3,0,0,0,15.0
L00654,P0183,2026-01-02,4,0,0,0,15.0
L00654,P0010,2026-01-02,5,0,0,0,8.0
L00787,P0003,2026-01-02,1,0,0,0,10.0
L00787,P0026,2026-01-02,2,0,0,0,10.0
L00787,P0183,2026-01-02,3,1,0,0,10.0
L00787,P0010,2026-01-02,4,0,0,0,12.0
L00787,P0083,2026-01-02,5,0,0,0,10.0
L01209,P0036,2026-01-02,1,0,0,0,8.0
L01209,P0008,2026-01-02,2,0,0,0,15.0
L01209,P0140,2026-01-02,3,1,1,0,12.0
L01209,P0111,2026-01-02,4,1,0,0,8.0
L01209,P0094,2026-01-02,5,0,0,0,10.0
L02344,P0153,2026-01-02,1,0,0,0,10.0
L02344,P0181,2026-01-02,2,1,0,0,15.0
L02344,P0062,2026-01-02,3,1,0,0,8.0
L02344,P0000,2026-01-02,4,1,0,0,10.0
L02344,P0068,2026-01-02,5,1,1,1,10.0
L01619,P0208,2026-01-02,1,0,0,0,15.0
L01619,P0147,2026-01-02,2,0,0,0,12.0
L01619,P0081,2026-01-02,3,0,0,0,15.0
L01619,P0028,2026-01-02,4,1,1,0,8.0
L01619,P0020,2026-01-02,5,0,0,0,8.0
L00678,P0006,2026-01-02,1,1,1,0,8.0
L00678,P0143,2026-01-02,2,1,1,0,8.0
L00678,P0189,2026-01-02,3,1,1,0,12.0
L00678,P0019,2026-01-02,4,0,0,0,8.0
L00678,P0114,2026-01-02,5,1,1,0,12.0
L01670,P0143,2026-01-02,1,0,0,0,12.0
L01670,P0114,2026-01-02,2,0,0,0,10.0
L01670,P0189,2026-01-02,3,1,1,1,8.0
L01670,P0097,2026-01-02,4,1,1,0,8.0
L01670,P0065,2026-01-02,5,1,1,0,15.0
L02748,P0013,2026-01-02,1,0,0,0,10.0
L02748,P0190,2026-01-02,2,0,0,0,12.0
L02748,P0182,2026-01-02,3,0,0,0,8.0
L02748,P0217,2026-01-02,4,1,1,0,15.0
L02748,P0132,2026-01-02,5,0,0,0,10.0
L02337,P0069,2026-01-02,1,1,0,0,10.0
L02337,P0216,2026-01-02,2,0,0,0,12.0
L02337,P0084,2026-01-02,3,0,0,0,15.0
L02337,P0091,2026-01-02,4,0,0,0,10.0
L02337,P0030,2026-01-02,5,0,0,0,15.0
L00816,P0087,2026-01-02,1,0,0,0,10.0
L00816,P0053,2026-01-02,2,1,1,0,8.0
L00816,P0017,2026-01-02,3,0,0,0,12.0
L00816,P0021,2026-01-02,4,0,0,0,12.0
L00816,P0078,2026-01-02,5,0,0,0,12.0
L01314,P0043,2026-01-02,1,1,1,1,12.0
L01314,P0214,2026-01-02,2,0,0,0,15.0
L01314,P0197,2026-01-02,3,1,1,1,8.0
L01314,P0019,2026-01-02,4,0,0,0,12.0
L01314,P0175,2026-01-02,5,0,0,0,12.0
L00766,P0145,2026-01-02,1,0,0,0,10.0
L00766,P0018,2026-01-02,2,0,0,0,15.0
L00766,P0118,2026-01-02,3,0,0,0,8.0
L00766,P0202,2026-01-02,4,0,0,0,15.0
L00766,P0172,2026-01-02,5,1,1,0,10.0
L00358,P0121,2026-01-02,1,1,1,1,8.0
L00358,P0132,2026-01-02,2,0,0,0,15.0
L00358,P0013,2026-01-02,3,1,1,1,12.0
L00358,P0217,2026-01-02,4,1,1,0,8.0
L00358,P0190,2026-01-02,5,0,0,0,10.0
L01440,P0025,2026-01-02,1,0,0,0,12.0
L01440,P0032,2026-01-02,2,0,0,0,12.0
L01440,P0050,2026-01-02,3,0,0,0,15.0
L01440,P0138,2026-01-02,4,0,0,0,8.0
L01440,P0124,2026-01-02,5,0,0,0,12.0
L01549,P0003,2026-01-02,1,1,1,1,12.0
L01549,P0119,2026-01-02,2,1,1,1,12.0
L01549,P0187,2026-01-02,3,0,0,0,15.0
L01549,P0010,2026-01-02,4,1,1,0,12.0
L01549,P0005,2026-01-02,5,1,1,1,8.0
L02456,P0011,2026-01-02,1,1,1,0,15.0
L02456,P0020,2026-01-02,2,0,0,0,10.0
L02456,P0023,2026-01-02,3,0,0,0,12.0
L02456,P0017,2026-01-02,4,0,0,0,12.0
L02456,P0053,2026-01-02,5,1,1,0,15.0
L02463,P0153,2026-01-02,1,1,0,0,15.0
L02463,P0148,2026-01-02,2,1,1,0,15.0
L02463,P0143,2026-01-02,3,0,0,0,10.0
L02463,P0189,2026-01-02,4,0,0,0,12.0
L02463,P0062,2026-01-02,5,1,1,0,8.0
L02067,P0072,2026-01-02,1,0,0,0,10.0
L02067,P0033,2026-01-02,2,1,1,0,15.0
L02067,P0027,2026-01-02,3,1,1,0,12.0
L02067,P0200,2026-01-02,4,1,1,0,8.0
L02067,P0174,2026-01-02,5,1,1,0,15.0
L01688,P0066,2026-01-02,1,1,1,1,10.0
L01688,P0014,2026-01-02,2,0,0,0,10.0
L01688,P0085,2026-01-02,3,0,0,0,15.0
L01688,P0067,2026-01-02,4,0,0,0,10.0
L01688,P0020,2026-01-02,5,0,0,0,8.0
L02825,P0025,2026-01-02,1,1,1,0,15.0
L02825,P0192,2026-01-02,2,0,0,0,12.0
L02825,P0199,2026-01-02,3,0,0,0,8.0
L02825,P0124,2026-01-02,4,1,1,1,10.0
L02825,P0103,2026-01-02,5,1,1,0,15.0
L01454,P0201,2026-01-02,1,0,0,0,8.0
L01454,P0197,2026-01-02,2,0,0,0,8.0
L01454,P0042,2026-01-02,3,1,0,0,15.0
L01454,P0204,2026-01-02,4,1,1,0,10.0
L01454,P0127,2026-01-02,5,1,0,0,8.0
L01077,P0091,2026-01-02,1,1,1,0,10.0
L01077,P0129,2026-01-02,2,0,0,0,10.0
L01077,P0156,2026-01-02,3,0,0,0,15.0
L01077,P0057,2026-01-02,4,1,0,0,15.0
L01077,P0119,2026-01-02,5,0,0,0,8.0
L01111,P0088,2026-01-02,1,1,1,0,8.0
L01111,P0021,2026-01-02,2,0,0,0,15.0
L01111,P0152,2026-01-02,3,0,0,0,10.0
L01111,P0150,2026-01-02,4,0,0,0,8.0
L01111,P0078,2026-01-02,5,0,0,0,10.0
L02614,P0113,2026-01-03,1,0,0,0,10.0
L02614,P0107,2026-01-03,2,0,0,0,15.0
L02614,P0060,2026-01-03,3,1,1,0,12.0
L02614,P0033,2026-01-03,4,1,1,0,8.0
L02614,P0072,2026-01-03,5,0,0,0,15.0
L00825,P0158,2026-01-03,1,0,0,0,8.0
L00825,P0094,2026-01-03,2,0,0,0,12.0
L00825,P0111,2026-01-03,3,1,1,1,15.0
L00825,P0193,2026-01-03,4,1,0,0,15.0
L00825,P0020,2026-01-03,5,1,1,0,10.0
L00673,P0035,2026-01-03,1,1,1,0,8.0
L00673,P0018,2026-01-03,2,0,0,0,12.0
L00673,P0073,2026-01-03,3,0,0,0,10.0
L00673,P0145,2026-01-03,4,1,1,0,8.0
L00673,P0031,2026-01-03,5,0,0,0,10.0
L01274,P0208,2026-01-03,1,1,1,0,10.0
L01274,P0054,2026-01-03,2,0,0,0,10.0
L01274,P0004,2026-01-03,3,0,0,0,10.0
L01274,P0023,2026-01-03,4,0,0,0,15.0
L01274,P0053,2026-01-03,5,0,0,0,8.0
L00224,P0120,2026-01-03,1,0,0,0,12.0
L00224,P0108,2026-01-03,2,0,0,0,15.0
L00224,P0093,2026-01-03,3,0,0,0,10.0
L00224,P0006,2026-01-03,4,0,0,0,12.0
L00224,P0086,2026-01-03,5,1,1,1,15.0
L00249,P0170,2026-01-03,1,0,0,0,8.0
L00249,P0076,2026-01-03,2,0,0,0,15.0
L00249,P0115,2026-01-03,3,0,0,0,12.0
L00249,P0020,2026-01-03,4,0,0,0,10.0
L00249,P0011,2026-01-03,5,0,0,0,8.0
L00053,P0216,2026-01-03,1,0,0,0,10.0
L00053,P0091,2026-01-03,2,1,1,1,15.0
L00053,P0165,2026-01-03,3,0,0,0,8.0
L00053,P0024,2026-01-03,4,1,1,0,15.0
L00053,P0069,2026-01-03,5,0,0,0,12.0
L02142,P0124,2026-01-03,1,1,0,0,10.0
L02142,P0138,2026-01-03,2,1,1,0,10.0
L02142,P0192,2026-01-03,3,1,1,1,10.0
L02142,P0093,2026-01-03,4,1,1,1,12.0
L02142,P0025,2026-01-03,5,0,0,0,15.0
L01677,P0166,2026-01-03,1,0,0,0,10.0
L01677,P0089,2026-01-03,2,0,0,0,8.0
L01677,P0077,2026-01-03,3,0,0,0,15.0
L01677,P0200,2026-01-03,4,1,1,1,8.0
L01677,P0174,2026-01-03,5,0,0,0,8.0
L02629,P0003,2026-01-03,1,0,0,0,10.0
L02629,P0026,2026-01-03,2,0,0,0,8.0
L02629,P0215,2026-01-03,3,0,0,0,10.0
L02629,P0183,2026-01-03,4,0,0,0,15.0
L02629,P0010,2026-01-03,5,0,0,0,8.0
L00027,P0187,2026-01-03,1,0,0,0,8.0
L00027,P0200,2026-01-03,2,1,0,0,10.0
L00027,P0077,2026-01-03,3,1,1,0,8.0
L00027,P0033,2026-01-03,4,1,1,1,10.0
L00027,P0027,2026-01-03,5,0,0,0,8.0
L01061,P0180,2026-01-03,1,1,0,0,12.0
L01061,P0083,2026-01-03,2,0,0,0,15.0
L01061,P0112,2026-01-03,3,0,0,0,15.0
L01061,P0047,2026-01-03,4,0,0,0,8.0
L01061,P0195,2026-01-03,5,1,0,0,10.0
L01068,P0127,2026-01-03,1,1,0,0,15.0
L01068,P0197,2026-01-03,2,0,0,0,8.0
L01068,P0204,2026-01-03,3,1,0,0,15.0
L01068,P0114,2026-01-03,4,0,0,0,15.0
L01068,P0143,2026-01-03,5,0,0,0,8.0
L00012,P0194,2026-01-03,1,0,0,0,12.0
L00012,P0124,2026-01-03,2,0,0,0,8.0
L00012,P0032,2026-01-03,3,0,0,0,15.0
L00012,P0061,2026-01-03,4,0,0,0,8.0
L00012,P0120,2026-01-03,5,1,1,0,10.0
L02788,P0181,2026-01-03,1,0,0,0,10.0
L02788,P0062,2026-01-03,2,1,1,0,8.0
L02788,P0029,2026-01-03,3,0,0,0,10.0
L02788,P0070,2026-01-03,4,0,0,0,15.0
L02788,P0106,2026-01-03,5,1,1,1,10.0
L00982,P0050,2026-01-03,1,1,1,1,8.0
L00982,P0124,2026-01-03,2,1,1,0,10.0
L00982,P0194,2026-01-03,3,1,1,1,10.0
L00982,P0120,2026-01-03,4,1,0,0,8.0
L00982,P0025,2026-01-03,5,1,0,0,8.0
L01320,P0137,2026-01-03,1,0,0,0,10.0
L01320,P0095,2026-01-03,2,0,0,0,15.0
L01320,P0213,2026-01-03,3,0,0,0,10.0
L01320,P0035,2026-01-03,4,1,1,0,15.0
L01320,P0118,2026-01-03,5,0,0,0,8.0
L02162,P0179,2026-01-03,1,1,1,0,12.0
L02162,P0157,2026-01-03,2,1,0,0,15.0
L02162,P0076,2026-01-03,3,1,1,1,15.0
L02162,P0115,2026-01-03,4,0,0,0,12.0
L02162,P0020,2026-01-03,5,0,0,0,10.0
L00597,P0030,2026-01-03,1,1,1,0,15.0
L00597,P0174,2026-01-03,2,1,1,1,15.0
L00597,P0119,2026-01-03,3,1,1,0,10.0
L00597,P0187,2026-01-03,4,1,1,1,10.0
L00597,P0203,2026-01-03,5,1,1,1,12.0
L00598,P0181,2026-01-03,1,1,1,0,15.0
L00598,P0070,2026-01-03,2,1,1,1,12.0
L00598,P0175,2026-01-03,3,0,0,0,10.0
L00598,P0029,2026-01-03,4,0,0,0,12.0
L00598,P0106,2026-01-03,5,0,0,0,12.0
L01008,P0187,2026-01-04,1,1,1,0,8.0
L01008,P0003,2026-01-04,2,0,0,0,10.0
L01008,P0123,2026-01-04,3,0,0,0,15.0
L01008,P0215,2026-01-04,4,1,0,0,10.0
L01008,P0030,2026-01-04,5,0,0,0,12.0
L01596,P0066,2026-01-04,1,1,1,0,8.0
L01596,P0164,2026-01-04,2,0,0,0,8.0
L01596,P0014,2026-01-04,3,1,0,0,8.0
L01596,P0085,2026-01-04,4,0,0,0,10.0
L01596,P0115,2026-01-04,5,0,0,0,12.0
L00874,P0091,2026-01-04,1,0,0,0,12.0
L00874,P0084,2026-01-04,2,1,1,0,12.0
L00874,P0129,2026-01-04,3,0,0,0,10.0
L00874,P0057,2026-01-04,4,1,0,0,10.0
L00874,P0156,2026-01-04,5,0,0,0,15.0
L01582,P0219,2026-01-04,1,1,1,1,15.0
L01582,P0207,2026-01-04,2,1,0,0,10.0
L01582,P0209,2026-01-04,3,0,0,0,10.0
L01582,P0112,2026-01-04,4,0,0,0,10.0
L01582,P0047,2026-01-04,5,0,0,0,8.0
L00121,P0019,2026-01-04,1,0,0,0,10.0
L00121,P0173,2026-01-04,2,1,1,0,15.0
L00121,P0074,2026-01-04,3,1,0,0,15.0
L00121,P0061,2026-01-04,4,0,0,0,15.0
L00121,P0049,2026-01-04,5,0,0,0,12.0
L02604,P0101,2026-01-04,1,1,1,1,12.0
L02604,P0038,2026-01-04,2,0,0,0,15.0
L02604,P0008,2026-01-04,3,0,0,0,8.0
L02604,P0094,2026-01-04,4,0,0,0,8.0
L02604,P0111,2026-01-04,5,1,1,0,8.0
L01217,P0074,2026-01-04,1,1,1,0,8.0
L01217,P0031,2026-01-04,2,0,0,0,10.0
L01217,P0110,2026-01-04,3,1,1,0,10.0
L01217,P0104,2026-01-04,4,0,0,0,8.0
L01217,P0135,2026-01-04,5,1,1,0,8.0
L00870,P0019,2026-01-04,1,0,0,0,15.0
L00870,P0058,2026-01-04,2,0,0,0,8.0
L00870,P0189,2026-01-04,3,1,1,0,12.0
L00870,P0143,2026-01-04,4,0,0,0,15.0
L00870,P0007,2026-01-04,5,0,0,0,10.0
L02608,P0091,2026-01-04,1,1,0,0,10.0
L02608,P0037,2026-01-04,2,1,0,0,12.0
L02608,P0015,2026-01-04,3,1,0,0,8.0
L02608,P0069,2026-01-04,4,0,0,0,8.0
L02608,P0030,2026-01-04,5,0,0,0,12.0
L02011,P0048,2026-01-04,1,1,1,1,12.0
L02011,P0113,2026-01-04,2,0,0,0,12.0
L02011,P0107,2026-01-04,3,0,0,0,10.0
L02011,P0072,2026-01-04,4,0,0,0,12.0
L02011,P0198,2026-01-04,5,0,0,0,10.0
L02541,P0171,2026-01-04,1,0,0,0,8.0
L02541,P0043,2026-01-04,2,1,0,0,12.0
L02541,P0214,2026-01-04,3,0,0,0,12.0
L02541,P0173,2026-01-04,4,1,1,0,12.0
L02541,P0104,2026-01-04,5,0,0,0,8.0
L02185,P0179,2026-01-04,1,0,0,0,15.0
L02185,P0125,2026-01-04,2,0,0,0,8.0
L02185,P0157,2026-01-04,3,1,1,0,12.0
L02185,P0022,2026-01-04,4,0,0,0,10.0
L02185,P0011,2026-01-04,5,0,0,0,12.0
L00703,P0194,2026-01-04,1,0,0,0,12.0
L00703,P0124,2026-01-04,2,0,0,0,15.0
L00703,P0186,2026-01-04,3,0,0,0,15.0
L00703,P0025,2026-01-04,4,0,0,0,8.0
L00703,P0100,2026-01-04,5,0,0,0,8.0
L01703,P0051,2026-01-04,1,0,0,0,15.0
L01703,P0193,2026-01-04,2,0,0,0,12.0
L01703,P0021,2026-01-04,3,0,0,0,15.0
L01703,P0218,2026-01-04,4,0,0,0,15.0
L01703,P0017,2026-01-04,5,0,0,0,15.0
L02840,P0119,2026-01-04,1,0,0,0,10.0
L02840,P0215,2026-01-04,2,1,1,1,12.0
L02840,P0026,2026-01-04,3,0,0,0,10.0
L02840,P0123,2026-01-04,4,0,0,0,8.0
L02840,P0030,2026-01-04,5,0,0,0,8.0
L01838,P0112,2026-01-04,1,0,0,0,15.0
L01838,P0188,2026-01-04,2,0,0,0,15.0
L01838,P0010,2026-01-04,3,1,1,0,15.0
L01838,P0075,2026-01-04,4,0,0,0,8.0
L01838,P0109,2026-01-04,5,1,1,1,12.0
L00390,P0122,2026-01-04,1,0,0,0,12.0
L00390,P0159,2026-01-04,2,1,0,0,8.0
L00390,P0195,2026-01-04,3,0,0,0,15.0
L00390,P0089,2026-01-04,4,1,0,0,12.0
L00390,P0034,2026-01-04,5,1,1,0,12.0
L01388,P0084,2026-01-04,1,1,1,0,12.0
L01388,P0203,2026-01-04,2,0,0,0,12.0
L01388,P0030,2026-01-04,3,0,0,0,10.0
L01388,P0156,2026-01-04,4,1,1,1,12.0
L01388,P0057,2026-01-04,5,0,0,0,12.0
L01829,P0210,2026-01-04,1,1,1,0,12.0
L01829,P0157,2026-01-04,2,1,1,0,10.0
L01829,P0179,2026-01-04,3,1,1,0,10.0
L01829,P0011,2026-01-04,4,1,1,1,10.0
L01829,P0020,2026-01-04,5,1,1,0,10.0
L00482,P0089,2026-01-04,1,0,0,0,10.0
L00482,P0071,2026-01-04,2,0,0,0,15.0
L00482,P0206,2026-01-04,3,1,0,0,12.0
L00482,P0077,2026-01-04,4,0,0,0,12.0
L00482,P0187,2026-01-04,5,1,0,0,8.0
L02120,P0003,2026-01-04,1,0,0,0,8.0
L02120,P0026,2026-01-04,2,0,0,0,8.0
L02120,P0183,2026-01-04,3,1,1,1,10.0
L02120,P0083,2026-01-04,4,1,1,0,8.0
L02120,P0005,2026-01-04,5,1,1,1,15.0
L01345,P0200,2026-01-04,1,1,1,1,10.0
L01345,P0187,2026-01-04,2,0,0,0,10.0
L01345,P0206,2026-01-04,3,0,0,0,8.0
L01345,P0198,2026-01-04,4,0,0,0,15.0
L01345,P0033,2026-01-04,5,0,0,0,15.0
L02737,P0150,2026-01-04,1,1,0,0,10.0
L02737,P0092,2026-01-04,2,0,0,0,10.0
L02737,P0021,2026-01-04,3,1,0,0,15.0
L02737,P0051,2026-01-04,4,0,0,0,12.0
L02737,P0017,2026-01-04,5,1,0,0,10.0
L01701,P0138,2026-01-04,1,0,0,0,12.0
L01701,P0093,2026-01-04,2,0,0,0,15.0
L01701,P0108,2026-01-04,3,0,0,0,10.0
L01701,P0025,2026-01-04,4,0,0,0,12.0
L01701,P0120,2026-01-04,5,1,1,1,8.0
L00288,P0002,2026-01-04,1,1,0,0,10.0
L00288,P0094,2026-01-04,2,0,0,0,8.0
L00288,P0008,2026-01-04,3,0,0,0,15.0
L00288,P0041,2026-01-04,4,1,1,0,8.0
L00288,P0131,2026-01-04,5,0,0,0,8.0
L02131,P0188,2026-01-04,1,1,1,1,15.0
L02131,P0040,2026-01-04,2,0,0,0,8.0
L02131,P0117,2026-01-04,3,1,1,0,15.0
L02131,P0126,2026-01-04,4,0,0,0,10.0
L02131,P0016,2026-01-04,5,0,0,0,15.0
L01752,P0138,2026-01-04,1,1,1,0,8.0
L01752,P0124,2026-01-04,2,0,0,0,10.0
L01752,P0007,2026-01-04,3,0,0,0,15.0
L01752,P0183,2026-01-04,4,1,1,0,15.0
L01752,P0108,2026-01-04,5,0,0,0,10.0
L02889,P0011,2026-01-04,1,1,0,0,10.0
L02889,P0169,2026-01-04,2,0,0,0,12.0
L02889,P0102,2026-01-04,3,0,0,0,10.0
L02889,P0020,2026-01-04,4,1,0,0,8.0
L02889,P0053,2026-01-04,5,0,0,0,15.0
L01770,P0084,2026-01-04,1,1,1,0,10.0
L01770,P0037,2026-01-04,2,1,0,0,8.0
L01770,P0129,2026-01-04,3,0,0,0,15.0
L01770,P0057,2026-01-04,4,0,0,0,15.0
L01770,P0119,2026-01-04,5,0,0,0,8.0
L02409,P0008,2026-01-04,1,1,1,1,12.0
L02409,P0036,2026-01-04,2,0,0,0,10.0
L02409,P0111,2026-01-04,3,1,1,1,10.0
L02409,P0094,2026-01-04,4,0,0,0,10.0
L02409,P0140,2026-01-04,5,1,0,0,8.0
L02698,P0094,2026-01-04,1,1,0,0,15.0
L02698,P0140,2026-01-04,2,1,0,0,12.0
L02698,P0158,2026-01-04,3,1,1,0,10.0
L02698,P0131,2026-01-04,4,0,0,0,12.0
L02698,P0008,2026-01-04,5,0,0,0,12.0
L02638,P0128,2026-01-04,1,1,0,0,15.0
L02638,P0196,2026-01-04,2,1,1,0,8.0
L02638,P0205,2026-01-04,3,0,0,0,15.0
L02638,P0086,2026-01-04,4,0,0,0,10.0
L02638,P0044,2026-01-04,5,0,0,0,8.0
L02236,P0124,2026-01-05,1,0,0,0,12.0
L02236,P0138,2026-01-05,2,1,1,1,10.0
L02236,P0090,2026-01-05,3,1,1,1,10.0
L02236,P0192,2026-01-05,4,0,0,0,10.0
L02236,P0007,2026-01-05,5,1,1,0,10.0
L00193,P0061,2026-01-05,1,0,0,0,15.0
L00193,P0050,2026-01-05,2,1,1,1,15.0
L00193,P0138,2026-01-05,3,0,0,0,15.0
L00193,P0186,2026-01-05,4,1,1,0,12.0
L00193,P0105,2026-01-05,5,0,0,0,8.0
L02304,P0131,2026-01-05,1,0,0,0,12.0
L02304,P0008,2026-01-05,2,1,1,1,15.0
L02304,P0140,2026-01-05,3,1,1,0,15.0
L02304,P0193,2026-01-05,4,1,1,0,10.0
L02304,P0158,2026-01-05,5,0,0,0,10.0
L01261,P0110,2026-01-05,1,0,0,0,8.0
L01261,P0135,2026-01-05,2,1,1,0,10.0
L01261,P0049,2026-01-05,3,0,0,0,8.0
L01261,P0073,2026-01-05,4,0,0,0,10.0
L01261,P0035,2026-01-05,5,1,0,0,12.0
L00199,P0003,2026-01-05,1,0,0,0,12.0
L00199,P0123,2026-01-05,2,0,0,0,15.0
L00199,P0187,2026-01-05,3,1,1,0,10.0
L00199,P0119,2026-01-05,4,1,1,0,15.0
L00199,P0005,2026-01-05,5,0,0,0,10.0
L02472,P0009,2026-01-05,1,1,1,0,15.0
L02472,P0060,2026-01-05,2,1,1,0,15.0
L02472,P0107,2026-01-05,3,1,1,1,8.0
L02472,P0033,2026-01-05,4,1,1,0,12.0
L02472,P0027,2026-01-05,5,1,1,0,15.0
L01096,P0135,2026-01-05,1,1,1,0,15.0
L01096,P0031,2026-01-05,2,0,0,0,15.0
L01096,P0019,2026-01-05,3,0,0,0,10.0
L01096,P0074,2026-01-05,4,0,0,0,10.0
L01096,P0018,2026-01-05,5,0,0,0,12.0
L01364,P0116,2026-01-05,1,1,1,1,10.0
L01364,P0054,2026-01-05,2,0,0,0,12.0
L01364,P0023,2026-01-05,3,0,0,0,10.0
L01364,P0011,2026-01-05,4,1,1,0,8.0
L01364,P0020,2026-01-05,5,1,1,0,12.0
L02184,P0018,2026-01-05,1,0,0,0,15.0
L02184,P0073,2026-01-05,2,0,0,0,15.0
L02184,P0079,2026-01-05,3,0,0,0,15.0
L02184,P0145,2026-01-05,4,1,1,0,15.0
L02184,P0031,2026-01-05,5,1,1,1,10.0
L01171,P0157,2026-01-05,1,1,0,0,10.0
L01171,P0125,2026-01-05,2,1,1,1,8.0
L01171,P0115,2026-01-05,3,0,0,0,12.0
L01171,P0210,2026-01-05,4,1,1,0,12.0
L01171,P0020,2026-01-05,5,0,0,0,10.0
L00691,P0166,2026-01-05,1,1,0,0,8.0
L00691,P0034,2026-01-05,2,0,0,0,8.0
L00691,P0071,2026-01-05,3,0,0,0,10.0
L00691,P0206,2026-01-05,4,1,1,1,10.0
L00691,P0187,2026-01-05,5,0,0,0,8.0
L00133,P0065,2026-01-05,1,1,1,0,10.0
L00133,P0161,2026-01-05,2,1,1,0,8.0
L00133,P0185,2026-01-05,3,0,0,0,12.0
L00133,P0135,2026-01-05,4,1,1,0,10.0
L00133,P0035,2026-01-05,5,0,0,0,12.0
L01342,P0068,2026-01-05,1,0,0,0,15.0
L01342,P0029,2026-01-05,2,0,0,0,12.0
L01342,P0062,2026-01-05,3,1,1,0,15.0
L01342,P0000,2026-01-05,4,0,0,0,15.0
L01342,P0153,2026-01-05,5,0,0,0,15.0
L00651,P0080,2026-01-05,1,1,0,0,15.0
L00651,P0013,2026-01-05,2,1,1,1,8.0
L00651,P0217,2026-01-05,3,1,1,0,15.0
L00651,P0182,2026-01-05,4,1,0,0,8.0
L00651,P0121,2026-01-05,5,1,1,0,12.0
L01251,P0146,2026-01-05,1,0,0,0,10.0
L01251,P0177,2026-01-05,2,1,1,0,10.0
L01251,P0039,2026-01-05,3,1,0,0,15.0
L01251,P0142,2026-01-05,4,0,0,0,10.0
L01251,P0088,2026-01-05,5,0,0,0,10.0
L00318,P0031,2026-01-05,1,1,1,0,8.0
L00318,P0049,2026-01-05,2,0,0,0,10.0
L00318,P0110,2026-01-05,3,0,0,0,15.0
L00318,P0019,2026-01-05,4,1,1,0,10.0
L00318,P0018,2026-01-05,5,1,1,0,10.0
L01485,P0173,2026-01-06,1,0,0,0,15.0
L01485,P0058,2026-01-06,2,1,1,0,15.0
L01485,P0104,2026-01-06,3,0,0,0,15.0
L01485,P0110,2026-01-06,4,1,1,0,15.0
L01485,P0105,2026-01-06,5,1,0,0,8.0
L02408,P0190,2026-01-06,1,1,1,1,15.0
L02408,P0162,2026-01-06,2,1,1,0,10.0
L02408,P0132,2026-01-06,3,0,0,0,12.0
L02408,P0182,2026-01-06,4,0,0,0,12.0
L02408,P0013,2026-01-06,5,1,0,0,10.0
L01298,P0006,2026-01-06,1,0,0,0,15.0
L01298,P0114,2026-01-06,2,1,1,0,8.0
L01298,P0148,2026-01-06,3,0,0,0,8.0
L01298,P0058,2026-01-06,4,1,1,1,15.0
L01298,P0007,2026-01-06,5,0,0,0,10.0
L00055,P0030,2026-01-06,1,1,1,1,15.0
L00055,P0034,2026-01-06,2,1,1,0,12.0
L00055,P0089,2026-01-06,3,1,1,0,12.0
L00055,P0077,2026-01-06,4,0,0,0,8.0
L00055,P0187,2026-01-06,5,1,1,0,12.0
L01195,P0218,2026-01-06,1,0,0,0,12.0
L01195,P0150,2026-01-06,2,0,0,0,8.0
L01195,P0051,2026-01-06,3,1,1,0,15.0
L01195,P0092,2026-01-06,4,1,1,1,15.0
L01195,P0021,2026-01-06,5,0,0,0,15.0
L01304,P0043,2026-01-06,1,0,0,0,10.0
L01304,P0201,2026-01-06,2,1,0,0,10.0
L01304,P0197,2026-01-06,3,0,0,0,10.0
L01304,P0173,2026-01-06,4,1,0,0,15.0
L01304,P0104,2026-01-06,5,0,0,0,8.0
L01212,P0019,2026-01-06,1,1,1,0,15.0
L01212,P0173,2026-01-06,2,0,0,0,10.0
L01212,P0110,2026-01-06,3,0,0,0,12.0
L01212,P0105,2026-01-06,4,0,0,0,12.0
L01212,P0104,2026-01-06,5,0,0,0,15.0
L01852,P0105,2026-01-06,1,1,0,0,15.0
L01852,P0058,2026-01-06,2,0,0,0,12.0
L01852,P0173,2026-01-06,3,1,1,0,8.0
L01852,P0100,2026-01-06,4,1,1,0,10.0
L01852,P0120,2026-01-06,5,1,0,0,10.0
L00823,P0216,2026-01-06,1,0,0,0,10.0
L00823,P0015,2026-01-06,2,0,0,0,10.0
L00823,P0069,2026-01-06,3,1,1,0,12.0
L00823,P0165,2026-01-06,4,0,0,0,10.0
L00823,P0024,2026-01-06,5,1,1,1,8.0
L02087,P0066,2026-01-06,1,1,1,0,8.0
L02087,P0085,2026-01-06,2,0,0,0,15.0
L02087,P0063,2026-01-06,3,1,1,1,15.0
L02087,P0115,2026-01-06,4,0,0,0,10.0
L02087,P0020,2026-01-06,5,0,0,0,15.0
L02747,P0112,2026-01-06,1,0,0,0,12.0
L02747,P0047,2026-01-06,2,1,1,0,8.0
L02747,P0209,2026-01-06,3,1,1,0,10.0
L02747,P0180,2026-01-06,4,0,0,0,10.0
L02747,P0219,2026-01-06,5,1,0,0,15.0
L02880,P0035,2026-01-06,1,0,0,0,15.0
L02880,P0172,2026-01-06,2,0,0,0,15.0
L02880,P0145,2026-01-06,3,1,1,0,15.0
L02880,P0079,2026-01-06,4,0,0,0,10.0
L02880,P0031,2026-01-06,5,0,0,0,10.0
L02069,P0035,2026-01-06,1,1,1,0,12.0
L02069,P0118,2026-01-06,2,0,0,0,10.0
L02069,P0172,2026-01-06,3,1,1,1,10.0
L02069,P0145,2026-01-06,4,1,0,0,12.0
L02069,P0079,2026-01-06,5,0,0,0,10.0
L01768,P0147,2026-01-06,1,1,1,1,15.0
L01768,P0056,2026-01-06,2,1,1,0,10.0
L01768,P0208,2026-01-06,3,0,0,0,12.0
L01768,P0116,2026-01-06,4,1,1,1,10.0
L01768,P0028,2026-01-06,5,0,0,0,12.0
L02731,P0000,2026-01-06,1,1,0,0,10.0
L02731,P0148,2026-01-06,2,1,1,1,12.0
L02731,P0181,2026-01-06,3,0,0,0,12.0
L02731,P0114,2026-01-06,4,0,0,0,15.0
L02731,P0153,2026-01-06,5,1,1,1,15.0
L02898,P0074,2026-01-06,1,1,1,0,10.0
L02898,P0058,2026-01-06,2,0,0,0,8.0
L02898,P0173,2026-01-06,3,0,0,0,12.0
L02898,P0049,2026-01-06,4,0,0,0,12.0
L02898,P0104,2026-01-06,5,0,0,0,15.0
L02831,P0058,2026-01-06,1,1,1,1,15.0
L02831,P0031,2026-01-06,2,1,1,0,10.0
L02831,P0110,2026-01-06,3,0,0,0,12.0
L02831,P0135,2026-01-06,4,0,0,0,10.0
L02831,P0104,2026-01-06,5,1,1,1,12.0
L00639,P0027,2026-01-06,1,0,0,0,8.0
L00639,P0211,2026-01-06,2,1,1,1,10.0
L00639,P0072,2026-01-06,3,0,0,0,12.0
L00639,P0198,2026-01-06,4,1,1,0,8.0
L00639,P0071,2026-01-06,5,0,0,0,15.0
L02688,P0011,2026-01-06,1,0,0,0,10.0
L02688,P0169,2026-01-06,2,1,1,0,12.0
L02688,P0020,2026-01-06,3,0,0,0,12.0
L02688,P0087,2026-01-06,4,0,0,0,8.0
L02688,P0017,2026-01-06,5,0,0,0,8.0
L00688,P0071,2026-01-06,1,1,0,0,12.0
L00688,P0206,2026-01-06,2,1,1,1,12.0
L00688,P0027,2026-01-06,3,1,1,0,15.0
L00688,P0033,2026-01-06,4,0,0,0,12.0
L00688,P0198,2026-01-06,5,1,1,1,8.0
L00212,P0104,2026-01-06,1,0,0,0,10.0
L00212,P0019,2026-01-06,2,1,0,0,12.0
L00212,P0061,2026-01-06,3,0,0,0,15.0
L00212,P0100,2026-01-06,4,0,0,0,10.0
L00212,P0120,2026-01-06,5,1,1,1,12.0
L00759,P0087,2026-01-06,1,0,0,0,12.0
L00759,P0053,2026-01-06,2,0,0,0,10.0
L00759,P0144,2026-01-06,3,0,0,0,8.0
L00759,P0154,2026-01-06,4,0,0,0,10.0
L00759,P0078,2026-01-06,5,0,0,0,15.0
L00774,P0135,2026-01-06,1,1,1,0,15.0
L00774,P0018,2026-01-06,2,1,1,0,12.0
L00774,P0058,2026-01-06,3,1,1,1,12.0
L00774,P0019,2026-01-06,4,1,1,0,12.0
L00774,P0073,2026-01-06,5,0,0,0,12.0
L00357,P0084,2026-01-06,1,1,1,0,12.0
L00357,P0091,2026-01-06,2,1,1,1,8.0
L00357,P0203,2026-01-06,3,0,0,0,8.0
L00357,P0037,2026-01-06,4,0,0,0,8.0
L00357,P0030,2026-01-06,5,0,0,0,15.0
L02584,P0029,2026-01-06,1,0,0,0,15.0
L02584,P0153,2026-01-06,2,1,1,1,12.0
L02584,P0000,2026-01-06,3,1,1,0,10.0
L02584,P0189,2026-01-06,4,0,0,0,10.0
L02584,P0062,2026-01-06,5,1,1,0,10.0
L00884,P0100,2026-01-06,1,1,0,0,10.0
L00884,P0194,2026-01-06,2,0,0,0,10.0
L00884,P0186,2026-01-06,3,0,0,0,10.0
L00884,P0050,2026-01-06,4,1,1,1,10.0
L00884,P0104,2026-01-06,5,0,0,0,15.0
L02946,P0109,2026-01-06,1,1,1,1,10.0
L02946,P0040,2026-01-06,2,1,1,0,12.0
L02946,P0112,2026-01-06,3,0,0,0,10.0
L02946,P0195,2026-01-06,4,0,0,0,15.0
L02946,P0033,2026-01-06,5,0,0,0,15.0
L00139,P0193,2026-01-06,1,1,1,0,15.0
L00139,P0111,2026-01-06,2,1,1,0,10.0
L00139,P0002,2026-01-06,3,0,0,0,8.0
L00139,P0008,2026-01-06,4,1,1,1,10.0
L00139,P0158,2026-01-06,5,0,0,0,8.0
L02493,P0124,2026-01-06,1,0,0,0,8.0
L02493,P0138,2026-01-06,2,0,0,0,12.0
L02493,P0192,2026-01-06,3,0,0,0,8.0
L02493,P0007,2026-01-06,4,0,0,0,12.0
L02493,P0120,2026-01-06,5,0,0,0,12.0
L01867,P0166,2026-01-06,1,1,1,0,8.0
L01867,P0089,2026-01-06,2,0,0,0,8.0
L01867,P0077,2026-01-06,3,0,0,0,8.0
L01867,P0206,2026-01-06,4,0,0,0,15.0
L01867,P0187,2026-01-06,5,1,0,0,8.0
L02814,P0084,2026-01-06,1,0,0,0,8.0
L02814,P0155,2026-01-06,2,0,0,0,8.0
L02814,P0216,2026-01-06,3,0,0,0,10.0
L02814,P0069,2026-01-06,4,0,0,0,15.0
L02814,P0015,2026-01-06,5,0,0,0,15.0
L02048,P0112,2026-01-07,1,1,1,0,8.0
L02048,P0209,2026-01-07,2,1,0,0,15.0
L02048,P0010,2026-01-07,3,0,0,0,15.0
L02048,P0180,2026-01-07,4,1,0,0,8.0
L02048,P0083,2026-01-07,5,1,1,0,12.0
L02413,P0148,2026-01-07,1,1,1,0,8.0
L02413,P0019,2026-01-07,2,1,1,0,10.0
L02413,P0143,2026-01-07,3,1,1,1,8.0
L02413,P0135,2026-01-07,4,1,1,0,10.0
L02413,P0006,2026-01-07,5,0,0,0,8.0
L02261,P0217,2026-01-07,1,1,1,0,12.0
L02261,P0132,2026-01-07,2,0,0,0,15.0
L02261,P0013,2026-01-07,3,1,1,0,10.0
L02261,P0121,2026-01-07,4,1,1,0,15.0
L02261,P0182,2026-01-07,5,1,1,0,12.0
L02812,P0137,2026-01-07,1,0,0,0,12.0
L02812,P0145,2026-01-07,2,1,1,0,8.0
L02812,P0130,2026-01-07,3,0,0,0,8.0
L02812,P0168,2026-01-07,4,1,1,1,12.0
L02812,P0035,2026-01-07,5,0,0,0,10.0
L02695,P0155,2026-01-07,1,0,0,0,12.0
L02695,P0091,2026-01-07,2,1,1,0,10.0
L02695,P0015,2026-01-07,3,0,0,0,8.0
L02695,P0165,2026-01-07,4,1,1,0,12.0
L02695,P0024,2026-01-07,5,0,0,0,12.0
L01499,P0161,2026-01-07,1,1,1,0,12.0
L01499,P0065,2026-01-07,2,1,0,0,15.0
L01499,P0046,2026-01-07,3,0,0,0,12.0
L01499,P0035,2026-01-07,4,0,0,0,12.0
L01499,P0019,2026-01-07,5,1,1,0,8.0
L00122,P0099,2026-01-07,1,1,0,0,8.0
L00122,P0038,2026-01-07,2,1,1,1,15.0
L00122,P0111,2026-01-07,3,1,1,0,15.0
L00122,P0140,2026-01-07,4,0,0,0,12.0
L00122,P0002,2026-01-07,5,1,0,0,8.0
L01155,P0031,2026-01-07,1,0,0,0,8.0
L01155,P0135,2026-01-07,2,1,1,1,8.0
L01155,P0074,2026-01-07,3,1,0,0,10.0
L01155,P0035,2026-01-07,4,1,0,0,10.0
L01155,P0019,2026-01-07,5,1,0,0,12.0
L00607,P0074,2026-01-07,1,1,1,0,8.0
L00607,P0058,2026-01-07,2,1,1,1,8.0
L00607,P0019,2026-01-07,3,1,1,0,8.0
L00607,P0100,2026-01-07,4,0,0,0,8.0
L00607,P0049,2026-01-07,5,1,1,1,8.0
L01157,P0155,2026-01-07,1,1,1,0,15.0
L01157,P0165,2026-01-07,2,0,0,0,12.0
L01157,P0037,2026-01-07,3,0,0,0,10.0
L01157,P0069,2026-01-07,4,0,0,0,8.0
L01157,P0030,2026-01-07,5,0,0,0,8.0
L01842,P0197,2026-01-07,1,0,0,0,8.0
L01842,P0171,2026-01-07,2,0,0,0,8.0
L01842,P0019,2026-01-07,3,1,1,0,10.0
L01842,P0114,2026-01-07,4,1,1,0,15.0
L01842,P0058,2026-01-07,5,1,1,0,10.0
L01816,P0105,2026-01-07,1,1,1,1,8.0
L01816,P0058,2026-01-07,2,1,1,1,8.0
L01816,P0074,2026-01-07,3,0,0,0,15.0
L01816,P0120,2026-01-07,4,0,0,0,12.0
L01816,P0061,2026-01-07,5,0,0,0,8.0
L01055,P0181,2026-01-07,1,0,0,0,12.0
L01055,P0000,2026-01-07,2,1,1,0,10.0
L01055,P0062,2026-01-07,3,1,0,0,8.0
L01055,P0153,2026-01-07,4,0,0,0,10.0
L01055,P0029,2026-01-07,5,0,0,0,10.0
L00661,P0114,2026-01-07,1,0,0,0,12.0
L00661,P0148,2026-01-07,2,1,1,0,10.0
L00661,P0058,2026-01-07,3,1,1,0,15.0
L00661,P0065,2026-01-07,4,0,0,0,8.0
L00661,P0006,2026-01-07,5,1,1,0,8.0
L00238,P0059,2026-01-07,1,1,1,0,10.0
L00238,P0091,2026-01-07,2,1,1,1,15.0
L00238,P0037,2026-01-07,3,0,0,0,8.0
L00238,P0156,2026-01-07,4,0,0,0,12.0
L00238,P0129,2026-01-07,5,0,0,0,15.0
L01346,P0202,2026-01-07,1,1,1,0,10.0
L01346,P0018,2026-01-07,2,1,1,1,8.0
L01346,P0145,2026-01-07,3,1,0,0,10.0
L01346,P0079,2026-01-07,4,0,0,0,8.0
L01346,P0031,2026-01-07,5,0,0,0,12.0
L00332,P0072,2026-01-07,1,0,0,0,8.0
L00332,P0198,2026-01-07,2,1,1,1,15.0
L00332,P0211,2026-01-07,3,1,0,0,10.0
L00332,P0077,2026-01-07,4,0,0,0,10.0
L00332,P0200,2026-01-07,5,1,1,1,12.0
L01123,P0013,2026-01-07,1,0,0,0,10.0
L01123,P0121,2026-01-07,2,1,1,0,10.0
L01123,P0190,2026-01-07,3,0,0,0,8.0
L01123,P0217,2026-01-07,4,0,0,0,15.0
L01123,P0162,2026-01-07,5,1,1,1,8.0
L01762,P0124,2026-01-07,1,1,1,0,10.0
L01762,P0090,2026-01-07,2,1,1,0,15.0
L01762,P0007,2026-01-07,3,1,0,0,12.0
L01762,P0025,2026-01-07,4,1,1,1,12.0
L01762,P0192,2026-01-07,5,0,0,0,15.0
L00878,P0014,2026-01-07,1,1,0,0,10.0
L00878,P0149,2026-01-07,2,1,0,0,12.0
L00878,P0085,2026-01-07,3,0,0,0,12.0
L00878,P0020,2026-01-07,4,1,1,0,15.0
L00878,P0115,2026-01-07,5,0,0,0,8.0
L01514,P0209,2026-01-07,1,1,1,0,8.0
L01514,P0047,2026-01-07,2,1,1,0,12.0
L01514,P0112,2026-01-07,3,1,1,0,8.0
L01514,P0195,2026-01-07,4,1,0,0,10.0
L01514,P0207,2026-01-07,5,1,1,0,10.0
L00846,P0188,2026-01-07,1,1,0,0,12.0
L00846,P0195,2026-01-07,2,1,0,0,8.0
L00846,P0040,2026-01-07,3,0,0,0,12.0
L00846,P0010,2026-01-07,4,1,1,0,8.0
L00846,P0075,2026-01-07,5,0,0,0,8.0
L01386,P0035,2026-01-07,1,1,1,0,10.0
L01386,P0118,2026-01-07,2,0,0,0,15.0
L01386,P0172,2026-01-07,3,0,0,0,12.0
L01386,P0202,2026-01-07,4,0,0,0,12.0
L01386,P0213,2026-01-07,5,0,0,0,15.0
L00793,P0112,2026-01-07,1,1,0,0,12.0
L00793,P0010,2026-01-07,2,0,0,0,8.0
L00793,P0040,2026-01-07,3,0,0,0,15.0
L00793,P0126,2026-01-07,4,1,0,0,12.0
L00793,P0016,2026-01-07,5,0,0,0,15.0
L00030,P0027,2026-01-07,1,0,0,0,12.0
L00030,P0211,2026-01-07,2,1,0,0,15.0
L00030,P0033,2026-01-07,3,0,0,0,8.0
L00030,P0077,2026-01-07,4,0,0,0,10.0
L00030,P0187,2026-01-07,5,0,0,0,15.0
L01718,P0066,2026-01-07,1,1,1,0,8.0
L01718,P0212,2026-01-07,2,1,1,1,12.0
L01718,P0096,2026-01-07,3,0,0,0,10.0
L01718,P0011,2026-01-07,4,0,0,0,10.0
L01718,P0020,2026-01-07,5,0,0,0,10.0
L01968,P0074,2026-01-07,1,1,1,0,15.0
L01968,P0173,2026-01-07,2,0,0,0,12.0
L01968,P0100,2026-01-07,3,1,0,0,8.0
L01968,P0120,2026-01-07,4,0,0,0,8.0
L01968,P0049,2026-01-07,5,1,1,0,15.0
L00346,P0138,2026-01-08,1,1,1,0,8.0
L00346,P0108,2026-01-08,2,0,0,0,12.0
L00346,P0120,2026-01-08,3,1,1,1,10.0
L00346,P0090,2026-01-08,4,1,0,0,8.0
L00346,P0192,2026-01-08,5,1,0,0,8.0
L01330,P0123,2026-01-08,1,0,0,0,8.0
L01330,P0001,2026-01-08,2,1,1,0,15.0
L01330,P0215,2026-01-08,3,1,1,0,12.0
L01330,P0083,2026-01-08,4,1,1,0,15.0
L01330,P0005,2026-01-08,5,0,0,0,12.0
L01326,P0036,2026-01-08,1,0,0,0,8.0
L01326,P0008,2026-01-08,2,1,1,0,10.0
L01326,P0193,2026-01-08,3,1,0,0,12.0
L01326,P0111,2026-01-08,4,0,0,0,10.0
L01326,P0140,2026-01-08,5,0,0,0,12.0
L00978,P0131,2026-01-08,1,0,0,0,15.0
L00978,P0111,2026-01-08,2,0,0,0,10.0
L00978,P0002,2026-01-08,3,0,0,0,8.0
L00978,P0094,2026-01-08,4,0,0,0,15.0
L00978,P0140,2026-01-08,5,0,0,0,12.0
L02353,P0131,2026-01-08,1,0,0,0,8.0
L02353,P0036,2026-01-08,2,1,1,0,8.0
L02353,P0193,2026-01-08,3,0,0,0,15.0
L02353,P0094,2026-01-08,4,0,0,0,10.0
L02353,P0111,2026-01-08,5,1,1,0,8.0
L00626,P0096,2026-01-08,1,1,0,0,12.0
L00626,P0085,2026-01-08,2,0,0,0,12.0
L00626,P0133,2026-01-08,3,0,0,0,10.0
L00626,P0164,2026-01-08,4,0,0,0,8.0
L00626,P0023,2026-01-08,5,0,0,0,8.0
L01311,P0135,2026-01-08,1,1,1,0,10.0
L01311,P0185,2026-01-08,2,0,0,0,8.0
L01311,P0097,2026-01-08,3,0,0,0,10.0
L01311,P0141,2026-01-08,4,1,1,1,15.0
L01311,P0046,2026-01-08,5,1,1,1,15.0
L01292,P0158,2026-01-08,1,0,0,0,8.0
L01292,P0002,2026-01-08,2,1,0,0,15.0
L01292,P0020,2026-01-08,3,0,0,0,12.0
L01292,P0008,2026-01-08,4,0,0,0,15.0
L01292,P0028,2026-01-08,5,0,0,0,8.0
L02970,P0007,2026-01-08,1,0,0,0,15.0
L02970,P0120,2026-01-08,2,1,1,1,8.0
L02970,P0124,2026-01-08,3,1,1,0,12.0
L02970,P0138,2026-01-08,4,1,1,0,15.0
L02970,P0006,2026-01-08,5,0,0,0,10.0
L02004,P0107,2026-01-08,1,0,0,0,12.0
L02004,P0113,2026-01-08,2,1,0,0,12.0
L02004,P0009,2026-01-08,3,0,0,0,10.0
L02004,P0198,2026-01-08,4,1,1,1,15.0
L02004,P0072,2026-01-08,5,0,0,0,10.0
L02824,P0089,2026-01-08,1,0,0,0,8.0
L02824,P0200,2026-01-08,2,1,1,0,8.0
L02824,P0206,2026-01-08,3,0,0,0,15.0
L02824,P0174,2026-01-08,4,0,0,0,8.0
L02824,P0071,2026-01-08,5,1,1,0,15.0
L01279,P0101,2026-01-08,1,0,0,0,8.0
L01279,P0038,2026-01-08,2,0,0,0,15.0
L01279,P0008,2026-01-08,3,1,1,1,15.0
L01279,P0094,2026-01-08,4,1,0,0,10.0
L01279,P0002,2026-01-08,5,0,0,0,10.0
L01228,P0175,2026-01-08,1,0,0,0,12.0
L01228,P0070,2026-01-08,2,0,0,0,8.0
L01228,P0106,2026-01-08,3,0,0,0,10.0
L01228,P0173,2026-01-08,4,1,0,0,10.0
L01228,P0181,2026-01-08,5,0,0,0,15.0
L01887,P0080,2026-01-08,1,0,0,0,10.0
L01887,P0162,2026-01-08,2,1,0,0,15.0
L01887,P0013,2026-01-08,3,0,0,0,10.0
L01887,P0098,2026-01-08,4,0,0,0,15.0
L01887,P0182,2026-01-08,5,1,0,0,8.0
L00553,P0219,2026-01-08,1,1,0,0,10.0
L00553,P0207,2026-01-08,2,1,0,0,10.0
L00553,P0209,2026-01-08,3,0,0,0,15.0
L00553,P0047,2026-01-08,4,0,0,0,15.0
L00553,P0112,2026-01-08,5,0,0,0,15.0
L01641,P0123,2026-01-08,1,0,0,0,15.0
L01641,P0001,2026-01-08,2,0,0,0,10.0
L01641,P0003,2026-01-08,3,1,1,1,8.0
L01641,P0119,2026-01-08,4,1,1,1,12.0
L01641,P0010,2026-01-08,5,0,0,0,8.0
L02187,P0012,2026-01-08,1,0,0,0,10.0
L02187,P0107,2026-01-08,2,1,1,0,15.0
L02187,P0113,2026-01-08,3,1,1,1,15.0
L02187,P0009,2026-01-08,4,0,0,0,15.0
L02187,P0048,2026-01-08,5,1,1,1,10.0
L01653,P0041,2026-01-08,1,1,1,0,12.0
L01653,P0094,2026-01-08,2,0,0,0,8.0
L01653,P0193,2026-01-08,3,1,1,1,15.0
L01653,P0028,2026-01-08,4,1,1,0,15.0
L01653,P0008,2026-01-08,5,1,1,1,10.0
L01049,P0031,2026-01-08,1,1,1,0,10.0
L01049,P0019,2026-01-08,2,1,1,0,12.0
L01049,P0074,2026-01-08,3,1,1,0,15.0
L01049,P0035,2026-01-08,4,1,1,1,15.0
L01049,P0073,2026-01-08,5,1,1,0,15.0
L00192,P0192,2026-01-08,1,0,0,0,15.0
L00192,P0025,2026-01-08,2,1,1,1,8.0
L00192,P0108,2026-01-08,3,0,0,0,8.0
L00192,P0120,2026-01-08,4,1,1,0,15.0
L00192,P0007,2026-01-08,5,0,0,0,15.0
L02104,P0084,2026-01-08,1,1,0,0,12.0
L02104,P0216,2026-01-08,2,1,1,0,15.0
L02104,P0165,2026-01-08,3,0,0,0,15.0
L02104,P0069,2026-01-08,4,1,0,0,12.0
L02104,P0030,2026-01-08,5,0,0,0,10.0
L01525,P0050,2026-01-08,1,0,0,0,15.0
L01525,P0138,2026-01-08,2,0,0,0,10.0
L01525,P0120,2026-01-08,3,1,1,0,12.0
L01525,P0032,2026-01-08,4,1,1,0,15.0
L01525,P0100,2026-01-08,5,0,0,0,12.0
L00822,P0116,2026-01-08,1,1,1,1,8.0
L00822,P0208,2026-01-08,2,1,1,0,8.0
L00822,P0053,2026-01-08,3,0,0,0,12.0
L00822,P0011,2026-01-08,4,1,1,0,12.0
L00822,P0023,2026-01-08,5,0,0,0,12.0
L01511,P0025,2026-01-08,1,1,1,1,8.0
L01511,P0194,2026-01-08,2,1,1,1,8.0
L01511,P0186,2026-01-08,3,0,0,0,12.0
L01511,P0050,2026-01-08,4,1,1,0,10.0
L01511,P0004,2026-01-08,5,0,0,0,8.0
L02943,P0062,2026-01-08,1,1,1,0,8.0
L02943,P0106,2026-01-08,2,1,1,0,8.0
L02943,P0070,2026-01-08,3,1,1,1,8.0
L02943,P0175,2026-01-08,4,0,0,0,12.0
L02943,P0029,2026-01-08,5,0,0,0,10.0
L02552,P0143,2026-01-08,1,1,0,0,15.0
L02552,P0114,2026-01-08,2,0,0,0,12.0
L02552,P0093,2026-01-08,3,0,0,0,8.0
L02552,P0007,2026-01-08,4,0,0,0,10.0
L02552,P0090,2026-01-08,5,0,0,0,12.0
L02672,P0071,2026-01-08,1,0,0,0,12.0
L02672,P0187,2026-01-08,2,1,1,0,12.0
L02672,P0174,2026-01-08,3,1,1,1,15.0
L02672,P0033,2026-01-08,4,0,0,0,12.0
L02672,P0027,2026-01-08,5,1,1,1,8.0
L00449,P0195,2026-01-08,1,0,0,0,12.0
L00449,P0109,2026-01-08,2,0,0,0,8.0
L00449,P0010,2026-01-08,3,0,0,0,15.0
L00449,P0040,2026-01-08,4,0,0,0,15.0
L00449,P0016,2026-01-08,5,0,0,0,10.0
L02441,P0029,2026-01-08,1,1,1,0,12.0
L02441,P0062,2026-01-08,2,1,0,0,15.0
L02441,P0153,2026-01-08,3,0,0,0,12.0
L02441,P0143,2026-01-08,4,0,0,0,12.0
L02441,P0148,2026-01-08,5,1,1,0,10.0
L00099,P0128,2026-01-08,1,1,1,1,15.0
L00099,P0086,2026-01-08,2,1,1,0,12.0
L00099,P0081,2026-01-08,3,0,0,0,8.0
L00099,P0056,2026-01-08,4,1,1,1,15.0
L00099,P0044,2026-01-08,5,0,0,0,8.0
L02107,P0115,2026-01-08,1,1,1,1,10.0
L02107,P0179,2026-01-08,2,1,1,0,10.0
L02107,P0125,2026-01-08,3,0,0,0,8.0
L02107,P0170,2026-01-08,4,0,0,0,8.0
L02107,P0157,2026-01-08,5,1,1,1,15.0
L02240,P0207,2026-01-09,1,0,0,0,8.0
L02240,P0219,2026-01-09,2,1,1,1,12.0
L02240,P0195,2026-01-09,3,0,0,0,12.0
L02240,P0112,2026-01-09,4,1,1,0,10.0
L02240,P0209,2026-01-09,5,1,1,0,8.0
L01739,P0111,2026-01-09,1,1,1,0,8.0
L01739,P0140,2026-01-09,2,0,0,0,15.0
L01739,P0193,2026-01-09,3,0,0,0,15.0
L01739,P0008,2026-01-09,4,0,0,0,8.0
L01739,P0041,2026-01-09,5,0,0,0,15.0
L02432,P0203,2026-01-09,1,0,0,0,10.0
L02432,P0059,2026-01-09,2,1,1,0,12.0
L02432,P0091,2026-01-09,3,0,0,0,12.0
L02432,P0129,2026-01-09,4,0,0,0,15.0
L02432,P0030,2026-01-09,5,0,0,0,15.0
L00147,P0149,2026-01-09,1,0,0,0,15.0
L00147,P0164,2026-01-09,2,0,0,0,12.0
L00147,P0085,2026-01-09,3,0,0,0,12.0
L00147,P0115,2026-01-09,4,0,0,0,10.0
L00147,P0020,2026-01-09,5,0,0,0,15.0
L02854,P0048,2026-01-09,1,0,0,0,15.0
L02854,P0107,2026-01-09,2,0,0,0,12.0
L02854,P0009,2026-01-09,3,1,1,0,12.0
L02854,P0198,2026-01-09,4,0,0,0,8.0
L02854,P0072,2026-01-09,5,1,1,0,10.0
L02115,P0171,2026-01-09,1,1,1,0,8.0
L02115,P0197,2026-01-09,2,0,0,0,12.0
L02115,P0173,2026-01-09,3,0,0,0,15.0
L02115,P0019,2026-01-09,4,0,0,0,12.0
L02115,P0104,2026-01-09,5,0,0,0,8.0
L00522,P0007,2026-01-09,1,1,1,0,10.0
L00522,P0093,2026-01-09,2,0,0,0,10.0
L00522,P0120,2026-01-09,3,1,1,1,8.0
L00522,P0090,2026-01-09,4,0,0,0,8.0
L00522,P0025,2026-01-09,5,1,1,1,8.0
L00386,P0141,2026-01-09,1,1,1,0,10.0
L00386,P0065,2026-01-09,2,1,1,0,10.0
L00386,P0135,2026-01-09,3,1,1,1,8.0
L00386,P0035,2026-01-09,4,1,1,1,12.0
L00386,P0046,2026-01-09,5,0,0,0,8.0
L01761,P0170,2026-01-09,1,0,0,0,8.0
L01761,P0115,2026-01-09,2,0,0,0,10.0
L01761,P0157,2026-01-09,3,1,1,1,15.0
L01761,P0011,2026-01-09,4,0,0,0,10.0
L01761,P0022,2026-01-09,5,0,0,0,12.0
L01574,P0158,2026-01-09,1,0,0,0,10.0
L01574,P0063,2026-01-09,2,0,0,0,15.0
L01574,P0066,2026-01-09,3,0,0,0,8.0
L01574,P0014,2026-01-09,4,0,0,0,12.0
L01574,P0044,2026-01-09,5,0,0,0,15.0
L01401,P0219,2026-01-09,1,1,1,0,10.0
L01401,P0207,2026-01-09,2,1,0,0,12.0
L01401,P0209,2026-01-09,3,1,1,0,12.0
L01401,P0112,2026-01-09,4,0,0,0,8.0
L01401,P0047,2026-01-09,5,1,0,0,8.0
L02325,P0163,2026-01-09,1,0,0,0,15.0
L02325,P0185,2026-01-09,2,0,0,0,15.0
L02325,P0141,2026-01-09,3,0,0,0,15.0
L02325,P0097,2026-01-09,4,0,0,0,8.0
L02325,P0046,2026-01-09,5,1,1,0,15.0
L01780,P0038,2026-01-09,1,0,0,0,15.0
L01780,P0101,2026-01-09,2,0,0,0,8.0
L01780,P0002,2026-01-09,3,1,1,0,8.0
L01780,P0140,2026-01-09,4,1,0,0,15.0
L01780,P0111,2026-01-09,5,0,0,0,10.0
L01312,P0072,2026-01-09,1,1,1,1,10.0
L01312,P0174,2026-01-09,2,0,0,0,8.0
L01312,P0077,2026-01-09,3,1,1,0,12.0
L01312,P0200,2026-01-09,4,0,0,0,12.0
L01312,P0071,2026-01-09,5,0,0,0,8.0
L01410,P0028,2026-01-09,1,0,0,0,10.0
L01410,P0158,2026-01-09,2,0,0,0,15.0
L01410,P0041,2026-01-09,3,0,0,0,8.0
L01410,P0056,2026-01-09,4,1,1,0,12.0
L01410,P0044,2026-01-09,5,0,0,0,12.0
L00679,P0109,2026-01-09,1,0,0,0,12.0
L00679,P0126,2026-01-09,2,1,1,0,10.0
L00679,P0040,2026-01-09,3,1,1,0,10.0
L00679,P0195,2026-01-09,4,1,1,1,15.0
L00679,P0112,2026-01-09,5,0,0,0,8.0
L01071,P0118,2026-01-09,1,1,1,0,12.0
L01071,P0035,2026-01-09,2,1,1,0,8.0
L01071,P0064,2026-01-09,3,1,0,0,12.0
L01071,P0095,2026-01-09,4,1,1,0,10.0
L01071,P0130,2026-01-09,5,0,0,0,12.0
L00724,P0112,2026-01-09,1,0,0,0,15.0
L00724,P0209,2026-01-09,2,1,0,0,12.0
L00724,P0195,2026-01-09,3,1,1,0,15.0
L00724,P0010,2026-01-09,4,0,0,0,12.0
L00724,P0005,2026-01-09,5,0,0,0,10.0
L01969,P0206,2026-01-09,1,1,0,0,15.0
L01969,P0077,2026-01-09,2,1,1,0,12.0
L01969,P0174,2026-01-09,3,0,0,0,12.0
L01969,P0198,2026-01-09,4,0,0,0,12.0
L01969,P0072,2026-01-09,5,0,0,0,8.0
L01983,P0178,2026-01-09,1,1,1,0,15.0
L01983,P0147,2026-01-09,2,1,1,0,15.0
L01983,P0116,2026-01-09,3,0,0,0,10.0
L01983,P0044,2026-01-09,4,0,0,0,15.0
L01983,P0020,2026-01-09,5,0,0,0,15.0
L01013,P0016,2026-01-09,1,0,0,0,15.0
L01013,P0159,2026-01-09,2,0,0,0,12.0
L01013,P0112,2026-01-09,3,0,0,0,8.0
L01013,P0188,2026-01-09,4,1,1,0,8.0
L01013,P0034,2026-01-09,5,0,0,0,8.0
L01940,P0216,2026-01-09,1,0,0,0,8.0
L01940,P0069,2026-01-09,2,1,1,0,12.0
L01940,P0165,2026-01-09,3,0,0,0,8.0
L01940,P0037,2026-01-09,4,1,0,0,8.0
L01940,P0030,2026-01-09,5,0,0,0,8.0
L02664,P0104,2026-01-09,1,1,1,1,12.0
L02664,P0105,2026-01-09,2,0,0,0,15.0
L02664,P0019,2026-01-09,3,0,0,0,8.0
L02664,P0173,2026-01-09,4,0,0,0,8.0
L02664,P0061,2026-01-09,5,1,1,1,10.0
L02902,P0192,2026-01-09,1,0,0,0,12.0
L02902,P0025,2026-01-09,2,1,1,0,10.0
L02902,P0199,2026-01-09,3,0,0,0,8.0
L02902,P0138,2026-01-09,4,1,1,1,8.0
L02902,P0196,2026-01-09,5,1,1,1,12.0
L01294,P0139,2026-01-10,1,0,0,0,10.0
L01294,P0025,2026-01-10,2,0,0,0,10.0
L01294,P0186,2026-01-10,3,0,0,0,8.0
L01294,P0138,2026-01-10,4,0,0,0,10.0
L01294,P0194,2026-01-10,5,0,0,0,10.0
L01324,P0208,2026-01-10,1,1,1,0,8.0
L01324,P0147,2026-01-10,2,1,1,0,10.0
L01324,P0086,2026-01-10,3,1,1,0,10.0
L01324,P0020,2026-01-10,4,0,0,0,8.0
L01324,P0081,2026-01-10,5,1,0,0,10.0
L00324,P0197,2026-01-10,1,1,1,1,10.0
L00324,P0042,2026-01-10,2,1,0,0,12.0
L00324,P0171,2026-01-10,3,1,1,0,12.0
L00324,P0058,2026-01-10,4,0,0,0,10.0
L00324,P0143,2026-01-10,5,1,1,0,12.0
L02310,P0206,2026-01-10,1,1,1,0,15.0
L02310,P0077,2026-01-10,2,1,1,1,10.0
L02310,P0071,2026-01-10,3,0,0,0,12.0
L02310,P0033,2026-01-10,4,1,1,0,8.0
L02310,P0198,2026-01-10,5,0,0,0,12.0
L00058,P0183,2026-01-10,1,0,0,0,12.0
L00058,P0192,2026-01-10,2,1,1,0,10.0
L00058,P0138,2026-01-10,3,0,0,0,10.0
L00058,P0196,2026-01-10,4,1,1,0,15.0
L00058,P0103,2026-01-10,5,0,0,0,10.0
L01493,P0069,2026-01-10,1,1,1,0,15.0
L01493,P0024,2026-01-10,2,0,0,0,10.0
L01493,P0015,2026-01-10,3,1,0,0,12.0
L01493,P0155,2026-01-10,4,0,0,0,8.0
L01493,P0030,2026-01-10,5,1,1,0,15.0
L00714,P0123,2026-01-10,1,0,0,0,10.0
L00714,P0026,2026-01-10,2,1,1,0,8.0
L00714,P0215,2026-01-10,3,0,0,0,15.0
L00714,P0003,2026-01-10,4,0,0,0,8.0
L00714,P0183,2026-01-10,5,0,0,0,12.0
L01728,P0192,2026-01-10,1,0,0,0,12.0
L01728,P0025,2026-01-10,2,1,1,1,10.0
L01728,P0124,2026-01-10,3,0,0,0,15.0
L01728,P0196,2026-01-10,4,1,1,0,15.0
L01728,P0081,2026-01-10,5,0,0,0,12.0
L02852,P0019,2026-01-10,1,0,0,0,15.0
L02852,P0074,2026-01-10,2,1,1,0,10.0
L02852,P0105,2026-01-10,3,0,0,0,8.0
L02852,P0049,2026-01-10,4,0,0,0,15.0
L02852,P0031,2026-01-10,5,0,0,0,12.0
L02826,P0075,2026-01-10,1,0,0,0,10.0
L02826,P0040,2026-01-10,2,1,0,0,10.0
L02826,P0117,2026-01-10,3,0,0,0,12.0
L02826,P0188,2026-01-10,4,1,0,0,15.0
L02826,P0195,2026-01-10,5,1,1,0,8.0
L02531,P0112,2026-01-10,1,0,0,0,15.0
L02531,P0195,2026-01-10,2,0,0,0,10.0
L02531,P0126,2026-01-10,3,0,0,0,12.0
L02531,P0010,2026-01-10,4,0,0,0,12.0
L02531,P0040,2026-01-10,5,0,0,0,10.0
L02876,P0112,2026-01-10,1,0,0,0,15.0
L02876,P0195,2026-01-10,2,0,0,0,10.0
L02876,P0209,2026-01-10,3,0,0,0,12.0
L02876,P0180,2026-01-10,4,0,0,0,8.0
L02876,P0207,2026-01-10,5,0,0,0,8.0
L00568,P0043,2026-01-10,1,0,0,0,10.0
L00568,P0171,2026-01-10,2,0,0,0,8.0
L00568,P0197,2026-01-10,3,0,0,0,8.0
L00568,P0173,2026-01-10,4,0,0,0,8.0
L00568,P0104,2026-01-10,5,0,0,0,12.0
L01237,P0181,2026-01-10,1,1,1,0,15.0
L01237,P0106,2026-01-10,2,0,0,0,10.0
L01237,P0070,2026-01-10,3,0,0,0,15.0
L01237,P0175,2026-01-10,4,0,0,0,8.0
L01237,P0029,2026-01-10,5,0,0,0,10.0
L00610,P0171,2026-01-10,1,0,0,0,15.0
L00610,P0042,2026-01-10,2,0,0,0,8.0
L00610,P0204,2026-01-10,3,0,0,0,15.0
L00610,P0114,2026-01-10,4,0,0,0,8.0
L00610,P0019,2026-01-10,5,0,0,0,15.0
L01218,P0057,2026-01-10,1,0,0,0,15.0
L01218,P0030,2026-01-10,2,0,0,0,15.0
L01218,P0156,2026-01-10,3,0,0,0,10.0
L01218,P0129,2026-01-10,4,0,0,0,15.0
L01218,P0119,2026-01-10,5,0,0,0,15.0
L00532,P0091,2026-01-10,1,0,0,0,12.0
L00532,P0216,2026-01-10,2,1,1,0,15.0
L00532,P0084,2026-01-10,3,0,0,0,10.0
L00532,P0024,2026-01-10,4,0,0,0,8.0
L00532,P0030,2026-01-10,5,0,0,0,10.0
L00476,P0083,2026-01-11,1,0,0,0,12.0
L00476,P0010,2026-01-11,2,0,0,0,8.0
L00476,P0195,2026-01-11,3,1,1,0,10.0
L00476,P0026,2026-01-11,4,1,1,1,15.0
L00476,P0003,2026-01-11,5,1,1,0,12.0
L01382,P0122,2026-01-11,1,0,0,0,12.0
L01382,P0159,2026-01-11,2,1,1,0,12.0
L01382,P0188,2026-01-11,3,0,0,0,8.0
L01382,P0112,2026-01-11,4,0,0,0,8.0
L01382,P0034,2026-01-11,5,0,0,0,15.0
L02670,P0209,2026-01-11,1,1,1,0,8.0
L02670,P0195,2026-01-11,2,0,0,0,12.0
L02670,P0010,2026-01-11,3,0,0,0,15.0
L02670,P0005,2026-01-11,4,1,0,0,12.0
L02670,P0207,2026-01-11,5,0,0,0,8.0
L00400,P0092,2026-01-11,1,0,0,0,10.0
L00400,P0078,2026-01-11,2,0,0,0,10.0
L00400,P0184,2026-01-11,3,1,1,0,10.0
L00400,P0150,2026-01-11,4,0,0,0,10.0
L00400,P0021,2026-01-11,5,1,0,0,15.0
L01947,P0155,2026-01-11,1,1,1,0,12.0
L01947,P0015,2026-01-11,2,1,1,0,10.0
L01947,P0165,2026-01-11,3,1,1,0,8.0
L01947,P0037,2026-01-11,4,0,0,0,12.0
L01947,P0069,2026-01-11,5,0,0,0,10.0
L01600,P0155,2026-01-11,1,1,1,1,8.0
L01600,P0037,2026-01-11,2,1,1,0,12.0
L01600,P0015,2026-01-11,3,1,0,0,10.0
L01600,P0165,2026-01-11,4,0,0,0,15.0
L01600,P0030,2026-01-11,5,0,0,0,8.0
L02455,P0069,2026-01-11,1,0,0,0,12.0
L02455,P0024,2026-01-11,2,1,1,0,15.0
L02455,P0165,2026-01-11,3,0,0,0,10.0
L02455,P0155,2026-01-11,4,0,0,0,15.0
L02455,P0030,2026-01-11,5,0,0,0,12.0
L02301,P0062,2026-01-11,1,1,0,0,8.0
L02301,P0175,2026-01-11,2,1,1,0,10.0
L02301,P0106,2026-01-11,3,1,1,0,10.0
L02301,P0029,2026-01-11,4,0,0,0,12.0
L02301,P0070,2026-01-11,5,0,0,0,12.0
L01975,P0193,2026-01-11,1,0,0,0,8.0
L01975,P0111,2026-01-11,2,1,1,0,10.0
L01975,P0140,2026-01-11,3,0,0,0,15.0
L01975,P0131,2026-01-11,4,0,0,0,8.0
L01975,P0041,2026-01-11,5,0,0,0,15.0
L01916,P0063,2026-01-11,1,0,0,0,10.0
L01916,P0014,2026-01-11,2,0,0,0,12.0
L01916,P0085,2026-01-11,3,0,0,0,15.0
L01916,P0115,2026-01-11,4,0,0,0,10.0
L01916,P0020,2026-01-11,5,0,0,0,8.0
L00078,P0018,2026-01-11,1,0,0,0,15.0
L00078,P0073,2026-01-11,2,1,1,0,12.0
L00078,P0145,2026-01-11,3,0,0,0,12.0
L00078,P0079,2026-01-11,4,0,0,0,8.0
L00078,P0031,2026-01-11,5,1,1,0,12.0
L01667,P0020,2026-01-11,1,1,1,0,12.0
L01667,P0158,2026-01-11,2,0,0,0,8.0
L01667,P0115,2026-01-11,3,0,0,0,8.0
L01667,P0056,2026-01-11,4,1,1,0,12.0
L01667,P0014,2026-01-11,5,0,0,0,15.0
L00789,P0132,2026-01-11,1,0,0,0,8.0
L00789,P0217,2026-01-11,2,1,0,0,8.0
L00789,P0182,2026-01-11,3,1,1,0,10.0
L00789,P0190,2026-01-11,4,0,0,0,8.0
L00789,P0162,2026-01-11,5,0,0,0,15.0
L01086,P0216,2026-01-11,1,0,0,0,10.0
L01086,P0155,2026-01-11,2,1,1,1,15.0
L01086,P0084,2026-01-11,3,0,0,0,8.0
L01086,P0037,2026-01-11,4,0,0,0,12.0
L01086,P0024,2026-01-11,5,0,0,0,10.0
L02764,P0106,2026-01-11,1,1,1,0,8.0
L02764,P0029,2026-01-11,2,0,0,0,15.0
L02764,P0062,2026-01-11,3,1,1,0,10.0
L02764,P0173,2026-01-11,4,0,0,0,12.0
L02764,P0049,2026-01-11,5,1,0,0,12.0
L02083,P0104,2026-01-11,1,0,0,0,15.0
L02083,P0058,2026-01-11,2,1,1,1,8.0
L02083,P0173,2026-01-11,3,0,0,0,15.0
L02083,P0019,2026-01-11,4,0,0,0,15.0
L02083,P0120,2026-01-11,5,1,1,1,12.0
L02804,P0118,2026-01-11,1,0,0,0,15.0
L02804,P0046,2026-01-11,2,0,0,0,8.0
L02804,P0191,2026-01-11,3,0,0,0,15.0
L02804,P0095,2026-01-11,4,1,1,0,10.0
L02804,P0137,2026-01-11,5,1,1,0,15.0
L02590,P0023,2026-01-11,1,1,0,0,15.0
L02590,P0102,2026-01-11,2,1,1,0,8.0
L02590,P0011,2026-01-11,3,1,1,0,15.0
L02590,P0017,2026-01-11,4,0,0,0,8.0
L02590,P0053,2026-01-11,5,1,1,1,12.0
L00621,P0116,2026-01-11,1,1,1,0,12.0
L00621,P0208,2026-01-11,2,1,1,0,10.0
L00621,P0020,2026-01-11,3,1,1,1,10.0
L00621,P0086,2026-01-11,4,1,1,1,12.0
L00621,P0028,2026-01-11,5,0,0,0,10.0
L01509,P0030,2026-01-12,1,0,0,0,8.0
L01509,P0057,2026-01-12,2,1,0,0,10.0
L01509,P0187,2026-01-12,3,1,1,0,12.0
L01509,P0119,2026-01-12,4,0,0,0,12.0
L01509,P0174,2026-01-12,5,0,0,0,8.0
L00466,P0005,2026-01-12,1,0,0,0,12.0
L00466,P0195,2026-01-12,2,1,0,0,8.0
L00466,P0209,2026-01-12,3,1,1,0,12.0
L00466,P0047,2026-01-12,4,0,0,0,10.0
L00466,P0026,2026-01-12,5,0,0,0,12.0
L02016,P0102,2026-01-12,1,1,1,0,8.0
L02016,P0022,2026-01-12,2,1,1,0,15.0
L02016,P0017,2026-01-12,3,0,0,0,10.0
L02016,P0076,2026-01-12,4,1,1,0,10.0
L02016,P0087,2026-01-12,5,0,0,0,15.0
L01532,P0141,2026-01-12,1,1,1,1,10.0
L01532,P0065,2026-01-12,2,1,1,1,12.0
L01532,P0161,2026-01-12,3,0,0,0,10.0
L01532,P0135,2026-01-12,4,1,1,1,15.0
L01532,P0035,2026-01-12,5,0,0,0,15.0
L02592,P0106,2026-01-12,1,0,0,0,8.0
L02592,P0070,2026-01-12,2,0,0,0,15.0
L02592,P0175,2026-01-12,3,0,0,0,8.0
L02592,P0049,2026-01-12,4,0,0,0,15.0
L02592,P0043,2026-01-12,5,0,0,0,10.0
L00433,P0105,2026-01-12,1,1,1,0,8.0
L00433,P0104,2026-01-12,2,0,0,0,8.0
L00433,P0019,2026-01-12,3,0,0,0,8.0
L00433,P0074,2026-01-12,4,1,1,0,8.0
L00433,P0049,2026-01-12,5,0,0,0,12.0
L02473,P0174,2026-01-12,1,1,1,0,8.0
L02473,P0187,2026-01-12,2,1,1,0,15.0
L02473,P0026,2026-01-12,3,0,0,0,12.0
L02473,P0215,2026-01-12,4,1,1,1,10.0
L02473,P0001,2026-01-12,5,1,1,0,10.0
L02857,P0035,2026-01-12,1,0,0,0,15.0
L02857,P0118,2026-01-12,2,1,0,0,15.0
L02857,P0202,2026-01-12,3,0,0,0,8.0
L02857,P0018,2026-01-12,4,1,1,1,12.0
L02857,P0079,2026-01-12,5,1,1,0,15.0
L01841,P0116,2026-01-12,1,1,1,0,10.0
L01841,P0017,2026-01-12,2,1,1,0,8.0
L01841,P0004,2026-01-12,3,1,1,1,12.0
L01841,P0022,2026-01-12,4,0,0,0,10.0
L01841,P0023,2026-01-12,5,1,0,0,8.0
L01404,P0118,2026-01-12,1,0,0,0,10.0
L01404,P0073,2026-01-12,2,1,1,0,10.0
L01404,P0172,2026-01-12,3,1,1,1,10.0
L01404,P0079,2026-01-12,4,1,0,0,10.0
L01404,P0031,2026-01-12,5,0,0,0,15.0
L01963,P0019,2026-01-12,1,1,1,1,8.0
L01963,P0173,2026-01-12,2,0,0,0,12.0
L01963,P0058,2026-01-12,3,0,0,0,8.0
L01963,P0031,2026-01-12,4,1,1,1,8.0
L01963,P0105,2026-01-12,5,0,0,0,15.0
L00953,P0055,2026-01-12,1,1,0,0,12.0
L00953,P0051,2026-01-12,2,0,0,0,15.0
L00953,P0021,2026-01-12,3,0,0,0,8.0
L00953,P0152,2026-01-12,4,0,0,0,10.0
L00953,P0078,2026-01-12,5,0,0,0,12.0
L00697,P0197,2026-01-12,1,0,0,0,10.0
L00697,P0043,2026-01-12,2,0,0,0,15.0
L00697,P0171,2026-01-12,3,0,0,0,12.0
L00697,P0019,2026-01-12,4,1,1,0,8.0
L00697,P0175,2026-01-12,5,0,0,0,15.0
L01272,P0213,2026-01-12,1,0,0,0,10.0
L01272,P0172,2026-01-12,2,1,1,1,8.0
L01272,P0118,2026-01-12,3,1,0,0,8.0
L01272,P0202,2026-01-12,4,0,0,0,12.0
L01272,P0031,2026-01-12,5,1,1,0,15.0
L01286,P0065,2026-01-12,1,1,1,0,12.0
L01286,P0141,2026-01-12,2,1,0,0,12.0
L01286,P0185,2026-01-12,3,0,0,0,10.0
L01286,P0135,2026-01-12,4,1,1,0,12.0
L01286,P0097,2026-01-12,5,0,0,0,12.0
L02039,P0159,2026-01-12,1,0,0,0,15.0
L02039,P0122,2026-01-12,2,0,0,0,8.0
L02039,P0188,2026-01-12,3,0,0,0,12.0
L02039,P0034,2026-01-12,4,0,0,0,15.0
L02039,P0089,2026-01-12,5,0,0,0,10.0
L02161,P0035,2026-01-12,1,0,0,0,8.0
L02161,P0046,2026-01-12,2,0,0,0,8.0
L02161,P0168,2026-01-12,3,0,0,0,8.0
L02161,P0137,2026-01-12,4,1,0,0,8.0
L02161,P0095,2026-01-12,5,1,0,0,12.0
L00803,P0033,2026-01-12,1,1,1,0,15.0
L00803,P0072,2026-01-12,2,0,0,0,12.0
L00803,P0071,2026-01-12,3,1,1,0,15.0
L00803,P0200,2026-01-12,4,1,1,0,12.0
L00803,P0187,2026-01-12,5,1,1,0,10.0
L00297,P0058,2026-01-12,1,1,0,0,8.0
L00297,P0031,2026-01-12,2,1,1,1,10.0
L00297,P0110,2026-01-12,3,0,0,0,10.0
L00297,P0104,2026-01-12,4,1,1,0,15.0
L00297,P0049,2026-01-12,5,1,0,0,10.0
L02098,P0001,2026-01-12,1,1,1,1,15.0
L02098,P0026,2026-01-12,2,0,0,0,12.0
L02098,P0123,2026-01-12,3,0,0,0,15.0
L02098,P0003,2026-01-12,4,1,1,1,12.0
L02098,P0010,2026-01-12,5,0,0,0,8.0
L00973,P0128,2026-01-12,1,1,0,0,8.0
L00973,P0205,2026-01-12,2,0,0,0,10.0
L00973,P0081,2026-01-12,3,0,0,0,10.0
L00973,P0196,2026-01-12,4,1,1,1,10.0
L00973,P0147,2026-01-12,5,1,1,0,10.0
L02751,P0048,2026-01-12,1,1,0,0,12.0
L02751,P0009,2026-01-12,2,1,1,1,8.0
L02751,P0060,2026-01-12,3,0,0,0,12.0
L02751,P0033,2026-01-12,4,1,1,0,8.0
L02751,P0072,2026-01-12,5,0,0,0,8.0
L00236,P0172,2026-01-12,1,0,0,0,15.0
L00236,P0118,2026-01-12,2,1,0,0,8.0
L00236,P0035,2026-01-12,3,1,1,1,10.0
L00236,P0202,2026-01-12,4,0,0,0,12.0
L00236,P0079,2026-01-12,5,0,0,0,12.0
L01989,P0025,2026-01-12,1,1,1,1,8.0
L01989,P0032,2026-01-12,2,1,1,1,15.0
L01989,P0139,2026-01-12,3,0,0,0,8.0
L01989,P0138,2026-01-12,4,0,0,0,15.0
L01989,P0050,2026-01-12,5,0,0,0,8.0
L00392,P0173,2026-01-12,1,1,0,0,12.0
L00392,P0105,2026-01-12,2,0,0,0,10.0
L00392,P0049,2026-01-12,3,0,0,0,8.0
L00392,P0135,2026-01-12,4,0,0,0,8.0
L00392,P0104,2026-01-12,5,0,0,0,10.0
L00951,P0025,2026-01-12,1,1,0,0,12.0
L00951,P0194,2026-01-12,2,0,0,0,12.0
L00951,P0124,2026-01-12,3,0,0,0,12.0
L00951,P0138,2026-01-12,4,1,0,0,8.0
L00951,P0004,2026-01-12,5,0,0,0,10.0
L02757,P0214,2026-01-12,1,1,1,0,12.0
L02757,P0197,2026-01-12,2,0,0,0,12.0
L02757,P0171,2026-01-12,3,1,1,0,8.0
L02757,P0019,2026-01-12,4,0,0,0,12.0
L02757,P0173,2026-01-12,5,0,0,0,12.0
L01647,P0081,2026-01-12,1,1,1,0,8.0
L01647,P0205,2026-01-12,2,1,1,1,8.0
L01647,P0103,2026-01-12,3,0,0,0,10.0
L01647,P0044,2026-01-12,4,0,0,0,8.0
L01647,P0056,2026-01-12,5,1,1,0,8.0
L02051,P0043,2026-01-13,1,1,1,0,15.0
L02051,P0214,2026-01-13,2,0,0,0,12.0
L02051,P0171,2026-01-13,3,0,0,0,10.0
L02051,P0019,2026-01-13,4,1,1,0,12.0
L02051,P0173,2026-01-13,5,0,0,0,10.0
L02612,P0199,2026-01-13,1,0,0,0,15.0
L02612,P0124,2026-01-13,2,1,1,1,10.0
L02612,P0081,2026-01-13,3,1,1,1,15.0
L02612,P0196,2026-01-13,4,1,1,1,8.0
L02612,P0103,2026-01-13,5,0,0,0,12.0
L01116,P0150,2026-01-13,1,0,0,0,12.0
L01116,P0152,2026-01-13,2,1,0,0,10.0
L01116,P0078,2026-01-13,3,0,0,0,10.0
L01116,P0193,2026-01-13,4,1,1,1,10.0
L01116,P0017,2026-01-13,5,0,0,0,8.0
L01643,P0101,2026-01-13,1,0,0,0,10.0
L01643,P0177,2026-01-13,2,0,0,0,10.0
L01643,P0088,2026-01-13,3,0,0,0,8.0
L01643,P0051,2026-01-13,4,0,0,0,15.0
L01643,P0021,2026-01-13,5,1,0,0,10.0
L01531,P0193,2026-01-13,1,1,1,0,10.0
L01531,P0184,2026-01-13,2,1,1,1,10.0
L01531,P0150,2026-01-13,3,0,0,0,15.0
L01531,P0218,2026-01-13,4,1,1,0,10.0
L01531,P0017,2026-01-13,5,0,0,0,10.0
L02297,P0079,2026-01-13,1,0,0,0,12.0
L02297,P0018,2026-01-13,2,1,1,0,8.0
L02297,P0035,2026-01-13,3,1,1,0,15.0
L02297,P0172,2026-01-13,4,0,0,0,12.0
L02297,P0031,2026-01-13,5,0,0,0,8.0
L00257,P0086,2026-01-13,1,1,1,1,12.0
L00257,P0103,2026-01-13,2,0,0,0,10.0
L00257,P0147,2026-01-13,3,1,1,1,15.0
L00257,P0044,2026-01-13,4,1,0,0,8.0
L00257,P0116,2026-01-13,5,0,0,0,12.0
L01814,P0090,2026-01-13,1,0,0,0,8.0
L01814,P0093,2026-01-13,2,1,0,0,10.0
L01814,P0108,2026-01-13,3,0,0,0,12.0
L01814,P0006,2026-01-13,4,0,0,0,12.0
L01814,P0086,2026-01-13,5,1,1,1,8.0
L02713,P0205,2026-01-13,1,0,0,0,10.0
L02713,P0054,2026-01-13,2,0,0,0,15.0
L02713,P0116,2026-01-13,3,1,1,0,12.0
L02713,P0124,2026-01-13,4,0,0,0,12.0
L02713,P0186,2026-01-13,5,0,0,0,12.0
L01808,P0037,2026-01-13,1,0,0,0,15.0
L01808,P0059,2026-01-13,2,0,0,0,12.0
L01808,P0084,2026-01-13,3,0,0,0,15.0
L01808,P0057,2026-01-13,4,0,0,0,10.0
L01808,P0119,2026-01-13,5,0,0,0,12.0
L02351,P0026,2026-01-13,1,0,0,0,12.0
L02351,P0001,2026-01-13,2,0,0,0,8.0
L02351,P0183,2026-01-13,3,0,0,0,12.0
L02351,P0005,2026-01-13,4,0,0,0,10.0
L02351,P0124,2026-01-13,5,0,0,0,10.0
L02901,P0091,2026-01-13,1,1,1,1,10.0
L02901,P0155,2026-01-13,2,1,1,0,12.0
L02901,P0216,2026-01-13,3,0,0,0,15.0
L02901,P0024,2026-01-13,4,0,0,0,12.0
L02901,P0165,2026-01-13,5,0,0,0,12.0
L02070,P0192,2026-01-13,1,0,0,0,8.0
L02070,P0032,2026-01-13,2,0,0,0,10.0
L02070,P0025,2026-01-13,3,1,1,1,15.0
L02070,P0050,2026-01-13,4,0,0,0,10.0
L02070,P0186,2026-01-13,5,0,0,0,8.0
L00328,P0058,2026-01-13,1,1,1,1,8.0
L00328,P0019,2026-01-13,2,0,0,0,10.0
L00328,P0110,2026-01-13,3,1,1,0,15.0
L00328,P0135,2026-01-13,4,0,0,0,12.0
L00328,P0105,2026-01-13,5,0,0,0,12.0
L01350,P0199,2026-01-13,1,1,1,1,10.0
L01350,P0103,2026-01-13,2,0,0,0,10.0
L01350,P0081,2026-01-13,3,1,1,1,10.0
L01350,P0196,2026-01-13,4,0,0,0,12.0
L01350,P0086,2026-01-13,5,1,1,1,15.0
L02108,P0061,2026-01-13,1,0,0,0,12.0
L02108,P0194,2026-01-13,2,0,0,0,10.0
L02108,P0186,2026-01-13,3,1,1,0,10.0
L02108,P0050,2026-01-13,4,0,0,0,10.0
L02108,P0104,2026-01-13,5,0,0,0,12.0
L00937,P0010,2026-01-13,1,1,1,1,15.0
L00937,P0075,2026-01-13,2,0,0,0,12.0
L00937,P0109,2026-01-13,3,1,1,1,15.0
L00937,P0112,2026-01-13,4,0,0,0,8.0
L00937,P0033,2026-01-13,5,1,1,0,15.0
L02260,P0156,2026-01-13,1,0,0,0,10.0
L02260,P0129,2026-01-13,2,1,1,1,12.0
L02260,P0174,2026-01-13,3,0,0,0,12.0
L02260,P0119,2026-01-13,4,0,0,0,8.0
L02260,P0037,2026-01-13,5,1,1,1,8.0
L02270,P0181,2026-01-13,1,0,0,0,8.0
L02270,P0148,2026-01-13,2,1,0,0,10.0
L02270,P0000,2026-01-13,3,0,0,0,10.0
L02270,P0143,2026-01-13,4,0,0,0,8.0
L02270,P0189,2026-01-13,5,0,0,0,12.0
L00690,P0007,2026-01-13,1,0,0,0,12.0
L00690,P0093,2026-01-13,2,0,0,0,10.0
L00690,P0183,2026-01-13,3,1,1,0,10.0
L00690,P0120,2026-01-13,4,0,0,0,15.0
L00690,P0108,2026-01-13,5,0,0,0,10.0
L00051,P0057,2026-01-14,1,1,1,0,12.0
L00051,P0129,2026-01-14,2,1,1,0,12.0
L00051,P0174,2026-01-14,3,0,0,0,15.0
L00051,P0119,2026-01-14,4,1,1,1,8.0
L00051,P0187,2026-01-14,5,0,0,0,10.0
L01658,P0059,2026-01-14,1,1,1,0,10.0
L01658,P0156,2026-01-14,2,0,0,0,8.0
L01658,P0030,2026-01-14,3,1,1,0,12.0
L01658,P0057,2026-01-14,4,0,0,0,8.0
L01658,P0129,2026-01-14,5,1,1,0,12.0
L01231,P0001,2026-01-14,1,1,0,0,15.0
L01231,P0123,2026-01-14,2,0,0,0,12.0
L01231,P0026,2026-01-14,3,0,0,0,12.0
L01231,P0187,2026-01-14,4,0,0,0,8.0
L01231,P0005,2026-01-14,5,0,0,0,12.0
L00733,P0020,2026-01-14,1,0,0,0,10.0
L00733,P0169,2026-01-14,2,1,1,1,10.0
L00733,P0011,2026-01-14,3,1,1,0,10.0
L00733,P0087,2026-01-14,4,0,0,0,15.0
L00733,P0076,2026-01-14,5,0,0,0,15.0
L00533,P0017,2026-01-14,1,1,1,0,15.0
L00533,P0160,2026-01-14,2,1,1,0,15.0
L00533,P0053,2026-01-14,3,1,1,0,15.0
L00533,P0021,2026-01-14,4,1,1,0,8.0
L00533,P0078,2026-01-14,5,0,0,0,8.0
L02444,P0123,2026-01-14,1,1,1,1,15.0
L02444,P0026,2026-01-14,2,0,0,0,8.0
L02444,P0215,2026-01-14,3,1,1,0,15.0
L02444,P0030,2026-01-14,4,1,1,0,15.0
L02444,P0057,2026-01-14,5,0,0,0,10.0
L00091,P0089,2026-01-14,1,0,0,0,12.0
L00091,P0030,2026-01-14,2,1,1,0,12.0
L00091,P0187,2026-01-14,3,1,0,0,10.0
L00091,P0071,2026-01-14,4,0,0,0,10.0
L00091,P0174,2026-01-14,5,1,1,1,10.0
L02286,P0121,2026-01-14,1,0,0,0,8.0
L02286,P0182,2026-01-14,2,1,1,0,15.0
L02286,P0217,2026-01-14,3,0,0,0,15.0
L02286,P0132,2026-01-14,4,0,0,0,8.0
L02286,P0190,2026-01-14,5,1,0,0,12.0
L00434,P0026,2026-01-14,1,0,0,0,12.0
L00434,P0001,2026-01-14,2,0,0,0,8.0
L00434,P0174,2026-01-14,3,1,1,0,12.0
L00434,P0119,2026-01-14,4,0,0,0,15.0
L00434,P0010,2026-01-14,5,1,0,0,15.0
L00549,P0043,2026-01-14,1,0,0,0,8.0
L00549,P0171,2026-01-14,2,0,0,0,12.0
L00549,P0214,2026-01-14,3,1,0,0,12.0
L00549,P0058,2026-01-14,4,0,0,0,8.0
L00549,P0019,2026-01-14,5,1,1,0,10.0
L01603,P0166,2026-01-14,1,1,1,1,8.0
L01603,P0030,2026-01-14,2,0,0,0,8.0
L01603,P0206,2026-01-14,3,1,1,0,10.0
L01603,P0174,2026-01-14,4,1,1,1,10.0
L01603,P0200,2026-01-14,5,1,1,0,8.0
L02426,P0113,2026-01-14,1,0,0,0,15.0
L02426,P0060,2026-01-14,2,1,0,0,8.0
L02426,P0072,2026-01-14,3,0,0,0,15.0
L02426,P0033,2026-01-14,4,0,0,0,10.0
L02426,P0027,2026-01-14,5,1,0,0,10.0
L01186,P0050,2026-01-14,1,1,0,0,8.0
L01186,P0124,2026-01-14,2,0,0,0,15.0
L01186,P0061,2026-01-14,3,1,0,0,10.0
L01186,P0025,2026-01-14,4,0,0,0,15.0
L01186,P0032,2026-01-14,5,1,1,1,8.0
L02810,P0023,2026-01-14,1,0,0,0,15.0
L02810,P0011,2026-01-14,2,0,0,0,8.0
L02810,P0102,2026-01-14,3,1,1,0,10.0
L02810,P0017,2026-01-14,4,1,1,0,8.0
L02810,P0076,2026-01-14,5,0,0,0,10.0
L02228,P0028,2026-01-14,1,0,0,0,8.0
L02228,P0158,2026-01-14,2,1,1,0,8.0
L02228,P0041,2026-01-14,3,0,0,0,10.0
L02228,P0115,2026-01-14,4,0,0,0,15.0
L02228,P0063,2026-01-14,5,0,0,0,15.0
L00945,P0031,2026-01-14,1,1,1,0,15.0
L00945,P0018,2026-01-14,2,1,1,0,10.0
L00945,P0073,2026-01-14,3,1,0,0,10.0
L00945,P0035,2026-01-14,4,1,1,1,12.0
L00945,P0058,2026-01-14,5,1,1,1,10.0
L02207,P0096,2026-01-14,1,0,0,0,15.0
L02207,P0052,2026-01-14,2,0,0,0,10.0
L02207,P0085,2026-01-14,3,1,1,1,8.0
L02207,P0212,2026-01-14,4,0,0,0,12.0
L02207,P0020,2026-01-14,5,1,1,0,8.0
L02936,P0148,2026-01-14,1,1,1,1,8.0
L02936,P0135,2026-01-14,2,1,1,0,15.0
L02936,P0006,2026-01-14,3,0,0,0,10.0
L02936,P0065,2026-01-14,4,0,0,0,10.0
L02936,P0097,2026-01-14,5,0,0,0,10.0
L00351,P0172,2026-01-14,1,1,1,0,12.0
L00351,P0018,2026-01-14,2,0,0,0,12.0
L00351,P0202,2026-01-14,3,0,0,0,8.0
L00351,P0035,2026-01-14,4,1,1,0,8.0
L00351,P0079,2026-01-14,5,0,0,0,12.0
L00354,P0198,2026-01-14,1,0,0,0,8.0
L00354,P0072,2026-01-14,2,1,1,0,12.0
L00354,P0187,2026-01-14,3,1,1,0,15.0
L00354,P0077,2026-01-14,4,0,0,0,8.0
L00354,P0174,2026-01-14,5,1,0,0,15.0
L00311,P0018,2026-01-14,1,1,0,0,8.0
L00311,P0202,2026-01-14,2,0,0,0,8.0
L00311,P0118,2026-01-14,3,1,1,1,8.0
L00311,P0145,2026-01-14,4,1,0,0,12.0
L00311,P0079,2026-01-14,5,0,0,0,8.0
L00575,P0113,2026-01-15,1,1,0,0,10.0
L00575,P0048,2026-01-15,2,0,0,0,12.0
L00575,P0107,2026-01-15,3,0,0,0,8.0
L00575,P0033,2026-01-15,4,0,0,0,12.0
L00575,P0198,2026-01-15,5,1,0,0,10.0
L00550,P0133,2026-01-15,1,1,1,0,15.0
L00550,P0212,2026-01-15,2,1,1,1,10.0
L00550,P0085,2026-01-15,3,0,0,0,10.0
L00550,P0023,2026-01-15,4,1,1,1,10.0
L00550,P0011,2026-01-15,5,0,0,0,15.0
L02336,P0111,2026-01-15,1,0,0,0,15.0
L02336,P0002,2026-01-15,2,0,0,0,12.0
L02336,P0193,2026-01-15,3,1,1,0,8.0
L02336,P0131,2026-01-15,4,0,0,0,8.0
L02336,P0041,2026-01-15,5,1,1,0,10.0
L02411,P0099,2026-01-15,1,0,0,0,15.0
L02411,P0038,2026-01-15,2,1,0,0,8.0
L02411,P0094,2026-01-15,3,1,1,1,8.0
L02411,P0002,2026-01-15,4,1,0,0,8.0
L02411,P0140,2026-01-15,5,0,0,0,8.0
L00998,P0043,2026-01-15,1,1,1,0,8.0
L00998,P0214,2026-01-15,2,0,0,0,8.0
L00998,P0019,2026-01-15,3,1,1,0,10.0
L00998,P0173,2026-01-15,4,1,0,0,8.0
L00998,P0175,2026-01-15,5,0,0,0,10.0
L00627,P0020,2026-01-15,1,0,0,0,8.0
L00627,P0028,2026-01-15,2,0,0,0,12.0
L00627,P0149,2026-01-15,3,1,0,0,12.0
L00627,P0063,2026-01-15,4,0,0,0,8.0
L00627,P0066,2026-01-15,5,1,0,0,10.0
L02237,P0008,2026-01-15,1,0,0,0,12.0
L02237,P0002,2026-01-15,2,0,0,0,12.0
L02237,P0094,2026-01-15,3,0,0,0,15.0
L02237,P0111,2026-01-15,4,0,0,0,10.0
L02237,P0158,2026-01-15,5,0,0,0,15.0
L01033,P0014,2026-01-15,1,1,1,0,12.0
L01033,P0085,2026-01-15,2,0,0,0,10.0
L01033,P0164,2026-01-15,3,0,0,0,12.0
L01033,P0063,2026-01-15,4,1,0,0,15.0
L01033,P0028,2026-01-15,5,0,0,0,8.0
L02580,P0041,2026-01-15,1,1,1,0,10.0
L02580,P0002,2026-01-15,2,1,1,0,15.0
L02580,P0094,2026-01-15,3,0,0,0,8.0
L02580,P0020,2026-01-15,4,1,1,0,8.0
L02580,P0008,2026-01-15,5,1,1,1,12.0
L02858,P0030,2026-01-15,1,0,0,0,15.0
L02858,P0206,2026-01-15,2,1,0,0,8.0
L02858,P0077,2026-01-15,3,1,1,1,15.0
L02858,P0174,2026-01-15,4,1,1,1,12.0
L02858,P0071,2026-01-15,5,0,0,0,10.0
L02374,P0156,2026-01-15,1,0,0,0,12.0
L02374,P0129,2026-01-15,2,0,0,0,15.0
L02374,P0174,2026-01-15,3,0,0,0,12.0
L02374,P0037,2026-01-15,4,1,1,1,15.0
L02374,P0059,2026-01-15,5,0,0,0,15.0
L01950,P0030,2026-01-15,1,1,0,0,12.0
L01950,P0129,2026-01-15,2,1,1,0,8.0
L01950,P0156,2026-01-15,3,0,0,0,12.0
L01950,P0187,2026-01-15,4,0,0,0,12.0
L01950,P0059,2026-01-15,5,1,1,1,8.0
L01259,P0125,2026-01-15,1,1,0,0,12.0
L01259,P0210,2026-01-15,2,1,1,0,10.0
L01259,P0157,2026-01-15,3,1,0,0,8.0
L01259,P0011,2026-01-15,4,0,0,0,12.0
L01259,P0022,2026-01-15,5,0,0,0,12.0
L02459,P0008,2026-01-15,1,0,0,0,10.0
L02459,P0131,2026-01-15,2,1,1,0,10.0
L02459,P0140,2026-01-15,3,0,0,0,10.0
L02459,P0193,2026-01-15,4,0,0,0,15.0
L02459,P0158,2026-01-15,5,0,0,0,10.0
L01103,P0148,2026-01-15,1,1,1,0,15.0
L01103,P0019,2026-01-15,2,1,1,0,10.0
L01103,P0114,2026-01-15,3,1,1,0,8.0
L01103,P0093,2026-01-15,4,0,0,0,12.0
L01103,P0007,2026-01-15,5,0,0,0,8.0
L02066,P0033,2026-01-15,1,0,0,0,8.0
L02066,P0198,2026-01-15,2,0,0,0,10.0
L02066,P0027,2026-01-15,3,1,1,0,15.0
L02066,P0200,2026-01-15,4,1,1,0,12.0
L02066,P0071,2026-01-15,5,1,1,1,15.0
L01846,P0166,2026-01-15,1,1,0,0,10.0
L01846,P0200,2026-01-15,2,1,1,0,12.0
L01846,P0077,2026-01-15,3,1,1,0,8.0
L01846,P0174,2026-01-15,4,1,0,0,15.0
L01846,P0187,2026-01-15,5,0,0,0,8.0
L00111,P0041,2026-01-15,1,1,1,0,15.0
L00111,P0002,2026-01-15,2,0,0,0,10.0
L00111,P0193,2026-01-15,3,1,1,0,8.0
L00111,P0140,2026-01-15,4,1,0,0,12.0
L00111,P0008,2026-01-15,5,0,0,0,12.0
L01909,P0082,2026-01-15,1,0,0,0,15.0
L01909,P0116,2026-01-15,2,0,0,0,8.0
L01909,P0186,2026-01-15,3,1,1,0,8.0
L01909,P0138,2026-01-15,4,0,0,0,15.0
L01909,P0124,2026-01-15,5,0,0,0,15.0
L00566,P0010,2026-01-15,1,1,1,0,15.0
L00566,P0083,2026-01-15,2,1,0,0,10.0
L00566,P0047,2026-01-15,3,0,0,0,15.0
L00566,P0195,2026-01-15,4,0,0,0,10.0
L00566,P0209,2026-01-15,5,0,0,0,10.0
L02978,P0119,2026-01-15,1,1,1,0,15.0
L02978,P0174,2026-01-15,2,0,0,0,15.0
L02978,P0003,2026-01-15,3,1,0,0,8.0
L02978,P0026,2026-01-15,4,0,0,0,8.0
L02978,P0057,2026-01-15,5,0,0,0,12.0
L01489,P0201,2026-01-15,1,0,0,0,8.0
L01489,P0043,2026-01-15,2,1,1,0,12.0
L01489,P0058,2026-01-15,3,0,0,0,10.0
L01489,P0175,2026-01-15,4,0,0,0,8.0
L01489,P0104,2026-01-15,5,0,0,0,12.0
L01174,P0145,2026-01-15,1,1,1,0,8.0
L01174,P0079,2026-01-15,2,1,0,0,15.0
L01174,P0172,2026-01-15,3,1,1,0,8.0
L01174,P0118,2026-01-15,4,1,0,0,15.0
L01174,P0031,2026-01-15,5,1,1,0,12.0
L00900,P0003,2026-01-15,1,0,0,0,15.0
L00900,P0001,2026-01-15,2,0,0,0,8.0
L00900,P0026,2026-01-15,3,0,0,0,15.0
L00900,P0183,2026-01-15,4,1,1,0,8.0
L00900,P0005,2026-01-15,5,0,0,0,15.0
L00837,P0177,2026-01-15,1,0,0,0,15.0
L00837,P0151,2026-01-15,2,0,0,0,10.0
L00837,P0088,2026-01-15,3,1,1,0,8.0
L00837,P0021,2026-01-15,4,0,0,0,12.0
L00837,P0051,2026-01-15,5,0,0,0,8.0
L00382,P0153,2026-01-15,1,1,1,0,12.0
L00382,P0000,2026-01-15,2,1,1,0,8.0
L00382,P0181,2026-01-15,3,0,0,0,15.0
L00382,P0068,2026-01-15,4,0,0,0,12.0
L00382,P0029,2026-01-15,5,1,1,0,8.0
L01722,P0058,2026-01-16,1,0,0,0,10.0
L01722,P0189,2026-01-16,2,0,0,0,8.0
L01722,P0148,2026-01-16,3,0,0,0,8.0
L01722,P0143,2026-01-16,4,0,0,0,10.0
L01722,P0007,2026-01-16,5,0,0,0,12.0
L01396,P0076,2026-01-16,1,1,1,1,12.0
L01396,P0179,2026-01-16,2,1,1,0,12.0
L01396,P0115,2026-01-16,3,0,0,0,12.0
L01396,P0157,2026-01-16,4,0,0,0,12.0
L01396,P0022,2026-01-16,5,0,0,0,10.0
L00330,P0072,2026-01-16,1,1,1,0,8.0
L00330,P0211,2026-01-16,2,0,0,0,15.0
L00330,P0198,2026-01-16,3,0,0,0,10.0
L00330,P0200,2026-01-16,4,1,1,0,15.0
L00330,P0071,2026-01-16,5,0,0,0,12.0
L01379,P0062,2026-01-16,1,0,0,0,15.0
L01379,P0175,2026-01-16,2,0,0,0,10.0
L01379,P0106,2026-01-16,3,1,1,0,12.0
L01379,P0029,2026-01-16,4,0,0,0,8.0
L01379,P0070,2026-01-16,5,0,0,0,15.0
L00131,P0139,2026-01-16,1,0,0,0,12.0
L00131,P0186,2026-01-16,2,0,0,0,10.0
L00131,P0194,2026-01-16,3,0,0,0,8.0
L00131,P0124,2026-01-16,4,0,0,0,12.0
L00131,P0050,2026-01-16,5,0,0,0,15.0
L02523,P0196,2026-01-16,1,1,1,1,15.0
L02523,P0103,2026-01-16,2,0,0,0,8.0
L02523,P0081,2026-01-16,3,1,1,0,8.0
L02523,P0056,2026-01-16,4,0,0,0,10.0
L02523,P0116,2026-01-16,5,1,1,1,10.0
L00666,P0116,2026-01-16,1,1,1,0,8.0
L00666,P0208,2026-01-16,2,1,1,1,15.0
L00666,P0054,2026-01-16,3,1,0,0,8.0
L00666,P0053,2026-01-16,4,1,1,0,12.0
L00666,P0023,2026-01-16,5,0,0,0,8.0
L01270,P0106,2026-01-16,1,0,0,0,15.0
L01270,P0175,2026-01-16,2,1,1,1,15.0
L01270,P0029,2026-01-16,3,1,0,0,15.0
L01270,P0070,2026-01-16,4,1,1,1,12.0
L01270,P0110,2026-01-16,5,1,0,0,8.0
L01477,P0209,2026-01-16,1,0,0,0,12.0
L01477,P0047,2026-01-16,2,1,1,0,8.0
L01477,P0005,2026-01-16,3,1,1,1,8.0
L01477,P0083,2026-01-16,4,0,0,0,10.0
L01477,P0219,2026-01-16,5,0,0,0,15.0
L00958,P0041,2026-01-16,1,1,1,0,8.0
L00958,P0140,2026-01-16,2,1,0,0,8.0
L00958,P0028,2026-01-16,3,1,1,0,8.0
L00958,P0020,2026-01-16,4,1,1,0,10.0
L00958,P0008,2026-01-16,5,1,1,0,12.0
L01389,P0067,2026-01-16,1,1,0,0,10.0
L01389,P0066,2026-01-16,2,1,1,0,8.0
L01389,P0063,2026-01-16,3,0,0,0,15.0
L01389,P0014,2026-01-16,4,0,0,0,8.0
L01389,P0115,2026-01-16,5,0,0,0,8.0
L02947,P0179,2026-01-16,1,1,1,1,12.0
L02947,P0170,2026-01-16,2,1,1,0,12.0
L02947,P0020,2026-01-16,3,0,0,0,15.0
L02947,P0022,2026-01-16,4,0,0,0,15.0
L02947,P0011,2026-01-16,5,0,0,0,8.0
L01716,P0139,2026-01-16,1,1,0,0,12.0
L01716,P0050,2026-01-16,2,1,1,0,15.0
L01716,P0186,2026-01-16,3,0,0,0,15.0
L01716,P0194,2026-01-16,4,1,1,0,12.0
L01716,P0004,2026-01-16,5,0,0,0,8.0
L01702,P0020,2026-01-16,1,1,1,1,8.0
L01702,P0115,2026-01-16,2,0,0,0,15.0
L01702,P0158,2026-01-16,3,0,0,0,12.0
L01702,P0044,2026-01-16,4,0,0,0,10.0
L01702,P0066,2026-01-16,5,0,0,0,10.0
L01622,P0214,2026-01-16,1,1,0,0,12.0
L01622,P0043,2026-01-16,2,1,1,0,8.0
L01622,P0201,2026-01-16,3,0,0,0,12.0
L01622,P0171,2026-01-16,4,0,0,0,15.0
L01622,P0173,2026-01-16,5,0,0,0,8.0
L02410,P0208,2026-01-16,1,0,0,0,8.0
L02410,P0044,2026-01-16,2,0,0,0,8.0
L02410,P0028,2026-01-16,3,0,0,0,15.0
L02410,P0020,2026-01-16,4,1,1,0,8.0
L02410,P0081,2026-01-16,5,0,0,0,10.0
L02171,P0090,2026-01-16,1,0,0,0,12.0
L02171,P0007,2026-01-16,2,0,0,0,8.0
L02171,P0138,2026-01-16,3,0,0,0,10.0
L02171,P0081,2026-01-16,4,0,0,0,15.0
L02171,P0086,2026-01-16,5,0,0,0,10.0
L00375,P0106,2026-01-16,1,1,0,0,8.0
L00375,P0029,2026-01-16,2,0,0,0,15.0
L00375,P0181,2026-01-16,3,0,0,0,15.0
L00375,P0049,2026-01-16,4,1,1,0,12.0
L00375,P0110,2026-01-16,5,0,0,0,8.0
L00391,P0208,2026-01-16,1,0,0,0,12.0
L00391,P0178,2026-01-16,2,1,1,0,10.0
L00391,P0020,2026-01-16,3,0,0,0,12.0
L00391,P0028,2026-01-16,4,1,1,1,8.0
L00391,P0081,2026-01-16,5,0,0,0,12.0
L00824,P0181,2026-01-16,1,1,1,0,10.0
L00824,P0029,2026-01-16,2,1,0,0,8.0
L00824,P0106,2026-01-16,3,1,1,1,15.0
L00824,P0175,2026-01-16,4,0,0,0,12.0
L00824,P0070,2026-01-16,5,1,1,0,15.0
L01990,P0012,2026-01-16,1,1,0,0,8.0
L01990,P0009,2026-01-16,2,1,0,0,10.0
L01990,P0072,2026-01-16,3,0,0,0,15.0
L01990,P0198,2026-01-16,4,0,0,0,15.0
L01990,P0027,2026-01-16,5,0,0,0,8.0
L00045,P0208,2026-01-16,1,1,0,0,8.0
L00045,P0147,2026-01-16,2,0,0,0,12.0
L00045,P0028,2026-01-16,3,0,0,0,10.0
L00045,P0086,2026-01-16,4,0,0,0,10.0
L00045,P0081,2026-01-16,5,1,1,0,12.0
L01580,P0055,2026-01-16,1,1,0,0,15.0
L01580,P0021,2026-01-16,2,1,1,0,8.0
L01580,P0078,2026-01-16,3,1,0,0,10.0
L01580,P0150,2026-01-16,4,0,0,0,10.0
L01580,P0184,2026-01-16,5,0,0,0,8.0
L01491,P0044,2026-01-17,1,0,0,0,8.0
L01491,P0116,2026-01-17,2,1,1,0,10.0
L01491,P0056,2026-01-17,3,1,1,0,10.0
L01491,P0147,2026-01-17,4,0,0,0,8.0
L01491,P0020,2026-01-17,5,0,0,0,15.0
L02843,P0167,2026-01-17,1,1,0,0,12.0
L02843,P0051,2026-01-17,2,1,1,0,8.0
L02843,P0184,2026-01-17,3,0,0,0,15.0
L02843,P0150,2026-01-17,4,0,0,0,8.0
L02843,P0078,2026-01-17,5,0,0,0,15.0
L00757,P0165,2026-01-17,1,0,0,0,15.0
L00757,P0015,2026-01-17,2,0,0,0,10.0
L00757,P0069,2026-01-17,3,0,0,0,12.0
L00757,P0216,2026-01-17,4,0,0,0,15.0
L00757,P0030,2026-01-17,5,0,0,0,8.0
L00912,P0016,2026-01-17,1,1,1,0,10.0
L00912,P0122,2026-01-17,2,1,1,0,8.0
L00912,P0159,2026-01-17,3,0,0,0,8.0
L00912,P0045,2026-01-17,4,0,0,0,8.0
L00912,P0195,2026-01-17,5,1,1,1,10.0
L02396,P0035,2026-01-17,1,1,1,1,10.0
L02396,P0202,2026-01-17,2,1,1,0,10.0
L02396,P0073,2026-01-17,3,1,1,0,15.0
L02396,P0079,2026-01-17,4,0,0,0,8.0
L02396,P0031,2026-01-17,5,1,1,1,10.0
L00195,P0205,2026-01-17,1,1,1,0,15.0
L00195,P0056,2026-01-17,2,1,1,1,10.0
L00195,P0044,2026-01-17,3,0,0,0,12.0
L00195,P0147,2026-01-17,4,0,0,0,8.0
L00195,P0116,2026-01-17,5,1,1,0,8.0
L01785,P0059,2026-01-17,1,1,1,1,10.0
L01785,P0084,2026-01-17,2,1,0,0,12.0
L01785,P0037,2026-01-17,3,1,1,1,8.0
L01785,P0030,2026-01-17,4,0,0,0,10.0
L01785,P0057,2026-01-17,5,0,0,0,12.0
L01488,P0020,2026-01-17,1,0,0,0,15.0
L01488,P0063,2026-01-17,2,1,0,0,8.0
L01488,P0164,2026-01-17,3,0,0,0,8.0
L01488,P0149,2026-01-17,4,0,0,0,10.0
L01488,P0066,2026-01-17,5,0,0,0,15.0
L01725,P0074,2026-01-17,1,1,1,0,12.0
L01725,P0110,2026-01-17,2,1,1,0,10.0
L01725,P0031,2026-01-17,3,1,1,0,15.0
L01725,P0104,2026-01-17,4,0,0,0,12.0
L01725,P0105,2026-01-17,5,0,0,0,10.0
L00751,P0117,2026-01-17,1,1,1,1,12.0
L00751,P0109,2026-01-17,2,1,1,1,15.0
L00751,P0126,2026-01-17,3,1,1,0,10.0
L00751,P0188,2026-01-17,4,0,0,0,12.0
L00751,P0112,2026-01-17,5,1,1,1,12.0
L02546,P0027,2026-01-17,1,1,0,0,8.0
L02546,P0033,2026-01-17,2,0,0,0,10.0
L02546,P0072,2026-01-17,3,0,0,0,8.0
L02546,P0187,2026-01-17,4,0,0,0,10.0
L02546,P0077,2026-01-17,5,0,0,0,10.0
L02803,P0188,2026-01-17,1,1,0,0,10.0
L02803,P0195,2026-01-17,2,0,0,0,12.0
L02803,P0075,2026-01-17,3,0,0,0,12.0
L02803,P0010,2026-01-17,4,1,0,0,10.0
L02803,P0016,2026-01-17,5,0,0,0,10.0
L01877,P0057,2026-01-17,1,0,0,0,10.0
L01877,P0030,2026-01-17,2,0,0,0,8.0
L01877,P0129,2026-01-17,3,1,1,0,8.0
L01877,P0174,2026-01-17,4,1,1,0,8.0
L01877,P0203,2026-01-17,5,1,1,1,10.0
L01078,P0117,2026-01-17,1,0,0,0,12.0
L01078,P0010,2026-01-17,2,1,1,0,8.0
L01078,P0126,2026-01-17,3,1,1,0,12.0
L01078,P0112,2026-01-17,4,0,0,0,8.0
L01078,P0033,2026-01-17,5,0,0,0,10.0
L00672,P0013,2026-01-17,1,1,0,0,10.0
L00672,P0121,2026-01-17,2,0,0,0,8.0
L00672,P0190,2026-01-17,3,0,0,0,15.0
L00672,P0217,2026-01-17,4,0,0,0,8.0
L00672,P0182,2026-01-17,5,0,0,0,12.0
L00827,P0030,2026-01-17,1,0,0,0,15.0
L00827,P0187,2026-01-17,2,0,0,0,12.0
L00827,P0119,2026-01-17,3,1,1,0,12.0
L00827,P0174,2026-01-17,4,1,0,0,12.0
L00827,P0037,2026-01-17,5,0,0,0,15.0
L02173,P0132,2026-01-17,1,0,0,0,15.0
L02173,P0013,2026-01-17,2,1,0,0,12.0
L02173,P0217,2026-01-17,3,1,1,0,8.0
L02173,P0190,2026-01-17,4,1,1,0,10.0
L02173,P0162,2026-01-17,5,0,0,0,12.0
L02038,P0009,2026-01-17,1,1,1,0,12.0
L02038,P0113,2026-01-17,2,0,0,0,8.0
L02038,P0027,2026-01-17,3,0,0,0,10.0
L02038,P0072,2026-01-17,4,0,0,0,8.0
L02038,P0198,2026-01-17,5,0,0,0,12.0
L02875,P0208,2026-01-17,1,0,0,0,8.0
L02875,P0053,2026-01-17,2,0,0,0,12.0
L02875,P0054,2026-01-17,3,0,0,0,15.0
L02875,P0011,2026-01-17,4,0,0,0,10.0
L02875,P0023,2026-01-17,5,0,0,0,15.0
L00625,P0198,2026-01-17,1,1,1,1,10.0
L00625,P0072,2026-01-17,2,0,0,0,8.0
L00625,P0077,2026-01-17,3,0,0,0,8.0
L00625,P0187,2026-01-17,4,1,1,0,12.0
L00625,P0174,2026-01-17,5,0,0,0,12.0
L01153,P0122,2026-01-17,1,0,0,0,10.0
L01153,P0016,2026-01-17,2,1,1,0,12.0
L01153,P0045,2026-01-17,3,0,0,0,10.0
L01153,P0112,2026-01-17,4,0,0,0,12.0
L01153,P0195,2026-01-17,5,0,0,0,8.0
L00050,P0050,2026-01-17,1,1,1,0,8.0
L00050,P0194,2026-01-17,2,0,0,0,15.0
L00050,P0186,2026-01-17,3,1,1,0,15.0
L00050,P0100,2026-01-17,4,0,0,0,10.0
L00050,P0120,2026-01-17,5,0,0,0,8.0
L01680,P0143,2026-01-18,1,1,1,1,8.0
L01680,P0058,2026-01-18,2,0,0,0,8.0
L01680,P0019,2026-01-18,3,0,0,0,10.0
L01680,P0093,2026-01-18,4,0,0,0,15.0
L01680,P0090,2026-01-18,5,0,0,0,15.0
L00432,P0025,2026-01-18,1,0,0,0,8.0
L00432,P0138,2026-01-18,2,0,0,0,15.0
L00432,P0124,2026-01-18,3,0,0,0,8.0
L00432,P0196,2026-01-18,4,0,0,0,15.0
L00432,P0081,2026-01-18,5,0,0,0,8.0
L02739,P0091,2026-01-18,1,1,1,0,15.0
L02739,P0216,2026-01-18,2,0,0,0,8.0
L02739,P0024,2026-01-18,3,0,0,0,15.0
L02739,P0069,2026-01-18,4,0,0,0,12.0
L02739,P0015,2026-01-18,5,0,0,0,10.0
L02019,P0079,2026-01-18,1,1,1,1,10.0
L02019,P0202,2026-01-18,2,1,1,0,10.0
L02019,P0172,2026-01-18,3,1,1,1,8.0
L02019,P0073,2026-01-18,4,1,0,0,10.0
L02019,P0031,2026-01-18,5,0,0,0,8.0
L00417,P0062,2026-01-18,1,0,0,0,10.0
L00417,P0114,2026-01-18,2,1,1,0,15.0
L00417,P0181,2026-01-18,3,1,1,1,12.0
L00417,P0143,2026-01-18,4,1,0,0,10.0
L00417,P0153,2026-01-18,5,0,0,0,10.0
L00670,P0061,2026-01-18,1,0,0,0,8.0
L00670,P0050,2026-01-18,2,1,1,0,10.0
L00670,P0124,2026-01-18,3,0,0,0,12.0
L00670,P0104,2026-01-18,4,0,0,0,8.0
L00670,P0105,2026-01-18,5,0,0,0,8.0
L02681,P0137,2026-01-18,1,1,1,1,8.0
L02681,P0145,2026-01-18,2,0,0,0,12.0
L02681,P0213,2026-01-18,3,0,0,0,10.0
L02681,P0064,2026-01-18,4,1,0,0,10.0
L02681,P0168,2026-01-18,5,1,1,0,8.0
L00917,P0158,2026-01-18,1,0,0,0,10.0
L00917,P0094,2026-01-18,2,1,1,1,8.0
L00917,P0002,2026-01-18,3,0,0,0,12.0
L00917,P0140,2026-01-18,4,0,0,0,10.0
L00917,P0008,2026-01-18,5,0,0,0,8.0
L00136,P0201,2026-01-18,1,1,1,0,10.0
L00136,P0197,2026-01-18,2,1,1,0,10.0
L00136,P0043,2026-01-18,3,0,0,0,12.0
L00136,P0058,2026-01-18,4,1,1,1,12.0
L00136,P0175,2026-01-18,5,0,0,0,10.0
L00722,P0050,2026-01-18,1,0,0,0,10.0
L00722,P0138,2026-01-18,2,0,0,0,10.0
L00722,P0124,2026-01-18,3,0,0,0,10.0
L00722,P0032,2026-01-18,4,1,1,0,15.0
L00722,P0025,2026-01-18,5,0,0,0,15.0
L02890,P0015,2026-01-18,1,0,0,0,15.0
L02890,P0165,2026-01-18,2,1,0,0,8.0
L02890,P0155,2026-01-18,3,0,0,0,15.0
L02890,P0084,2026-01-18,4,1,1,0,8.0
L02890,P0030,2026-01-18,5,0,0,0,12.0
L02821,P0097,2026-01-18,1,1,1,0,10.0
L02821,P0161,2026-01-18,2,0,0,0,8.0
L02821,P0141,2026-01-18,3,1,1,1,8.0
L02821,P0019,2026-01-18,4,1,1,0,12.0
L02821,P0035,2026-01-18,5,1,1,0,8.0
L01597,P0105,2026-01-18,1,1,1,0,8.0
L01597,P0019,2026-01-18,2,1,1,0,10.0
L01597,P0074,2026-01-18,3,1,1,0,10.0
L01597,P0061,2026-01-18,4,1,1,0,12.0
L01597,P0049,2026-01-18,5,1,1,0,12.0
L02073,P0160,2026-01-18,1,1,1,0,15.0
L02073,P0144,2026-01-18,2,1,1,0,8.0
L02073,P0053,2026-01-18,3,0,0,0,10.0
L02073,P0021,2026-01-18,4,1,0,0,12.0
L02073,P0051,2026-01-18,5,0,0,0,15.0
L02043,P0205,2026-01-18,1,0,0,0,12.0
L02043,P0086,2026-01-18,2,1,0,0,15.0
L02043,P0196,2026-01-18,3,1,1,0,12.0
L02043,P0128,2026-01-18,4,0,0,0,8.0
L02043,P0056,2026-01-18,5,1,1,1,12.0
L01707,P0026,2026-01-18,1,0,0,0,8.0
L01707,P0001,2026-01-18,2,0,0,0,8.0
L01707,P0119,2026-01-18,3,1,0,0,12.0
L01707,P0174,2026-01-18,4,0,0,0,12.0
L01707,P0187,2026-01-18,5,1,1,0,15.0
L01706,P0150,2026-01-18,1,0,0,0,8.0
L01706,P0021,2026-01-18,2,1,0,0,12.0
L01706,P0193,2026-01-18,3,0,0,0,12.0
L01706,P0152,2026-01-18,4,0,0,0,10.0
L01706,P0017,2026-01-18,5,1,1,1,15.0
L00322,P0001,2026-01-18,1,0,0,0,15.0
L00322,P0123,2026-01-18,2,1,0,0,10.0
L00322,P0215,2026-01-18,3,0,0,0,10.0
L00322,P0174,2026-01-18,4,0,0,0,12.0
L00322,P0010,2026-01-18,5,0,0,0,12.0
L00060,P0119,2026-01-18,1,1,1,0,10.0
L00060,P0123,2026-01-18,2,1,0,0,12.0
L00060,P0026,2026-01-18,3,0,0,0,8.0
L00060,P0215,2026-01-18,4,1,1,0,8.0
L00060,P0057,2026-01-18,5,0,0,0,12.0
L00820,P0178,2026-01-18,1,0,0,0,15.0
L00820,P0044,2026-01-18,2,1,1,1,10.0
L00820,P0056,2026-01-18,3,1,1,0,15.0
L00820,P0116,2026-01-18,4,1,1,0,15.0
L00820,P0086,2026-01-18,5,1,0,0,15.0
L01332,P0069,2026-01-18,1,1,0,0,8.0
L01332,P0165,2026-01-18,2,1,1,0,10.0
L01332,P0015,2026-01-18,3,1,1,1,15.0
L01332,P0084,2026-01-18,4,0,0,0,8.0
L01332,P0216,2026-01-18,5,0,0,0,8.0
L00650,P0151,2026-01-18,1,0,0,0,15.0
L00650,P0101,2026-01-18,2,1,1,0,15.0
L00650,P0039,2026-01-18,3,1,1,0,15.0
L00650,P0088,2026-01-18,4,1,1,0,8.0
L00650,P0051,2026-01-18,5,1,1,0,15.0
L01899,P0046,2026-01-18,1,0,0,0,12.0
L01899,P0035,2026-01-18,2,1,1,1,12.0
L01899,P0168,2026-01-18,3,1,0,0,8.0
L01899,P0130,2026-01-18,4,0,0,0,10.0
L01899,P0137,2026-01-18,5,0,0,0,10.0
L00483,P0180,2026-01-18,1,1,1,0,15.0
L00483,P0195,2026-01-18,2,1,0,0,12.0
L00483,P0112,2026-01-18,3,0,0,0,12.0
L00483,P0047,2026-01-18,4,1,1,0,15.0
L00483,P0026,2026-01-18,5,1,0,0,15.0
L01861,P0158,2026-01-18,1,0,0,0,10.0
L01861,P0111,2026-01-18,2,0,0,0,10.0
L01861,P0094,2026-01-18,3,0,0,0,8.0
L01861,P0028,2026-01-18,4,0,0,0,10.0
L01861,P0008,2026-01-18,5,0,0,0,12.0
L02682,P0035,2026-01-18,1,1,1,0,10.0
L02682,P0191,2026-01-18,2,0,0,0,12.0
L02682,P0064,2026-01-18,3,1,1,1,10.0
L02682,P0130,2026-01-18,4,1,1,0,10.0
L02682,P0095,2026-01-18,5,0,0,0,12.0
L01159,P0203,2026-01-18,1,0,0,0,10.0
L01159,P0037,2026-01-18,2,0,0,0,10.0
L01159,P0084,2026-01-18,3,0,0,0,10.0
L01159,P0129,2026-01-18,4,1,1,0,12.0
L01159,P0156,2026-01-18,5,1,1,0,15.0
L01198,P0026,2026-01-18,1,1,1,1,15.0
L01198,P0215,2026-01-18,2,1,1,1,8.0
L01198,P0174,2026-01-18,3,1,1,0,12.0
L01198,P0119,2026-01-18,4,1,1,0,15.0
L01198,P0010,2026-01-18,5,1,0,0,12.0
L01759,P0081,2026-01-18,1,1,1,0,8.0
L01759,P0086,2026-01-18,2,1,0,0,10.0
L01759,P0103,2026-01-18,3,1,0,0,12.0
L01759,P0147,2026-01-18,4,1,1,1,15.0
L01759,P0044,2026-01-18,5,0,0,0,8.0
L00969,P0021,2026-01-19,1,1,1,0,15.0
L00969,P0152,2026-01-19,2,1,1,1,15.0
L00969,P0193,2026-01-19,3,1,1,0,8.0
L00969,P0218,2026-01-19,4,1,1,0,12.0
L00969,P0017,2026-01-19,5,0,0,0,10.0
L02095,P0115,2026-01-19,1,0,0,0,15.0
L02095,P0028,2026-01-19,2,0,0,0,10.0
L02095,P0066,2026-01-19,3,0,0,0,12.0
L02095,P0164,2026-01-19,4,0,0,0,12.0
L02095,P0067,2026-01-19,5,1,1,0,8.0
L01778,P0019,2026-01-19,1,0,0,0,8.0
L01778,P0114,2026-01-19,2,0,0,0,12.0
L01778,P0006,2026-01-19,3,1,1,0,8.0
L01778,P0065,2026-01-19,4,1,1,1,10.0
L01778,P0097,2026-01-19,5,1,1,0,10.0
L02910,P0029,2026-01-19,1,1,0,0,12.0
L02910,P0070,2026-01-19,2,0,0,0,12.0
L02910,P0175,2026-01-19,3,1,1,1,10.0
L02910,P0181,2026-01-19,4,1,0,0,12.0
L02910,P0110,2026-01-19,5,0,0,0,10.0
L02291,P0030,2026-01-19,1,0,0,0,12.0
L02291,P0057,2026-01-19,2,0,0,0,8.0
L02291,P0187,2026-01-19,3,0,0,0,8.0
L02291,P0119,2026-01-19,4,1,1,0,12.0
L02291,P0037,2026-01-19,5,0,0,0,15.0
L00300,P0010,2026-01-19,1,0,0,0,10.0
L00300,P0126,2026-01-19,2,1,1,0,8.0
L00300,P0112,2026-01-19,3,1,1,0,12.0
L00300,P0188,2026-01-19,4,1,1,1,15.0
L00300,P0033,2026-01-19,5,1,1,0,8.0
L00442,P0186,2026-01-19,1,1,0,0,8.0
L00442,P0138,2026-01-19,2,1,1,0,8.0
L00442,P0124,2026-01-19,3,0,0,0,10.0
L00442,P0025,2026-01-19,4,0,0,0,15.0
L00442,P0032,2026-01-19,5,0,0,0,10.0
L02200,P0041,2026-01-19,1,0,0,0,8.0
L02200,P0056,2026-01-19,2,1,1,1,12.0
L02200,P0063,2026-01-19,3,0,0,0,15.0
L02200,P0014,2026-01-19,4,0,0,0,15.0
L02200,P0044,2026-01-19,5,0,0,0,10.0
L00404,P0018,2026-01-19,1,1,1,0,8.0
L00404,P0118,2026-01-19,2,1,1,0,15.0
L00404,P0073,2026-01-19,3,1,1,1,12.0
L00404,P0213,2026-01-19,4,1,1,0,8.0
L00404,P0079,2026-01-19,5,1,1,0,12.0
L01736,P0101,2026-01-19,1,0,0,0,12.0
L01736,P0176,2026-01-19,2,0,0,0,8.0
L01736,P0142,2026-01-19,3,1,1,1,15.0
L01736,P0151,2026-01-19,4,1,1,0,10.0
L01736,P0088,2026-01-19,5,0,0,0,10.0
L02583,P0043,2026-01-19,1,0,0,0,12.0
L02583,P0201,2026-01-19,2,1,1,0,12.0
L02583,P0171,2026-01-19,3,1,1,1,15.0
L02583,P0173,2026-01-19,4,0,0,0,12.0
L02583,P0175,2026-01-19,5,0,0,0,12.0
L00778,P0153,2026-01-19,1,1,0,0,12.0
L00778,P0181,2026-01-19,2,0,0,0,10.0
L00778,P0062,2026-01-19,3,1,1,0,8.0
L00778,P0029,2026-01-19,4,0,0,0,15.0
L00778,P0068,2026-01-19,5,1,1,0,8.0
L02099,P0216,2026-01-20,1,0,0,0,15.0
L02099,P0015,2026-01-20,2,1,1,1,15.0
L02099,P0024,2026-01-20,3,0,0,0,15.0
L02099,P0069,2026-01-20,4,0,0,0,15.0
L02099,P0165,2026-01-20,5,0,0,0,10.0
L01939,P0171,2026-01-20,1,1,0,0,10.0
L01939,P0143,2026-01-20,2,0,0,0,15.0
L01939,P0114,2026-01-20,3,0,0,0,15.0
L01939,P0019,2026-01-20,4,0,0,0,10.0
L01939,P0058,2026-01-20,5,1,1,0,12.0
L01571,P0199,2026-01-20,1,0,0,0,10.0
L01571,P0192,2026-01-20,2,1,1,0,12.0
L01571,P0196,2026-01-20,3,0,0,0,12.0
L01571,P0103,2026-01-20,4,0,0,0,8.0
L01571,P0086,2026-01-20,5,1,1,0,15.0
L00536,P0074,2026-01-20,1,1,1,0,10.0
L00536,P0173,2026-01-20,2,0,0,0,10.0
L00536,P0110,2026-01-20,3,0,0,0,12.0
L00536,P0049,2026-01-20,4,1,1,1,15.0
L00536,P0105,2026-01-20,5,0,0,0,10.0
L00890,P0073,2026-01-20,1,0,0,0,8.0
L00890,P0118,2026-01-20,2,1,0,0,15.0
L00890,P0018,2026-01-20,3,0,0,0,8.0
L00890,P0202,2026-01-20,4,0,0,0,10.0
L00890,P0172,2026-01-20,5,1,1,0,12.0
L02422,P0032,2026-01-20,1,0,0,0,10.0
L02422,P0138,2026-01-20,2,1,1,0,15.0
L02422,P0050,2026-01-20,3,1,1,0,8.0
L02422,P0186,2026-01-20,4,1,1,0,8.0
L02422,P0004,2026-01-20,5,0,0,0,12.0
L02740,P0068,2026-01-20,1,1,0,0,8.0
L02740,P0029,2026-01-20,2,0,0,0,12.0
L02740,P0153,2026-01-20,3,0,0,0,12.0
L02740,P0181,2026-01-20,4,1,1,0,8.0
L02740,P0148,2026-01-20,5,0,0,0,15.0
L02809,P0194,2026-01-20,1,1,1,1,12.0
L02809,P0032,2026-01-20,2,1,0,0,10.0
L02809,P0061,2026-01-20,3,1,1,1,12.0
L02809,P0120,2026-01-20,4,0,0,0,8.0
L02809,P0025,2026-01-20,5,1,0,0,12.0
L01844,P0175,2026-01-20,1,0,0,0,10.0
L01844,P0173,2026-01-20,2,0,0,0,12.0
L01844,P0049,2026-01-20,3,1,1,0,12.0
L01844,P0110,2026-01-20,4,0,0,0,10.0
L01844,P0043,2026-01-20,5,0,0,0,12.0
L01296,P0092,2026-01-20,1,1,1,1,12.0
L01296,P0184,2026-01-20,2,0,0,0,10.0
L01296,P0051,2026-01-20,3,0,0,0,10.0
L01296,P0218,2026-01-20,4,0,0,0,8.0
L01296,P0017,2026-01-20,5,0,0,0,15.0
L02734,P0020,2026-01-20,1,0,0,0,15.0
L02734,P0041,2026-01-20,2,0,0,0,12.0
L02734,P0158,2026-01-20,3,1,1,0,15.0
L02734,P0063,2026-01-20,4,0,0,0,8.0
L02734,P0056,2026-01-20,5,1,1,1,10.0
L00081,P0013,2026-01-21,1,0,0,0,8.0
L00081,P0182,2026-01-21,2,1,1,0,12.0
L00081,P0098,2026-01-21,3,0,0,0,10.0
L00081,P0132,2026-01-21,4,0,0,0,15.0
L00081,P0080,2026-01-21,5,0,0,0,15.0
L02504,P0010,2026-01-21,1,1,1,1,12.0
L02504,P0005,2026-01-21,2,1,1,0,8.0
L02504,P0047,2026-01-21,3,0,0,0,15.0
L02504,P0209,2026-01-21,4,0,0,0,15.0
L02504,P0003,2026-01-21,5,0,0,0,15.0
L00218,P0077,2026-01-21,1,1,0,0,10.0
L00218,P0200,2026-01-21,2,1,1,0,8.0
L00218,P0174,2026-01-21,3,1,1,1,10.0
L00218,P0033,2026-01-21,4,0,0,0,8.0
L00218,P0027,2026-01-21,5,1,1,0,15.0
L01003,P0213,2026-01-21,1,0,0,0,10.0
L01003,P0172,2026-01-21,2,0,0,0,15.0
L01003,P0018,2026-01-21,3,1,1,0,8.0
L01003,P0073,2026-01-21,4,0,0,0,10.0
L01003,P0202,2026-01-21,5,1,1,0,15.0
L00992,P0118,2026-01-21,1,1,1,0,12.0
L00992,P0018,2026-01-21,2,0,0,0,8.0
L00992,P0073,2026-01-21,3,1,1,0,12.0
L00992,P0145,2026-01-21,4,1,1,0,15.0
L00992,P0079,2026-01-21,5,1,0,0,10.0
L02761,P0104,2026-01-21,1,0,0,0,15.0
L02761,P0074,2026-01-21,2,1,1,0,12.0
L02761,P0173,2026-01-21,3,0,0,0,8.0
L02761,P0100,2026-01-21,4,0,0,0,10.0
L02761,P0049,2026-01-21,5,1,0,0,15.0
L00851,P0016,2026-01-21,1,0,0,0,12.0
L00851,P0134,2026-01-21,2,0,0,0,12.0
L00851,P0188,2026-01-21,3,0,0,0,10.0
L00851,P0195,2026-01-21,4,0,0,0,12.0
L00851,P0034,2026-01-21,5,0,0,0,12.0
L01740,P0020,2026-01-21,1,1,0,0,15.0
L01740,P0028,2026-01-21,2,1,1,0,12.0
L01740,P0066,2026-01-21,3,1,1,1,15.0
L01740,P0085,2026-01-21,4,0,0,0,10.0
L01740,P0149,2026-01-21,5,0,0,0,8.0
L01089,P0074,2026-01-21,1,0,0,0,15.0
L01089,P0058,2026-01-21,2,1,1,0,15.0
L01089,P0173,2026-01-21,3,1,0,0,8.0
L01089,P0061,2026-01-21,4,1,1,0,8.0
L01089,P0120,2026-01-21,5,1,1,1,10.0
L01308,P0124,2026-01-21,1,0,0,0,12.0
L01308,P0138,2026-01-21,2,1,0,0,10.0
L01308,P0100,2026-01-21,3,0,0,0,15.0
L01308,P0120,2026-01-21,4,0,0,0,12.0
L01308,P0025,2026-01-21,5,0,0,0,10.0
L02521,P0159,2026-01-21,1,0,0,0,8.0
L02521,P0134,2026-01-21,2,1,0,0,10.0
L02521,P0016,2026-01-21,3,1,1,1,8.0
L02521,P0195,2026-01-21,4,0,0,0,10.0
L02521,P0188,2026-01-21,5,0,0,0,10.0
L01576,P0121,2026-01-21,1,1,1,0,12.0
L01576,P0013,2026-01-21,2,0,0,0,15.0
L01576,P0098,2026-01-21,3,0,0,0,10.0
L01576,P0080,2026-01-21,4,0,0,0,12.0
L01576,P0132,2026-01-21,5,0,0,0,12.0
L00505,P0206,2026-01-21,1,0,0,0,10.0
L00505,P0071,2026-01-21,2,0,0,0,8.0
L00505,P0174,2026-01-21,3,1,1,0,15.0
L00505,P0200,2026-01-21,4,0,0,0,8.0
L00505,P0072,2026-01-21,5,0,0,0,10.0
L02775,P0165,2026-01-21,1,1,1,0,8.0
L02775,P0069,2026-01-21,2,1,1,0,12.0
L02775,P0084,2026-01-21,3,1,0,0,8.0
L02775,P0216,2026-01-21,4,0,0,0,15.0
L02775,P0030,2026-01-21,5,0,0,0,15.0
L02072,P0118,2026-01-21,1,1,1,0,10.0
L02072,P0035,2026-01-21,2,0,0,0,15.0
L02072,P0018,2026-01-21,3,1,1,0,10.0
L02072,P0079,2026-01-21,4,0,0,0,15.0
L02072,P0213,2026-01-21,5,1,0,0,8.0
L01709,P0026,2026-01-21,1,1,1,0,8.0
L01709,P0001,2026-01-21,2,1,1,1,8.0
L01709,P0174,2026-01-21,3,1,1,1,12.0
L01709,P0187,2026-01-21,4,1,1,0,10.0
L01709,P0005,2026-01-21,5,1,1,1,12.0
L02021,P0001,2026-01-21,1,0,0,0,8.0
L02021,P0123,2026-01-21,2,0,0,0,10.0
L02021,P0026,2026-01-21,3,0,0,0,8.0
L02021,P0187,2026-01-21,4,1,1,0,12.0
L02021,P0010,2026-01-21,5,1,1,0,12.0
L02448,P0016,2026-01-21,1,0,0,0,12.0
L02448,P0159,2026-01-21,2,0,0,0,8.0
L02448,P0112,2026-01-21,3,0,0,0,8.0
L02448,P0188,2026-01-21,4,0,0,0,12.0
L02448,P0089,2026-01-21,5,0,0,0,15.0
L02802,P0029,2026-01-21,1,1,0,0,8.0
L02802,P0070,2026-01-21,2,1,1,1,15.0
L02802,P0062,2026-01-21,3,1,0,0,15.0
L02802,P0181,2026-01-21,4,0,0,0,15.0
L02802,P0049,2026-01-21,5,1,1,1,10.0
L02914,P0109,2026-01-21,1,1,1,1,12.0
L02914,P0010,2026-01-21,2,0,0,0,15.0
L02914,P0112,2026-01-21,3,1,1,0,10.0
L02914,P0188,2026-01-21,4,1,0,0,15.0
L02914,P0033,2026-01-21,5,1,1,0,15.0
L01176,P0172,2026-01-21,1,1,1,0,10.0
L01176,P0118,2026-01-21,2,1,1,0,8.0
L01176,P0073,2026-01-21,3,1,0,0,12.0
L01176,P0145,2026-01-21,4,0,0,0,10.0
L01176,P0079,2026-01-21,5,0,0,0,10.0
L00366,P0143,2026-01-21,1,0,0,0,12.0
L00366,P0058,2026-01-21,2,1,1,1,8.0
L00366,P0189,2026-01-21,3,1,0,0,12.0
L00366,P0065,2026-01-21,4,1,1,0,15.0
L00366,P0097,2026-01-21,5,0,0,0,12.0
L01468,P0050,2026-01-21,1,1,1,0,10.0
L01468,P0138,2026-01-21,2,0,0,0,12.0
L01468,P0120,2026-01-21,3,0,0,0,8.0
L01468,P0100,2026-01-21,4,0,0,0,10.0
L01468,P0032,2026-01-21,5,0,0,0,15.0
L00813,P0175,2026-01-21,1,0,0,0,12.0
L00813,P0106,2026-01-21,2,0,0,0,8.0
L00813,P0029,2026-01-21,3,0,0,0,10.0
L00813,P0173,2026-01-21,4,0,0,0,15.0
L00813,P0043,2026-01-21,5,1,1,0,8.0
L02555,P0003,2026-01-21,1,0,0,0,12.0
L02555,P0026,2026-01-21,2,0,0,0,12.0
L02555,P0183,2026-01-21,3,1,1,0,12.0
L02555,P0005,2026-01-21,4,1,1,1,8.0
L02555,P0083,2026-01-21,5,0,0,0,15.0
L00459,P0123,2026-01-21,1,1,1,0,8.0
L00459,P0215,2026-01-21,2,0,0,0,12.0
L00459,P0119,2026-01-21,3,0,0,0,10.0
L00459,P0174,2026-01-21,4,0,0,0,15.0
L00459,P0187,2026-01-21,5,0,0,0,12.0
L00938,P0090,2026-01-21,1,1,0,0,15.0
L00938,P0120,2026-01-21,2,0,0,0,12.0
L00938,P0138,2026-01-21,3,1,1,1,8.0
L00938,P0081,2026-01-21,4,1,1,1,12.0
L00938,P0086,2026-01-21,5,1,1,1,12.0
L02403,P0055,2026-01-21,1,1,1,0,15.0
L02403,P0088,2026-01-21,2,0,0,0,12.0
L02403,P0078,2026-01-21,3,0,0,0,15.0
L02403,P0150,2026-01-21,4,0,0,0,12.0
L02403,P0092,2026-01-21,5,0,0,0,8.0
L01856,P0035,2026-01-21,1,0,0,0,12.0
L01856,P0073,2026-01-21,2,0,0,0,12.0
L01856,P0018,2026-01-21,3,1,1,0,12.0
L01856,P0172,2026-01-21,4,1,1,1,8.0
L01856,P0031,2026-01-21,5,1,1,0,8.0
L02627,P0187,2026-01-22,1,1,0,0,10.0
L02627,P0119,2026-01-22,2,1,1,1,8.0
L02627,P0174,2026-01-22,3,0,0,0,10.0
L02627,P0215,2026-01-22,4,1,1,1,8.0
L02627,P0057,2026-01-22,5,0,0,0,8.0
L01322,P0115,2026-01-22,1,1,1,0,8.0
L01322,P0158,2026-01-22,2,0,0,0,15.0
L01322,P0056,2026-01-22,3,1,1,1,15.0
L01322,P0014,2026-01-22,4,0,0,0,8.0
L01322,P0044,2026-01-22,5,0,0,0,12.0
L02435,P0033,2026-01-22,1,1,1,1,12.0
L02435,P0027,2026-01-22,2,0,0,0,8.0
L02435,P0211,2026-01-22,3,1,1,1,8.0
L02435,P0200,2026-01-22,4,1,0,0,12.0
L02435,P0077,2026-01-22,5,0,0,0,12.0
L02146,P0006,2026-01-22,1,1,1,0,8.0
L02146,P0114,2026-01-22,2,1,0,0,8.0
L02146,P0058,2026-01-22,3,1,1,1,12.0
L02146,P0148,2026-01-22,4,1,1,0,15.0
L02146,P0189,2026-01-22,5,1,1,0,15.0
L00263,P0058,2026-01-22,1,1,1,1,15.0
L00263,P0148,2026-01-22,2,0,0,0,12.0
L00263,P0143,2026-01-22,3,1,1,0,15.0
L00263,P0019,2026-01-22,4,1,1,0,15.0
L00263,P0097,2026-01-22,5,1,1,0,10.0
L00261,P0100,2026-01-22,1,1,1,1,15.0
L00261,P0194,2026-01-22,2,0,0,0,12.0
L00261,P0138,2026-01-22,3,0,0,0,8.0
L00261,P0105,2026-01-22,4,0,0,0,10.0
L00261,P0104,2026-01-22,5,0,0,0,12.0
L00777,P0120,2026-01-22,1,1,0,0,15.0
L00777,P0100,2026-01-22,2,1,0,0,12.0
L00777,P0050,2026-01-22,3,1,1,0,15.0
L00777,P0186,2026-01-22,4,1,0,0,8.0
L00777,P0105,2026-01-22,5,1,1,0,12.0
L01995,P0122,2026-01-22,1,1,1,0,12.0
L01995,P0159,2026-01-22,2,1,1,0,15.0
L01995,P0112,2026-01-22,3,0,0,0,12.0
L01995,P0034,2026-01-22,4,1,1,0,12.0
L01995,P0089,2026-01-22,5,0,0,0,8.0
L00285,P0023,2026-01-22,1,0,0,0,15.0
L00285,P0020,2026-01-22,2,1,1,0,8.0
L00285,P0053,2026-01-22,3,1,1,1,12.0
L00285,P0076,2026-01-22,4,0,0,0,8.0
L00285,P0017,2026-01-22,5,0,0,0,8.0
L01200,P0123,2026-01-22,1,0,0,0,8.0
L01200,P0183,2026-01-22,2,1,0,0,15.0
L01200,P0083,2026-01-22,3,0,0,0,8.0
L01200,P0005,2026-01-22,4,1,1,1,8.0
L01200,P0124,2026-01-22,5,0,0,0,8.0
L01265,P0056,2026-01-22,1,0,0,0,8.0
L01265,P0044,2026-01-22,2,1,0,0,10.0
L01265,P0147,2026-01-22,3,1,1,0,8.0
L01265,P0116,2026-01-22,4,1,1,0,8.0
L01265,P0028,2026-01-22,5,0,0,0,8.0
L02387,P0028,2026-01-22,1,0,0,0,12.0
L02387,P0041,2026-01-22,2,1,1,0,15.0
L02387,P0115,2026-01-22,3,0,0,0,10.0
L02387,P0158,2026-01-22,4,0,0,0,8.0
L02387,P0063,2026-01-22,5,0,0,0,10.0
L00215,P0125,2026-01-22,1,0,0,0,8.0
L00215,P0157,2026-01-22,2,1,1,0,12.0
L00215,P0115,2026-01-22,3,1,1,0,8.0
L00215,P0179,2026-01-22,4,1,1,0,8.0
L00215,P0022,2026-01-22,5,1,1,0,10.0
L02457,P0164,2026-01-22,1,1,0,0,15.0
L02457,P0096,2026-01-22,2,1,0,0,12.0
L02457,P0085,2026-01-22,3,0,0,0,10.0
L02457,P0020,2026-01-22,4,1,1,0,8.0
L02457,P0011,2026-01-22,5,0,0,0,15.0
L02360,P0093,2026-01-22,1,1,1,0,8.0
L02360,P0120,2026-01-22,2,1,0,0,8.0
L02360,P0124,2026-01-22,3,1,1,1,12.0
L02360,P0006,2026-01-22,4,1,0,0,10.0
L02360,P0086,2026-01-22,5,0,0,0,10.0
L02756,P0072,2026-01-22,1,0,0,0,8.0
L02756,P0033,2026-01-22,2,0,0,0,10.0
L02756,P0027,2026-01-22,3,0,0,0,12.0
L02756,P0077,2026-01-22,4,0,0,0,15.0
L02756,P0187,2026-01-22,5,0,0,0,10.0
L01456,P0171,2026-01-22,1,0,0,0,15.0
L01456,P0197,2026-01-22,2,0,0,0,12.0
L01456,P0114,2026-01-22,3,0,0,0,10.0
L01456,P0143,2026-01-22,4,1,1,0,10.0
L01456,P0019,2026-01-22,5,0,0,0,15.0
L00864,P0116,2026-01-22,1,1,0,0,12.0
L00864,P0053,2026-01-22,2,1,1,0,10.0
L00864,P0020,2026-01-22,3,1,1,0,10.0
L00864,P0023,2026-01-22,4,1,1,0,12.0
L00864,P0011,2026-01-22,5,0,0,0,8.0
L01751,P0138,2026-01-22,1,1,1,0,8.0
L01751,P0124,2026-01-22,2,1,1,1,12.0
L01751,P0186,2026-01-22,3,1,1,0,10.0
L01751,P0120,2026-01-22,4,0,0,0,8.0
L01751,P0100,2026-01-22,5,1,1,1,10.0
L01781,P0200,2026-01-22,1,1,1,0,8.0
L01781,P0071,2026-01-22,2,1,1,1,12.0
L01781,P0174,2026-01-22,3,1,1,0,15.0
L01781,P0198,2026-01-22,4,1,0,0,15.0
L01781,P0033,2026-01-22,5,0,0,0,12.0
L01507,P0001,2026-01-22,1,1,1,0,15.0
L01507,P0215,2026-01-22,2,1,1,0,12.0
L01507,P0026,2026-01-22,3,0,0,0,15.0
L01507,P0005,2026-01-22,4,0,0,0,10.0
L01507,P0124,2026-01-22,5,0,0,0,12.0
L01779,P0120,2026-01-22,1,1,0,0,15.0
L01779,P0108,2026-01-22,2,1,1,0,15.0
L01779,P0090,2026-01-22,3,1,0,0,8.0
L01779,P0138,2026-01-22,4,1,0,0,12.0
L01779,P0086,2026-01-22,5,0,0,0,12.0
L02316,P0128,2026-01-22,1,1,1,1,8.0
L02316,P0205,2026-01-22,2,0,0,0,10.0
L02316,P0044,2026-01-22,3,0,0,0,12.0
L02316,P0056,2026-01-22,4,1,1,1,8.0
L02316,P0147,2026-01-22,5,0,0,0,12.0
L02118,P0187,2026-01-22,1,1,0,0,15.0
L02118,P0123,2026-01-22,2,1,1,0,12.0
L02118,P0001,2026-01-22,3,0,0,0,15.0
L02118,P0003,2026-01-22,4,0,0,0,8.0
L02118,P0057,2026-01-22,5,1,0,0,15.0
L00086,P0181,2026-01-22,1,1,1,0,12.0
L00086,P0062,2026-01-22,2,0,0,0,10.0
L00086,P0106,2026-01-22,3,1,1,0,12.0
L00086,P0029,2026-01-22,4,0,0,0,8.0
L00086,P0070,2026-01-22,5,0,0,0,10.0
L02246,P0051,2026-01-22,1,0,0,0,15.0
L02246,P0078,2026-01-22,2,0,0,0,12.0
L02246,P0193,2026-01-22,3,0,0,0,8.0
L02246,P0184,2026-01-22,4,0,0,0,15.0
L02246,P0092,2026-01-22,5,0,0,0,15.0
L00412,P0156,2026-01-22,1,0,0,0,15.0
L00412,P0030,2026-01-22,2,0,0,0,15.0
L00412,P0129,2026-01-22,3,1,1,0,8.0
L00412,P0174,2026-01-22,4,0,0,0,10.0
L00412,P0059,2026-01-22,5,0,0,0,12.0
L02542,P0088,2026-01-22,1,1,0,0,15.0
L02542,P0055,2026-01-22,2,0,0,0,8.0
L02542,P0092,2026-01-22,3,0,0,0,10.0
L02542,P0021,2026-01-22,4,0,0,0,15.0
L02542,P0184,2026-01-22,5,0,0,0,10.0
L01443,P0123,2026-01-22,1,0,0,0,8.0
L01443,P0215,2026-01-22,2,1,1,1,8.0
L01443,P0001,2026-01-22,3,0,0,0,12.0
L01443,P0187,2026-01-22,4,1,1,0,12.0
L01443,P0174,2026-01-22,5,0,0,0,8.0
L02679,P0038,2026-01-22,1,1,0,0,8.0
L02679,P0111,2026-01-22,2,1,1,0,15.0
L02679,P0002,2026-01-22,3,1,0,0,15.0
L02679,P0094,2026-01-22,4,0,0,0,8.0
L02679,P0140,2026-01-22,5,0,0,0,12.0
L00725,P0216,2026-01-23,1,1,1,0,10.0
L00725,P0069,2026-01-23,2,1,1,1,15.0
L00725,P0165,2026-01-23,3,0,0,0,8.0
L00725,P0037,2026-01-23,4,1,0,0,10.0
L00725,P0030,2026-01-23,5,1,1,0,15.0
L01668,P0121,2026-01-23,1,1,1,0,8.0
L01668,P0162,2026-01-23,2,0,0,0,10.0
L01668,P0132,2026-01-23,3,0,0,0,10.0
L01668,P0098,2026-01-23,4,0,0,0,8.0
L01668,P0013,2026-01-23,5,1,0,0,12.0
L01906,P0047,2026-01-23,1,0,0,0,10.0
L01906,P0209,2026-01-23,2,0,0,0,10.0
L01906,P0112,2026-01-23,3,1,1,0,10.0
L01906,P0005,2026-01-23,4,0,0,0,8.0
L01906,P0207,2026-01-23,5,0,0,0,8.0
L02469,P0207,2026-01-23,1,1,1,0,10.0
L02469,P0219,2026-01-23,2,1,1,1,8.0
L02469,P0047,2026-01-23,3,1,1,0,12.0
L02469,P0112,2026-01-23,4,0,0,0,15.0
L02469,P0209,2026-01-23,5,0,0,0,12.0
L00182,P0151,2026-01-23,1,0,0,0,10.0
L00182,P0176,2026-01-23,2,1,0,0,8.0
L00182,P0177,2026-01-23,3,0,0,0,12.0
L00182,P0088,2026-01-23,4,1,0,0,8.0
L00182,P0021,2026-01-23,5,0,0,0,12.0
L01469,P0099,2026-01-23,1,1,1,0,15.0
L01469,P0008,2026-01-23,2,0,0,0,12.0
L01469,P0140,2026-01-23,3,0,0,0,10.0
L01469,P0193,2026-01-23,4,0,0,0,12.0
L01469,P0094,2026-01-23,5,1,1,0,12.0
L01590,P0180,2026-01-23,1,0,0,0,10.0
L01590,P0005,2026-01-23,2,1,1,0,12.0
L01590,P0010,2026-01-23,3,0,0,0,15.0
L01590,P0047,2026-01-23,4,0,0,0,15.0
L01590,P0195,2026-01-23,5,0,0,0,15.0
L01471,P0111,2026-01-23,1,1,0,0,12.0
L01471,P0002,2026-01-23,2,1,1,1,15.0
L01471,P0041,2026-01-23,3,1,1,0,10.0
L01471,P0158,2026-01-23,4,0,0,0,12.0
L01471,P0036,2026-01-23,5,0,0,0,10.0
L02565,P0181,2026-01-23,1,1,1,1,8.0
L02565,P0062,2026-01-23,2,1,0,0,12.0
L02565,P0070,2026-01-23,3,1,1,0,12.0
L02565,P0029,2026-01-23,4,0,0,0,12.0
L02565,P0175,2026-01-23,5,0,0,0,12.0
L00669,P0084,2026-01-23,1,1,1,0,12.0
L00669,P0091,2026-01-23,2,1,1,0,15.0
L00669,P0155,2026-01-23,3,0,0,0,15.0
L00669,P0037,2026-01-23,4,0,0,0,8.0
L00669,P0024,2026-01-23,5,0,0,0,10.0
L01976,P0084,2026-01-23,1,1,1,0,8.0
L01976,P0203,2026-01-23,2,0,0,0,12.0
L01976,P0129,2026-01-23,3,1,1,1,12.0
L01976,P0156,2026-01-23,4,0,0,0,15.0
L01976,P0119,2026-01-23,5,1,0,0,12.0
L00548,P0094,2026-01-23,1,1,1,0,15.0
L00548,P0002,2026-01-23,2,1,0,0,8.0
L00548,P0111,2026-01-23,3,1,0,0,8.0
L00548,P0020,2026-01-23,4,0,0,0,15.0
L00548,P0008,2026-01-23,5,0,0,0,12.0
L02259,P0003,2026-01-23,1,1,0,0,10.0
L02259,P0001,2026-01-23,2,1,0,0,8.0
L02259,P0026,2026-01-23,3,0,0,0,8.0
L02259,P0005,2026-01-23,4,0,0,0,12.0
L02259,P0083,2026-01-23,5,1,0,0,8.0
L00716,P0118,2026-01-23,1,1,0,0,10.0
L00716,P0073,2026-01-23,2,1,1,1,8.0
L00716,P0145,2026-01-23,3,1,1,1,10.0
L00716,P0079,2026-01-23,4,0,0,0,15.0
L00716,P0031,2026-01-23,5,1,0,0,8.0
L02363,P0153,2026-01-23,1,1,1,0,12.0
L02363,P0181,2026-01-23,2,1,1,0,15.0
L02363,P0062,2026-01-23,3,1,0,0,12.0
L02363,P0000,2026-01-23,4,0,0,0,15.0
L02363,P0068,2026-01-23,5,0,0,0,12.0
L01745,P0099,2026-01-23,1,1,1,0,15.0
L01745,P0038,2026-01-23,2,1,1,0,12.0
L01745,P0140,2026-01-23,3,1,0,0,12.0
L01745,P0094,2026-01-23,4,0,0,0,12.0
L01745,P0002,2026-01-23,5,1,1,0,15.0
L00244,P0195,2026-01-23,1,1,1,0,8.0
L00244,P0047,2026-01-23,2,1,1,1,12.0
L00244,P0010,2026-01-23,3,1,0,0,10.0
L00244,P0083,2026-01-23,4,0,0,0,15.0
L00244,P0219,2026-01-23,5,0,0,0,10.0
L01555,P0126,2026-01-23,1,0,0,0,15.0
L01555,P0010,2026-01-23,2,0,0,0,8.0
L01555,P0112,2026-01-23,3,0,0,0,8.0
L01555,P0195,2026-01-23,4,1,1,1,12.0
L01555,P0033,2026-01-23,5,0,0,0,15.0
L00134,P0203,2026-01-23,1,1,1,1,10.0
L00134,P0084,2026-01-23,2,0,0,0,8.0
L00134,P0057,2026-01-23,3,0,0,0,15.0
L00134,P0030,2026-01-23,4,1,1,0,12.0
L00134,P0119,2026-01-23,5,0,0,0,10.0
L02040,P0113,2026-01-23,1,1,1,0,8.0
L02040,P0012,2026-01-23,2,0,0,0,12.0
L02040,P0048,2026-01-23,3,0,0,0,8.0
L02040,P0198,2026-01-23,4,0,0,0,12.0
L02040,P0072,2026-01-23,5,0,0,0,8.0
L02227,P0037,2026-01-23,1,0,0,0,8.0
L02227,P0084,2026-01-23,2,0,0,0,15.0
L02227,P0030,2026-01-23,3,0,0,0,15.0
L02227,P0129,2026-01-23,4,0,0,0,12.0
L02227,P0119,2026-01-23,5,0,0,0,8.0
L00393,P0027,2026-01-23,1,1,1,0,8.0
L00393,P0072,2026-01-23,2,0,0,0,10.0
L00393,P0174,2026-01-23,3,1,1,0,8.0
L00393,P0187,2026-01-23,4,1,1,0,8.0
L00393,P0200,2026-01-23,5,1,1,0,10.0
L01715,P0085,2026-01-23,1,1,1,1,15.0
L01715,P0063,2026-01-23,2,1,1,0,10.0
L01715,P0164,2026-01-23,3,1,1,0,12.0
L01715,P0066,2026-01-23,4,1,1,1,12.0
L01715,P0067,2026-01-23,5,1,1,0,8.0
L01432,P0199,2026-01-24,1,1,0,0,12.0
L01432,P0192,2026-01-24,2,1,1,1,12.0
L01432,P0138,2026-01-24,3,0,0,0,15.0
L01432,P0081,2026-01-24,4,0,0,0,10.0
L01432,P0086,2026-01-24,5,1,1,1,15.0
L01460,P0000,2026-01-24,1,0,0,0,12.0
L01460,P0181,2026-01-24,2,0,0,0,15.0
L01460,P0062,2026-01-24,3,1,1,0,12.0
L01460,P0029,2026-01-24,4,0,0,0,12.0
L01460,P0068,2026-01-24,5,0,0,0,15.0
L01617,P0062,2026-01-24,1,1,1,0,15.0
L01617,P0181,2026-01-24,2,1,0,0,8.0
L01617,P0070,2026-01-24,3,1,1,0,15.0
L01617,P0106,2026-01-24,4,0,0,0,12.0
L01617,P0029,2026-01-24,5,0,0,0,10.0
L02726,P0114,2026-01-24,1,1,1,0,10.0
L02726,P0143,2026-01-24,2,0,0,0,8.0
L02726,P0019,2026-01-24,3,0,0,0,12.0
L02726,P0189,2026-01-24,4,0,0,0,12.0
L02726,P0006,2026-01-24,5,1,0,0,10.0
L02913,P0055,2026-01-24,1,0,0,0,10.0
L02913,P0088,2026-01-24,2,0,0,0,15.0
L02913,P0184,2026-01-24,3,1,1,0,15.0
L02913,P0078,2026-01-24,4,0,0,0,15.0
L02913,P0051,2026-01-24,5,0,0,0,12.0
L02160,P0191,2026-01-24,1,0,0,0,12.0
L02160,P0064,2026-01-24,2,1,1,1,8.0
L02160,P0137,2026-01-24,3,0,0,0,8.0
L02160,P0130,2026-01-24,4,1,1,1,8.0
L02160,P0095,2026-01-24,5,1,0,0,10.0
L02265,P0150,2026-01-24,1,0,0,0,8.0
L02265,P0184,2026-01-24,2,1,1,0,15.0
L02265,P0078,2026-01-24,3,0,0,0,10.0
L02265,P0218,2026-01-24,4,1,1,0,8.0
L02265,P0021,2026-01-24,5,1,0,0,8.0
L00584,P0019,2026-01-24,1,0,0,0,10.0
L00584,P0173,2026-01-24,2,0,0,0,8.0
L00584,P0061,2026-01-24,3,1,1,0,10.0
L00584,P0100,2026-01-24,4,0,0,0,10.0
L00584,P0049,2026-01-24,5,0,0,0,12.0
L00286,P0062,2026-01-24,1,1,1,0,12.0
L00286,P0070,2026-01-24,2,1,1,0,10.0
L00286,P0175,2026-01-24,3,1,0,0,15.0
L00286,P0029,2026-01-24,4,0,0,0,15.0
L00286,P0106,2026-01-24,5,1,1,1,10.0
L01771,P0028,2026-01-24,1,0,0,0,12.0
L01771,P0041,2026-01-24,2,1,1,0,10.0
L01771,P0115,2026-01-24,3,0,0,0,12.0
L01771,P0158,2026-01-24,4,0,0,0,12.0
L01771,P0044,2026-01-24,5,0,0,0,15.0
L02306,P0018,2026-01-24,1,1,1,1,8.0
L02306,P0172,2026-01-24,2,1,0,0,12.0
L02306,P0073,2026-01-24,3,0,0,0,10.0
L02306,P0079,2026-01-24,4,1,0,0,8.0
L02306,P0213,2026-01-24,5,1,0,0,12.0
L00259,P0124,2026-01-24,1,1,1,1,8.0
L00259,P0194,2026-01-24,2,0,0,0,15.0
L00259,P0100,2026-01-24,3,0,0,0,8.0
L00259,P0120,2026-01-24,4,1,1,0,15.0
L00259,P0061,2026-01-24,5,1,0,0,15.0
L01434,P0167,2026-01-24,1,1,0,0,12.0
L01434,P0088,2026-01-24,2,0,0,0,10.0
L01434,P0150,2026-01-24,3,0,0,0,8.0
L01434,P0092,2026-01-24,4,0,0,0,12.0
L01434,P0051,2026-01-24,5,1,1,0,15.0
L02075,P0105,2026-01-24,1,1,1,1,15.0
L02075,P0058,2026-01-24,2,0,0,0,12.0
L02075,P0074,2026-01-24,3,1,1,0,10.0
L02075,P0173,2026-01-24,4,0,0,0,8.0
L02075,P0019,2026-01-24,5,0,0,0,10.0
L01632,P0028,2026-01-24,1,1,1,0,8.0
L01632,P0020,2026-01-24,2,1,1,1,15.0
L01632,P0158,2026-01-24,3,1,1,1,8.0
L01632,P0014,2026-01-24,4,0,0,0,10.0
L01632,P0044,2026-01-24,5,0,0,0,10.0
L00695,P0067,2026-01-24,1,1,1,0,15.0
L00695,P0014,2026-01-24,2,0,0,0,8.0
L00695,P0149,2026-01-24,3,0,0,0,8.0
L00695,P0115,2026-01-24,4,0,0,0,12.0
L00695,P0020,2026-01-24,5,0,0,0,8.0
L02022,P0164,2026-01-24,1,1,1,0,8.0
L02022,P0066,2026-01-24,2,1,1,1,8.0
L02022,P0096,2026-01-24,3,1,1,1,8.0
L02022,P0212,2026-01-24,4,1,1,1,15.0
L02022,P0020,2026-01-24,5,0,0,0,12.0
L00092,P0009,2026-01-24,1,1,1,1,10.0
L00092,P0107,2026-01-24,2,0,0,0,12.0
L00092,P0113,2026-01-24,3,0,0,0,15.0
L00092,P0060,2026-01-24,4,1,1,1,15.0
L00092,P0033,2026-01-24,5,0,0,0,12.0
L02818,P0082,2026-01-24,1,1,0,0,12.0
L02818,P0086,2026-01-24,2,1,1,1,10.0
L02818,P0116,2026-01-24,3,1,1,0,12.0
L02818,P0186,2026-01-24,4,1,1,0,8.0
L02818,P0124,2026-01-24,5,0,0,0,8.0
L00877,P0174,2026-01-24,1,1,1,0,12.0
L00877,P0119,2026-01-24,2,0,0,0,15.0
L00877,P0215,2026-01-24,3,1,1,1,12.0
L00877,P0123,2026-01-24,4,1,1,0,8.0
L00877,P0030,2026-01-24,5,1,1,0,8.0
L02041,P0033,2026-01-24,1,0,0,0,12.0
L02041,P0027,2026-01-24,2,1,0,0,12.0
L02041,P0072,2026-01-24,3,0,0,0,12.0
L02041,P0198,2026-01-24,4,0,0,0,10.0
L02041,P0187,2026-01-24,5,0,0,0,15.0
L01876,P0029,2026-01-24,1,1,1,1,15.0
L01876,P0062,2026-01-24,2,1,0,0,8.0
L01876,P0153,2026-01-24,3,1,1,0,12.0
L01876,P0000,2026-01-24,4,1,1,0,10.0
L01876,P0114,2026-01-24,5,0,0,0,15.0
L02873,P0174,2026-01-24,1,0,0,0,8.0
L02873,P0215,2026-01-24,2,0,0,0,8.0
L02873,P0123,2026-01-24,3,1,0,0,8.0
L02873,P0026,2026-01-24,4,0,0,0,12.0
L02873,P0030,2026-01-24,5,0,0,0,10.0
L00075,P0155,2026-01-24,1,1,1,0,12.0
L00075,P0084,2026-01-24,2,1,0,0,15.0
L00075,P0015,2026-01-24,3,0,0,0,8.0
L00075,P0024,2026-01-24,4,0,0,0,12.0
L00075,P0030,2026-01-24,5,0,0,0,10.0
L02231,P0091,2026-01-24,1,1,1,0,10.0
L02231,P0216,2026-01-24,2,0,0,0,15.0
L02231,P0084,2026-01-24,3,0,0,0,10.0
L02231,P0037,2026-01-24,4,0,0,0,8.0
L02231,P0165,2026-01-24,5,0,0,0,10.0
L00907,P0124,2026-01-24,1,0,0,0,12.0
L00907,P0138,2026-01-24,2,1,1,0,8.0
L00907,P0192,2026-01-24,3,0,0,0,15.0
L00907,P0120,2026-01-24,4,0,0,0,15.0
L00907,P0025,2026-01-24,5,0,0,0,15.0
L01285,P0104,2026-01-24,1,0,0,0,8.0
L01285,P0173,2026-01-24,2,0,0,0,8.0
L01285,P0058,2026-01-24,3,1,1,0,12.0
L01285,P0100,2026-01-24,4,1,1,0,10.0
L01285,P0049,2026-01-24,5,0,0,0,15.0
L01156,P0189,2026-01-24,1,1,1,0,10.0
L01156,P0148,2026-01-24,2,1,1,1,12.0
L01156,P0143,2026-01-24,3,1,1,0,8.0
L01156,P0058,2026-01-24,4,0,0,0,12.0
L01156,P0114,2026-01-24,5,1,1,0,8.0
L01649,P0058,2026-01-25,1,1,0,0,12.0
L01649,P0031,2026-01-25,2,0,0,0,12.0
L01649,P0110,2026-01-25,3,1,1,0,10.0
L01649,P0104,2026-01-25,4,0,0,0,12.0
L01649,P0105,2026-01-25,5,0,0,0,15.0
L02037,P0029,2026-01-25,1,0,0,0,8.0
L02037,P0068,2026-01-25,2,1,1,1,12.0
L02037,P0062,2026-01-25,3,0,0,0,8.0
L02037,P0148,2026-01-25,4,0,0,0,12.0
L02037,P0000,2026-01-25,5,1,1,1,12.0
L00439,P0082,2026-01-25,1,1,1,1,15.0
L00439,P0086,2026-01-25,2,0,0,0,8.0
L00439,P0136,2026-01-25,3,0,0,0,15.0
L00439,P0116,2026-01-25,4,1,1,1,12.0
L00439,P0138,2026-01-25,5,0,0,0,15.0
L00498,P0163,2026-01-25,1,1,0,0,10.0
L00498,P0065,2026-01-25,2,0,0,0,15.0
L00498,P0161,2026-01-25,3,1,1,1,10.0
L00498,P0185,2026-01-25,4,0,0,0,12.0
L00498,P0035,2026-01-25,5,0,0,0,8.0
L00891,P0061,2026-01-25,1,1,0,0,12.0
L00891,P0186,2026-01-25,2,1,1,0,15.0
L00891,P0050,2026-01-25,3,0,0,0,8.0
L00891,P0124,2026-01-25,4,0,0,0,15.0
L00891,P0105,2026-01-25,5,0,0,0,12.0
L01971,P0181,2026-01-25,1,1,1,1,12.0
L01971,P0029,2026-01-25,2,0,0,0,15.0
L01971,P0175,2026-01-25,3,0,0,0,15.0
L01971,P0070,2026-01-25,4,0,0,0,15.0
L01971,P0106,2026-01-25,5,0,0,0,8.0
L00255,P0067,2026-01-25,1,1,0,0,15.0
L00255,P0164,2026-01-25,2,0,0,0,8.0
L00255,P0149,2026-01-25,3,1,1,0,10.0
L00255,P0063,2026-01-25,4,1,0,0,12.0
L00255,P0028,2026-01-25,5,1,0,0,15.0
L01099,P0009,2026-01-25,1,1,1,0,12.0
L01099,P0012,2026-01-25,2,0,0,0,12.0
L01099,P0113,2026-01-25,3,1,0,0,12.0
L01099,P0048,2026-01-25,4,1,1,0,10.0
L01099,P0198,2026-01-25,5,1,1,1,15.0
L01812,P0070,2026-01-25,1,0,0,0,10.0
L01812,P0106,2026-01-25,2,1,1,0,8.0
L01812,P0173,2026-01-25,3,1,1,1,10.0
L01812,P0110,2026-01-25,4,0,0,0,10.0
L01812,P0043,2026-01-25,5,0,0,0,12.0
L01782,P0012,2026-01-25,1,0,0,0,12.0
L01782,P0113,2026-01-25,2,0,0,0,12.0
L01782,P0009,2026-01-25,3,1,1,0,12.0
L01782,P0027,2026-01-25,4,1,1,1,10.0
L01782,P0198,2026-01-25,5,0,0,0,15.0
L01993,P0191,2026-01-25,1,1,0,0,10.0
L01993,P0046,2026-01-25,2,1,0,0,12.0
L01993,P0064,2026-01-25,3,1,0,0,10.0
L01993,P0202,2026-01-25,4,1,1,0,8.0
L01993,P0130,2026-01-25,5,1,1,0,12.0
L01758,P0025,2026-01-25,1,1,1,0,15.0
L01758,P0138,2026-01-25,2,1,1,1,10.0
L01758,P0186,2026-01-25,3,0,0,0,10.0
L01758,P0050,2026-01-25,4,0,0,0,15.0
L01758,P0124,2026-01-25,5,0,0,0,8.0
L00836,P0029,2026-01-25,1,1,0,0,8.0
L00836,P0143,2026-01-25,2,0,0,0,12.0
L00836,P0153,2026-01-25,3,0,0,0,8.0
L00836,P0062,2026-01-25,4,1,1,0,10.0
L00836,P0189,2026-01-25,5,1,0,0,12.0
L00290,P0021,2026-01-25,1,1,1,0,8.0
L00290,P0193,2026-01-25,2,0,0,0,12.0
L00290,P0051,2026-01-25,3,0,0,0,8.0
L00290,P0184,2026-01-25,4,0,0,0,15.0
L00290,P0218,2026-01-25,5,0,0,0,15.0
L01306,P0116,2026-01-25,1,1,0,0,12.0
L01306,P0023,2026-01-25,2,0,0,0,8.0
L01306,P0053,2026-01-25,3,1,1,0,10.0
L01306,P0011,2026-01-25,4,0,0,0,10.0
L01306,P0004,2026-01-25,5,1,1,1,8.0
L01289,P0023,2026-01-25,1,0,0,0,12.0
L01289,P0004,2026-01-25,2,0,0,0,12.0
L01289,P0053,2026-01-25,3,1,1,0,12.0
L01289,P0054,2026-01-25,4,1,0,0,15.0
L01289,P0011,2026-01-25,5,0,0,0,10.0
L00093,P0059,2026-01-26,1,1,1,0,8.0
L00093,P0091,2026-01-26,2,1,1,1,8.0
L00093,P0203,2026-01-26,3,0,0,0,8.0
L00093,P0037,2026-01-26,4,0,0,0,8.0
L00093,P0030,2026-01-26,5,0,0,0,10.0
L00955,P0158,2026-01-26,1,0,0,0,12.0
L00955,P0140,2026-01-26,2,0,0,0,8.0
L00955,P0193,2026-01-26,3,0,0,0,10.0
L00955,P0111,2026-01-26,4,1,1,0,15.0
L00955,P0094,2026-01-26,5,0,0,0,12.0
L00913,P0136,2026-01-26,1,1,1,1,12.0
L00913,P0086,2026-01-26,2,1,1,1,15.0
L00913,P0054,2026-01-26,3,1,0,0,12.0
L00913,P0116,2026-01-26,4,1,0,0,12.0
L00913,P0124,2026-01-26,5,0,0,0,10.0
L02707,P0106,2026-01-26,1,0,0,0,10.0
L02707,P0181,2026-01-26,2,0,0,0,8.0
L02707,P0173,2026-01-26,3,0,0,0,10.0
L02707,P0062,2026-01-26,4,0,0,0,8.0
L02707,P0110,2026-01-26,5,0,0,0,10.0
L02514,P0062,2026-01-26,1,0,0,0,8.0
L02514,P0000,2026-01-26,2,1,1,0,15.0
L02514,P0181,2026-01-26,3,1,1,1,8.0
L02514,P0068,2026-01-26,4,0,0,0,8.0
L02514,P0029,2026-01-26,5,0,0,0,10.0
L00677,P0024,2026-01-26,1,0,0,0,8.0
L00677,P0069,2026-01-26,2,1,0,0,8.0
L00677,P0216,2026-01-26,3,0,0,0,12.0
L00677,P0084,2026-01-26,4,0,0,0,10.0
L00677,P0030,2026-01-26,5,0,0,0,15.0
L02052,P0206,2026-01-26,1,0,0,0,8.0
L02052,P0077,2026-01-26,2,1,1,0,8.0
L02052,P0187,2026-01-26,3,1,1,0,10.0
L02052,P0072,2026-01-26,4,1,1,0,10.0
L02052,P0033,2026-01-26,5,0,0,0,8.0
L00742,P0166,2026-01-26,1,1,0,0,15.0
L00742,P0030,2026-01-26,2,1,1,1,8.0
L00742,P0089,2026-01-26,3,0,0,0,12.0
L00742,P0174,2026-01-26,4,1,1,0,12.0
L00742,P0077,2026-01-26,5,0,0,0,15.0
L01481,P0154,2026-01-26,1,0,0,0,15.0
L01481,P0158,2026-01-26,2,0,0,0,12.0
L01481,P0087,2026-01-26,3,1,1,1,10.0
L01481,P0160,2026-01-26,4,1,1,0,12.0
L01481,P0021,2026-01-26,5,0,0,0,12.0
L00337,P0104,2026-01-26,1,0,0,0,15.0
L00337,P0058,2026-01-26,2,0,0,0,8.0
L00337,P0120,2026-01-26,3,0,0,0,15.0
L00337,P0100,2026-01-26,4,0,0,0,8.0
L00337,P0049,2026-01-26,5,0,0,0,10.0
L02848,P0026,2026-01-26,1,1,1,0,15.0
L02848,P0215,2026-01-26,2,1,1,0,12.0
L02848,P0187,2026-01-26,3,1,1,1,8.0
L02848,P0174,2026-01-26,4,0,0,0,10.0
L02848,P0005,2026-01-26,5,1,0,0,10.0
L02154,P0141,2026-01-26,1,1,1,1,8.0
L02154,P0163,2026-01-26,2,1,0,0,12.0
L02154,P0065,2026-01-26,3,0,0,0,10.0
L02154,P0161,2026-01-26,4,1,1,0,8.0
L02154,P0035,2026-01-26,5,1,0,0,10.0
L01601,P0028,2026-01-26,1,0,0,0,12.0
L01601,P0115,2026-01-26,2,1,1,0,12.0
L01601,P0056,2026-01-26,3,1,1,1,12.0
L01601,P0014,2026-01-26,4,0,0,0,15.0
L01601,P0066,2026-01-26,5,1,0,0,10.0
L01486,P0091,2026-01-26,1,1,0,0,10.0
L01486,P0129,2026-01-26,2,0,0,0,10.0
L01486,P0057,2026-01-26,3,0,0,0,10.0
L01486,P0156,2026-01-26,4,0,0,0,10.0
L01486,P0119,2026-01-26,5,1,0,0,12.0
L01562,P0001,2026-01-27,1,0,0,0,8.0
L01562,P0003,2026-01-27,2,0,0,0,10.0
L01562,P0183,2026-01-27,3,1,1,0,8.0
L01562,P0083,2026-01-27,4,0,0,0,10.0
L01562,P0124,2026-01-27,5,1,1,0,12.0
L00700,P0190,2026-01-27,1,1,1,0,15.0
L00700,P0182,2026-01-27,2,1,0,0,15.0
L00700,P0132,2026-01-27,3,0,0,0,12.0
L00700,P0162,2026-01-27,4,0,0,0,10.0
L00700,P0217,2026-01-27,5,1,0,0,12.0
L00873,P0208,2026-01-27,1,0,0,0,8.0
L00873,P0178,2026-01-27,2,1,1,1,15.0
L00873,P0044,2026-01-27,3,0,0,0,10.0
L00873,P0028,2026-01-27,4,0,0,0,8.0
L00873,P0081,2026-01-27,5,0,0,0,15.0
L01500,P0135,2026-01-27,1,0,0,0,12.0
L01500,P0074,2026-01-27,2,0,0,0,10.0
L01500,P0035,2026-01-27,3,0,0,0,8.0
L01500,P0019,2026-01-27,4,0,0,0,15.0
L01500,P0073,2026-01-27,5,0,0,0,12.0
L01487,P0130,2026-01-27,1,0,0,0,12.0
L01487,P0168,2026-01-27,2,0,0,0,12.0
L01487,P0035,2026-01-27,3,1,1,1,8.0
L01487,P0118,2026-01-27,4,1,1,0,15.0
L01487,P0046,2026-01-27,5,1,1,0,15.0
L02436,P0200,2026-01-27,1,1,1,0,12.0
L02436,P0206,2026-01-27,2,1,1,1,12.0
L02436,P0174,2026-01-27,3,0,0,0,8.0
L02436,P0198,2026-01-27,4,1,0,0,10.0
L02436,P0072,2026-01-27,5,0,0,0,10.0
L01474,P0174,2026-01-27,1,1,1,1,15.0
L01474,P0003,2026-01-27,2,0,0,0,10.0
L01474,P0215,2026-01-27,3,1,1,0,15.0
L01474,P0001,2026-01-27,4,0,0,0,10.0
L01474,P0030,2026-01-27,5,0,0,0,12.0
L02710,P0061,2026-01-27,1,0,0,0,10.0
L02710,P0124,2026-01-27,2,1,1,0,10.0
L02710,P0194,2026-01-27,3,1,0,0,15.0
L02710,P0105,2026-01-27,4,0,0,0,15.0
L02710,P0104,2026-01-27,5,0,0,0,15.0
L00512,P0174,2026-01-27,1,0,0,0,12.0
L00512,P0187,2026-01-27,2,0,0,0,8.0
L00512,P0001,2026-01-27,3,1,1,1,10.0
L00512,P0026,2026-01-27,4,0,0,0,12.0
L00512,P0057,2026-01-27,5,0,0,0,8.0
L00340,P0055,2026-01-27,1,0,0,0,8.0
L00340,P0167,2026-01-27,2,0,0,0,10.0
L00340,P0051,2026-01-27,3,1,0,0,10.0
L00340,P0092,2026-01-27,4,0,0,0,12.0
L00340,P0150,2026-01-27,5,1,0,0,12.0
L01297,P0122,2026-01-27,1,1,1,0,15.0
L01297,P0134,2026-01-27,2,0,0,0,12.0
L01297,P0195,2026-01-27,3,1,1,0,10.0
L01297,P0188,2026-01-27,4,0,0,0,12.0
L01297,P0034,2026-01-27,5,0,0,0,10.0
L01380,P0111,2026-01-27,1,1,1,0,12.0
L01380,P0140,2026-01-27,2,0,0,0,15.0
L01380,P0193,2026-01-27,3,0,0,0,15.0
L01380,P0020,2026-01-27,4,1,1,1,10.0
L01380,P0008,2026-01-27,5,0,0,0,10.0
L02222,P0140,2026-01-27,1,1,0,0,8.0
L02222,P0094,2026-01-27,2,1,1,1,8.0
L02222,P0193,2026-01-27,3,1,1,0,10.0
L02222,P0041,2026-01-27,4,0,0,0,10.0
L02222,P0008,2026-01-27,5,0,0,0,10.0
L00217,P0059,2026-01-27,1,0,0,0,10.0
L00217,P0091,2026-01-27,2,0,0,0,10.0
L00217,P0037,2026-01-27,3,0,0,0,8.0
L00217,P0030,2026-01-27,4,0,0,0,10.0
L00217,P0156,2026-01-27,5,0,0,0,15.0
L00518,P0208,2026-01-27,1,0,0,0,10.0
L00518,P0116,2026-01-27,2,1,1,1,10.0
L00518,P0020,2026-01-27,3,1,0,0,10.0
L00518,P0081,2026-01-27,4,0,0,0,12.0
L00518,P0028,2026-01-27,5,0,0,0,8.0
L01017,P0102,2026-01-27,1,1,1,0,15.0
L01017,P0169,2026-01-27,2,1,1,1,10.0
L01017,P0087,2026-01-27,3,0,0,0,15.0
L01017,P0053,2026-01-27,4,1,1,0,12.0
L01017,P0076,2026-01-27,5,0,0,0,10.0
L01682,P0117,2026-01-27,1,0,0,0,15.0
L01682,P0126,2026-01-27,2,1,0,0,12.0
L01682,P0075,2026-01-27,3,0,0,0,10.0
L01682,P0040,2026-01-27,4,0,0,0,12.0
L01682,P0188,2026-01-27,5,0,0,0,8.0
L02180,P0179,2026-01-27,1,0,0,0,15.0
L02180,P0157,2026-01-27,2,0,0,0,8.0
L02180,P0170,2026-01-27,3,1,1,0,8.0
L02180,P0115,2026-01-27,4,0,0,0,10.0
L02180,P0210,2026-01-27,5,0,0,0,15.0
L01845,P0207,2026-01-27,1,1,1,0,8.0
L01845,P0209,2026-01-27,2,0,0,0,10.0
L01845,P0195,2026-01-27,3,1,1,1,8.0
L01845,P0047,2026-01-27,4,0,0,0,10.0
L01845,P0112,2026-01-27,5,1,0,0,8.0
L01620,P0137,2026-01-27,1,0,0,0,15.0
L01620,P0213,2026-01-27,2,1,1,0,10.0
L01620,P0046,2026-01-27,3,1,0,0,10.0
L01620,P0118,2026-01-27,4,1,1,0,10.0
L01620,P0035,2026-01-27,5,0,0,0,12.0
L02407,P0070,2026-01-27,1,0,0,0,10.0
L02407,P0175,2026-01-27,2,0,0,0,12.0
L02407,P0173,2026-01-27,3,0,0,0,15.0
L02407,P0062,2026-01-27,4,0,0,0,10.0
L02407,P0049,2026-01-27,5,0,0,0,8.0
L02628,P0061,2026-01-27,1,1,1,0,8.0
L02628,P0138,2026-01-27,2,0,0,0,12.0
L02628,P0124,2026-01-27,3,1,1,1,12.0
L02628,P0105,2026-01-27,4,0,0,0,10.0
L02628,P0104,2026-01-27,5,0,0,0,8.0
L02461,P0080,2026-01-27,1,0,0,0,12.0
L02461,P0132,2026-01-27,2,0,0,0,10.0
L02461,P0121,2026-01-27,3,1,1,0,10.0
L02461,P0182,2026-01-27,4,0,0,0,10.0
L02461,P0162,2026-01-27,5,0,0,0,12.0
L01793,P0002,2026-01-28,1,1,1,0,12.0
L01793,P0094,2026-01-28,2,1,1,0,15.0
L01793,P0131,2026-01-28,3,0,0,0,15.0
L01793,P0008,2026-01-28,4,0,0,0,12.0
L01793,P0158,2026-01-28,5,0,0,0,10.0
L01790,P0104,2026-01-28,1,1,0,0,10.0
L01790,P0105,2026-01-28,2,1,0,0,15.0
L01790,P0173,2026-01-28,3,1,1,0,8.0
L01790,P0019,2026-01-28,4,0,0,0,15.0
L01790,P0058,2026-01-28,5,0,0,0,10.0
L01334,P0058,2026-01-28,1,1,1,0,8.0
L01334,P0114,2026-01-28,2,1,1,0,12.0
L01334,P0143,2026-01-28,3,0,0,0,8.0
L01334,P0065,2026-01-28,4,0,0,0,15.0
L01334,P0006,2026-01-28,5,0,0,0,15.0
L02092,P0193,2026-01-28,1,1,1,0,10.0
L02092,P0051,2026-01-28,2,0,0,0,12.0
L02092,P0218,2026-01-28,3,1,1,0,12.0
L02092,P0078,2026-01-28,4,0,0,0,12.0
L02092,P0017,2026-01-28,5,0,0,0,8.0
L02348,P0195,2026-01-28,1,0,0,0,15.0
L02348,P0047,2026-01-28,2,1,1,0,15.0
L02348,P0005,2026-01-28,3,1,0,0,10.0
L02348,P0083,2026-01-28,4,1,1,0,12.0
L02348,P0219,2026-01-28,5,0,0,0,10.0
L01333,P0049,2026-01-28,1,1,1,0,15.0
L01333,P0135,2026-01-28,2,1,1,0,10.0
L01333,P0018,2026-01-28,3,0,0,0,10.0
L01333,P0019,2026-01-28,4,1,0,0,12.0
L01333,P0035,2026-01-28,5,0,0,0,12.0
L02437,P0008,2026-01-28,1,0,0,0,8.0
L02437,P0193,2026-01-28,2,0,0,0,10.0
L02437,P0111,2026-01-28,3,1,0,0,10.0
L02437,P0140,2026-01-28,4,0,0,0,8.0
L02437,P0158,2026-01-28,5,1,0,0,15.0
L00784,P0142,2026-01-28,1,0,0,0,12.0
L00784,P0177,2026-01-28,2,1,1,0,15.0
L00784,P0151,2026-01-28,3,0,0,0,15.0
L00784,P0021,2026-01-28,4,0,0,0,8.0
L00784,P0051,2026-01-28,5,1,1,0,12.0
L00167,P0099,2026-01-28,1,1,0,0,12.0
L00167,P0002,2026-01-28,2,0,0,0,12.0
L00167,P0094,2026-01-28,3,0,0,0,8.0
L00167,P0140,2026-01-28,4,1,1,1,8.0
L00167,P0193,2026-01-28,5,0,0,0,10.0
L00142,P0160,2026-01-28,1,1,1,0,12.0
L00142,P0017,2026-01-28,2,0,0,0,8.0
L00142,P0087,2026-01-28,3,1,0,0,12.0
L00142,P0051,2026-01-28,4,0,0,0,8.0
L00142,P0021,2026-01-28,5,1,1,1,15.0
L01355,P0086,2026-01-28,1,1,0,0,8.0
L01355,P0116,2026-01-28,2,1,0,0,12.0
L01355,P0138,2026-01-28,3,0,0,0,8.0
L01355,P0186,2026-01-28,4,0,0,0,8.0
L01355,P0124,2026-01-28,5,0,0,0,8.0
L02606,P0145,2026-01-28,1,1,0,0,12.0
L02606,P0213,2026-01-28,2,0,0,0,8.0
L02606,P0137,2026-01-28,3,0,0,0,15.0
L02606,P0168,2026-01-28,4,1,0,0,8.0
L02606,P0064,2026-01-28,5,0,0,0,15.0
L00829,P0038,2026-01-28,1,0,0,0,12.0
L00829,P0099,2026-01-28,2,0,0,0,12.0
L00829,P0111,2026-01-28,3,1,1,0,15.0
L00829,P0094,2026-01-28,4,0,0,0,15.0
L00829,P0140,2026-01-28,5,1,0,0,10.0
L00683,P0020,2026-01-28,1,0,0,0,10.0
L00683,P0102,2026-01-28,2,1,1,0,10.0
L00683,P0022,2026-01-28,3,0,0,0,8.0
L00683,P0023,2026-01-28,4,0,0,0,15.0
L00683,P0169,2026-01-28,5,0,0,0,12.0
L00854,P0170,2026-01-28,1,1,0,0,15.0
L00854,P0115,2026-01-28,2,1,0,0,8.0
L00854,P0179,2026-01-28,3,1,1,0,15.0
L00854,P0020,2026-01-28,4,1,1,1,8.0
L00854,P0011,2026-01-28,5,0,0,0,12.0
L02559,P0162,2026-01-28,1,0,0,0,15.0
L02559,P0132,2026-01-28,2,0,0,0,10.0
L02559,P0121,2026-01-28,3,0,0,0,12.0
L02559,P0190,2026-01-28,4,1,0,0,15.0
L02559,P0013,2026-01-28,5,0,0,0,12.0
L02263,P0096,2026-01-28,1,0,0,0,10.0
L02263,P0133,2026-01-28,2,0,0,0,10.0
L02263,P0212,2026-01-28,3,0,0,0,15.0
L02263,P0020,2026-01-28,4,0,0,0,12.0
L02263,P0011,2026-01-28,5,1,1,0,15.0
L00025,P0129,2026-01-28,1,1,0,0,8.0
L00025,P0187,2026-01-28,2,1,1,0,12.0
L00025,P0203,2026-01-28,3,0,0,0,8.0
L00025,P0037,2026-01-28,4,0,0,0,8.0
L00025,P0059,2026-01-28,5,1,1,0,12.0
L01572,P0166,2026-01-28,1,0,0,0,12.0
L01572,P0034,2026-01-28,2,1,0,0,12.0
L01572,P0174,2026-01-28,3,0,0,0,10.0
L01572,P0206,2026-01-28,4,0,0,0,12.0
L01572,P0071,2026-01-28,5,0,0,0,10.0
L00590,P0132,2026-01-28,1,0,0,0,10.0
L00590,P0162,2026-01-28,2,0,0,0,15.0
L00590,P0121,2026-01-28,3,0,0,0,10.0
L00590,P0182,2026-01-28,4,1,0,0,8.0
L00590,P0080,2026-01-28,5,0,0,0,15.0
L01201,P0167,2026-01-28,1,0,0,0,12.0
L01201,P0152,2026-01-28,2,0,0,0,12.0
L01201,P0051,2026-01-28,3,0,0,0,10.0
L01201,P0150,2026-01-28,4,0,0,0,15.0
L01201,P0184,2026-01-28,5,1,1,1,15.0
L02383,P0107,2026-01-28,1,1,1,0,8.0
L02383,P0060,2026-01-28,2,0,0,0,12.0
L02383,P0048,2026-01-28,3,1,0,0,8.0
L02383,P0033,2026-01-28,4,0,0,0,12.0
L02383,P0027,2026-01-28,5,1,0,0,10.0
L02945,P0178,2026-01-28,1,1,1,0,8.0
L02945,P0147,2026-01-28,2,0,0,0,8.0
L02945,P0044,2026-01-28,3,0,0,0,12.0
L02945,P0056,2026-01-28,4,1,1,0,12.0
L02945,P0028,2026-01-28,5,0,0,0,10.0
L00681,P0029,2026-01-29,1,0,0,0,12.0
L00681,P0070,2026-01-29,2,1,1,0,15.0
L00681,P0181,2026-01-29,3,0,0,0,15.0
L00681,P0049,2026-01-29,4,0,0,0,12.0
L00681,P0043,2026-01-29,5,0,0,0,8.0
L02217,P0041,2026-01-29,1,1,1,0,15.0
L02217,P0094,2026-01-29,2,0,0,0,12.0
L02217,P0193,2026-01-29,3,1,1,0,8.0
L02217,P0111,2026-01-29,4,1,1,0,15.0
L02217,P0008,2026-01-29,5,0,0,0,8.0
L00866,P0134,2026-01-29,1,0,0,0,15.0
L00866,P0188,2026-01-29,2,1,0,0,15.0
L00866,P0112,2026-01-29,3,1,1,0,12.0
L00866,P0089,2026-01-29,4,0,0,0,15.0
L00866,P0034,2026-01-29,5,0,0,0,12.0
L02692,P0016,2026-01-29,1,1,1,0,15.0
L02692,P0159,2026-01-29,2,1,0,0,8.0
L02692,P0122,2026-01-29,3,0,0,0,12.0
L02692,P0188,2026-01-29,4,0,0,0,15.0
L02692,P0195,2026-01-29,5,0,0,0,12.0
L00225,P0208,2026-01-29,1,1,1,0,15.0
L00225,P0022,2026-01-29,2,1,1,1,15.0
L00225,P0011,2026-01-29,3,0,0,0,10.0
L00225,P0053,2026-01-29,4,1,1,1,12.0
L00225,P0017,2026-01-29,5,0,0,0,10.0
L02862,P0190,2026-01-29,1,1,1,1,15.0
L02862,P0182,2026-01-29,2,1,1,1,8.0
L02862,P0217,2026-01-29,3,1,1,1,10.0
L02862,P0132,2026-01-29,4,0,0,0,12.0
L02862,P0013,2026-01-29,5,0,0,0,15.0
L02002,P0172,2026-01-29,1,1,1,1,15.0
L02002,P0079,2026-01-29,2,0,0,0,8.0
L02002,P0145,2026-01-29,3,1,1,1,12.0
L02002,P0213,2026-01-29,4,0,0,0,8.0
L02002,P0031,2026-01-29,5,0,0,0,12.0
L01750,P0078,2026-01-29,1,0,0,0,10.0
L01750,P0150,2026-01-29,2,0,0,0,12.0
L01750,P0051,2026-01-29,3,0,0,0,12.0
L01750,P0092,2026-01-29,4,0,0,0,15.0
L01750,P0017,2026-01-29,5,1,0,0,10.0
L01911,P0103,2026-01-29,1,1,1,0,12.0
L01911,P0086,2026-01-29,2,0,0,0,8.0
L01911,P0147,2026-01-29,3,1,0,0,8.0
L01911,P0044,2026-01-29,4,1,0,0,8.0
L01911,P0116,2026-01-29,5,0,0,0,12.0
L00795,P0078,2026-01-29,1,0,0,0,15.0
L00795,P0021,2026-01-29,2,1,1,1,8.0
L00795,P0150,2026-01-29,3,1,1,1,8.0
L00795,P0152,2026-01-29,4,0,0,0,10.0
L00795,P0092,2026-01-29,5,1,1,0,8.0
L02143,P0011,2026-01-29,1,0,0,0,15.0
L02143,P0020,2026-01-29,2,0,0,0,15.0
L02143,P0022,2026-01-29,3,1,1,1,12.0
L02143,P0017,2026-01-29,4,1,1,1,12.0
L02143,P0076,2026-01-29,5,1,1,1,8.0
L02220,P0003,2026-01-29,1,1,1,1,8.0
L02220,P0123,2026-01-29,2,0,0,0,8.0
L02220,P0183,2026-01-29,3,1,1,0,8.0
L02220,P0083,2026-01-29,4,0,0,0,8.0
L02220,P0124,2026-01-29,5,0,0,0,15.0
L00372,P0140,2026-01-29,1,0,0,0,8.0
L00372,P0193,2026-01-29,2,0,0,0,15.0
L00372,P0008,2026-01-29,3,0,0,0,12.0
L00372,P0036,2026-01-29,4,1,0,0,12.0
L00372,P0041,2026-01-29,5,0,0,0,15.0
L00606,P0047,2026-01-29,1,1,1,0,12.0
L00606,P0195,2026-01-29,2,1,1,0,12.0
L00606,P0010,2026-01-29,3,1,1,0,8.0
L00606,P0083,2026-01-29,4,0,0,0,12.0
L00606,P0180,2026-01-29,5,0,0,0,12.0
L01893,P0124,2026-01-29,1,0,0,0,15.0
L01893,P0093,2026-01-29,2,1,0,0,8.0
L01893,P0183,2026-01-29,3,1,1,0,15.0
L01893,P0007,2026-01-29,4,0,0,0,15.0
L01893,P0120,2026-01-29,5,1,1,0,10.0
L01253,P0196,2026-01-29,1,1,1,1,10.0
L01253,P0205,2026-01-29,2,1,1,1,12.0
L01253,P0116,2026-01-29,3,1,1,1,8.0
L01253,P0044,2026-01-29,4,0,0,0,12.0
L01253,P0147,2026-01-29,5,0,0,0,10.0
L01792,P0152,2026-01-29,1,0,0,0,12.0
L01792,P0078,2026-01-29,2,0,0,0,12.0
L01792,P0184,2026-01-29,3,1,1,1,10.0
L01792,P0021,2026-01-29,4,1,1,0,10.0
L01792,P0150,2026-01-29,5,1,1,1,8.0
L02742,P0112,2026-01-29,1,0,0,0,15.0
L02742,P0180,2026-01-29,2,0,0,0,8.0
L02742,P0083,2026-01-29,3,0,0,0,10.0
L02742,P0219,2026-01-29,4,1,1,0,8.0
L02742,P0207,2026-01-29,5,0,0,0,8.0
L02451,P0122,2026-01-29,1,0,0,0,12.0
L02451,P0016,2026-01-29,2,0,0,0,12.0
L02451,P0159,2026-01-29,3,0,0,0,15.0
L02451,P0195,2026-01-29,4,0,0,0,12.0
L02451,P0112,2026-01-29,5,0,0,0,12.0
L00611,P0192,2026-01-29,1,1,1,1,12.0
L00611,P0025,2026-01-29,2,1,1,0,8.0
L00611,P0124,2026-01-29,3,1,1,0,15.0
L00611,P0186,2026-01-29,4,1,1,1,8.0
L00611,P0194,2026-01-29,5,0,0,0,8.0
L00008,P0100,2026-01-30,1,1,1,1,8.0
L00008,P0120,2026-01-30,2,1,1,0,15.0
L00008,P0194,2026-01-30,3,1,1,0,10.0
L00008,P0050,2026-01-30,4,1,1,0,15.0
L00008,P0104,2026-01-30,5,0,0,0,8.0
L00947,P0020,2026-01-30,1,0,0,0,10.0
L00947,P0115,2026-01-30,2,0,0,0,15.0
L00947,P0158,2026-01-30,3,0,0,0,12.0
L00947,P0066,2026-01-30,4,0,0,0,12.0
L00947,P0063,2026-01-30,5,0,0,0,10.0
L01623,P0104,2026-01-30,1,0,0,0,8.0
L01623,P0019,2026-01-30,2,0,0,0,15.0
L01623,P0120,2026-01-30,3,1,0,0,10.0
L01623,P0061,2026-01-30,4,0,0,0,12.0
L01623,P0100,2026-01-30,5,0,0,0,10.0
L02273,P0019,2026-01-30,1,0,0,0,15.0
L02273,P0074,2026-01-30,2,1,1,1,12.0
L02273,P0110,2026-01-30,3,0,0,0,8.0
L02273,P0104,2026-01-30,4,0,0,0,15.0
L02273,P0105,2026-01-30,5,1,1,0,15.0
L02951,P0207,2026-01-30,1,1,1,0,8.0
L02951,P0219,2026-01-30,2,1,1,0,10.0
L02951,P0112,2026-01-30,3,0,0,0,10.0
L02951,P0047,2026-01-30,4,0,0,0,15.0
L02951,P0195,2026-01-30,5,0,0,0,10.0
L00036,P0124,2026-01-30,1,1,1,0,10.0
L00036,P0138,2026-01-30,2,1,1,1,12.0
L00036,P0192,2026-01-30,3,0,0,0,12.0
L00036,P0025,2026-01-30,4,0,0,0,12.0
L00036,P0108,2026-01-30,5,0,0,0,10.0
L00437,P0053,2026-01-30,1,0,0,0,15.0
L00437,P0022,2026-01-30,2,0,0,0,10.0
L00437,P0054,2026-01-30,3,1,0,0,15.0
L00437,P0017,2026-01-30,4,1,1,1,10.0
L00437,P0023,2026-01-30,5,1,1,1,8.0
L01094,P0207,2026-01-30,1,1,1,0,8.0
L01094,P0219,2026-01-30,2,0,0,0,12.0
L01094,P0209,2026-01-30,3,1,1,0,10.0
L01094,P0195,2026-01-30,4,0,0,0,15.0
L01094,P0047,2026-01-30,5,1,1,0,8.0
L01516,P0218,2026-01-30,1,0,0,0,12.0
L01516,P0150,2026-01-30,2,0,0,0,12.0
L01516,P0051,2026-01-30,3,1,1,0,15.0
L01516,P0193,2026-01-30,4,0,0,0,12.0
L01516,P0092,2026-01-30,5,0,0,0,8.0
L00630,P0205,2026-01-30,1,1,1,0,15.0
L00630,P0136,2026-01-30,2,0,0,0,12.0
L00630,P0116,2026-01-30,3,1,1,1,12.0
L00630,P0186,2026-01-30,4,1,1,0,8.0
L00630,P0124,2026-01-30,5,0,0,0,15.0
L02570,P0069,2026-01-30,1,1,1,0,15.0
L02570,P0015,2026-01-30,2,1,1,1,12.0
L02570,P0084,2026-01-30,3,1,1,0,8.0
L02570,P0216,2026-01-30,4,0,0,0,12.0
L02570,P0030,2026-01-30,5,0,0,0,12.0
L01518,P0166,2026-01-30,1,0,0,0,15.0
L01518,P0030,2026-01-30,2,0,0,0,15.0
L01518,P0187,2026-01-30,3,1,1,0,15.0
L01518,P0077,2026-01-30,4,1,1,1,12.0
L01518,P0071,2026-01-30,5,0,0,0,12.0
L01536,P0215,2026-01-30,1,1,1,0,10.0
L01536,P0123,2026-01-30,2,1,1,0,10.0
L01536,P0001,2026-01-30,3,0,0,0,10.0
L01536,P0174,2026-01-30,4,1,1,0,8.0
L01536,P0119,2026-01-30,5,1,1,0,15.0
L01538,P0000,2026-01-30,1,0,0,0,15.0
L01538,P0062,2026-01-30,2,0,0,0,8.0
L01538,P0153,2026-01-30,3,0,0,0,12.0
L01538,P0029,2026-01-30,4,0,0,0,8.0
L01538,P0068,2026-01-30,5,0,0,0,8.0
L01190,P0017,2026-01-30,1,0,0,0,10.0
L01190,P0158,2026-01-30,2,1,1,0,12.0
L01190,P0053,2026-01-30,3,0,0,0,8.0
L01190,P0160,2026-01-30,4,1,1,1,10.0
L01190,P0021,2026-01-30,5,0,0,0,12.0
L01162,P0075,2026-01-30,1,0,0,0,8.0
L01162,P0040,2026-01-30,2,0,0,0,15.0
L01162,P0112,2026-01-30,3,1,1,0,8.0
L01162,P0188,2026-01-30,4,0,0,0,8.0
L01162,P0033,2026-01-30,5,0,0,0,8.0
L00197,P0050,2026-01-30,1,1,1,1,15.0
L00197,P0124,2026-01-30,2,1,1,0,12.0
L00197,P0138,2026-01-30,3,1,1,1,10.0
L00197,P0025,2026-01-30,4,0,0,0,8.0
L00197,P0032,2026-01-30,5,1,0,0,12.0
L01833,P0193,2026-01-30,1,1,1,0,12.0
L01833,P0051,2026-01-30,2,1,0,0,8.0
L01833,P0152,2026-01-30,3,1,1,1,8.0
L01833,P0078,2026-01-30,4,1,1,0,10.0
L01833,P0017,2026-01-30,5,1,1,0,15.0
L00492,P0127,2026-01-30,1,0,0,0,12.0
L00492,P0204,2026-01-30,2,1,1,0,8.0
L00492,P0201,2026-01-30,3,0,0,0,12.0
L00492,P0197,2026-01-30,4,0,0,0,8.0
L00492,P0019,2026-01-30,5,1,1,1,12.0
L02963,P0008,2026-01-30,1,0,0,0,15.0
L02963,P0167,2026-01-30,2,1,1,0,10.0
L02963,P0140,2026-01-30,3,0,0,0,15.0
L02963,P0193,2026-01-30,4,0,0,0,15.0
L02963,P0158,2026-01-30,5,0,0,0,10.0
L00617,P0197,2026-01-30,1,0,0,0,8.0
L00617,P0042,2026-01-30,2,0,0,0,15.0
L00617,P0114,2026-01-30,3,0,0,0,10.0
L00617,P0058,2026-01-30,4,1,1,1,8.0
L00617,P0143,2026-01-30,5,1,1,0,15.0
L00660,P0183,2026-01-30,1,0,0,0,8.0
L00660,P0010,2026-01-30,2,1,0,0,8.0
L00660,P0005,2026-01-30,3,0,0,0,10.0
L00660,P0083,2026-01-30,4,0,0,0,15.0
L00660,P0124,2026-01-30,5,1,1,0,12.0
L02625,P0035,2026-01-31,1,0,0,0,8.0
L02625,P0046,2026-01-31,2,0,0,0,10.0
L02625,P0064,2026-01-31,3,0,0,0,10.0
L02625,P0095,2026-01-31,4,0,0,0,8.0
L02625,P0130,2026-01-31,5,0,0,0,12.0
L01890,P0194,2026-01-31,1,1,1,0,8.0
L01890,P0186,2026-01-31,2,1,1,0,8.0
L01890,P0100,2026-01-31,3,1,1,0,10.0
L01890,P0061,2026-01-31,4,1,1,0,12.0
L01890,P0120,2026-01-31,5,0,0,0,12.0
L00341,P0091,2026-01-31,1,1,1,0,8.0
L00341,P0084,2026-01-31,2,0,0,0,8.0
L00341,P0059,2026-01-31,3,1,1,0,8.0
L00341,P0057,2026-01-31,4,0,0,0,8.0
L00341,P0119,2026-01-31,5,1,1,0,12.0
L02874,P0202,2026-01-31,1,0,0,0,15.0
L02874,P0046,2026-01-31,2,0,0,0,12.0
L02874,P0137,2026-01-31,3,0,0,0,8.0
L02874,P0095,2026-01-31,4,1,1,1,12.0
L02874,P0130,2026-01-31,5,0,0,0,8.0
L01710,P0085,2026-01-31,1,0,0,0,8.0
L01710,P0066,2026-01-31,2,0,0,0,15.0
L01710,P0133,2026-01-31,3,0,0,0,12.0
L01710,P0052,2026-01-31,4,1,1,0,10.0
L01710,P0020,2026-01-31,5,1,1,1,10.0
L02253,P0003,2026-01-31,1,0,0,0,10.0
L02253,P0123,2026-01-31,2,0,0,0,8.0
L02253,P0083,2026-01-31,3,0,0,0,8.0
L02253,P0005,2026-01-31,4,0,0,0,10.0
L02253,P0010,2026-01-31,5,0,0,0,12.0
L00839,P0013,2026-01-31,1,1,1,0,8.0
L00839,P0132,2026-01-31,2,1,1,0,10.0
L00839,P0217,2026-01-31,3,0,0,0,10.0
L00839,P0190,2026-01-31,4,1,1,1,12.0
L00839,P0121,2026-01-31,5,0,0,0,8.0
L01897,P0158,2026-01-31,1,1,1,0,15.0
L01897,P0140,2026-01-31,2,0,0,0,8.0
L01897,P0193,2026-01-31,3,0,0,0,15.0
L01897,P0094,2026-01-31,4,0,0,0,8.0
L01897,P0020,2026-01-31,5,1,1,0,10.0
L00097,P0086,2026-01-31,1,0,0,0,15.0
L00097,P0205,2026-01-31,2,1,1,0,12.0
L00097,P0116,2026-01-31,3,1,1,0,10.0
L00097,P0124,2026-01-31,4,0,0,0,15.0
L00097,P0186,2026-01-31,5,0,0,0,15.0
L00557,P0051,2026-01-31,1,1,0,0,10.0
L00557,P0092,2026-01-31,2,1,1,0,15.0
L00557,P0150,2026-01-31,3,0,0,0,10.0
L00557,P0021,2026-01-31,4,1,1,1,10.0
L00557,P0184,2026-01-31,5,0,0,0,10.0
L02468,P0086,2026-01-31,1,1,1,1,8.0
L02468,P0082,2026-01-31,2,1,0,0,10.0
L02468,P0116,2026-01-31,3,1,1,1,15.0
L02468,P0138,2026-01-31,4,0,0,0,15.0
L02468,P0186,2026-01-31,5,1,1,1,10.0
L00109,P0171,2026-01-31,1,1,1,0,8.0
L00109,P0197,2026-01-31,2,1,1,1,12.0
L00109,P0214,2026-01-31,3,1,1,1,8.0
L00109,P0173,2026-01-31,4,0,0,0,10.0
L00109,P0104,2026-01-31,5,0,0,0,8.0
L02900,P0181,2026-01-31,1,1,1,0,12.0
L02900,P0000,2026-01-31,2,1,1,1,8.0
L02900,P0153,2026-01-31,3,1,1,0,8.0
L02900,P0029,2026-01-31,4,1,1,1,15.0
L02900,P0068,2026-01-31,5,0,0,0,8.0
L00537,P0152,2026-01-31,1,0,0,0,8.0
L00537,P0021,2026-01-31,2,0,0,0,10.0
L00537,P0051,2026-01-31,3,0,0,0,8.0
L00537,P0184,2026-01-31,4,1,1,0,12.0
L00537,P0017,2026-01-31,5,0,0,0,15.0
L01662,P0074,2026-01-31,1,0,0,0,15.0
L01662,P0104,2026-01-31,2,1,0,0,8.0
L01662,P0031,2026-01-31,3,0,0,0,12.0
L01662,P0049,2026-01-31,4,0,0,0,15.0
L01662,P0135,2026-01-31,5,0,0,0,8.0
L02923,P0124,2026-01-31,1,1,1,0,8.0
L02923,P0138,2026-01-31,2,1,0,0,12.0
L02923,P0086,2026-01-31,3,1,1,1,15.0
L02923,P0081,2026-01-31,4,1,1,1,8.0
L02923,P0196,2026-01-31,5,1,1,1,12.0
L01875,P0032,2026-01-31,1,1,1,0,10.0
L01875,P0050,2026-01-31,2,1,1,0,8.0
L01875,P0194,2026-01-31,3,1,0,0,10.0
L01875,P0124,2026-01-31,4,1,1,1,12.0
L01875,P0004,2026-01-31,5,0,0,0,8.0
L02644,P0105,2026-01-31,1,1,0,0,8.0
L02644,P0104,2026-01-31,2,1,1,0,8.0
L02644,P0019,2026-01-31,3,0,0,0,12.0
L02644,P0058,2026-01-31,4,0,0,0,10.0
L02644,P0100,2026-01-31,5,1,1,1,12.0
L01347,P0016,2026-01-31,1,0,0,0,12.0
L01347,P0188,2026-01-31,2,0,0,0,15.0
L01347,P0112,2026-01-31,3,1,1,0,8.0
L01347,P0034,2026-01-31,4,0,0,0,15.0
L01347,P0089,2026-01-31,5,0,0,0,8.0
L01083,P0193,2026-01-31,1,0,0,0,15.0
L01083,P0111,2026-01-31,2,1,1,0,10.0
L01083,P0002,2026-01-31,3,1,1,0,8.0
L01083,P0008,2026-01-31,4,0,0,0,10.0
L01083,P0131,2026-01-31,5,0,0,0,12.0
L00919,P0074,2026-01-31,1,1,1,0,15.0
L00919,P0173,2026-01-31,2,0,0,0,12.0
L00919,P0058,2026-01-31,3,0,0,0,15.0
L00919,P0135,2026-01-31,4,0,0,0,8.0
L00919,P0049,2026-01-31,5,0,0,0,12.0
L00360,P0001,2026-01-31,1,1,0,0,12.0
L00360,P0123,2026-01-31,2,0,0,0,8.0
L00360,P0010,2026-01-31,3,1,0,0,15.0
L00360,P0083,2026-01-31,4,0,0,0,15.0
L00360,P0005,2026-01-31,5,1,1,1,8.0
L00723,P0053,2026-01-31,1,0,0,0,15.0
L00723,P0158,2026-01-31,2,0,0,0,15.0
L00723,P0017,2026-01-31,3,1,1,1,15.0
L00723,P0078,2026-01-31,4,0,0,0,10.0
L00723,P0051,2026-01-31,5,0,0,0,10.0
L01293,P0166,2026-01-31,1,0,0,0,10.0
L01293,P0030,2026-01-31,2,0,0,0,12.0
L01293,P0187,2026-01-31,3,0,0,0,8.0
L01293,P0077,2026-01-31,4,0,0,0,8.0
L01293,P0071,2026-01-31,5,0,0,0,8.0
L02487,P0101,2026-01-31,1,1,0,0,12.0
L02487,P0177,2026-01-31,2,0,0,0,8.0
L02487,P0142,2026-01-31,3,0,0,0,12.0
L02487,P0146,2026-01-31,4,1,1,0,15.0
L02487,P0088,2026-01-31,5,0,0,0,8.0
L02980,P0057,2026-01-31,1,1,1,0,8.0
L02980,P0156,2026-01-31,2,0,0,0,8.0
L02980,P0187,2026-01-31,3,0,0,0,8.0
L02980,P0119,2026-01-31,4,0,0,0,8.0
L02980,P0059,2026-01-31,5,0,0,0,10.0
L00002,P0165,2026-01-31,1,1,1,1,8.0
L00002,P0069,2026-01-31,2,1,1,0,12.0
L00002,P0216,2026-01-31,3,0,0,0,10.0
L00002,P0084,2026-01-31,4,1,0,0,10.0
L00002,P0091,2026-01-31,5,1,1,0,12.0
L02109,P0111,2026-02-01,1,1,1,0,15.0
L02109,P0193,2026-02-01,2,1,1,0,15.0
L02109,P0008,2026-02-01,3,0,0,0,15.0
L02109,P0158,2026-02-01,4,0,0,0,12.0
L02109,P0041,2026-02-01,5,0,0,0,12.0
L00021,P0010,2026-02-01,1,1,1,0,15.0
L00021,P0083,2026-02-01,2,1,1,0,12.0
L00021,P0047,2026-02-01,3,0,0,0,8.0
L00021,P0112,2026-02-01,4,1,1,0,12.0
L00021,P0003,2026-02-01,5,1,1,1,8.0
L00018,P0124,2026-02-01,1,0,0,0,12.0
L00018,P0138,2026-02-01,2,0,0,0,10.0
L00018,P0025,2026-02-01,3,1,1,1,12.0
L00018,P0120,2026-02-01,4,0,0,0,15.0
L00018,P0108,2026-02-01,5,0,0,0,12.0
L01544,P0044,2026-02-01,1,1,1,0,8.0
L01544,P0178,2026-02-01,2,1,1,1,12.0
L01544,P0020,2026-02-01,3,1,1,1,8.0
L01544,P0028,2026-02-01,4,1,1,0,15.0
L01544,P0086,2026-02-01,5,0,0,0,8.0
L01441,P0171,2026-02-01,1,1,1,0,10.0
L01441,P0214,2026-02-01,2,1,1,0,15.0
L01441,P0173,2026-02-01,3,0,0,0,15.0
L01441,P0058,2026-02-01,4,0,0,0,15.0
L01441,P0104,2026-02-01,5,0,0,0,10.0
L00435,P0087,2026-02-01,1,1,0,0,8.0
L00435,P0144,2026-02-01,2,1,0,0,12.0
L00435,P0053,2026-02-01,3,0,0,0,12.0
L00435,P0017,2026-02-01,4,0,0,0,15.0
L00435,P0021,2026-02-01,5,0,0,0,15.0
L01573,P0207,2026-02-01,1,1,1,0,10.0
L01573,P0219,2026-02-01,2,0,0,0,8.0
L01573,P0047,2026-02-01,3,0,0,0,12.0
L01573,P0209,2026-02-01,4,0,0,0,10.0
L01573,P0112,2026-02-01,5,0,0,0,10.0
L02760,P0156,2026-02-01,1,0,0,0,10.0
L02760,P0057,2026-02-01,2,0,0,0,15.0
L02760,P0129,2026-02-01,3,0,0,0,8.0
L02760,P0187,2026-02-01,4,1,0,0,8.0
L02760,P0174,2026-02-01,5,1,1,1,15.0
L02292,P0218,2026-02-01,1,0,0,0,12.0
L02292,P0152,2026-02-01,2,0,0,0,8.0
L02292,P0092,2026-02-01,3,0,0,0,12.0
L02292,P0193,2026-02-01,4,0,0,0,8.0
L02292,P0078,2026-02-01,5,0,0,0,10.0
L02429,P0202,2026-02-01,1,0,0,0,8.0
L02429,P0035,2026-02-01,2,0,0,0,10.0
L02429,P0018,2026-02-01,3,0,0,0,10.0
L02429,P0079,2026-02-01,4,0,0,0,15.0
L02429,P0031,2026-02-01,5,0,0,0,12.0
L00641,P0037,2026-02-01,1,0,0,0,10.0
L00641,P0059,2026-02-01,2,1,1,1,8.0
L00641,P0057,2026-02-01,3,0,0,0,12.0
L00641,P0156,2026-02-01,4,1,0,0,10.0
L00641,P0030,2026-02-01,5,0,0,0,15.0
L01158,P0044,2026-02-01,1,0,0,0,8.0
L01158,P0178,2026-02-01,2,1,1,1,10.0
L01158,P0116,2026-02-01,3,0,0,0,15.0
L01158,P0147,2026-02-01,4,1,1,0,10.0
L01158,P0208,2026-02-01,5,0,0,0,10.0
L02700,P0200,2026-02-01,1,1,0,0,12.0
L02700,P0174,2026-02-01,2,0,0,0,15.0
L02700,P0027,2026-02-01,3,0,0,0,15.0
L02700,P0072,2026-02-01,4,0,0,0,12.0
L02700,P0033,2026-02-01,5,0,0,0,8.0
L01466,P0053,2026-02-01,1,1,1,0,10.0
L01466,P0087,2026-02-01,2,0,0,0,15.0
L01466,P0154,2026-02-01,3,0,0,0,12.0
L01466,P0051,2026-02-01,4,0,0,0,8.0
L01466,P0021,2026-02-01,5,0,0,0,10.0
L02586,P0027,2026-02-01,1,1,1,0,12.0
L02586,P0211,2026-02-01,2,1,1,0,15.0
L02586,P0033,2026-02-01,3,0,0,0,12.0
L02586,P0071,2026-02-01,4,1,0,0,15.0
L02586,P0174,2026-02-01,5,0,0,0,8.0
L01280,P0189,2026-02-01,1,0,0,0,8.0
L01280,P0143,2026-02-01,2,0,0,0,12.0
L01280,P0019,2026-02-01,3,0,0,0,15.0
L01280,P0007,2026-02-01,4,0,0,0,12.0
L01280,P0090,2026-02-01,5,0,0,0,12.0
L00441,P0192,2026-02-01,1,1,0,0,15.0
L00441,P0124,2026-02-01,2,0,0,0,15.0
L00441,P0138,2026-02-01,3,1,1,0,12.0
L00441,P0086,2026-02-01,4,1,1,0,15.0
L00441,P0103,2026-02-01,5,0,0,0,10.0
L00574,P0089,2026-02-01,1,0,0,0,10.0
L00574,P0166,2026-02-01,2,0,0,0,8.0
L00574,P0030,2026-02-01,3,0,0,0,15.0
L00574,P0071,2026-02-01,4,1,0,0,8.0
L00574,P0206,2026-02-01,5,1,1,0,10.0
L00738,P0167,2026-02-01,1,1,1,0,8.0
L00738,P0088,2026-02-01,2,1,1,1,10.0
L00738,P0092,2026-02-01,3,0,0,0,12.0
L00738,P0184,2026-02-01,4,1,1,0,12.0
L00738,P0051,2026-02-01,5,0,0,0,12.0
L02427,P0045,2026-02-01,1,1,1,1,15.0
L02427,P0016,2026-02-01,2,0,0,0,12.0
L02427,P0159,2026-02-01,3,0,0,0,12.0
L02427,P0195,2026-02-01,4,0,0,0,12.0
L02427,P0089,2026-02-01,5,0,0,0,15.0
L01626,P0030,2026-02-02,1,0,0,0,8.0
L01626,P0166,2026-02-02,2,1,0,0,12.0
L01626,P0089,2026-02-02,3,1,1,1,12.0
L01626,P0077,2026-02-02,4,0,0,0,12.0
L01626,P0071,2026-02-02,5,1,1,1,8.0
L00035,P0153,2026-02-02,1,1,1,0,8.0
L00035,P0062,2026-02-02,2,1,1,0,15.0
L00035,P0000,2026-02-02,3,1,1,0,10.0
L00035,P0029,2026-02-02,4,0,0,0,10.0
L00035,P0068,2026-02-02,5,1,1,0,10.0
L00210,P0076,2026-02-02,1,1,1,0,12.0
L00210,P0115,2026-02-02,2,1,1,0,8.0
L00210,P0210,2026-02-02,3,1,1,0,8.0
L00210,P0022,2026-02-02,4,0,0,0,8.0
L00210,P0011,2026-02-02,5,0,0,0,8.0
L01160,P0033,2026-02-02,1,0,0,0,15.0
L01160,P0211,2026-02-02,2,1,1,0,15.0
L01160,P0071,2026-02-02,3,0,0,0,12.0
L01160,P0187,2026-02-02,4,1,1,1,12.0
L01160,P0200,2026-02-02,5,0,0,0,8.0
L01256,P0158,2026-02-02,1,1,0,0,8.0
L01256,P0193,2026-02-02,2,0,0,0,10.0
L01256,P0111,2026-02-02,3,1,1,0,15.0
L01256,P0028,2026-02-02,4,1,1,0,12.0
L01256,P0008,2026-02-02,5,0,0,0,12.0
L01444,P0032,2026-02-02,1,1,1,0,15.0
L01444,P0192,2026-02-02,2,1,1,0,8.0
L01444,P0050,2026-02-02,3,1,0,0,15.0
L01444,P0194,2026-02-02,4,0,0,0,15.0
L01444,P0124,2026-02-02,5,0,0,0,15.0
L01811,P0098,2026-02-02,1,0,0,0,12.0
L01811,P0162,2026-02-02,2,1,1,1,10.0
L01811,P0121,2026-02-02,3,0,0,0,10.0
L01811,P0013,2026-02-02,4,0,0,0,12.0
L01811,P0217,2026-02-02,5,0,0,0,10.0
L00935,P0134,2026-02-02,1,1,1,0,8.0
L00935,P0122,2026-02-02,2,1,1,0,10.0
L00935,P0112,2026-02-02,3,1,1,0,12.0
L00935,P0188,2026-02-02,4,0,0,0,15.0
L00935,P0034,2026-02-02,5,0,0,0,15.0
L01052,P0124,2026-02-02,1,1,1,0,8.0
L01052,P0093,2026-02-02,2,0,0,0,10.0
L01052,P0090,2026-02-02,3,1,0,0,12.0
L01052,P0007,2026-02-02,4,0,0,0,12.0
L01052,P0120,2026-02-02,5,0,0,0,8.0
L01802,P0030,2026-02-02,1,0,0,0,10.0
L01802,P0057,2026-02-02,2,1,1,0,12.0
L01802,P0156,2026-02-02,3,0,0,0,15.0
L01802,P0187,2026-02-02,4,0,0,0,8.0
L01802,P0059,2026-02-02,5,0,0,0,12.0
L02560,P0014,2026-02-02,1,0,0,0,10.0
L02560,P0063,2026-02-02,2,1,1,0,15.0
L02560,P0066,2026-02-02,3,1,1,0,15.0
L02560,P0020,2026-02-02,4,0,0,0,12.0
L02560,P0028,2026-02-02,5,0,0,0,12.0
L01817,P0219,2026-02-02,1,1,1,0,15.0
L01817,P0207,2026-02-02,2,0,0,0,12.0
L01817,P0047,2026-02-02,3,1,1,0,15.0
L01817,P0209,2026-02-02,4,1,1,1,8.0
L01817,P0195,2026-02-02,5,0,0,0,15.0
L01892,P0172,2026-02-02,1,0,0,0,15.0
L01892,P0035,2026-02-02,2,0,0,0,10.0
L01892,P0073,2026-02-02,3,0,0,0,8.0
L01892,P0018,2026-02-02,4,0,0,0,8.0
L01892,P0145,2026-02-02,5,1,1,1,8.0
L02711,P0031,2026-02-02,1,1,1,0,8.0
L02711,P0018,2026-02-02,2,0,0,0,15.0
L02711,P0019,2026-02-02,3,0,0,0,12.0
L02711,P0073,2026-02-02,4,1,0,0,15.0
L02711,P0035,2026-02-02,5,0,0,0,15.0
L02349,P0070,2026-02-02,1,1,1,0,8.0
L02349,P0175,2026-02-02,2,1,1,1,15.0
L02349,P0062,2026-02-02,3,0,0,0,12.0
L02349,P0110,2026-02-02,4,1,1,0,8.0
L02349,P0043,2026-02-02,5,1,1,0,8.0
L00591,P0019,2026-02-02,1,1,0,0,10.0
L00591,P0173,2026-02-02,2,0,0,0,12.0
L00591,P0105,2026-02-02,3,0,0,0,8.0
L00591,P0104,2026-02-02,4,1,0,0,15.0
L00591,P0049,2026-02-02,5,0,0,0,12.0
L02488,P0067,2026-02-02,1,0,0,0,12.0
L02488,P0066,2026-02-02,2,0,0,0,10.0
L02488,P0063,2026-02-02,3,1,1,1,8.0
L02488,P0014,2026-02-02,4,1,1,1,10.0
L02488,P0149,2026-02-02,5,1,1,0,10.0
L00504,P0058,2026-02-02,1,1,1,1,15.0
L00504,P0148,2026-02-02,2,1,0,0,10.0
L00504,P0114,2026-02-02,3,1,0,0,8.0
L00504,P0097,2026-02-02,4,1,0,0,10.0
L00504,P0065,2026-02-02,5,1,1,1,8.0
L02585,P0159,2026-02-02,1,1,0,0,8.0
L02585,P0122,2026-02-02,2,1,1,1,12.0
L02585,P0016,2026-02-02,3,1,1,0,15.0
L02585,P0089,2026-02-02,4,1,1,0,8.0
L02585,P0034,2026-02-02,5,0,0,0,15.0
L02693,P0181,2026-02-02,1,1,0,0,10.0
L02693,P0062,2026-02-02,2,1,1,1,8.0
L02693,P0175,2026-02-02,3,0,0,0,10.0
L02693,P0070,2026-02-02,4,0,0,0,10.0
L02693,P0029,2026-02-02,5,0,0,0,12.0
L01106,P0095,2026-02-02,1,1,0,0,10.0
L01106,P0145,2026-02-02,2,1,1,0,12.0
L01106,P0168,2026-02-02,3,1,1,0,8.0
L01106,P0064,2026-02-02,4,0,0,0,10.0
L01106,P0046,2026-02-02,5,0,0,0,8.0
L01420,P0028,2026-02-02,1,0,0,0,10.0
L01420,P0020,2026-02-02,2,1,1,0,8.0
L01420,P0158,2026-02-02,3,0,0,0,10.0
L01420,P0056,2026-02-02,4,0,0,0,12.0
L01420,P0044,2026-02-02,5,0,0,0,12.0
L00377,P0089,2026-02-03,1,1,1,1,10.0
L00377,P0077,2026-02-03,2,1,0,0,8.0
L00377,P0187,2026-02-03,3,1,1,0,15.0
L00377,P0071,2026-02-03,4,1,1,0,10.0
L00377,P0200,2026-02-03,5,0,0,0,15.0
L02976,P0138,2026-02-03,1,1,1,0,8.0
L02976,P0090,2026-02-03,2,1,1,1,12.0
L02976,P0025,2026-02-03,3,1,0,0,15.0
L02976,P0120,2026-02-03,4,1,1,0,15.0
L02976,P0192,2026-02-03,5,0,0,0,8.0
L00503,P0003,2026-02-03,1,1,0,0,8.0
L00503,P0026,2026-02-03,2,0,0,0,8.0
L00503,P0215,2026-02-03,3,1,1,0,15.0
L00503,P0174,2026-02-03,4,1,1,1,8.0
L00503,P0187,2026-02-03,5,1,1,0,15.0
L02833,P0112,2026-02-03,1,1,0,0,10.0
L02833,P0195,2026-02-03,2,0,0,0,15.0
L02833,P0047,2026-02-03,3,1,0,0,15.0
L02833,P0005,2026-02-03,4,1,1,1,12.0
L02833,P0219,2026-02-03,5,0,0,0,8.0
L02528,P0115,2026-02-03,1,0,0,0,8.0
L02528,P0028,2026-02-03,2,1,1,0,10.0
L02528,P0067,2026-02-03,3,1,1,0,12.0
L02528,P0164,2026-02-03,4,0,0,0,15.0
L02528,P0063,2026-02-03,5,1,1,1,10.0
L02189,P0199,2026-02-03,1,0,0,0,12.0
L02189,P0192,2026-02-03,2,1,0,0,15.0
L02189,P0081,2026-02-03,3,1,1,0,12.0
L02189,P0196,2026-02-03,4,1,1,1,15.0
L02189,P0103,2026-02-03,5,0,0,0,8.0
L02820,P0086,2026-02-03,1,0,0,0,12.0
L02820,P0054,2026-02-03,2,1,1,0,10.0
L02820,P0004,2026-02-03,3,0,0,0,8.0
L02820,P0116,2026-02-03,4,1,1,0,10.0
L02820,P0138,2026-02-03,5,0,0,0,15.0
L01436,P0032,2026-02-03,1,1,1,0,10.0
L01436,P0192,2026-02-03,2,1,1,0,8.0
L01436,P0124,2026-02-03,3,1,1,1,15.0
L01436,P0138,2026-02-03,4,1,1,0,10.0
L01436,P0004,2026-02-03,5,0,0,0,15.0
L01826,P0213,2026-02-03,1,0,0,0,15.0
L01826,P0202,2026-02-03,2,0,0,0,12.0
L01826,P0118,2026-02-03,3,0,0,0,15.0
L01826,P0172,2026-02-03,4,1,0,0,15.0
L01826,P0031,2026-02-03,5,0,0,0,8.0
L00145,P0029,2026-02-03,1,0,0,0,8.0
L00145,P0181,2026-02-03,2,0,0,0,12.0
L00145,P0153,2026-02-03,3,0,0,0,12.0
L00145,P0189,2026-02-03,4,0,0,0,10.0
L00145,P0143,2026-02-03,5,1,0,0,8.0
L02985,P0062,2026-02-03,1,0,0,0,12.0
L02985,P0175,2026-02-03,2,0,0,0,8.0
L02985,P0106,2026-02-03,3,0,0,0,15.0
L02985,P0070,2026-02-03,4,1,1,0,15.0
L02985,P0029,2026-02-03,5,1,0,0,12.0
L02233,P0171,2026-02-03,1,0,0,0,10.0
L02233,P0042,2026-02-03,2,0,0,0,12.0
L02233,P0127,2026-02-03,3,0,0,0,15.0
L02233,P0114,2026-02-03,4,0,0,0,10.0
L02233,P0019,2026-02-03,5,0,0,0,8.0
L01640,P0088,2026-02-03,1,0,0,0,8.0
L01640,P0167,2026-02-03,2,1,1,0,8.0
L01640,P0184,2026-02-03,3,1,0,0,10.0
L01640,P0152,2026-02-03,4,0,0,0,12.0
L01640,P0021,2026-02-03,5,0,0,0,15.0
L02667,P0025,2026-02-03,1,1,1,1,15.0
L02667,P0139,2026-02-03,2,0,0,0,8.0
L02667,P0032,2026-02-03,3,0,0,0,15.0
L02667,P0124,2026-02-03,4,1,1,1,8.0
L02667,P0004,2026-02-03,5,0,0,0,8.0
L01181,P0171,2026-02-03,1,1,1,0,8.0
L01181,P0197,2026-02-03,2,0,0,0,15.0
L01181,P0204,2026-02-03,3,1,1,0,15.0
L01181,P0143,2026-02-03,4,0,0,0,12.0
L01181,P0114,2026-02-03,5,1,1,1,8.0
L01074,P0105,2026-02-03,1,0,0,0,12.0
L01074,P0019,2026-02-03,2,0,0,0,15.0
L01074,P0173,2026-02-03,3,1,1,0,8.0
L01074,P0100,2026-02-03,4,0,0,0,10.0
L01074,P0061,2026-02-03,5,0,0,0,15.0
L02272,P0018,2026-02-03,1,1,0,0,12.0
L02272,P0035,2026-02-03,2,1,1,1,15.0
L02272,P0172,2026-02-03,3,0,0,0,10.0
L02272,P0213,2026-02-03,4,0,0,0,15.0
L02272,P0079,2026-02-03,5,0,0,0,15.0
L00158,P0119,2026-02-03,1,1,1,0,12.0
L00158,P0187,2026-02-03,2,1,1,0,12.0
L00158,P0123,2026-02-03,3,1,1,1,15.0
L00158,P0026,2026-02-03,4,0,0,0,12.0
L00158,P0215,2026-02-03,5,0,0,0,12.0
L00556,P0151,2026-02-03,1,0,0,0,8.0
L00556,P0039,2026-02-03,2,0,0,0,10.0
L00556,P0101,2026-02-03,3,1,1,0,10.0
L00556,P0021,2026-02-03,4,1,0,0,15.0
L00556,P0051,2026-02-03,5,0,0,0,12.0
L00640,P0173,2026-02-03,1,0,0,0,12.0
L00640,P0074,2026-02-03,2,1,1,0,10.0
L00640,P0105,2026-02-03,3,1,1,0,10.0
L00640,P0110,2026-02-03,4,0,0,0,10.0
L00640,P0031,2026-02-03,5,0,0,0,8.0
L00228,P0192,2026-02-04,1,1,1,0,15.0
L00228,P0199,2026-02-04,2,0,0,0,10.0
L00228,P0183,2026-02-04,3,1,1,0,10.0
L00228,P0138,2026-02-04,4,0,0,0,12.0
L00228,P0196,2026-02-04,5,0,0,0,12.0
L02719,P0018,2026-02-04,1,1,1,0,12.0
L02719,P0172,2026-02-04,2,1,1,0,10.0
L02719,P0035,2026-02-04,3,1,1,1,8.0
L02719,P0118,2026-02-04,4,0,0,0,8.0
L02719,P0031,2026-02-04,5,1,1,0,12.0
L00732,P0192,2026-02-04,1,1,0,0,8.0
L00732,P0138,2026-02-04,2,1,1,0,15.0
L00732,P0124,2026-02-04,3,1,1,0,8.0
L00732,P0103,2026-02-04,4,0,0,0,10.0
L00732,P0081,2026-02-04,5,1,1,1,15.0
L01122,P0066,2026-02-04,1,1,1,0,10.0
L01122,P0212,2026-02-04,2,1,0,0,15.0
L01122,P0164,2026-02-04,3,0,0,0,15.0
L01122,P0020,2026-02-04,4,0,0,0,15.0
L01122,P0023,2026-02-04,5,0,0,0,15.0
L02379,P0069,2026-02-04,1,1,1,1,15.0
L02379,P0015,2026-02-04,2,0,0,0,15.0
L02379,P0091,2026-02-04,3,1,1,1,10.0
L02379,P0084,2026-02-04,4,1,0,0,15.0
L02379,P0030,2026-02-04,5,0,0,0,8.0
L02169,P0181,2026-02-04,1,1,1,0,12.0
L02169,P0062,2026-02-04,2,1,1,0,8.0
L02169,P0175,2026-02-04,3,1,0,0,15.0
L02169,P0106,2026-02-04,4,1,1,0,8.0
L02169,P0070,2026-02-04,5,0,0,0,12.0
L00943,P0151,2026-02-04,1,0,0,0,10.0
L00943,P0101,2026-02-04,2,0,0,0,10.0
L00943,P0177,2026-02-04,3,1,1,1,10.0
L00943,P0088,2026-02-04,4,0,0,0,15.0
L00943,P0051,2026-02-04,5,1,0,0,8.0
L01163,P0202,2026-02-04,1,1,1,0,15.0
L01163,P0064,2026-02-04,2,1,1,0,8.0
L01163,P0191,2026-02-04,3,1,1,0,15.0
L01163,P0168,2026-02-04,4,0,0,0,15.0
L01163,P0095,2026-02-04,5,0,0,0,8.0
L01942,P0024,2026-02-04,1,0,0,0,12.0
L01942,P0165,2026-02-04,2,1,0,0,10.0
L01942,P0069,2026-02-04,3,1,1,0,12.0
L01942,P0155,2026-02-04,4,0,0,0,10.0
L01942,P0084,2026-02-04,5,1,1,0,8.0
L01134,P0019,2026-02-04,1,1,1,0,10.0
L01134,P0114,2026-02-04,2,1,0,0,8.0
L01134,P0006,2026-02-04,3,0,0,0,8.0
L01134,P0065,2026-02-04,4,0,0,0,15.0
L01134,P0097,2026-02-04,5,1,1,1,12.0
L01415,P0195,2026-02-04,1,1,1,0,8.0
L01415,P0188,2026-02-04,2,1,1,1,12.0
L01415,P0109,2026-02-04,3,1,1,0,15.0
L01415,P0126,2026-02-04,4,1,1,0,10.0
L01415,P0075,2026-02-04,5,0,0,0,15.0
L01776,P0051,2026-02-04,1,1,1,0,8.0
L01776,P0150,2026-02-04,2,0,0,0,10.0
L01776,P0152,2026-02-04,3,0,0,0,10.0
L01776,P0021,2026-02-04,4,1,0,0,10.0
L01776,P0092,2026-02-04,5,1,1,1,15.0
L01552,P0174,2026-02-04,1,1,1,0,15.0
L01552,P0071,2026-02-04,2,1,1,0,8.0
L01552,P0200,2026-02-04,3,1,1,1,15.0
L01552,P0198,2026-02-04,4,0,0,0,8.0
L01552,P0033,2026-02-04,5,0,0,0,12.0
L01133,P0174,2026-02-04,1,1,0,0,15.0
L01133,P0026,2026-02-04,2,0,0,0,10.0
L01133,P0123,2026-02-04,3,0,0,0,10.0
L01133,P0215,2026-02-04,4,1,1,1,15.0
L01133,P0057,2026-02-04,5,0,0,0,8.0
L01910,P0178,2026-02-04,1,1,1,0,10.0
L01910,P0056,2026-02-04,2,1,1,0,15.0
L01910,P0116,2026-02-04,3,1,0,0,10.0
L01910,P0044,2026-02-04,4,0,0,0,8.0
L01910,P0081,2026-02-04,5,0,0,0,10.0
L02982,P0042,2026-02-04,1,0,0,0,10.0
L02982,P0197,2026-02-04,2,0,0,0,10.0
L02982,P0204,2026-02-04,3,0,0,0,10.0
L02982,P0058,2026-02-04,4,0,0,0,8.0
L02982,P0114,2026-02-04,5,0,0,0,10.0
L00047,P0058,2026-02-04,1,1,1,1,15.0
L00047,P0019,2026-02-04,2,1,1,1,8.0
L00047,P0049,2026-02-04,3,1,1,0,15.0
L00047,P0031,2026-02-04,4,1,1,1,15.0
L00047,P0135,2026-02-04,5,1,1,1,8.0
L02724,P0030,2026-02-05,1,0,0,0,10.0
L02724,P0187,2026-02-05,2,1,1,0,10.0
L02724,P0206,2026-02-05,3,1,1,0,12.0
L02724,P0200,2026-02-05,4,1,1,0,10.0
L02724,P0077,2026-02-05,5,0,0,0,12.0
L00976,P0020,2026-02-05,1,1,1,0,10.0
L00976,P0028,2026-02-05,2,0,0,0,10.0
L00976,P0014,2026-02-05,3,0,0,0,12.0
L00976,P0063,2026-02-05,4,0,0,0,10.0
L00976,P0066,2026-02-05,5,1,1,0,10.0
L01476,P0104,2026-02-05,1,1,1,0,8.0
L01476,P0019,2026-02-05,2,1,1,0,8.0
L01476,P0061,2026-02-05,3,0,0,0,10.0
L01476,P0120,2026-02-05,4,1,1,0,8.0
L01476,P0049,2026-02-05,5,0,0,0,10.0
L00258,P0213,2026-02-05,1,0,0,0,10.0
L00258,P0073,2026-02-05,2,0,0,0,8.0
L00258,P0035,2026-02-05,3,1,1,0,10.0
L00258,P0018,2026-02-05,4,1,1,0,8.0
L00258,P0031,2026-02-05,5,0,0,0,15.0
L00964,P0120,2026-02-05,1,1,0,0,12.0
L00964,P0061,2026-02-05,2,0,0,0,15.0
L00964,P0186,2026-02-05,3,1,0,0,15.0
L00964,P0194,2026-02-05,4,0,0,0,10.0
L00964,P0050,2026-02-05,5,1,1,0,8.0
L02544,P0101,2026-02-05,1,1,1,0,10.0
L02544,P0142,2026-02-05,2,1,0,0,15.0
L02544,P0039,2026-02-05,3,1,0,0,8.0
L02544,P0177,2026-02-05,4,0,0,0,8.0
L02544,P0021,2026-02-05,5,0,0,0,10.0
L02755,P0100,2026-02-05,1,0,0,0,8.0
L02755,P0061,2026-02-05,2,0,0,0,12.0
L02755,P0194,2026-02-05,3,1,1,1,12.0
L02755,P0186,2026-02-05,4,0,0,0,10.0
L02755,P0105,2026-02-05,5,1,1,0,12.0
L00861,P0043,2026-02-05,1,0,0,0,12.0
L00861,P0171,2026-02-05,2,1,1,0,10.0
L00861,P0201,2026-02-05,3,1,1,0,8.0
L00861,P0173,2026-02-05,4,0,0,0,12.0
L00861,P0175,2026-02-05,5,1,1,0,10.0
L00936,P0098,2026-02-05,1,0,0,0,10.0
L00936,P0013,2026-02-05,2,1,0,0,10.0
L00936,P0132,2026-02-05,3,0,0,0,15.0
L00936,P0080,2026-02-05,4,0,0,0,15.0
L00936,P0162,2026-02-05,5,0,0,0,10.0
L01611,P0110,2026-02-05,1,1,1,1,8.0
L01611,P0019,2026-02-05,2,1,0,0,10.0
L01611,P0073,2026-02-05,3,0,0,0,10.0
L01611,P0074,2026-02-05,4,1,1,0,12.0
L01611,P0035,2026-02-05,5,1,0,0,15.0
L01310,P0082,2026-02-05,1,1,1,1,10.0
L01310,P0004,2026-02-05,2,0,0,0,8.0
L01310,P0116,2026-02-05,3,1,1,1,12.0
L01310,P0186,2026-02-05,4,1,1,0,15.0
L01310,P0138,2026-02-05,5,1,1,0,8.0
L02167,P0071,2026-02-05,1,0,0,0,15.0
L02167,P0200,2026-02-05,2,1,1,1,12.0
L02167,P0174,2026-02-05,3,0,0,0,15.0
L02167,P0027,2026-02-05,4,0,0,0,15.0
L02167,P0198,2026-02-05,5,0,0,0,12.0
L00809,P0114,2026-02-05,1,1,1,1,15.0
L00809,P0143,2026-02-05,2,1,1,0,10.0
L00809,P0189,2026-02-05,3,1,1,0,15.0
L00809,P0019,2026-02-05,4,0,0,0,15.0
L00809,P0006,2026-02-05,5,0,0,0,10.0
L01967,P0042,2026-02-05,1,0,0,0,15.0
L01967,P0201,2026-02-05,2,0,0,0,8.0
L01967,P0171,2026-02-05,3,0,0,0,12.0
L01967,P0058,2026-02-05,4,0,0,0,8.0
L01967,P0114,2026-02-05,5,0,0,0,15.0
L02611,P0040,2026-02-05,1,0,0,0,8.0
L02611,P0075,2026-02-05,2,0,0,0,15.0
L02611,P0188,2026-02-05,3,1,1,0,12.0
L02611,P0195,2026-02-05,4,1,1,0,10.0
L02611,P0112,2026-02-05,5,0,0,0,12.0
L00775,P0198,2026-02-05,1,1,1,0,8.0
L00775,P0211,2026-02-05,2,0,0,0,15.0
L00775,P0027,2026-02-05,3,0,0,0,12.0
L00775,P0072,2026-02-05,4,1,1,0,10.0
L00775,P0187,2026-02-05,5,1,1,0,12.0
L01905,P0204,2026-02-05,1,1,1,0,10.0
L01905,P0127,2026-02-05,2,1,1,0,10.0
L01905,P0019,2026-02-05,3,1,0,0,15.0
L01905,P0143,2026-02-05,4,1,1,0,10.0
L01905,P0058,2026-02-05,5,1,0,0,12.0
L01221,P0024,2026-02-05,1,1,1,0,10.0
L01221,P0165,2026-02-05,2,0,0,0,12.0
L01221,P0216,2026-02-05,3,0,0,0,12.0
L01221,P0155,2026-02-05,4,0,0,0,8.0
L01221,P0030,2026-02-05,5,0,0,0,10.0
L01368,P0030,2026-02-06,1,1,1,0,10.0
L01368,P0034,2026-02-06,2,0,0,0,15.0
L01368,P0200,2026-02-06,3,0,0,0,10.0
L01368,P0174,2026-02-06,4,0,0,0,12.0
L01368,P0187,2026-02-06,5,0,0,0,15.0
L01340,P0020,2026-02-06,1,0,0,0,10.0
L01340,P0028,2026-02-06,2,0,0,0,15.0
L01340,P0158,2026-02-06,3,0,0,0,8.0
L01340,P0056,2026-02-06,4,1,1,0,8.0
L01340,P0066,2026-02-06,5,1,1,1,8.0
L00966,P0027,2026-02-06,1,1,1,0,8.0
L00966,P0211,2026-02-06,2,0,0,0,15.0
L00966,P0072,2026-02-06,3,1,1,1,15.0
L00966,P0174,2026-02-06,4,0,0,0,10.0
L00966,P0187,2026-02-06,5,1,1,0,8.0
L02373,P0101,2026-02-06,1,1,0,0,10.0
L02373,P0151,2026-02-06,2,1,1,1,15.0
L02373,P0142,2026-02-06,3,1,0,0,8.0
L02373,P0088,2026-02-06,4,0,0,0,10.0
L02373,P0021,2026-02-06,5,1,1,1,10.0
L02097,P0211,2026-02-06,1,1,1,0,10.0
L02097,P0033,2026-02-06,2,0,0,0,15.0
L02097,P0187,2026-02-06,3,1,1,1,12.0
L02097,P0071,2026-02-06,4,0,0,0,12.0
L02097,P0200,2026-02-06,5,0,0,0,10.0
L00329,P0198,2026-02-06,1,0,0,0,10.0
L00329,P0033,2026-02-06,2,1,0,0,8.0
L00329,P0072,2026-02-06,3,1,1,0,10.0
L00329,P0174,2026-02-06,4,1,1,1,15.0
L00329,P0071,2026-02-06,5,1,0,0,12.0
L02925,P0215,2026-02-06,1,1,1,0,8.0
L02925,P0026,2026-02-06,2,1,1,0,12.0
L02925,P0001,2026-02-06,3,0,0,0,10.0
L02925,P0119,2026-02-06,4,1,1,0,10.0
L02925,P0010,2026-02-06,5,0,0,0,10.0
L01825,P0212,2026-02-06,1,0,0,0,15.0
L01825,P0164,2026-02-06,2,1,1,1,8.0
L01825,P0052,2026-02-06,3,1,1,0,15.0
L01825,P0085,2026-02-06,4,1,1,0,12.0
L01825,P0020,2026-02-06,5,1,1,1,15.0
L00274,P0053,2026-02-06,1,1,1,0,10.0
L00274,P0158,2026-02-06,2,1,1,0,12.0
L00274,P0144,2026-02-06,3,0,0,0,10.0
L00274,P0021,2026-02-06,4,1,1,0,12.0
L00274,P0051,2026-02-06,5,0,0,0,12.0
L02636,P0034,2026-02-06,1,1,1,0,12.0
L02636,P0187,2026-02-06,2,0,0,0,12.0
L02636,P0200,2026-02-06,3,1,1,1,15.0
L02636,P0174,2026-02-06,4,1,1,0,8.0
L02636,P0077,2026-02-06,5,0,0,0,8.0
L02838,P0094,2026-02-06,1,0,0,0,15.0
L02838,P0111,2026-02-06,2,0,0,0,8.0
L02838,P0036,2026-02-06,3,0,0,0,8.0
L02838,P0158,2026-02-06,4,1,1,0,15.0
L02838,P0131,2026-02-06,5,0,0,0,12.0
L01631,P0159,2026-02-06,1,1,1,1,8.0
L01631,P0016,2026-02-06,2,0,0,0,8.0
L01631,P0134,2026-02-06,3,0,0,0,12.0
L01631,P0195,2026-02-06,4,0,0,0,8.0
L01631,P0089,2026-02-06,5,0,0,0,8.0
L02730,P0100,2026-02-06,1,0,0,0,8.0
L02730,P0138,2026-02-06,2,0,0,0,8.0
L02730,P0194,2026-02-06,3,0,0,0,15.0
L02730,P0105,2026-02-06,4,1,0,0,12.0
L02730,P0104,2026-02-06,5,0,0,0,8.0
L00011,P0161,2026-02-06,1,1,1,0,10.0
L00011,P0135,2026-02-06,2,1,1,0,12.0
L00011,P0097,2026-02-06,3,1,0,0,10.0
L00011,P0019,2026-02-06,4,1,1,1,8.0
L00011,P0046,2026-02-06,5,0,0,0,15.0
L00291,P0130,2026-02-06,1,0,0,0,15.0
L00291,P0145,2026-02-06,2,1,1,0,10.0
L00291,P0118,2026-02-06,3,1,1,0,15.0
L00291,P0035,2026-02-06,4,1,1,0,12.0
L00291,P0046,2026-02-06,5,0,0,0,15.0
L00356,P0154,2026-02-06,1,0,0,0,10.0
L00356,P0160,2026-02-06,2,0,0,0,15.0
L00356,P0158,2026-02-06,3,0,0,0,15.0
L00356,P0078,2026-02-06,4,0,0,0,15.0
L00356,P0051,2026-02-06,5,0,0,0,8.0
L01945,P0041,2026-02-06,1,1,1,0,10.0
L01945,P0140,2026-02-06,2,0,0,0,12.0
L01945,P0002,2026-02-06,3,1,1,1,8.0
L01945,P0094,2026-02-06,4,0,0,0,12.0
L01945,P0193,2026-02-06,5,0,0,0,10.0
L01087,P0158,2026-02-06,1,0,0,0,10.0
L01087,P0115,2026-02-06,2,0,0,0,12.0
L01087,P0041,2026-02-06,3,1,1,0,8.0
L01087,P0056,2026-02-06,4,1,1,0,10.0
L01087,P0014,2026-02-06,5,0,0,0,12.0
L00701,P0015,2026-02-06,1,1,1,0,8.0
L00701,P0091,2026-02-06,2,1,1,1,8.0
L00701,P0084,2026-02-06,3,0,0,0,15.0
L00701,P0216,2026-02-06,4,0,0,0,12.0
L00701,P0030,2026-02-06,5,1,1,0,8.0
L02157,P0182,2026-02-06,1,0,0,0,12.0
L02157,P0162,2026-02-06,2,1,1,0,8.0
L02157,P0013,2026-02-06,3,0,0,0,15.0
L02157,P0132,2026-02-06,4,1,1,0,12.0
L02157,P0121,2026-02-06,5,0,0,0,15.0
L02486,P0082,2026-02-06,1,1,1,1,10.0
L02486,P0004,2026-02-06,2,1,1,0,12.0
L02486,P0054,2026-02-06,3,0,0,0,15.0
L02486,P0205,2026-02-06,4,0,0,0,12.0
L02486,P0116,2026-02-06,5,1,1,1,8.0
L01018,P0144,2026-02-06,1,1,1,1,12.0
L01018,P0017,2026-02-06,2,1,1,0,15.0
L01018,P0154,2026-02-06,3,1,1,0,12.0
L01018,P0021,2026-02-06,4,1,1,0,8.0
L01018,P0078,2026-02-06,5,0,0,0,15.0
L01891,P0047,2026-02-06,1,1,1,0,12.0
L01891,P0209,2026-02-06,2,1,1,1,15.0
L01891,P0010,2026-02-06,3,1,1,0,10.0
L01891,P0005,2026-02-06,4,0,0,0,15.0
L01891,P0180,2026-02-06,5,0,0,0,8.0
L01957,P0188,2026-02-06,1,1,1,0,10.0
L01957,P0195,2026-02-06,2,1,1,0,10.0
L01957,P0112,2026-02-06,3,0,0,0,12.0
L01957,P0040,2026-02-06,4,1,1,0,8.0
L01957,P0010,2026-02-06,5,0,0,0,10.0
L02442,P0124,2026-02-06,1,1,1,0,12.0
L02442,P0007,2026-02-06,2,0,0,0,15.0
L02442,P0192,2026-02-06,3,1,0,0,10.0
L02442,P0108,2026-02-06,4,0,0,0,12.0
L02442,P0120,2026-02-06,5,1,0,0,10.0
L01021,P0016,2026-02-06,1,0,0,0,12.0
L01021,P0122,2026-02-06,2,0,0,0,10.0
L01021,P0045,2026-02-06,3,0,0,0,8.0
L01021,P0134,2026-02-06,4,0,0,0,10.0
L01021,P0195,2026-02-06,5,0,0,0,15.0
L02712,P0092,2026-02-07,1,1,1,0,8.0
L02712,P0193,2026-02-07,2,0,0,0,15.0
L02712,P0152,2026-02-07,3,0,0,0,15.0
L02712,P0218,2026-02-07,4,0,0,0,10.0
L02712,P0150,2026-02-07,5,0,0,0,10.0
L00618,P0188,2026-02-07,1,0,0,0,15.0
L00618,P0112,2026-02-07,2,1,1,0,8.0
L00618,P0040,2026-02-07,3,1,1,0,10.0
L00618,P0117,2026-02-07,4,0,0,0,10.0
L00618,P0109,2026-02-07,5,1,1,0,10.0
L02434,P0009,2026-02-07,1,1,1,0,15.0
L02434,P0048,2026-02-07,2,1,1,0,15.0
L02434,P0027,2026-02-07,3,1,1,0,15.0
L02434,P0072,2026-02-07,4,1,1,1,8.0
L02434,P0198,2026-02-07,5,0,0,0,12.0
L02721,P0112,2026-02-07,1,0,0,0,10.0
L02721,P0010,2026-02-07,2,1,0,0,10.0
L02721,P0180,2026-02-07,3,0,0,0,15.0
L02721,P0219,2026-02-07,4,0,0,0,10.0
L02721,P0207,2026-02-07,5,1,1,1,10.0
L01175,P0120,2026-02-07,1,1,1,0,15.0
L01175,P0061,2026-02-07,2,0,0,0,12.0
L01175,P0100,2026-02-07,3,0,0,0,15.0
L01175,P0186,2026-02-07,4,0,0,0,10.0
L01175,P0105,2026-02-07,5,0,0,0,8.0
L01901,P0174,2026-02-07,1,1,1,1,8.0
L01901,P0187,2026-02-07,2,0,0,0,8.0
L01901,P0123,2026-02-07,3,1,1,0,12.0
L01901,P0001,2026-02-07,4,0,0,0,15.0
L01901,P0215,2026-02-07,5,1,1,0,15.0
L02318,P0054,2026-02-07,1,0,0,0,10.0
L02318,P0011,2026-02-07,2,0,0,0,10.0
L02318,P0023,2026-02-07,3,0,0,0,8.0
L02318,P0053,2026-02-07,4,1,1,0,10.0
L02318,P0020,2026-02-07,5,0,0,0,8.0
L01260,P0144,2026-02-07,1,1,1,1,12.0
L01260,P0160,2026-02-07,2,1,1,1,12.0
L01260,P0053,2026-02-07,3,1,1,1,12.0
L01260,P0021,2026-02-07,4,1,1,0,8.0
L01260,P0078,2026-02-07,5,0,0,0,15.0
L02766,P0160,2026-02-07,1,1,1,0,12.0
L02766,P0144,2026-02-07,2,1,1,1,8.0
L02766,P0158,2026-02-07,3,0,0,0,10.0
L02766,P0051,2026-02-07,4,0,0,0,8.0
L02766,P0021,2026-02-07,5,0,0,0,15.0
L01973,P0152,2026-02-07,1,1,0,0,12.0
L01973,P0218,2026-02-07,2,1,1,0,10.0
L01973,P0193,2026-02-07,3,1,1,1,15.0
L01973,P0184,2026-02-07,4,0,0,0,15.0
L01973,P0078,2026-02-07,5,0,0,0,15.0
L01616,P0122,2026-02-07,1,1,1,0,12.0
L01616,P0134,2026-02-07,2,0,0,0,12.0
L01616,P0016,2026-02-07,3,1,1,0,12.0
L01616,P0112,2026-02-07,4,0,0,0,15.0
L01616,P0089,2026-02-07,5,0,0,0,8.0
L00852,P0006,2026-02-07,1,1,1,0,8.0
L00852,P0148,2026-02-07,2,0,0,0,10.0
L00852,P0019,2026-02-07,3,1,1,1,15.0
L00852,P0189,2026-02-07,4,0,0,0,8.0
L00852,P0090,2026-02-07,5,0,0,0,12.0
L00858,P0180,2026-02-07,1,1,1,0,12.0
L00858,P0005,2026-02-07,2,1,1,0,8.0
L00858,P0195,2026-02-07,3,0,0,0,15.0
L00858,P0209,2026-02-07,4,1,1,0,10.0
L00858,P0026,2026-02-07,5,1,1,1,8.0
L01608,P0166,2026-02-07,1,0,0,0,8.0
L01608,P0077,2026-02-07,2,0,0,0,15.0
L01608,P0174,2026-02-07,3,0,0,0,8.0
L01608,P0187,2026-02-07,4,1,1,0,15.0
L01608,P0071,2026-02-07,5,1,0,0,15.0
L00886,P0038,2026-02-07,1,0,0,0,15.0
L00886,P0099,2026-02-07,2,0,0,0,10.0
L00886,P0008,2026-02-07,3,0,0,0,12.0
L00886,P0140,2026-02-07,4,0,0,0,8.0
L00886,P0002,2026-02-07,5,1,1,0,10.0
L00243,P0120,2026-02-07,1,0,0,0,10.0
L00243,P0100,2026-02-07,2,1,1,1,12.0
L00243,P0061,2026-02-07,3,0,0,0,10.0
L00243,P0194,2026-02-07,4,0,0,0,8.0
L00243,P0050,2026-02-07,5,0,0,0,10.0
L00378,P0129,2026-02-08,1,1,1,1,10.0
L00378,P0156,2026-02-08,2,1,0,0,10.0
L00378,P0187,2026-02-08,3,0,0,0,12.0
L00378,P0119,2026-02-08,4,0,0,0,12.0
L00378,P0174,2026-02-08,5,0,0,0,8.0
L02847,P0091,2026-02-08,1,1,0,0,12.0
L02847,P0216,2026-02-08,2,1,1,1,12.0
L02847,P0084,2026-02-08,3,1,1,0,8.0
L02847,P0015,2026-02-08,4,1,0,0,15.0
L02847,P0024,2026-02-08,5,1,1,0,8.0
L02232,P0010,2026-02-08,1,0,0,0,10.0
L02232,P0209,2026-02-08,2,0,0,0,8.0
L02232,P0112,2026-02-08,3,1,0,0,15.0
L02232,P0003,2026-02-08,4,1,1,1,15.0
L02232,P0026,2026-02-08,5,0,0,0,12.0
L00414,P0181,2026-02-08,1,1,0,0,15.0
L00414,P0106,2026-02-08,2,1,1,0,15.0
L00414,P0070,2026-02-08,3,0,0,0,12.0
L00414,P0175,2026-02-08,4,1,1,0,10.0
L00414,P0029,2026-02-08,5,0,0,0,12.0
L00420,P0020,2026-02-08,1,1,1,1,10.0
L00420,P0028,2026-02-08,2,1,1,0,15.0
L00420,P0041,2026-02-08,3,1,0,0,10.0
L00420,P0066,2026-02-08,4,1,0,0,12.0
L00420,P0063,2026-02-08,5,1,0,0,8.0
L00040,P0038,2026-02-08,1,1,1,0,10.0
L00040,P0101,2026-02-08,2,0,0,0,8.0
L00040,P0094,2026-02-08,3,0,0,0,10.0
L00040,P0111,2026-02-08,4,0,0,0,8.0
L00040,P0193,2026-02-08,5,0,0,0,8.0
L02128,P0136,2026-02-08,1,1,1,0,10.0
L02128,P0082,2026-02-08,2,1,1,0,8.0
L02128,P0086,2026-02-08,3,0,0,0,8.0
L02128,P0205,2026-02-08,4,0,0,0,10.0
L02128,P0186,2026-02-08,5,0,0,0,12.0
L02416,P0198,2026-02-08,1,1,0,0,15.0
L02416,P0027,2026-02-08,2,1,1,0,15.0
L02416,P0033,2026-02-08,3,1,1,1,10.0
L02416,P0077,2026-02-08,4,0,0,0,12.0
L02416,P0200,2026-02-08,5,1,1,0,8.0
L00443,P0123,2026-02-08,1,0,0,0,10.0
L00443,P0215,2026-02-08,2,0,0,0,8.0
L00443,P0003,2026-02-08,3,1,1,0,10.0
L00443,P0119,2026-02-08,4,1,1,0,12.0
L00443,P0005,2026-02-08,5,0,0,0,15.0
L02089,P0093,2026-02-08,1,1,1,0,15.0
L02089,P0108,2026-02-08,2,0,0,0,12.0
L02089,P0138,2026-02-08,3,1,1,0,10.0
L02089,P0006,2026-02-08,4,1,1,0,8.0
L02089,P0086,2026-02-08,5,1,1,0,15.0
L00464,P0120,2026-02-08,1,0,0,0,10.0
L00464,P0124,2026-02-08,2,0,0,0,12.0
L00464,P0138,2026-02-08,3,0,0,0,12.0
L00464,P0186,2026-02-08,4,1,1,1,10.0
L00464,P0104,2026-02-08,5,0,0,0,12.0
L01206,P0103,2026-02-08,1,0,0,0,15.0
L01206,P0081,2026-02-08,2,1,1,1,15.0
L01206,P0128,2026-02-08,3,0,0,0,15.0
L01206,P0116,2026-02-08,4,1,1,0,15.0
L01206,P0056,2026-02-08,5,0,0,0,8.0
L02112,P0206,2026-02-08,1,1,0,0,10.0
L02112,P0071,2026-02-08,2,1,1,1,10.0
L02112,P0187,2026-02-08,3,1,1,0,15.0
L02112,P0174,2026-02-08,4,0,0,0,8.0
L02112,P0072,2026-02-08,5,0,0,0,12.0
L02247,P0118,2026-02-08,1,1,1,0,15.0
L02247,P0168,2026-02-08,2,0,0,0,15.0
L02247,P0064,2026-02-08,3,0,0,0,15.0
L02247,P0137,2026-02-08,4,0,0,0,15.0
L02247,P0130,2026-02-08,5,0,0,0,15.0
L00761,P0186,2026-02-08,1,1,0,0,12.0
L00761,P0138,2026-02-08,2,1,1,0,10.0
L00761,P0050,2026-02-08,3,1,1,0,15.0
L00761,P0100,2026-02-08,4,1,0,0,15.0
L00761,P0120,2026-02-08,5,1,1,0,8.0
L01150,P0088,2026-02-08,1,1,1,0,12.0
L01150,P0092,2026-02-08,2,1,1,1,10.0
L01150,P0150,2026-02-08,3,1,1,0,12.0
L01150,P0078,2026-02-08,4,0,0,0,15.0
L01150,P0184,2026-02-08,5,1,1,0,12.0
L02912,P0178,2026-02-08,1,1,1,1,15.0
L02912,P0056,2026-02-08,2,0,0,0,8.0
L02912,P0020,2026-02-08,3,1,1,1,15.0
L02912,P0028,2026-02-08,4,1,0,0,8.0
L02912,P0081,2026-02-08,5,1,1,0,8.0
L00642,P0088,2026-02-08,1,1,1,1,15.0
L00642,P0051,2026-02-08,2,0,0,0,12.0
L00642,P0184,2026-02-08,3,1,1,0,10.0
L00642,P0092,2026-02-08,4,1,1,1,15.0
L00642,P0150,2026-02-08,5,1,1,0,12.0
L02582,P0106,2026-02-08,1,0,0,0,12.0
L02582,P0029,2026-02-08,2,0,0,0,15.0
L02582,P0173,2026-02-08,3,1,1,0,10.0
L02582,P0181,2026-02-08,4,0,0,0,12.0
L02582,P0043,2026-02-08,5,1,1,0,8.0
L00684,P0195,2026-02-08,1,1,1,0,10.0
L00684,P0112,2026-02-08,2,1,0,0,15.0
L00684,P0109,2026-02-08,3,1,1,1,12.0
L00684,P0117,2026-02-08,4,0,0,0,10.0
L00684,P0010,2026-02-08,5,0,0,0,10.0
L00204,P0189,2026-02-08,1,0,0,0,10.0
L00204,P0058,2026-02-08,2,1,1,1,8.0
L00204,P0019,2026-02-08,3,0,0,0,10.0
L00204,P0097,2026-02-08,4,0,0,0,10.0
L00204,P0065,2026-02-08,5,1,1,0,15.0
L02502,P0068,2026-02-08,1,1,1,0,12.0
L02502,P0143,2026-02-08,2,0,0,0,15.0
L02502,P0153,2026-02-08,3,0,0,0,8.0
L02502,P0189,2026-02-08,4,0,0,0,12.0
L02502,P0148,2026-02-08,5,1,1,1,10.0
L00832,P0013,2026-02-08,1,1,1,0,8.0
L00832,P0121,2026-02-08,2,1,1,0,12.0
L00832,P0217,2026-02-08,3,1,1,0,15.0
L00832,P0162,2026-02-08,4,1,1,0,10.0
L00832,P0190,2026-02-08,5,1,1,0,12.0
L02639,P0208,2026-02-08,1,1,1,0,12.0
L02639,P0044,2026-02-08,2,0,0,0,15.0
L02639,P0020,2026-02-08,3,0,0,0,10.0
L02639,P0086,2026-02-08,4,0,0,0,10.0
L02639,P0028,2026-02-08,5,1,1,0,15.0
L01879,P0127,2026-02-08,1,0,0,0,10.0
L01879,P0201,2026-02-08,2,1,1,0,12.0
L01879,P0204,2026-02-08,3,0,0,0,10.0
L01879,P0143,2026-02-08,4,0,0,0,15.0
L01879,P0058,2026-02-08,5,0,0,0,12.0
L02895,P0206,2026-02-08,1,1,1,1,10.0
L02895,P0174,2026-02-08,2,1,1,0,12.0
L02895,P0200,2026-02-08,3,1,1,1,8.0
L02895,P0198,2026-02-08,4,0,0,0,8.0
L02895,P0033,2026-02-08,5,1,1,0,10.0
L00685,P0184,2026-02-08,1,0,0,0,15.0
L00685,P0152,2026-02-08,2,1,1,0,15.0
L00685,P0218,2026-02-08,3,1,0,0,15.0
L00685,P0092,2026-02-08,4,1,1,0,12.0
L00685,P0017,2026-02-08,5,0,0,0,12.0
L00163,P0093,2026-02-08,1,0,0,0,8.0
L00163,P0124,2026-02-08,2,0,0,0,12.0
L00163,P0006,2026-02-08,3,1,0,0,10.0
L00163,P0081,2026-02-08,4,0,0,0,10.0
L00163,P0086,2026-02-08,5,0,0,0,12.0
L02023,P0028,2026-02-08,1,1,1,0,15.0
L02023,P0164,2026-02-08,2,1,1,0,8.0
L02023,P0085,2026-02-08,3,0,0,0,12.0
L02023,P0067,2026-02-08,4,0,0,0,10.0
L02023,P0149,2026-02-08,5,0,0,0,15.0
L01118,P0116,2026-02-08,1,1,1,1,12.0
L01118,P0022,2026-02-08,2,0,0,0,8.0
L01118,P0017,2026-02-08,3,0,0,0,10.0
L01118,P0020,2026-02-08,4,1,1,0,8.0
L01118,P0004,2026-02-08,5,1,1,0,15.0
L01014,P0110,2026-02-09,1,1,1,0,10.0
L01014,P0031,2026-02-09,2,1,1,0,10.0
L01014,P0074,2026-02-09,3,0,0,0,10.0
L01014,P0058,2026-02-09,4,1,1,1,10.0
L01014,P0035,2026-02-09,5,1,1,0,8.0
L02841,P0001,2026-02-09,1,0,0,0,10.0
L02841,P0174,2026-02-09,2,0,0,0,12.0
L02841,P0187,2026-02-09,3,1,1,0,8.0
L02841,P0010,2026-02-09,4,0,0,0,10.0
L02841,P0005,2026-02-09,5,0,0,0,12.0
L00706,P0131,2026-02-09,1,0,0,0,10.0
L00706,P0036,2026-02-09,2,0,0,0,12.0
L00706,P0008,2026-02-09,3,0,0,0,10.0
L00706,P0094,2026-02-09,4,0,0,0,15.0
L00706,P0158,2026-02-09,5,0,0,0,8.0
L01789,P0020,2026-02-09,1,1,1,1,10.0
L01789,P0158,2026-02-09,2,1,0,0,8.0
L01789,P0063,2026-02-09,3,1,1,1,15.0
L01789,P0014,2026-02-09,4,0,0,0,8.0
L01789,P0044,2026-02-09,5,0,0,0,15.0
L00289,P0181,2026-02-09,1,0,0,0,12.0
L00289,P0153,2026-02-09,2,1,1,0,15.0
L00289,P0000,2026-02-09,3,1,1,0,15.0
L00289,P0114,2026-02-09,4,0,0,0,8.0
L00289,P0062,2026-02-09,5,0,0,0,10.0
L01196,P0209,2026-02-09,1,1,1,1,15.0
L01196,P0047,2026-02-09,2,1,1,0,12.0
L01196,P0083,2026-02-09,3,0,0,0,15.0
L01196,P0010,2026-02-09,4,1,1,0,8.0
L01196,P0005,2026-02-09,5,1,1,0,12.0
L01559,P0121,2026-02-09,1,1,1,0,15.0
L01559,P0162,2026-02-09,2,0,0,0,8.0
L01559,P0013,2026-02-09,3,0,0,0,10.0
L01559,P0182,2026-02-09,4,1,1,1,8.0
L01559,P0217,2026-02-09,5,1,1,0,8.0
L01746,P0015,2026-02-09,1,0,0,0,15.0
L01746,P0165,2026-02-09,2,1,1,0,8.0
L01746,P0155,2026-02-09,3,0,0,0,15.0
L01746,P0084,2026-02-09,4,0,0,0,15.0
L01746,P0030,2026-02-09,5,0,0,0,10.0
L01961,P0205,2026-02-09,1,1,1,0,15.0
L01961,P0086,2026-02-09,2,1,1,1,12.0
L01961,P0136,2026-02-09,3,1,0,0,10.0
L01961,P0004,2026-02-09,4,1,1,0,8.0
L01961,P0116,2026-02-09,5,1,1,0,8.0
L02995,P0028,2026-02-09,1,0,0,0,8.0
L02995,P0020,2026-02-09,2,0,0,0,15.0
L02995,P0085,2026-02-09,3,0,0,0,8.0
L02995,P0067,2026-02-09,4,1,1,0,12.0
L02995,P0164,2026-02-09,5,0,0,0,10.0
L00292,P0124,2026-02-09,1,1,1,0,10.0
L00292,P0061,2026-02-09,2,1,1,1,12.0
L00292,P0032,2026-02-09,3,1,0,0,12.0
L00292,P0100,2026-02-09,4,0,0,0,12.0
L00292,P0025,2026-02-09,5,1,1,1,12.0
L00555,P0008,2026-02-09,1,0,0,0,8.0
L00555,P0131,2026-02-09,2,1,0,0,12.0
L00555,P0193,2026-02-09,3,0,0,0,8.0
L00555,P0111,2026-02-09,4,0,0,0,15.0
L00555,P0140,2026-02-09,5,0,0,0,12.0
L01335,P0210,2026-02-09,1,1,0,0,15.0
L01335,P0179,2026-02-09,2,0,0,0,15.0
L01335,P0115,2026-02-09,3,0,0,0,8.0
L01335,P0157,2026-02-09,4,1,0,0,12.0
L01335,P0011,2026-02-09,5,0,0,0,8.0
L00863,P0085,2026-02-10,1,0,0,0,15.0
L00863,P0212,2026-02-10,2,0,0,0,8.0
L00863,P0066,2026-02-10,3,1,0,0,8.0
L00863,P0020,2026-02-10,4,0,0,0,10.0
L00863,P0023,2026-02-10,5,0,0,0,8.0
L00339,P0206,2026-02-10,1,1,1,1,10.0
L00339,P0187,2026-02-10,2,0,0,0,8.0
L00339,P0077,2026-02-10,3,0,0,0,8.0
L00339,P0033,2026-02-10,4,0,0,0,15.0
L00339,P0072,2026-02-10,5,0,0,0,8.0
L02110,P0050,2026-02-10,1,1,1,1,10.0
L02110,P0138,2026-02-10,2,1,0,0,10.0
L02110,P0186,2026-02-10,3,1,1,0,12.0
L02110,P0061,2026-02-10,4,0,0,0,8.0
L02110,P0100,2026-02-10,5,0,0,0,12.0
L00118,P0033,2026-02-10,1,1,1,0,8.0
L00118,P0211,2026-02-10,2,0,0,0,12.0
L00118,P0200,2026-02-10,3,0,0,0,8.0
L00118,P0071,2026-02-10,4,1,1,1,15.0
L00118,P0187,2026-02-10,5,0,0,0,8.0
L02651,P0112,2026-02-10,1,0,0,0,8.0
L02651,P0188,2026-02-10,2,1,0,0,8.0
L02651,P0075,2026-02-10,3,0,0,0,10.0
L02651,P0117,2026-02-10,4,1,0,0,15.0
L02651,P0016,2026-02-10,5,0,0,0,10.0
L00727,P0030,2026-02-10,1,1,1,0,15.0
L00727,P0034,2026-02-10,2,0,0,0,15.0
L00727,P0166,2026-02-10,3,0,0,0,12.0
L00727,P0174,2026-02-10,4,0,0,0,12.0
L00727,P0206,2026-02-10,5,0,0,0,8.0
L01834,P0101,2026-02-10,1,1,0,0,10.0
L01834,P0038,2026-02-10,2,0,0,0,12.0
L01834,P0111,2026-02-10,3,1,1,0,15.0
L01834,P0140,2026-02-10,4,0,0,0,12.0
L01834,P0193,2026-02-10,5,0,0,0,12.0
L02572,P0087,2026-02-10,1,0,0,0,15.0
L02572,P0154,2026-02-10,2,0,0,0,10.0
L02572,P0160,2026-02-10,3,0,0,0,15.0
L02572,P0053,2026-02-10,4,0,0,0,10.0
L02572,P0078,2026-02-10,5,0,0,0,10.0
L01035,P0208,2026-02-10,1,1,1,0,15.0
L01035,P0116,2026-02-10,2,1,1,1,12.0
L01035,P0011,2026-02-10,3,1,1,0,12.0
L01035,P0004,2026-02-10,4,1,1,0,12.0
L01035,P0017,2026-02-10,5,1,1,0,8.0
L01202,P0182,2026-02-10,1,0,0,0,15.0
L01202,P0098,2026-02-10,2,0,0,0,12.0
L01202,P0132,2026-02-10,3,1,1,1,10.0
L01202,P0013,2026-02-10,4,0,0,0,12.0
L01202,P0080,2026-02-10,5,0,0,0,15.0
L00980,P0172,2026-02-10,1,1,1,0,12.0
L00980,P0018,2026-02-10,2,0,0,0,12.0
L00980,P0073,2026-02-10,3,1,1,1,8.0
L00980,P0213,2026-02-10,4,0,0,0,10.0
L00980,P0031,2026-02-10,5,1,1,0,15.0
L02704,P0177,2026-02-10,1,1,1,0,15.0
L02704,P0039,2026-02-10,2,1,1,1,10.0
L02704,P0101,2026-02-10,3,1,1,0,12.0
L02704,P0088,2026-02-10,4,0,0,0,10.0
L02704,P0021,2026-02-10,5,1,1,0,15.0
L02879,P0116,2026-02-10,1,0,0,0,12.0
L02879,P0022,2026-02-10,2,0,0,0,15.0
L02879,P0053,2026-02-10,3,0,0,0,15.0
L02879,P0011,2026-02-10,4,0,0,0,12.0
L02879,P0017,2026-02-10,5,1,1,0,15.0
L02421,P0007,2026-02-10,1,0,0,0,10.0
L02421,P0090,2026-02-10,2,0,0,0,10.0
L02421,P0120,2026-02-10,3,1,1,0,8.0
L02421,P0081,2026-02-10,4,1,0,0,10.0
L02421,P0086,2026-02-10,5,1,1,1,12.0
L00173,P0019,2026-02-10,1,0,0,0,12.0
L00173,P0173,2026-02-10,2,0,0,0,15.0
L00173,P0058,2026-02-10,3,1,1,0,8.0
L00173,P0105,2026-02-10,4,0,0,0,12.0
L00173,P0110,2026-02-10,5,0,0,0,8.0
L01402,P0199,2026-02-11,1,1,1,1,10.0
L01402,P0025,2026-02-11,2,1,0,0,8.0
L01402,P0124,2026-02-11,3,1,1,1,10.0
L01402,P0196,2026-02-11,4,1,0,0,8.0
L01402,P0103,2026-02-11,5,0,0,0,15.0
L00463,P0050,2026-02-11,1,0,0,0,12.0
L00463,P0032,2026-02-11,2,1,1,0,10.0
L00463,P0025,2026-02-11,3,0,0,0,12.0
L00463,P0100,2026-02-11,4,0,0,0,15.0
L00463,P0061,2026-02-11,5,0,0,0,8.0
L00975,P0089,2026-02-11,1,1,1,0,15.0
L00975,P0034,2026-02-11,2,0,0,0,8.0
L00975,P0071,2026-02-11,3,0,0,0,8.0
L00975,P0187,2026-02-11,4,1,1,0,12.0
L00975,P0200,2026-02-11,5,1,1,0,15.0
L02921,P0091,2026-02-11,1,1,0,0,15.0
L02921,P0037,2026-02-11,2,1,1,1,8.0
L02921,P0024,2026-02-11,3,0,0,0,15.0
L02921,P0069,2026-02-11,4,0,0,0,10.0
L02921,P0165,2026-02-11,5,0,0,0,15.0
L00429,P0019,2026-02-11,1,1,1,0,10.0
L00429,P0114,2026-02-11,2,0,0,0,15.0
L00429,P0148,2026-02-11,3,1,1,1,12.0
L00429,P0097,2026-02-11,4,1,1,0,12.0
L00429,P0135,2026-02-11,5,1,0,0,8.0
L00410,P0197,2026-02-11,1,1,0,0,8.0
L00410,P0214,2026-02-11,2,0,0,0,10.0
L00410,P0201,2026-02-11,3,0,0,0,8.0
L00410,P0173,2026-02-11,4,0,0,0,15.0
L00410,P0058,2026-02-11,5,1,1,0,12.0
L01542,P0155,2026-02-11,1,0,0,0,15.0
L01542,P0084,2026-02-11,2,1,1,0,10.0
L01542,P0069,2026-02-11,3,0,0,0,15.0
L01542,P0165,2026-02-11,4,1,0,0,15.0
L01542,P0037,2026-02-11,5,0,0,0,10.0
L00205,P0180,2026-02-11,1,1,1,0,8.0
L00205,P0083,2026-02-11,2,0,0,0,8.0
L00205,P0010,2026-02-11,3,1,1,0,10.0
L00205,P0047,2026-02-11,4,0,0,0,12.0
L00205,P0003,2026-02-11,5,0,0,0,8.0
L00403,P0155,2026-02-11,1,1,1,1,15.0
L00403,P0091,2026-02-11,2,1,1,1,12.0
L00403,P0084,2026-02-11,3,1,1,0,10.0
L00403,P0015,2026-02-11,4,1,1,0,8.0
L00403,P0037,2026-02-11,5,0,0,0,12.0
L00676,P0214,2026-02-11,1,0,0,0,12.0
L00676,P0197,2026-02-11,2,0,0,0,8.0
L00676,P0171,2026-02-11,3,0,0,0,12.0
L00676,P0019,2026-02-11,4,0,0,0,12.0
L00676,P0058,2026-02-11,5,0,0,0,8.0
L00179,P0010,2026-02-11,1,1,1,1,10.0
L00179,P0117,2026-02-11,2,0,0,0,15.0
L00179,P0112,2026-02-11,3,0,0,0,15.0
L00179,P0188,2026-02-11,4,1,1,1,12.0
L00179,P0195,2026-02-11,5,1,1,0,12.0
L00397,P0191,2026-02-11,1,0,0,0,12.0
L00397,P0064,2026-02-11,2,0,0,0,8.0
L00397,P0118,2026-02-11,3,1,1,0,10.0
L00397,P0095,2026-02-11,4,1,1,1,15.0
L00397,P0137,2026-02-11,5,0,0,0,8.0
L02401,P0193,2026-02-11,1,1,1,1,8.0
L02401,P0150,2026-02-11,2,1,1,1,15.0
L02401,P0078,2026-02-11,3,0,0,0,12.0
L02401,P0218,2026-02-11,4,1,1,1,8.0
L02401,P0017,2026-02-11,5,0,0,0,15.0
L01240,P0127,2026-02-11,1,1,1,0,10.0
L01240,P0171,2026-02-11,2,0,0,0,12.0
L01240,P0114,2026-02-11,3,1,1,1,12.0
L01240,P0019,2026-02-11,4,0,0,0,15.0
L01240,P0058,2026-02-11,5,0,0,0,10.0
L00602,P0106,2026-02-11,1,1,1,1,10.0
L00602,P0175,2026-02-11,2,1,1,1,8.0
L00602,P0062,2026-02-11,3,1,1,0,12.0
L00602,P0173,2026-02-11,4,0,0,0,8.0
L00602,P0049,2026-02-11,5,0,0,0,15.0
L00987,P0099,2026-02-11,1,0,0,0,12.0
L00987,P0038,2026-02-11,2,1,0,0,12.0
L00987,P0111,2026-02-11,3,1,1,0,15.0
L00987,P0094,2026-02-11,4,1,1,0,12.0
L00987,P0193,2026-02-11,5,1,1,1,12.0
L02027,P0010,2026-02-11,1,0,0,0,15.0
L02027,P0109,2026-02-11,2,1,1,1,12.0
L02027,P0117,2026-02-11,3,0,0,0,8.0
L02027,P0195,2026-02-11,4,0,0,0,8.0
L02027,P0112,2026-02-11,5,1,1,0,15.0
L00665,P0106,2026-02-11,1,0,0,0,12.0
L00665,P0070,2026-02-11,2,1,1,0,12.0
L00665,P0173,2026-02-11,3,0,0,0,15.0
L00665,P0049,2026-02-11,4,1,1,0,12.0
L00665,P0110,2026-02-11,5,0,0,0,10.0
L00365,P0091,2026-02-12,1,1,1,0,10.0
L00365,P0155,2026-02-12,2,1,1,0,8.0
L00365,P0216,2026-02-12,3,1,1,0,10.0
L00365,P0024,2026-02-12,4,0,0,0,15.0
L00365,P0037,2026-02-12,5,0,0,0,8.0
L01495,P0128,2026-02-12,1,1,1,0,12.0
L01495,P0103,2026-02-12,2,1,0,0,15.0
L01495,P0044,2026-02-12,3,0,0,0,8.0
L01495,P0147,2026-02-12,4,0,0,0,12.0
L01495,P0056,2026-02-12,5,1,1,0,15.0
L01522,P0085,2026-02-12,1,0,0,0,8.0
L01522,P0149,2026-02-12,2,1,0,0,12.0
L01522,P0066,2026-02-12,3,1,1,1,10.0
L01522,P0164,2026-02-12,4,0,0,0,10.0
L01522,P0020,2026-02-12,5,1,0,0,10.0
L00558,P0171,2026-02-12,1,1,1,0,10.0
L00558,P0204,2026-02-12,2,0,0,0,8.0
L00558,P0197,2026-02-12,3,0,0,0,12.0
L00558,P0042,2026-02-12,4,1,1,0,15.0
L00558,P0143,2026-02-12,5,0,0,0,12.0
L01873,P0030,2026-02-12,1,1,1,0,15.0
L01873,P0166,2026-02-12,2,0,0,0,12.0
L01873,P0200,2026-02-12,3,1,1,1,10.0
L01873,P0077,2026-02-12,4,1,1,0,12.0
L01873,P0206,2026-02-12,5,1,0,0,12.0
L02718,P0174,2026-02-12,1,1,1,0,8.0
L02718,P0187,2026-02-12,2,1,1,0,8.0
L02718,P0119,2026-02-12,3,0,0,0,8.0
L02718,P0026,2026-02-12,4,0,0,0,15.0
L02718,P0057,2026-02-12,5,1,1,1,15.0
L01545,P0079,2026-02-12,1,1,0,0,15.0
L01545,P0213,2026-02-12,2,1,1,0,15.0
L01545,P0035,2026-02-12,3,1,0,0,10.0
L01545,P0118,2026-02-12,4,1,0,0,10.0
L01545,P0031,2026-02-12,5,1,1,0,15.0
L02892,P0119,2026-02-12,1,0,0,0,10.0
L02892,P0187,2026-02-12,2,1,1,0,15.0
L02892,P0003,2026-02-12,3,1,1,0,8.0
L02892,P0026,2026-02-12,4,0,0,0,15.0
L02892,P0057,2026-02-12,5,0,0,0,8.0
L02635,P0058,2026-02-12,1,1,1,0,8.0
L02635,P0173,2026-02-12,2,0,0,0,8.0
L02635,P0031,2026-02-12,3,1,1,0,12.0
L02635,P0105,2026-02-12,4,1,1,0,8.0
L02635,P0135,2026-02-12,5,1,0,0,10.0
L01669,P0182,2026-02-12,1,1,1,0,8.0
L01669,P0190,2026-02-12,2,1,1,1,8.0
L01669,P0121,2026-02-12,3,1,1,1,10.0
L01669,P0217,2026-02-12,4,1,1,0,15.0
L01669,P0013,2026-02-12,5,0,0,0,8.0
L01898,P0162,2026-02-12,1,1,0,0,10.0
L01898,P0182,2026-02-12,2,1,0,0,10.0
L01898,P0132,2026-02-12,3,0,0,0,8.0
L01898,P0013,2026-02-12,4,1,1,0,12.0
L01898,P0217,2026-02-12,5,0,0,0,12.0
L02532,P0219,2026-02-12,1,0,0,0,8.0
L02532,P0207,2026-02-12,2,1,1,0,8.0
L02532,P0195,2026-02-12,3,0,0,0,12.0
L02532,P0047,2026-02-12,4,0,0,0,15.0
L02532,P0209,2026-02-12,5,0,0,0,8.0
L02497,P0131,2026-02-12,1,0,0,0,10.0
L02497,P0167,2026-02-12,2,1,0,0,8.0
L02497,P0008,2026-02-12,3,1,1,0,8.0
L02497,P0111,2026-02-12,4,1,0,0,12.0
L02497,P0158,2026-02-12,5,0,0,0,15.0
L02380,P0066,2026-02-12,1,1,0,0,8.0
L02380,P0014,2026-02-12,2,0,0,0,12.0
L02380,P0149,2026-02-12,3,0,0,0,8.0
L02380,P0164,2026-02-12,4,1,1,1,10.0
L02380,P0115,2026-02-12,5,0,0,0,12.0
L02509,P0008,2026-02-12,1,1,0,0,12.0
L02509,P0131,2026-02-12,2,0,0,0,12.0
L02509,P0193,2026-02-12,3,0,0,0,12.0
L02509,P0140,2026-02-12,4,1,1,1,15.0
L02509,P0111,2026-02-12,5,1,1,0,8.0
L01273,P0036,2026-02-12,1,0,0,0,10.0
L01273,P0140,2026-02-12,2,0,0,0,10.0
L01273,P0094,2026-02-12,3,1,1,0,12.0
L01273,P0111,2026-02-12,4,1,1,0,8.0
L01273,P0158,2026-02-12,5,1,1,1,15.0
L01422,P0125,2026-02-12,1,0,0,0,12.0
L01422,P0210,2026-02-12,2,1,0,0,10.0
L01422,P0020,2026-02-12,3,0,0,0,10.0
L01422,P0022,2026-02-12,4,0,0,0,8.0
L01422,P0011,2026-02-12,5,0,0,0,15.0
L00653,P0174,2026-02-12,1,1,1,0,8.0
L00653,P0026,2026-02-12,2,0,0,0,12.0
L00653,P0003,2026-02-12,3,0,0,0,8.0
L00653,P0001,2026-02-12,4,0,0,0,10.0
L00653,P0057,2026-02-12,5,0,0,0,12.0
L02101,P0198,2026-02-12,1,1,0,0,10.0
L02101,P0072,2026-02-12,2,0,0,0,12.0
L02101,P0174,2026-02-12,3,0,0,0,15.0
L02101,P0187,2026-02-12,4,1,1,0,10.0
L02101,P0200,2026-02-12,5,1,1,1,8.0
L00082,P0180,2026-02-12,1,0,0,0,10.0
L00082,P0005,2026-02-12,2,0,0,0,8.0
L00082,P0010,2026-02-12,3,0,0,0,8.0
L00082,P0209,2026-02-12,4,0,0,0,10.0
L00082,P0047,2026-02-12,5,0,0,0,12.0
L00251,P0068,2026-02-12,1,0,0,0,10.0
L00251,P0029,2026-02-12,2,0,0,0,15.0
L00251,P0181,2026-02-12,3,0,0,0,8.0
L00251,P0153,2026-02-12,4,1,1,0,15.0
L00251,P0114,2026-02-12,5,1,0,0,8.0
L02345,P0120,2026-02-12,1,1,1,1,10.0
L02345,P0108,2026-02-12,2,1,0,0,8.0
L02345,P0138,2026-02-12,3,0,0,0,8.0
L02345,P0124,2026-02-12,4,0,0,0,8.0
L02345,P0006,2026-02-12,5,0,0,0,15.0
L01568,P0010,2026-02-13,1,1,1,0,10.0
L01568,P0117,2026-02-13,2,0,0,0,15.0
L01568,P0195,2026-02-13,3,1,1,1,12.0
L01568,P0188,2026-02-13,4,0,0,0,8.0
L01568,P0033,2026-02-13,5,0,0,0,12.0
L00718,P0160,2026-02-13,1,0,0,0,10.0
L00718,P0087,2026-02-13,2,1,0,0,10.0
L00718,P0154,2026-02-13,3,0,0,0,12.0
L00718,P0017,2026-02-13,4,0,0,0,10.0
L00718,P0053,2026-02-13,5,1,0,0,8.0
L02197,P0012,2026-02-13,1,1,1,0,15.0
L02197,P0009,2026-02-13,2,1,1,1,8.0
L02197,P0060,2026-02-13,3,1,1,1,15.0
L02197,P0072,2026-02-13,4,1,1,1,10.0
L02197,P0027,2026-02-13,5,1,1,0,15.0
L01127,P0041,2026-02-13,1,1,1,0,12.0
L01127,P0111,2026-02-13,2,1,1,0,10.0
L01127,P0140,2026-02-13,3,1,0,0,10.0
L01127,P0008,2026-02-13,4,1,1,0,15.0
L01127,P0028,2026-02-13,5,1,1,1,8.0
L01119,P0211,2026-02-13,1,1,1,1,12.0
L01119,P0033,2026-02-13,2,0,0,0,8.0
L01119,P0198,2026-02-13,3,1,1,1,15.0
L01119,P0071,2026-02-13,4,1,1,0,15.0
L01119,P0174,2026-02-13,5,1,0,0,15.0
L01699,P0054,2026-02-13,1,1,1,0,15.0
L01699,P0082,2026-02-13,2,1,1,0,10.0
L01699,P0136,2026-02-13,3,1,1,1,10.0
L01699,P0116,2026-02-13,4,1,1,0,12.0
L01699,P0124,2026-02-13,5,0,0,0,15.0
L00612,P0014,2026-02-13,1,0,0,0,8.0
L00612,P0085,2026-02-13,2,0,0,0,10.0
L00612,P0067,2026-02-13,3,1,0,0,12.0
L00612,P0063,2026-02-13,4,1,1,0,12.0
L00612,P0020,2026-02-13,5,1,1,1,12.0
L02574,P0084,2026-02-13,1,0,0,0,12.0
L02574,P0216,2026-02-13,2,0,0,0,10.0
L02574,P0165,2026-02-13,3,0,0,0,10.0
L02574,P0069,2026-02-13,4,0,0,0,12.0
L02574,P0037,2026-02-13,5,0,0,0,12.0
L01167,P0215,2026-02-13,1,1,1,0,10.0
L01167,P0003,2026-02-13,2,1,1,0,12.0
L01167,P0123,2026-02-13,3,0,0,0,15.0
L01167,P0119,2026-02-13,4,0,0,0,15.0
L01167,P0187,2026-02-13,5,1,1,0,15.0
L01193,P0010,2026-02-13,1,0,0,0,8.0
L01193,P0209,2026-02-13,2,0,0,0,15.0
L01193,P0112,2026-02-13,3,0,0,0,12.0
L01193,P0047,2026-02-13,4,0,0,0,15.0
L01193,P0195,2026-02-13,5,0,0,0,8.0
L02293,P0202,2026-02-13,1,1,1,1,8.0
L02293,P0073,2026-02-13,2,1,1,0,8.0
L02293,P0035,2026-02-13,3,1,1,0,12.0
L02293,P0118,2026-02-13,4,1,0,0,15.0
L02293,P0145,2026-02-13,5,0,0,0,10.0
L02501,P0107,2026-02-13,1,0,0,0,15.0
L02501,P0027,2026-02-13,2,1,1,1,8.0
L02501,P0072,2026-02-13,3,0,0,0,8.0
L02501,P0198,2026-02-13,4,0,0,0,15.0
L02501,P0033,2026-02-13,5,0,0,0,8.0
L02658,P0120,2026-02-13,1,0,0,0,15.0
L02658,P0093,2026-02-13,2,0,0,0,12.0
L02658,P0138,2026-02-13,3,1,1,0,8.0
L02658,P0124,2026-02-13,4,0,0,0,15.0
L02658,P0081,2026-02-13,5,0,0,0,15.0
L02102,P0066,2026-02-13,1,1,1,0,8.0
L02102,P0085,2026-02-13,2,1,1,0,8.0
L02102,P0096,2026-02-13,3,1,1,0,12.0
L02102,P0212,2026-02-13,4,0,0,0,12.0
L02102,P0023,2026-02-13,5,0,0,0,8.0
L01268,P0219,2026-02-13,1,0,0,0,12.0
L01268,P0207,2026-02-13,2,1,1,0,15.0
L01268,P0195,2026-02-13,3,1,1,0,15.0
L01268,P0209,2026-02-13,4,1,0,0,12.0
L01268,P0112,2026-02-13,5,0,0,0,8.0
L01246,P0155,2026-02-13,1,1,1,0,10.0
L01246,P0069,2026-02-13,2,0,0,0,12.0
L01246,P0024,2026-02-13,3,0,0,0,10.0
L01246,P0037,2026-02-13,4,0,0,0,12.0
L01246,P0030,2026-02-13,5,0,0,0,10.0
L00352,P0025,2026-02-14,1,1,1,0,8.0
L00352,P0199,2026-02-14,2,0,0,0,8.0
L00352,P0138,2026-02-14,3,1,0,0,10.0
L00352,P0103,2026-02-14,4,0,0,0,15.0
L00352,P0086,2026-02-14,5,1,1,1,8.0
L01937,P0101,2026-02-14,1,1,0,0,12.0
L01937,P0099,2026-02-14,2,1,1,0,15.0
L01937,P0193,2026-02-14,3,0,0,0,10.0
L01937,P0002,2026-02-14,4,0,0,0,12.0
L01937,P0111,2026-02-14,5,1,1,1,12.0
L00343,P0164,2026-02-14,1,1,1,0,10.0
L00343,P0085,2026-02-14,2,0,0,0,8.0
L00343,P0014,2026-02-14,3,0,0,0,10.0
L00343,P0028,2026-02-14,4,0,0,0,15.0
L00343,P0020,2026-02-14,5,0,0,0,10.0
L01727,P0203,2026-02-14,1,0,0,0,12.0
L01727,P0084,2026-02-14,2,1,1,1,12.0
L01727,P0059,2026-02-14,3,1,0,0,12.0
L01727,P0156,2026-02-14,4,0,0,0,8.0
L01727,P0119,2026-02-14,5,1,0,0,10.0
L00031,P0101,2026-02-14,1,0,0,0,10.0
L00031,P0142,2026-02-14,2,0,0,0,8.0
L00031,P0039,2026-02-14,3,0,0,0,8.0
L00031,P0177,2026-02-14,4,0,0,0,15.0
L00031,P0021,2026-02-14,5,0,0,0,8.0
L02164,P0060,2026-02-14,1,0,0,0,12.0
L02164,P0012,2026-02-14,2,0,0,0,12.0
L02164,P0009,2026-02-14,3,0,0,0,8.0
L02164,P0048,2026-02-14,4,0,0,0,10.0
L02164,P0033,2026-02-14,5,0,0,0,12.0
L02006,P0104,2026-02-14,1,1,1,0,15.0
L02006,P0019,2026-02-14,2,0,0,0,12.0
L02006,P0173,2026-02-14,3,0,0,0,8.0
L02006,P0120,2026-02-14,4,1,1,1,8.0
L02006,P0100,2026-02-14,5,0,0,0,8.0
L00371,P0074,2026-02-14,1,1,1,0,15.0
L00371,P0173,2026-02-14,2,0,0,0,8.0
L00371,P0058,2026-02-14,3,1,1,1,10.0
L00371,P0100,2026-02-14,4,0,0,0,8.0
L00371,P0061,2026-02-14,5,0,0,0,8.0
L01398,P0055,2026-02-14,1,1,1,0,12.0
L01398,P0167,2026-02-14,2,1,1,0,10.0
L01398,P0152,2026-02-14,3,0,0,0,15.0
L01398,P0078,2026-02-14,4,1,1,1,8.0
L01398,P0184,2026-02-14,5,0,0,0,15.0
L02404,P0036,2026-02-14,1,1,1,1,10.0
L02404,P0131,2026-02-14,2,0,0,0,10.0
L02404,P0002,2026-02-14,3,1,0,0,8.0
L02404,P0094,2026-02-14,4,0,0,0,10.0
L02404,P0140,2026-02-14,5,0,0,0,10.0
L02645,P0197,2026-02-14,1,0,0,0,10.0
L02645,P0171,2026-02-14,2,0,0,0,12.0
L02645,P0019,2026-02-14,3,0,0,0,12.0
L02645,P0058,2026-02-14,4,0,0,0,15.0
L02645,P0104,2026-02-14,5,0,0,0,8.0
L01427,P0068,2026-02-14,1,1,1,1,15.0
L01427,P0143,2026-02-14,2,0,0,0,15.0
L01427,P0114,2026-02-14,3,0,0,0,12.0
L01427,P0000,2026-02-14,4,1,1,0,10.0
L01427,P0148,2026-02-14,5,0,0,0,15.0
L01416,P0142,2026-02-14,1,0,0,0,15.0
L01416,P0177,2026-02-14,2,1,1,0,10.0
L01416,P0146,2026-02-14,3,1,1,1,10.0
L01416,P0101,2026-02-14,4,0,0,0,15.0
L01416,P0051,2026-02-14,5,0,0,0,15.0
L01547,P0103,2026-02-14,1,0,0,0,15.0
L01547,P0086,2026-02-14,2,0,0,0,15.0
L01547,P0205,2026-02-14,3,1,1,1,15.0
L01547,P0081,2026-02-14,4,1,1,0,10.0
L01547,P0116,2026-02-14,5,0,0,0,12.0
L01079,P0028,2026-02-14,1,0,0,0,8.0
L01079,P0014,2026-02-14,2,0,0,0,12.0
L01079,P0056,2026-02-14,3,1,1,0,12.0
L01079,P0044,2026-02-14,4,0,0,0,15.0
L01079,P0066,2026-02-14,5,1,0,0,10.0
L01464,P0167,2026-02-14,1,1,1,1,15.0
L01464,P0193,2026-02-14,2,1,1,0,8.0
L01464,P0140,2026-02-14,3,1,1,1,10.0
L01464,P0094,2026-02-14,4,1,1,1,10.0
L01464,P0158,2026-02-14,5,0,0,0,12.0
L00925,P0071,2026-02-14,1,0,0,0,12.0
L00925,P0200,2026-02-14,2,0,0,0,10.0
L00925,P0206,2026-02-14,3,0,0,0,10.0
L00925,P0027,2026-02-14,4,1,1,1,12.0
L00925,P0198,2026-02-14,5,1,0,0,10.0
L01363,P0013,2026-02-14,1,0,0,0,10.0
L01363,P0190,2026-02-14,2,0,0,0,15.0
L01363,P0162,2026-02-14,3,0,0,0,12.0
L01363,P0132,2026-02-14,4,0,0,0,12.0
L01363,P0182,2026-02-14,5,0,0,0,10.0
L02414,P0116,2026-02-14,1,1,1,1,10.0
L02414,P0208,2026-02-14,2,0,0,0,12.0
L02414,P0022,2026-02-14,3,0,0,0,15.0
L02414,P0023,2026-02-14,4,0,0,0,15.0
L02414,P0011,2026-02-14,5,0,0,0,10.0
L02968,P0204,2026-02-14,1,0,0,0,12.0
L02968,P0042,2026-02-14,2,1,1,1,15.0
L02968,P0197,2026-02-14,3,0,0,0,8.0
L02968,P0201,2026-02-14,4,1,1,0,15.0
L02968,P0019,2026-02-14,5,1,1,0,8.0
L00628,P0020,2026-02-14,1,1,1,1,15.0
L00628,P0011,2026-02-14,2,1,1,1,12.0
L00628,P0169,2026-02-14,3,1,1,1,10.0
L00628,P0076,2026-02-14,4,0,0,0,10.0
L00628,P0053,2026-02-14,5,1,0,0,10.0
L02452,P0165,2026-02-14,1,0,0,0,8.0
L02452,P0069,2026-02-14,2,0,0,0,12.0
L02452,P0037,2026-02-14,3,1,1,1,15.0
L02452,P0155,2026-02-14,4,0,0,0,10.0
L02452,P0030,2026-02-14,5,0,0,0,8.0
L01138,P0011,2026-02-15,1,1,1,0,12.0
L01138,P0053,2026-02-15,2,0,0,0,8.0
L01138,P0087,2026-02-15,3,1,1,1,12.0
L01138,P0076,2026-02-15,4,0,0,0,15.0
L01138,P0017,2026-02-15,5,0,0,0,10.0
L01344,P0011,2026-02-15,1,0,0,0,10.0
L01344,P0102,2026-02-15,2,1,1,1,15.0
L01344,P0169,2026-02-15,3,0,0,0,8.0
L01344,P0017,2026-02-15,4,0,0,0,15.0
L01344,P0087,2026-02-15,5,1,1,1,8.0
L01767,P0116,2026-02-15,1,1,1,1,10.0
L01767,P0056,2026-02-15,2,1,0,0,10.0
L01767,P0147,2026-02-15,3,1,1,0,15.0
L01767,P0020,2026-02-15,4,0,0,0,15.0
L01767,P0028,2026-02-15,5,0,0,0,10.0
L02121,P0145,2026-02-15,1,0,0,0,15.0
L02121,P0168,2026-02-15,2,1,1,0,10.0
L02121,P0035,2026-02-15,3,0,0,0,12.0
L02121,P0046,2026-02-15,4,0,0,0,12.0
L02121,P0064,2026-02-15,5,0,0,0,10.0
L00423,P0118,2026-02-15,1,1,0,0,10.0
L00423,P0046,2026-02-15,2,0,0,0,10.0
L00423,P0064,2026-02-15,3,0,0,0,12.0
L00423,P0191,2026-02-15,4,1,0,0,12.0
L00423,P0095,2026-02-15,5,1,1,1,8.0
L00347,P0093,2026-02-15,1,0,0,0,12.0
L00347,P0108,2026-02-15,2,1,1,0,10.0
L00347,P0138,2026-02-15,3,1,1,0,15.0
L00347,P0124,2026-02-15,4,0,0,0,15.0
L00347,P0086,2026-02-15,5,0,0,0,12.0
L02806,P0183,2026-02-15,1,0,0,0,10.0
L02806,P0081,2026-02-15,2,0,0,0,12.0
L02806,P0103,2026-02-15,3,0,0,0,10.0
L02806,P0196,2026-02-15,4,1,1,1,15.0
L02806,P0086,2026-02-15,5,0,0,0,12.0
L01683,P0217,2026-02-15,1,1,1,0,10.0
L01683,P0013,2026-02-15,2,0,0,0,12.0
L01683,P0098,2026-02-15,3,0,0,0,8.0
L01683,P0182,2026-02-15,4,1,1,0,15.0
L01683,P0132,2026-02-15,5,0,0,0,15.0
L02845,P0038,2026-02-15,1,1,1,1,10.0
L02845,P0101,2026-02-15,2,0,0,0,10.0
L02845,P0002,2026-02-15,3,0,0,0,10.0
L02845,P0094,2026-02-15,4,1,1,0,10.0
L02845,P0140,2026-02-15,5,1,0,0,8.0
L02049,P0033,2026-02-15,1,0,0,0,12.0
L02049,P0072,2026-02-15,2,1,1,1,12.0
L02049,P0027,2026-02-15,3,1,1,1,12.0
L02049,P0071,2026-02-15,4,1,1,1,10.0
L02049,P0174,2026-02-15,5,0,0,0,8.0
L00929,P0178,2026-02-15,1,1,1,0,15.0
L00929,P0208,2026-02-15,2,1,1,0,8.0
L00929,P0044,2026-02-15,3,1,1,1,15.0
L00929,P0028,2026-02-15,4,1,0,0,15.0
L00929,P0081,2026-02-15,5,1,0,0,8.0
L01648,P0079,2026-02-15,1,0,0,0,8.0
L01648,P0035,2026-02-15,2,1,1,1,10.0
L01648,P0118,2026-02-15,3,0,0,0,10.0
L01648,P0172,2026-02-15,4,1,0,0,15.0
L01648,P0031,2026-02-15,5,1,1,1,8.0
L02615,P0010,2026-02-15,1,1,0,0,8.0
L02615,P0005,2026-02-15,2,0,0,0,10.0
L02615,P0047,2026-02-15,3,1,1,0,15.0
L02615,P0209,2026-02-15,4,0,0,0,10.0
L02615,P0195,2026-02-15,5,1,0,0,8.0
L02991,P0202,2026-02-15,1,1,1,0,10.0
L02991,P0035,2026-02-15,2,1,1,0,12.0
L02991,P0018,2026-02-15,3,0,0,0,8.0
L02991,P0145,2026-02-15,4,0,0,0,15.0
L02991,P0031,2026-02-15,5,0,0,0,15.0
L02062,P0068,2026-02-16,1,0,0,0,15.0
L02062,P0148,2026-02-16,2,1,1,1,10.0
L02062,P0062,2026-02-16,3,1,1,1,10.0
L02062,P0143,2026-02-16,4,0,0,0,10.0
L02062,P0000,2026-02-16,5,1,0,0,10.0
L01953,P0102,2026-02-16,1,1,1,0,15.0
L01953,P0023,2026-02-16,2,1,1,0,12.0
L01953,P0017,2026-02-16,3,0,0,0,10.0
L01953,P0076,2026-02-16,4,0,0,0,12.0
L01953,P0053,2026-02-16,5,1,1,1,10.0
L02722,P0114,2026-02-16,1,1,1,0,15.0
L02722,P0143,2026-02-16,2,0,0,0,15.0
L02722,P0065,2026-02-16,3,0,0,0,8.0
L02722,P0006,2026-02-16,4,1,1,0,15.0
L02722,P0135,2026-02-16,5,1,1,0,10.0
L02556,P0213,2026-02-16,1,0,0,0,15.0
L02556,P0145,2026-02-16,2,0,0,0,8.0
L02556,P0018,2026-02-16,3,1,1,0,10.0
L02556,P0202,2026-02-16,4,0,0,0,12.0
L02556,P0172,2026-02-16,5,0,0,0,12.0
L00956,P0061,2026-02-16,1,0,0,0,10.0
L00956,P0120,2026-02-16,2,0,0,0,15.0
L00956,P0124,2026-02-16,3,0,0,0,15.0
L00956,P0050,2026-02-16,4,0,0,0,8.0
L00956,P0105,2026-02-16,5,1,1,1,8.0
L00554,P0030,2026-02-16,1,1,1,1,10.0
L00554,P0156,2026-02-16,2,1,1,0,15.0
L00554,P0174,2026-02-16,3,1,1,1,15.0
L00554,P0119,2026-02-16,4,1,1,0,12.0
L00554,P0187,2026-02-16,5,1,1,0,10.0
L01805,P0207,2026-02-16,1,1,1,1,8.0
L01805,P0219,2026-02-16,2,1,1,0,8.0
L01805,P0112,2026-02-16,3,0,0,0,15.0
L01805,P0047,2026-02-16,4,0,0,0,10.0
L01805,P0209,2026-02-16,5,0,0,0,8.0
L00646,P0150,2026-02-16,1,0,0,0,10.0
L00646,P0193,2026-02-16,2,1,0,0,15.0
L00646,P0092,2026-02-16,3,0,0,0,8.0
L00646,P0218,2026-02-16,4,1,1,0,15.0
L00646,P0017,2026-02-16,5,0,0,0,8.0
L02870,P0219,2026-02-16,1,0,0,0,15.0
L02870,P0047,2026-02-16,2,0,0,0,15.0
L02870,P0195,2026-02-16,3,0,0,0,8.0
L02870,P0112,2026-02-16,4,0,0,0,12.0
L02870,P0209,2026-02-16,5,0,0,0,10.0
L02178,P0040,2026-02-16,1,0,0,0,12.0
L02178,P0126,2026-02-16,2,1,0,0,10.0
L02178,P0010,2026-02-16,3,1,1,0,10.0
L02178,P0188,2026-02-16,4,0,0,0,10.0
L02178,P0195,2026-02-16,5,1,0,0,10.0
L02816,P0125,2026-02-16,1,1,1,1,12.0
L02816,P0115,2026-02-16,2,1,1,0,15.0
L02816,P0022,2026-02-16,3,1,1,1,12.0
L02816,P0020,2026-02-16,4,1,0,0,10.0
L02816,P0011,2026-02-16,5,0,0,0,8.0
L00699,P0168,2026-02-16,1,1,1,0,12.0
L00699,P0202,2026-02-16,2,1,0,0,12.0
L00699,P0118,2026-02-16,3,1,0,0,12.0
L00699,P0191,2026-02-16,4,1,1,0,10.0
L00699,P0095,2026-02-16,5,1,1,0,12.0
L00242,P0016,2026-02-17,1,1,1,1,10.0
L00242,P0134,2026-02-17,2,0,0,0,12.0
L00242,P0045,2026-02-17,3,0,0,0,12.0
L00242,P0195,2026-02-17,4,0,0,0,15.0
L00242,P0089,2026-02-17,5,1,1,0,8.0
L00769,P0173,2026-02-17,1,0,0,0,10.0
L00769,P0105,2026-02-17,2,0,0,0,10.0
L00769,P0110,2026-02-17,3,0,0,0,12.0
L00769,P0049,2026-02-17,4,1,1,0,8.0
L00769,P0135,2026-02-17,5,1,1,0,12.0
L01037,P0126,2026-02-17,1,0,0,0,10.0
L01037,P0010,2026-02-17,2,1,1,0,12.0
L01037,P0040,2026-02-17,3,1,0,0,10.0
L01037,P0109,2026-02-17,4,1,1,0,8.0
L01037,P0033,2026-02-17,5,0,0,0,8.0
L01101,P0111,2026-02-17,1,1,1,0,12.0
L01101,P0140,2026-02-17,2,1,0,0,15.0
L01101,P0094,2026-02-17,3,1,1,0,10.0
L01101,P0131,2026-02-17,4,0,0,0,15.0
L01101,P0008,2026-02-17,5,0,0,0,12.0
L01115,P0135,2026-02-17,1,1,1,0,8.0
L01115,P0110,2026-02-17,2,0,0,0,10.0
L01115,P0049,2026-02-17,3,0,0,0,8.0
L01115,P0073,2026-02-17,4,0,0,0,10.0
L01115,P0058,2026-02-17,5,0,0,0,15.0
L01535,P0062,2026-02-17,1,0,0,0,10.0
L01535,P0000,2026-02-17,2,1,1,0,12.0
L01535,P0181,2026-02-17,3,0,0,0,10.0
L01535,P0153,2026-02-17,4,0,0,0,8.0
L01535,P0068,2026-02-17,5,0,0,0,15.0
L01868,P0054,2026-02-17,1,0,0,0,12.0
L01868,P0136,2026-02-17,2,0,0,0,10.0
L01868,P0082,2026-02-17,3,1,0,0,8.0
L01868,P0205,2026-02-17,4,1,1,1,10.0
L01868,P0116,2026-02-17,5,1,1,1,12.0
L02262,P0175,2026-02-17,1,1,1,0,8.0
L02262,P0070,2026-02-17,2,1,0,0,15.0
L02262,P0049,2026-02-17,3,1,1,0,15.0
L02262,P0110,2026-02-17,4,1,1,1,8.0
L02262,P0043,2026-02-17,5,0,0,0,12.0
L01472,P0091,2026-02-17,1,1,0,0,15.0
L01472,P0084,2026-02-17,2,0,0,0,15.0
L01472,P0037,2026-02-17,3,0,0,0,8.0
L01472,P0156,2026-02-17,4,0,0,0,10.0
L01472,P0030,2026-02-17,5,1,0,0,8.0
L01126,P0020,2026-02-17,1,0,0,0,8.0
L01126,P0085,2026-02-17,2,0,0,0,15.0
L01126,P0067,2026-02-17,3,1,1,0,10.0
L01126,P0164,2026-02-17,4,0,0,0,10.0
L01126,P0063,2026-02-17,5,0,0,0,8.0
L00865,P0061,2026-02-17,1,1,1,0,12.0
L00865,P0124,2026-02-17,2,0,0,0,15.0
L00865,P0186,2026-02-17,3,1,0,0,8.0
L00865,P0104,2026-02-17,4,0,0,0,15.0
L00865,P0105,2026-02-17,5,0,0,0,12.0
L01385,P0000,2026-02-17,1,1,1,0,10.0
L01385,P0153,2026-02-17,2,0,0,0,8.0
L01385,P0181,2026-02-17,3,0,0,0,8.0
L01385,P0068,2026-02-17,4,0,0,0,15.0
L01385,P0029,2026-02-17,5,0,0,0,10.0
L02071,P0207,2026-02-17,1,1,1,0,12.0
L02071,P0219,2026-02-17,2,0,0,0,15.0
L02071,P0195,2026-02-17,3,1,1,1,10.0
L02071,P0047,2026-02-17,4,0,0,0,10.0
L02071,P0209,2026-02-17,5,0,0,0,8.0
L02076,P0070,2026-02-17,1,0,0,0,12.0
L02076,P0062,2026-02-17,2,1,1,1,8.0
L02076,P0173,2026-02-17,3,0,0,0,12.0
L02076,P0049,2026-02-17,4,1,0,0,10.0
L02076,P0110,2026-02-17,5,0,0,0,15.0
L00323,P0148,2026-02-17,1,1,0,0,8.0
L00323,P0114,2026-02-17,2,0,0,0,12.0
L00323,P0143,2026-02-17,3,0,0,0,10.0
L00323,P0097,2026-02-17,4,1,1,1,8.0
L00323,P0065,2026-02-17,5,1,1,0,15.0
L00539,P0024,2026-02-17,1,1,0,0,8.0
L00539,P0037,2026-02-17,2,0,0,0,10.0
L00539,P0216,2026-02-17,3,0,0,0,15.0
L00539,P0091,2026-02-17,4,1,0,0,10.0
L00539,P0030,2026-02-17,5,0,0,0,12.0
L02669,P0190,2026-02-18,1,1,0,0,10.0
L02669,P0182,2026-02-18,2,1,0,0,15.0
L02669,P0132,2026-02-18,3,1,1,0,8.0
L02669,P0162,2026-02-18,4,0,0,0,15.0
L02669,P0121,2026-02-18,5,1,1,0,12.0
L02530,P0120,2026-02-18,1,1,1,1,12.0
L02530,P0061,2026-02-18,2,1,1,0,12.0
L02530,P0100,2026-02-18,3,1,1,0,8.0
L02530,P0050,2026-02-18,4,1,1,0,12.0
L02530,P0104,2026-02-18,5,0,0,0,12.0
L01343,P0083,2026-02-18,1,1,1,0,15.0
L01343,P0005,2026-02-18,2,1,1,1,12.0
L01343,P0010,2026-02-18,3,1,1,0,15.0
L01343,P0195,2026-02-18,4,0,0,0,8.0
L01343,P0026,2026-02-18,5,0,0,0,10.0
L02496,P0188,2026-02-18,1,1,1,1,12.0
L02496,P0075,2026-02-18,2,0,0,0,10.0
L02496,P0117,2026-02-18,3,0,0,0,12.0
L02496,P0126,2026-02-18,4,1,1,1,10.0
L02496,P0016,2026-02-18,5,0,0,0,15.0
L00961,P0140,2026-02-18,1,1,0,0,10.0
L00961,P0094,2026-02-18,2,0,0,0,15.0
L00961,P0111,2026-02-18,3,0,0,0,10.0
L00961,P0020,2026-02-18,4,1,0,0,12.0
L00961,P0008,2026-02-18,5,0,0,0,8.0
L01681,P0054,2026-02-18,1,0,0,0,8.0
L01681,P0086,2026-02-18,2,1,1,0,8.0
L01681,P0082,2026-02-18,3,0,0,0,8.0
L01681,P0116,2026-02-18,4,1,0,0,15.0
L01681,P0186,2026-02-18,5,0,0,0,15.0
L00201,P0123,2026-02-18,1,0,0,0,12.0
L00201,P0003,2026-02-18,2,1,1,1,8.0
L00201,P0215,2026-02-18,3,1,1,1,12.0
L00201,P0183,2026-02-18,4,0,0,0,15.0
L00201,P0083,2026-02-18,5,1,0,0,10.0
L01064,P0162,2026-02-18,1,1,0,0,10.0
L01064,P0121,2026-02-18,2,0,0,0,15.0
L01064,P0182,2026-02-18,3,0,0,0,12.0
L01064,P0013,2026-02-18,4,0,0,0,15.0
L01064,P0217,2026-02-18,5,1,1,0,8.0
L02977,P0023,2026-02-18,1,1,1,0,8.0
L02977,P0102,2026-02-18,2,1,0,0,8.0
L02977,P0020,2026-02-18,3,1,1,0,15.0
L02977,P0053,2026-02-18,4,1,1,0,12.0
L02977,P0076,2026-02-18,5,1,0,0,12.0
L00127,P0012,2026-02-18,1,0,0,0,8.0
L00127,P0048,2026-02-18,2,1,1,1,15.0
L00127,P0009,2026-02-18,3,1,0,0,8.0
L00127,P0033,2026-02-18,4,1,1,1,15.0
L00127,P0198,2026-02-18,5,0,0,0,15.0
L01948,P0129,2026-02-18,1,1,1,0,8.0
L01948,P0030,2026-02-18,2,1,1,1,12.0
L01948,P0156,2026-02-18,3,0,0,0,8.0
L01948,P0187,2026-02-18,4,1,1,0,10.0
L01948,P0119,2026-02-18,5,1,1,0,8.0
L01837,P0118,2026-02-18,1,1,1,0,12.0
L01837,P0202,2026-02-18,2,1,1,0,10.0
L01837,P0018,2026-02-18,3,1,1,0,10.0
L01837,P0145,2026-02-18,4,1,0,0,10.0
L01837,P0031,2026-02-18,5,1,1,0,15.0
L02578,P0138,2026-02-19,1,0,0,0,8.0
L02578,P0192,2026-02-19,2,1,1,1,10.0
L02578,P0093,2026-02-19,3,0,0,0,8.0
L02578,P0090,2026-02-19,4,0,0,0,12.0
L02578,P0025,2026-02-19,5,0,0,0,8.0
L00799,P0029,2026-02-19,1,0,0,0,8.0
L00799,P0106,2026-02-19,2,1,1,0,8.0
L00799,P0175,2026-02-19,3,1,1,0,15.0
L00799,P0049,2026-02-19,4,1,1,0,12.0
L00799,P0043,2026-02-19,5,1,1,0,10.0
L00915,P0102,2026-02-19,1,1,1,0,8.0
L00915,P0022,2026-02-19,2,1,1,0,12.0
L00915,P0020,2026-02-19,3,1,0,0,15.0
L00915,P0053,2026-02-19,4,0,0,0,12.0
L00915,P0076,2026-02-19,5,0,0,0,10.0
L00901,P0020,2026-02-19,1,0,0,0,10.0
L00901,P0102,2026-02-19,2,1,1,0,8.0
L00901,P0169,2026-02-19,3,0,0,0,12.0
L00901,P0087,2026-02-19,4,0,0,0,8.0
L00901,P0017,2026-02-19,5,0,0,0,15.0
L02520,P0219,2026-02-19,1,1,1,1,8.0
L02520,P0207,2026-02-19,2,0,0,0,12.0
L02520,P0209,2026-02-19,3,1,0,0,8.0
L02520,P0195,2026-02-19,4,0,0,0,12.0
L02520,P0112,2026-02-19,5,0,0,0,12.0
L02922,P0122,2026-02-19,1,1,0,0,15.0
L02922,P0159,2026-02-19,2,0,0,0,15.0
L02922,P0195,2026-02-19,3,0,0,0,10.0
L02922,P0188,2026-02-19,4,1,1,0,15.0
L02922,P0034,2026-02-19,5,0,0,0,15.0
L01659,P0206,2026-02-19,1,1,1,1,12.0
L01659,P0071,2026-02-19,2,1,1,0,12.0
L01659,P0198,2026-02-19,3,1,0,0,10.0
L01659,P0027,2026-02-19,4,1,1,0,12.0
L01659,P0072,2026-02-19,5,1,1,0,10.0
L01151,P0045,2026-02-19,1,0,0,0,15.0
L01151,P0159,2026-02-19,2,0,0,0,12.0
L01151,P0112,2026-02-19,3,0,0,0,8.0
L01151,P0195,2026-02-19,4,0,0,0,12.0
L01151,P0034,2026-02-19,5,0,0,0,10.0
L02182,P0171,2026-02-19,1,0,0,0,8.0
L02182,P0043,2026-02-19,2,0,0,0,12.0
L02182,P0058,2026-02-19,3,0,0,0,15.0
L02182,P0019,2026-02-19,4,0,0,0,10.0
L02182,P0104,2026-02-19,5,0,0,0,15.0
L02033,P0100,2026-02-19,1,0,0,0,10.0
L02033,P0194,2026-02-19,2,0,0,0,12.0
L02033,P0138,2026-02-19,3,0,0,0,10.0
L02033,P0186,2026-02-19,4,1,1,1,8.0
L02033,P0104,2026-02-19,5,1,1,0,15.0
L01550,P0085,2026-02-19,1,0,0,0,15.0
L01550,P0164,2026-02-19,2,1,0,0,10.0
L01550,P0011,2026-02-19,3,0,0,0,12.0
L01550,P0020,2026-02-19,4,0,0,0,15.0
L01550,P0023,2026-02-19,5,0,0,0,10.0
L02888,P0137,2026-02-19,1,1,1,0,8.0
L02888,P0145,2026-02-19,2,1,0,0,10.0
L02888,P0213,2026-02-19,3,1,1,0,8.0
L02888,P0118,2026-02-19,4,0,0,0,15.0
L02888,P0035,2026-02-19,5,1,1,1,8.0
L00016,P0053,2026-02-19,1,1,1,0,8.0
L00016,P0154,2026-02-19,2,1,1,0,15.0
L00016,P0160,2026-02-19,3,1,1,0,10.0
L00016,P0144,2026-02-19,4,0,0,0,12.0
L00016,P0078,2026-02-19,5,1,1,0,10.0
L02829,P0025,2026-02-20,1,1,1,1,15.0
L02829,P0183,2026-02-20,2,1,1,0,8.0
L02829,P0124,2026-02-20,3,1,1,0,10.0
L02829,P0103,2026-02-20,4,0,0,0,15.0
L02829,P0081,2026-02-20,5,0,0,0,15.0
L01569,P0091,2026-02-20,1,0,0,0,15.0
L01569,P0084,2026-02-20,2,0,0,0,10.0
L01569,P0155,2026-02-20,3,1,1,0,8.0
L01569,P0037,2026-02-20,4,0,0,0,8.0
L01569,P0015,2026-02-20,5,1,1,1,12.0
L02132,P0145,2026-02-20,1,0,0,0,10.0
L02132,P0213,2026-02-20,2,1,0,0,12.0
L02132,P0202,2026-02-20,3,0,0,0,12.0
L02132,P0073,2026-02-20,4,0,0,0,10.0
L02132,P0031,2026-02-20,5,1,1,1,10.0
L02652,P0203,2026-02-20,1,1,0,0,12.0
L02652,P0084,2026-02-20,2,1,1,1,12.0
L02652,P0059,2026-02-20,3,1,1,0,10.0
L02652,P0057,2026-02-20,4,0,0,0,8.0
L02652,P0030,2026-02-20,5,0,0,0,8.0
L01439,P0029,2026-02-20,1,1,1,0,12.0
L01439,P0175,2026-02-20,2,0,0,0,10.0
L01439,P0062,2026-02-20,3,0,0,0,15.0
L01439,P0173,2026-02-20,4,1,1,0,15.0
L01439,P0110,2026-02-20,5,1,1,0,12.0
L00740,P0207,2026-02-20,1,1,1,0,12.0
L00740,P0195,2026-02-20,2,1,1,0,8.0
L00740,P0047,2026-02-20,3,0,0,0,10.0
L00740,P0209,2026-02-20,4,0,0,0,10.0
L00740,P0112,2026-02-20,5,0,0,0,15.0
L01393,P0167,2026-02-20,1,0,0,0,10.0
L01393,P0092,2026-02-20,2,1,1,1,15.0
L01393,P0150,2026-02-20,3,0,0,0,12.0
L01393,P0021,2026-02-20,4,1,1,0,8.0
L01393,P0051,2026-02-20,5,0,0,0,8.0
L01818,P0075,2026-02-20,1,0,0,0,12.0
L01818,P0117,2026-02-20,2,1,1,0,10.0
L01818,P0109,2026-02-20,3,1,1,0,10.0
L01818,P0195,2026-02-20,4,1,1,0,8.0
L01818,P0033,2026-02-20,5,0,0,0,15.0
L00994,P0109,2026-02-20,1,1,1,0,10.0
L00994,P0075,2026-02-20,2,0,0,0,15.0
L00994,P0010,2026-02-20,3,1,0,0,12.0
L00994,P0040,2026-02-20,4,0,0,0,10.0
L00994,P0112,2026-02-20,5,1,0,0,8.0
L00234,P0144,2026-02-20,1,0,0,0,12.0
L00234,P0160,2026-02-20,2,0,0,0,12.0
L00234,P0051,2026-02-20,3,0,0,0,15.0
L00234,P0078,2026-02-20,4,0,0,0,15.0
L00234,P0021,2026-02-20,5,1,1,0,10.0
L01676,P0033,2026-02-20,1,0,0,0,12.0
L01676,P0071,2026-02-20,2,1,1,0,12.0
L01676,P0200,2026-02-20,3,0,0,0,12.0
L01676,P0187,2026-02-20,4,0,0,0,10.0
L01676,P0077,2026-02-20,5,0,0,0,15.0
L00216,P0124,2026-02-20,1,0,0,0,8.0
L00216,P0108,2026-02-20,2,0,0,0,8.0
L00216,P0007,2026-02-20,3,0,0,0,12.0
L00216,P0090,2026-02-20,4,0,0,0,15.0
L00216,P0025,2026-02-20,5,1,1,1,8.0
L00577,P0087,2026-02-20,1,0,0,0,8.0
L00577,P0144,2026-02-20,2,0,0,0,12.0
L00577,P0017,2026-02-20,3,0,0,0,15.0
L00577,P0160,2026-02-20,4,0,0,0,10.0
L00577,P0051,2026-02-20,5,0,0,0,15.0
L01063,P0104,2026-02-20,1,0,0,0,12.0
L01063,P0019,2026-02-20,2,1,1,1,10.0
L01063,P0173,2026-02-20,3,0,0,0,10.0
L01063,P0058,2026-02-20,4,0,0,0,10.0
L01063,P0100,2026-02-20,5,1,0,0,12.0
L02709,P0008,2026-02-20,1,0,0,0,15.0
L02709,P0131,2026-02-20,2,0,0,0,15.0
L02709,P0036,2026-02-20,3,1,1,1,15.0
L02709,P0002,2026-02-20,4,1,1,1,10.0
L02709,P0158,2026-02-20,5,1,1,0,8.0
L00613,P0116,2026-02-20,1,1,1,0,15.0
L00613,P0054,2026-02-20,2,1,1,1,8.0
L00613,P0023,2026-02-20,3,1,1,0,12.0
L00613,P0017,2026-02-20,4,0,0,0,12.0
L00613,P0022,2026-02-20,5,1,1,0,15.0
L01933,P0000,2026-02-20,1,1,1,0,15.0
L01933,P0153,2026-02-20,2,1,1,0,12.0
L01933,P0062,2026-02-20,3,1,1,0,10.0
L01933,P0029,2026-02-20,4,0,0,0,12.0
L01933,P0068,2026-02-20,5,0,0,0,15.0
L01007,P0207,2026-02-20,1,1,1,0,12.0
L01007,P0219,2026-02-20,2,0,0,0,10.0
L01007,P0112,2026-02-20,3,1,1,0,10.0
L01007,P0047,2026-02-20,4,0,0,0,10.0
L01007,P0195,2026-02-20,5,0,0,0,15.0
L01185,P0000,2026-02-20,1,0,0,0,12.0
L01185,P0181,2026-02-20,2,1,1,0,12.0
L01185,P0062,2026-02-20,3,0,0,0,8.0
L01185,P0153,2026-02-20,4,1,0,0,12.0
L01185,P0068,2026-02-20,5,0,0,0,15.0
L01046,P0115,2026-02-21,1,0,0,0,8.0
L01046,P0028,2026-02-21,2,1,1,0,8.0
L01046,P0164,2026-02-21,3,0,0,0,15.0
L01046,P0067,2026-02-21,4,1,1,0,12.0
L01046,P0085,2026-02-21,5,0,0,0,15.0
L00000,P0121,2026-02-21,1,0,0,0,15.0
L00000,P0132,2026-02-21,2,0,0,0,15.0
L00000,P0162,2026-02-21,3,0,0,0,15.0
L00000,P0190,2026-02-21,4,0,0,0,10.0
L00000,P0182,2026-02-21,5,0,0,0,12.0
L02659,P0057,2026-02-21,1,0,0,0,15.0
L02659,P0156,2026-02-21,2,0,0,0,8.0
L02659,P0119,2026-02-21,3,0,0,0,12.0
L02659,P0037,2026-02-21,4,0,0,0,15.0
L02659,P0059,2026-02-21,5,0,0,0,15.0
L00745,P0187,2026-02-21,1,1,1,1,12.0
L00745,P0119,2026-02-21,2,1,1,1,8.0
L00745,P0215,2026-02-21,3,0,0,0,12.0
L00745,P0123,2026-02-21,4,1,1,0,12.0
L00745,P0001,2026-02-21,5,1,1,0,10.0
L01755,P0031,2026-02-21,1,0,0,0,12.0
L01755,P0135,2026-02-21,2,0,0,0,10.0
L01755,P0074,2026-02-21,3,0,0,0,8.0
L01755,P0073,2026-02-21,4,1,1,0,10.0
L01755,P0019,2026-02-21,5,1,1,0,10.0
L01455,P0199,2026-02-21,1,1,1,0,10.0
L01455,P0183,2026-02-21,2,1,0,0,8.0
L01455,P0025,2026-02-21,3,1,1,0,15.0
L01455,P0081,2026-02-21,4,0,0,0,10.0
L01455,P0086,2026-02-21,5,1,1,1,8.0
L02662,P0111,2026-02-21,1,0,0,0,15.0
L02662,P0193,2026-02-21,2,0,0,0,15.0
L02662,P0140,2026-02-21,3,0,0,0,15.0
L02662,P0002,2026-02-21,4,0,0,0,15.0
L02662,P0158,2026-02-21,5,0,0,0,15.0
L02675,P0207,2026-02-21,1,0,0,0,12.0
L02675,P0209,2026-02-21,2,0,0,0,12.0
L02675,P0047,2026-02-21,3,1,1,1,15.0
L02675,P0112,2026-02-21,4,1,0,0,12.0
L02675,P0195,2026-02-21,5,0,0,0,15.0
L00571,P0166,2026-02-21,1,1,0,0,8.0
L00571,P0034,2026-02-21,2,0,0,0,8.0
L00571,P0030,2026-02-21,3,1,1,0,8.0
L00571,P0200,2026-02-21,4,0,0,0,12.0
L00571,P0206,2026-02-21,5,0,0,0,12.0
L00494,P0181,2026-02-21,1,1,1,0,12.0
L00494,P0070,2026-02-21,2,0,0,0,12.0
L00494,P0175,2026-02-21,3,0,0,0,8.0
L00494,P0029,2026-02-21,4,0,0,0,8.0
L00494,P0106,2026-02-21,5,1,1,0,15.0
L02595,P0114,2026-02-21,1,1,1,0,10.0
L02595,P0058,2026-02-21,2,1,1,0,8.0
L02595,P0006,2026-02-21,3,1,1,0,12.0
L02595,P0065,2026-02-21,4,1,0,0,12.0
L02595,P0097,2026-02-21,5,0,0,0,15.0
L02894,P0055,2026-02-21,1,1,0,0,10.0
L02894,P0078,2026-02-21,2,0,0,0,10.0
L02894,P0152,2026-02-21,3,0,0,0,8.0
L02894,P0051,2026-02-21,4,1,0,0,10.0
L02894,P0021,2026-02-21,5,0,0,0,10.0
L01627,P0112,2026-02-21,1,1,0,0,8.0
L01627,P0209,2026-02-21,2,1,1,0,12.0
L01627,P0083,2026-02-21,3,0,0,0,8.0
L01627,P0005,2026-02-21,4,0,0,0,10.0
L01627,P0207,2026-02-21,5,0,0,0,10.0
L02815,P0116,2026-02-21,1,1,1,1,12.0
L02815,P0056,2026-02-21,2,0,0,0,15.0
L02815,P0178,2026-02-21,3,1,1,0,10.0
L02815,P0147,2026-02-21,4,1,1,1,10.0
L02815,P0086,2026-02-21,5,1,1,1,12.0
L00460,P0143,2026-02-21,1,0,0,0,15.0
L00460,P0181,2026-02-21,2,1,1,1,10.0
L00460,P0148,2026-02-21,3,0,0,0,12.0
L00460,P0062,2026-02-21,4,0,0,0,15.0
L00460,P0153,2026-02-21,5,0,0,0,10.0
L02783,P0075,2026-02-22,1,0,0,0,10.0
L02783,P0010,2026-02-22,2,0,0,0,10.0
L02783,P0126,2026-02-22,3,0,0,0,12.0
L02783,P0112,2026-02-22,4,0,0,0,10.0
L02783,P0033,2026-02-22,5,0,0,0,15.0
L00765,P0200,2026-02-22,1,1,1,0,8.0
L00765,P0187,2026-02-22,2,1,1,0,8.0
L00765,P0198,2026-02-22,3,1,1,1,12.0
L00765,P0027,2026-02-22,4,1,1,1,15.0
L00765,P0072,2026-02-22,5,1,1,1,12.0
L01412,P0031,2026-02-22,1,0,0,0,8.0
L01412,P0135,2026-02-22,2,1,1,1,12.0
L01412,P0019,2026-02-22,3,0,0,0,15.0
L01412,P0074,2026-02-22,4,1,1,0,10.0
L01412,P0018,2026-02-22,5,1,1,1,12.0
L00388,P0081,2026-02-22,1,1,1,1,10.0
L00388,P0128,2026-02-22,2,1,1,0,15.0
L00388,P0103,2026-02-22,3,0,0,0,10.0
L00388,P0205,2026-02-22,4,1,1,0,12.0
L00388,P0147,2026-02-22,5,0,0,0,8.0
L01031,P0030,2026-02-22,1,0,0,0,12.0
L01031,P0057,2026-02-22,2,0,0,0,12.0
L01031,P0129,2026-02-22,3,1,1,0,12.0
L01031,P0174,2026-02-22,4,0,0,0,10.0
L01031,P0203,2026-02-22,5,1,0,0,8.0
L00567,P0020,2026-02-22,1,0,0,0,8.0
L00567,P0149,2026-02-22,2,1,1,0,8.0
L00567,P0066,2026-02-22,3,0,0,0,12.0
L00567,P0067,2026-02-22,4,1,1,0,15.0
L00567,P0085,2026-02-22,5,0,0,0,10.0
L02085,P0084,2026-02-22,1,1,1,1,12.0
L02085,P0216,2026-02-22,2,0,0,0,8.0
L02085,P0155,2026-02-22,3,0,0,0,15.0
L02085,P0015,2026-02-22,4,0,0,0,8.0
L02085,P0024,2026-02-22,5,0,0,0,8.0
L00523,P0118,2026-02-22,1,1,1,0,15.0
L00523,P0172,2026-02-22,2,1,0,0,12.0
L00523,P0018,2026-02-22,3,1,1,0,15.0
L00523,P0073,2026-02-22,4,1,1,0,12.0
L00523,P0213,2026-02-22,5,0,0,0,8.0
L02596,P0025,2026-02-22,1,0,0,0,8.0
L02596,P0139,2026-02-22,2,1,1,0,10.0
L02596,P0186,2026-02-22,3,0,0,0,15.0
L02596,P0050,2026-02-22,4,0,0,0,8.0
L02596,P0194,2026-02-22,5,0,0,0,8.0
L01141,P0205,2026-02-22,1,1,1,0,12.0
L01141,P0128,2026-02-22,2,1,1,1,15.0
L01141,P0103,2026-02-22,3,0,0,0,15.0
L01141,P0086,2026-02-22,4,0,0,0,10.0
L01141,P0056,2026-02-22,5,1,1,0,8.0
L01142,P0087,2026-02-22,1,0,0,0,12.0
L01142,P0160,2026-02-22,2,0,0,0,8.0
L01142,P0078,2026-02-22,3,0,0,0,8.0
L01142,P0021,2026-02-22,4,1,1,1,15.0
L01142,P0051,2026-02-22,5,0,0,0,10.0
L02334,P0138,2026-02-23,1,1,1,1,10.0
L02334,P0124,2026-02-23,2,1,1,1,8.0
L02334,P0025,2026-02-23,3,0,0,0,12.0
L02334,P0120,2026-02-23,4,0,0,0,12.0
L02334,P0032,2026-02-23,5,0,0,0,15.0
L02159,P0009,2026-02-23,1,1,0,0,15.0
L02159,P0060,2026-02-23,2,1,1,0,12.0
L02159,P0198,2026-02-23,3,1,0,0,10.0
L02159,P0033,2026-02-23,4,0,0,0,15.0
L02159,P0027,2026-02-23,5,1,1,0,15.0
L01054,P0147,2026-02-23,1,1,1,1,12.0
L01054,P0056,2026-02-23,2,1,1,0,8.0
L01054,P0028,2026-02-23,3,0,0,0,8.0
L01054,P0086,2026-02-23,4,1,0,0,15.0
L01054,P0081,2026-02-23,5,1,1,0,10.0
L01988,P0075,2026-02-23,1,0,0,0,15.0
L01988,P0109,2026-02-23,2,1,1,0,8.0
L01988,P0126,2026-02-23,3,1,1,0,12.0
L01988,P0195,2026-02-23,4,0,0,0,10.0
L01988,P0188,2026-02-23,5,0,0,0,8.0
L00845,P0158,2026-02-23,1,0,0,0,15.0
L00845,P0041,2026-02-23,2,1,1,0,12.0
L00845,P0002,2026-02-23,3,1,1,0,12.0
L00845,P0193,2026-02-23,4,0,0,0,8.0
L00845,P0020,2026-02-23,5,0,0,0,8.0
L01592,P0073,2026-02-23,1,0,0,0,8.0
L01592,P0172,2026-02-23,2,1,0,0,10.0
L01592,P0035,2026-02-23,3,0,0,0,8.0
L01592,P0079,2026-02-23,4,1,0,0,8.0
L01592,P0031,2026-02-23,5,1,1,0,12.0
L02074,P0006,2026-02-24,1,0,0,0,15.0
L02074,P0058,2026-02-24,2,1,1,0,8.0
L02074,P0148,2026-02-24,3,0,0,0,8.0
L02074,P0090,2026-02-24,4,0,0,0,12.0
L02074,P0093,2026-02-24,5,0,0,0,10.0
L02767,P0116,2026-02-24,1,1,1,0,12.0
L02767,P0208,2026-02-24,2,1,0,0,8.0
L02767,P0053,2026-02-24,3,1,1,1,10.0
L02767,P0004,2026-02-24,4,0,0,0,15.0
L02767,P0022,2026-02-24,5,0,0,0,8.0
L01717,P0086,2026-02-24,1,0,0,0,8.0
L01717,P0205,2026-02-24,2,1,1,0,8.0
L01717,P0196,2026-02-24,3,1,1,1,8.0
L01717,P0128,2026-02-24,4,1,1,1,10.0
L01717,P0147,2026-02-24,5,1,1,0,10.0
L02026,P0043,2026-02-24,1,1,1,0,8.0
L02026,P0214,2026-02-24,2,1,1,0,15.0
L02026,P0019,2026-02-24,3,0,0,0,10.0
L02026,P0058,2026-02-24,4,1,1,0,15.0
L02026,P0175,2026-02-24,5,1,1,0,10.0
L01813,P0199,2026-02-26,1,1,1,0,15.0
L01813,P0192,2026-02-26,2,0,0,0,12.0
L01813,P0183,2026-02-26,3,1,1,0,8.0
L01813,P0138,2026-02-26,4,1,0,0,12.0
L01813,P0103,2026-02-26,5,1,1,0,8.0
L02650,P0134,2026-02-26,1,1,1,1,10.0
L02650,P0016,2026-02-26,2,0,0,0,12.0
L02650,P0045,2026-02-26,3,0,0,0,8.0
L02650,P0112,2026-02-26,4,0,0,0,12.0
L02650,P0034,2026-02-26,5,0,0,0,8.0
L00629,P0128,2026-02-26,1,0,0,0,12.0
L00629,P0103,2026-02-26,2,0,0,0,12.0
L00629,P0081,2026-02-26,3,1,1,0,8.0
L00629,P0056,2026-02-26,4,0,0,0,12.0
L00629,P0147,2026-02-26,5,0,0,0,10.0
L00409,P0186,2026-02-26,1,0,0,0,12.0
L00409,P0124,2026-02-26,2,0,0,0,15.0
L00409,P0032,2026-02-26,3,1,1,0,12.0
L00409,P0120,2026-02-26,4,0,0,0,8.0
L00409,P0061,2026-02-26,5,0,0,0,15.0
L01978,P0062,2026-02-26,1,0,0,0,10.0
L01978,P0181,2026-02-26,2,1,1,0,12.0
L01978,P0029,2026-02-26,3,0,0,0,12.0
L01978,P0070,2026-02-26,4,0,0,0,8.0
L01978,P0106,2026-02-26,5,1,1,0,15.0
L02911,P0193,2026-02-26,1,1,0,0,15.0
L02911,P0111,2026-02-26,2,0,0,0,10.0
L02911,P0158,2026-02-26,3,1,1,0,15.0
L02911,P0131,2026-02-26,4,0,0,0,15.0
L02911,P0036,2026-02-26,5,1,1,0,10.0
L02068,P0089,2026-02-27,1,0,0,0,8.0
L02068,P0034,2026-02-27,2,1,1,1,8.0
L02068,P0166,2026-02-27,3,0,0,0,15.0
L02068,P0071,2026-02-27,4,1,0,0,15.0
L02068,P0206,2026-02-27,5,1,1,0,15.0
L01609,P0151,2026-02-27,1,1,1,0,15.0
L01609,P0101,2026-02-27,2,0,0,0,15.0
L01609,P0177,2026-02-27,3,0,0,0,10.0
L01609,P0039,2026-02-27,4,0,0,0,15.0
L01609,P0021,2026-02-27,5,0,0,0,15.0
L01026,P0159,2026-02-27,1,0,0,0,12.0
L01026,P0016,2026-02-27,2,1,1,0,15.0
L01026,P0122,2026-02-27,3,0,0,0,12.0
L01026,P0112,2026-02-27,4,0,0,0,10.0
L01026,P0188,2026-02-27,5,1,1,0,8.0
L02447,P0140,2026-02-27,1,1,1,1,12.0
L02447,P0002,2026-02-27,2,1,1,0,15.0
L02447,P0131,2026-02-27,3,0,0,0,12.0
L02447,P0158,2026-02-27,4,1,1,0,10.0
L02447,P0008,2026-02-27,5,1,0,0,15.0
L02929,P0113,2026-02-27,1,0,0,0,12.0
L02929,P0012,2026-02-27,2,0,0,0,15.0
L02929,P0009,2026-02-27,3,0,0,0,12.0
L02929,P0107,2026-02-27,4,1,1,0,10.0
L02929,P0072,2026-02-27,5,0,0,0,8.0
L01215,P0080,2026-02-28,1,0,0,0,12.0
L01215,P0162,2026-02-28,2,1,0,0,15.0
L01215,P0182,2026-02-28,3,0,0,0,12.0
L01215,P0098,2026-02-28,4,1,1,1,8.0
L01215,P0132,2026-02-28,5,1,0,0,15.0
L02126,P0085,2026-02-28,1,1,1,0,12.0
L02126,P0052,2026-02-28,2,1,1,1,15.0
L02126,P0212,2026-02-28,3,1,1,0,8.0
L02126,P0020,2026-02-28,4,0,0,0,10.0
L02126,P0011,2026-02-28,5,0,0,0,8.0
L01452,P0104,2026-02-28,1,0,0,0,10.0
L01452,P0019,2026-02-28,2,1,1,0,8.0
L01452,P0058,2026-02-28,3,0,0,0,8.0
L01452,P0120,2026-02-28,4,1,1,1,15.0
L01452,P0049,2026-02-28,5,0,0,0,15.0
L01836,P0138,2026-02-28,1,1,1,0,12.0
L01836,P0194,2026-02-28,2,1,1,0,15.0
L01836,P0032,2026-02-28,3,0,0,0,15.0
L01836,P0061,2026-02-28,4,0,0,0,12.0
L01836,P0025,2026-02-28,5,0,0,0,15.0
L01325,P0143,2026-03-01,1,0,0,0,10.0
L01325,P0114,2026-03-01,2,0,0,0,15.0
L01325,P0148,2026-03-01,3,1,1,0,10.0
L01325,P0007,2026-03-01,4,0,0,0,12.0
L01325,P0093,2026-03-01,5,1,1,1,15.0
L00349,P0210,2026-03-01,1,1,1,0,10.0
L00349,P0179,2026-03-01,2,1,1,0,8.0
L00349,P0157,2026-03-01,3,1,0,0,10.0
L00349,P0170,2026-03-01,4,1,0,0,15.0
L00349,P0020,2026-03-01,5,0,0,0,12.0
L02827,P0006,2026-03-01,1,0,0,0,12.0
L02827,P0114,2026-03-01,2,0,0,0,10.0
L02827,P0058,2026-03-01,3,0,0,0,8.0
L02827,P0019,2026-03-01,4,1,1,0,12.0
L02827,P0090,2026-03-01,5,0,0,0,15.0
L01900,P0152,2026-03-01,1,1,1,0,15.0
L01900,P0051,2026-03-01,2,0,0,0,12.0
L01900,P0184,2026-03-01,3,1,1,0,12.0
L01900,P0150,2026-03-01,4,1,0,0,8.0
L01900,P0017,2026-03-01,5,0,0,0,15.0
L00424,P0156,2026-03-01,1,0,0,0,12.0
L00424,P0129,2026-03-01,2,1,1,0,12.0
L00424,P0174,2026-03-01,3,0,0,0,15.0
L00424,P0187,2026-03-01,4,0,0,0,10.0
L00424,P0037,2026-03-01,5,1,1,0,8.0
L00529,P0212,2026-03-01,1,1,0,0,12.0
L00529,P0066,2026-03-01,2,0,0,0,10.0
L00529,P0052,2026-03-01,3,1,1,1,12.0
L00529,P0164,2026-03-01,4,1,1,0,15.0
L00529,P0011,2026-03-01,5,1,1,0,12.0
L02533,P0096,2026-03-01,1,1,0,0,10.0
L02533,P0164,2026-03-01,2,0,0,0,8.0
L02533,P0212,2026-03-01,3,0,0,0,15.0
L02533,P0085,2026-03-01,4,0,0,0,15.0
L02533,P0023,2026-03-01,5,0,0,0,12.0
L01765,P0095,2026-03-01,1,0,0,0,15.0
L01765,P0168,2026-03-01,2,1,1,0,10.0
L01765,P0046,2026-03-01,3,0,0,0,12.0
L01765,P0035,2026-03-01,4,1,1,1,15.0
L01765,P0064,2026-03-01,5,0,0,0,8.0
L02149,P0195,2026-03-01,1,0,0,0,12.0
L02149,P0047,2026-03-01,2,1,0,0,12.0
L02149,P0180,2026-03-01,3,0,0,0,12.0
L02149,P0010,2026-03-01,4,0,0,0,8.0
L02149,P0219,2026-03-01,5,0,0,0,8.0
L00515,P0172,2026-03-01,1,0,0,0,10.0
L00515,P0018,2026-03-01,2,1,1,0,8.0
L00515,P0035,2026-03-01,3,0,0,0,8.0
L00515,P0145,2026-03-01,4,0,0,0,15.0
L00515,P0213,2026-03-01,5,0,0,0,8.0
L00457,P9999,2025-11-08,2,0,0,0,8.0
L00786,P9999,2025-11-06,5,1,0,0,15.0
L02641,P9999,2025-10-20,3,1,1,1,10.0
