feedback_id,created_at,author_type,channel,n_tokens,exclusion_reason,text_redacted,pii_types,category,confidence
F00000,2026-02-10,provider,review,14,,"Login loop on Android, keeps sending me back to the start screen Otherwise fine",,app_bug,0.8169766264254658
F00001,2026-01-21,provider,support,15,,"So Kept coming back for the same fault each week, no real progress at all",,workmanship_quality,0.9134590474729942
F00002,2025-12-04,provider,review,18,,Just to say The availability calendar doesn't keep my changes after I close it Please sort it out,,app_bug,0.789365354867518
F00003,2025-11-17,provider,support,21,,Update - Third enquiry this week where the person says they never filled anything in Been using the site since January,,lead_quality,0.5800357592706435
F00004,2025-12-16,provider,support,13,,"Quick one: Can't update my coverage zones, the save button is greyed out",,app_bug,0.9411939952121124
F00005,2025-12-04,provider,review,17,,"Update - Lead was from Z29 which I don't even cover, why was it sent to me",,lead_quality,0.9447997619558214
F00006,2025-11-23,provider,support,10,,So Uploaded a new profile photo and it shows sideways,,app_bug,0.7904501817119284
F00007,2026-01-03,customer,support,21,,"Hi, Kept coming back for the same fault each week, no real progress at all Been using the site since October",,workmanship_quality,0.8929435748236072
F00008,2026-01-21,provider,support,15,,"quick one: great tradesperson, tidy and methodical, highly recommend been using the site since october",,workmanship_quality,0.8935749456962112
F00009,2025-12-04,provider,survey,15,,Update - Third enquiry this week where the person says they never filled anything in,,lead_quality,0.6074815236680636
F00010,2025-12-09,provider,support,12,,"Honestly, Uploaded a new profile photo and it shows sideways Otherwise fine",,app_bug,0.7273971490344909
F00011,2026-02-22,provider,review,13,,"Feedback: Spent most of the visit on his phone, barely explained anything Cheers",,workmanship_quality,0.9167705227069513
F00012,2025-10-16,provider,survey,17,,"So The customer was actually two counties away, the address must have been typed wrong Otherwise fine",,lead_quality,0.7297271036826921
F00013,2026-02-11,provider,support,15,,"Feedback: Was promised my money back for the fake enquiry, 6 days later still waiting",,provider_no_show,0.8257057178684649
F00014,2025-10-21,customer,support,8,,"Feedback: Great tradesperson, tidy and methodical, highly recommend",,workmanship_quality,0.9381913513087962
F00015,2025-09-06,customer,review,14,,"two appointments in a row moved at the last minute, i've lost a week",,app_bug,0.5811145266252555
F00016,2025-11-22,provider,review,11,,Uploaded a new profile photo and it shows sideways Not impressed,,app_bug,0.8058333233071192
F00017,2026-01-28,provider,review,14,,"Honestly, Uploaded a new profile photo and it shows sideways Would appreciate a reply",,app_bug,0.8919386208617129
F00018,2025-10-01,provider,support,17,,Bought 12 leads this month and only one picked up the phone Second time this has happened,,lead_quality,0.8523843208932066
F00019,2026-01-11,customer,survey,18,,"Hi, Asked for cash up front for the full job then said the rate had gone up Thanks",,price_dispute,0.7128968936135047
F00020,2025-09-30,customer,review,19,,"Quick one: Left me waiting at the property in Z17 all morning, no message nothing This was in Z17",,provider_no_show,0.6238063277858696
F00021,2025-10-04,provider,review,17,,"Quick one: Lead was from Z04 which I don't even cover, why was it sent to me",,lead_quality,0.9248139339331594
F00022,2026-03-01,provider,support,12,,"requested a refund for a dead lead 2 weeks ago, still nothing",,lead_quality,0.7925564532641037
F00023,2025-09-30,customer,survey,13,,He simply didn't show up on Saturday and went quiet afterwards Not impressed,,provider_no_show,0.5686356366161515
F00024,2026-02-21,customer,support,14,,"update - great tradesperson, tidy and methodical, highly recommend I live near [POSTCODE]",POSTCODE,workmanship_quality,0.9026937578278783
F00025,2025-09-19,customer,support,16,,"honestly, left me waiting at the property in z17 all morning, no message nothing not impressed",,provider_no_show,0.5352797908031675
F00026,2026-02-10,customer,review,16,,"Update - Felt rushed, didn't finish the sealing properly before leaving Second time this has happened",,workmanship_quality,0.7827321148119324
F00027,2026-01-09,provider,survey,13,,"Honestly, Notifications arrive hours late so I miss leads Would appreciate a reply",,app_bug,0.6297645091513668
F00028,2025-10-05,customer,support,12,,"Honestly, Quoted one price then asked for more once the work started",,price_dispute,0.9399297398871295
F00029,2025-12-17,customer,review,9,,"So Cancelled on me twice last minute, really unreliable",,provider_no_show,0.9342849025635401
F00030,2026-01-01,customer,support,16,,"Quick one: Sent three messages, no reply for a week Otherwise fine email me at [EMAIL]",EMAIL,provider_communication,0.8891128679596157
F00032,2025-09-03,provider,survey,22,,"Just to say Someone wanting an installation sent to me, I only do repairs, that's on you Second time this has happened",,lead_quality,0.8662963694488913
F00033,2025-11-30,provider,review,13,,uploaded a new profile photo and it shows sideways please sort it out,,app_bug,0.7545398129704521
F00034,2026-01-11,provider,survey,13,,Feedback: Notifications arrive hours late so I miss leads This was in Z07,,provider_no_show,0.8763829428837324
F00035,2025-10-13,provider,review,15,,Feedback: Bought 13 leads this month and only one picked up the phone Not impressed,,lead_quality,0.8946674553243351
F00036,2026-02-28,customer,review,21,,"not happy. really thorough, explained the whole job clearly and finished ahead of time! otherwise fine my number is [PHONE]",PHONE,workmanship_quality,0.8694468554179701
F00037,2025-12-20,provider,review,14,,so customers keep saying they already found someone by the time i call cheers,,lead_quality,0.9030526980917652
F00038,2025-10-10,customer,support,12,,He simply didn't show up on Saturday and went quiet afterwards Cheers,,provider_no_show,0.5656302158399332
F00039,2025-12-15,customer,survey,16,,"So Got one text and then silence, no idea if I have a tradesperson or not",,provider_communication,0.5404013511929501
F00040,2025-10-26,customer,support,15,,So Price on the profile said £39 but he charged £41 per hour Not impressed,,price_dispute,0.9248713852141064
F00042,2025-11-13,provider,review,20,,"honestly, lead was from z28 which i don't even cover, why was it sent to me this was in z28",,lead_quality,0.896733683049044
F00043,2025-10-05,customer,survey,19,,"Felt rushed, didn't finish the sealing properly before leaving Second time this has happened my number is [PHONE]",PHONE,workmanship_quality,0.7708730282882068
F00044,2026-02-23,provider,support,11,,two refunds approved by email but nothing showing in the account,,credits_refund,0.9607067591952908
F00045,2026-01-21,customer,review,19,,"Hi, Left me waiting at the property in Z09 all morning, no message nothing Second time this has happened",,app_bug,0.5618715302880994
F00046,2026-02-27,provider,survey,11,,"Hi, Paid for a lead and the customer's number was disconnected",,lead_quality,0.9224051743689474
F00047,2025-10-01,provider,review,11,,"felt rushed, didn't finish the sealing properly before leaving not impressed",,workmanship_quality,0.8606988404335185
F00048,2026-02-25,provider,support,14,,not happy. the availability calendar doesn't keep my changes after i close it thanks,,app_bug,0.8976157342190171
F00049,2026-02-24,customer,support,10,,"Feedback: Great tradesperson, tidy and methodical, highly recommend Not impressed",,workmanship_quality,0.9135413082517767
F00050,2026-01-28,provider,review,26,,"quick one: was promised my money back for the fake enquiry, 5 days later still waiting second time this has happened I live near [POSTCODE]",POSTCODE,needs_review,0.471741539059811
F00052,2025-11-03,provider,survey,14,,"Hi, Charged for a lead I never accepted, please refund Please sort it out",,credits_refund,0.9291441222514923
F00053,2026-01-03,provider,support,10,,Uploaded a new profile photo and it shows sideways Cheers,,app_bug,0.7909651224908518
F00054,2025-09-18,provider,review,11,,"Honestly, The app crashes every time I open the leads tab",,app_bug,0.90705686854075
F00055,2026-01-04,customer,review,17,,"Honestly, Nobody got in touch after I filled in the form Been using the site since October",,provider_communication,0.920496292362469
F00058,2025-10-04,provider,survey,17,,"update - the customer was actually two counties away, the address must have been typed wrong cheers",,lead_quality,0.7205115696248096
F00059,2025-09-15,customer,review,21,,the multi-day discount on the profile turned out not to exist been using the site since september email me at [EMAIL],EMAIL,needs_review,0.40229473766352786
F00060,2026-01-24,customer,review,26,,"FYI Brilliant at talking me through the options, I was dreading this and it was painless Second time this has happened my number is [PHONE]",PHONE,app_bug,0.6609859926372206
F00061,2025-10-25,provider,support,19,,"Just to say Getting enquiries from people who want work in three months, not now Would appreciate a reply",,app_bug,0.6329437478552221
F00062,2025-09-08,customer,support,17,,"Feedback: Every visit had a clear plan and a recap at the end, finished in 9 days",,workmanship_quality,0.9354857487165856
F00063,2025-10-09,provider,support,17,,"Can't update my coverage zones, the save button is greyed out Been using the site since September",,app_bug,0.8859176367144161
F00064,2025-09-15,customer,support,15,,"Two appointments in a row moved at the last minute, I've lost a week Thanks",,needs_review,0.4888489845764923
F00065,2026-01-03,customer,support,13,,"Quick one: Felt rushed, didn't finish the sealing properly before leaving Not impressed",,workmanship_quality,0.8197076112368978
F00066,2025-10-24,provider,survey,9,,"Feedback: The refund button does nothing, credits just disappeared",,credits_refund,0.9177970143604538
F00067,2025-12-03,customer,review,12,,"Explains things in a way that actually makes sense, worth every penny",,workmanship_quality,0.951865584844179
F00068,2026-01-18,customer,support,17,,"honestly, nobody got in touch after i filled in the form been using the site since september",,provider_communication,0.9261046743829507
F00069,2025-11-24,provider,survey,10,,"same customer sent to me twice, charged twice not impressed",,price_dispute,0.7947451905243947
F00070,2025-09-04,provider,survey,13,,"feedback: the refund button does nothing, credits just disappeared this was in z08",,credits_refund,0.8687946961935175
F00071,2026-01-17,provider,survey,15,,Not happy. Uploaded a new profile photo and it shows sideways Would appreciate a reply,,app_bug,0.9308790356971347
F00072,2026-01-25,provider,support,17,,"just to say site left spotless and every connection checked, felt genuinely professional please sort it out",,safety_issue,0.6298270490787344
F00073,2026-01-03,provider,review,12,,"quick one: the refund button does nothing, credits just disappeared not impressed",,credits_refund,0.8869427462237578
F00074,2026-02-24,provider,review,12,,"The refund button does nothing, credits just disappeared Please sort it out",,credits_refund,0.913227926359725
F00075,2025-11-24,customer,review,12,,"Hi, Booked a morning slot, waited 40 minutes, nobody came. No explanation",,provider_no_show,0.9340671540408659
F00076,2025-09-01,customer,review,13,,"So Was late again by half an hour, third time this month Cheers",,provider_no_show,0.9445519104734541
F00077,2026-02-24,provider,review,24,,"Update - No dust sheets, no mask, debris left all over a room with a baby in it Been using the site since November",,safety_issue,0.9260960729753963
F00078,2025-11-20,provider,survey,16,,just to say map view is blank on my phone since the last update not impressed,,app_bug,0.8632153705764307
F00079,2026-01-23,customer,review,15,,so nice enough but i didn't feel much had been done after ten hours cheers,,workmanship_quality,0.7216819349968195
F00080,2025-09-22,provider,review,16,,"getting enquiries from people who want work in three months, not now please sort it out",,needs_review,0.44019537659910013
F00081,2026-02-04,provider,support,14,,"Quick one: Login loop on Android, keeps sending me back to the start screen",,app_bug,0.8569235013316864
F00082,2025-10-20,provider,support,18,,"someone wanting an installation sent to me, i only do repairs, that's on you this was in z09",,lead_quality,0.9180259715136745
F00083,2026-02-03,customer,review,14,,"really thorough, explained the whole job clearly and finished ahead of time! otherwise fine",,workmanship_quality,0.9215752715916287
F00084,2026-02-12,customer,support,17,,"Sent three messages, no reply for a week Would appreciate a reply my number is [PHONE]",PHONE,provider_communication,0.8672254129951087
F00085,2025-10-14,customer,support,10,,"quick one: sent three messages, no reply for a week",,provider_communication,0.9478174846319537
F00086,2025-10-24,customer,review,14,,Update - Provider bought my lead but never contacted me Would appreciate a reply,,provider_communication,0.9056339887898662
F00087,2025-10-23,customer,review,17,,"update - brilliant at talking me through the options, i was dreading this and it was painless",,app_bug,0.5123433423364503
F00088,2026-01-31,provider,survey,14,,"fyi my balance went down by 9 and i didn't buy anything, what happened",,needs_review,0.47043654816891406
F00089,2025-09-05,provider,support,15,,FYI Top up went through on my card but the balance didn't change Not impressed,,credits_refund,0.8363119741044193
F00090,2025-12-05,customer,support,16,,"Feedback: Spent most of the visit on his phone, barely explained anything Would appreciate a reply",,workmanship_quality,0.9087021698257302
F00091,2026-01-07,customer,survey,16,,"Cancelled on me twice last minute, really unreliable This was in Z16 email me at [EMAIL]",EMAIL,provider_no_show,0.9102708487553505
F00092,2025-11-16,customer,support,13,,"FYI Still waiting for someone to call me back, it's been 5 days",,provider_communication,0.6155168490842969
F00093,2025-10-14,customer,review,20,,"Not happy. No dust sheets, no mask, debris left all over a room with a baby in it Not impressed",,safety_issue,0.944399221495702
F00094,2026-01-30,customer,support,10,,"just to say great tradesperson, tidy and methodical, highly recommend",,workmanship_quality,0.91795370745466
F00095,2025-12-26,provider,review,16,,Just to say Uploaded a new profile photo and it shows sideways Please sort it out,,app_bug,0.7362918036287046
F00096,2025-11-17,customer,support,17,,Not happy. Paid for the lead apparently but I never heard from anyone This was in Z26,,provider_communication,0.9025908184932963
F00097,2025-12-15,customer,support,17,,"left me waiting at the property in z10 all morning, no message nothing would appreciate a reply",,app_bug,0.5506232413733173
F00098,2025-12-16,provider,support,18,,"So Getting enquiries from people who want work in three months, not now Second time this has happened",,app_bug,0.6165324023116976
F00099,2025-12-07,customer,survey,14,,"Just to say Great tradesperson, tidy and methodical, highly recommend Please sort it out",,workmanship_quality,0.8650749702565905
F00100,2025-12-23,customer,support,11,,"not happy. sent three messages, no reply for a week cheers",,provider_communication,0.9092230845244712
F00101,2025-11-13,provider,review,14,,FYI Bought 13 leads this month and only one picked up the phone Cheers,,lead_quality,0.9041275276625167
F00102,2026-02-27,provider,review,20,,"was promised my money back for the fake enquiry, 12 days later still waiting not impressed email me at [EMAIL]",EMAIL,provider_no_show,0.8078460695683263
F00103,2025-12-11,provider,review,16,,"Honestly, Third enquiry this week where the person says they never filled anything in Not impressed",,lead_quality,0.6025979788612219
F00104,2026-01-08,customer,review,18,,nice enough but i didn't feel much had been done after ten hours second time this has happened,,workmanship_quality,0.5743802549067634
F00106,2025-11-18,provider,review,16,,"Update - Charged for a lead I never accepted, please refund my number is [PHONE]",PHONE,credits_refund,0.945114873508749
F00107,2026-01-22,provider,support,13,,"So Getting enquiries from people who want work in three months, not now",,needs_review,0.45006664975844896
F00109,2025-11-30,customer,support,18,,Paid for the lead apparently but I never heard from anyone Not impressed my number is [PHONE],PHONE,provider_communication,0.9211996141099313
F00110,2025-12-28,provider,review,12,,Feedback: Paid for a lead and the customer's number was disconnected Thanks,,lead_quality,0.9056675567084748
F00111,2025-09-26,provider,review,20,,"not happy. someone wanting an installation sent to me, i only do repairs, that's on you would appreciate a reply",,lead_quality,0.8501503093871852
F00112,2025-10-08,provider,review,16,,FYI Nobody got in touch after I filled in the form Second time this has happened,,provider_communication,0.910865025679894
F00113,2025-12-01,provider,survey,14,,Just to say Uploaded a new profile photo and it shows sideways Otherwise fine,,app_bug,0.7213336892143097
F00114,2025-10-01,provider,review,13,,"just to say isolation switch didn't seem to work properly, felt unsafe cheers",,safety_issue,0.9124681463825332
F00115,2026-02-25,customer,review,16,,"Honestly, Paid for the lead apparently but I never heard from anyone Would appreciate a reply",,provider_communication,0.9260961025326075
F00116,2025-09-23,provider,support,16,,"Quick one: My balance went down by 13 and I didn't buy anything, what happened Cheers",,app_bug,0.5247090845304647
F00117,2025-11-25,provider,review,17,,"Feedback: Lead was from Z03 which I don't even cover, why was it sent to me Cheers",,lead_quality,0.9244794920865115
F00118,2025-11-15,provider,review,15,,two refunds approved by email but nothing showing in the account would appreciate a reply,,credits_refund,0.9222452582341644
F00119,2025-11-26,customer,survey,16,,turned up 25 minutes into a one hour slot and still charged the full hour thanks,,price_dispute,0.7460155967047315
F00120,2026-01-25,provider,review,19,,"Lead was from Z24 which I don't even cover, why was it sent to me Would appreciate a reply",,lead_quality,0.905546754500199
F00121,2025-11-06,provider,support,11,,Quick one: Uploaded a new profile photo and it shows sideways,,app_bug,0.8040049768783705
F00122,2025-12-14,customer,survey,13,,"FYI Spent most of the visit on his phone, barely explained anything Thanks",,workmanship_quality,0.9326241023676868
F00123,2025-11-02,provider,survey,17,,"Can't update my coverage zones, the save button is greyed out Cheers my number is [PHONE]",PHONE,app_bug,0.9130835798565895
F00124,2025-10-06,provider,review,17,,quick one: map view is blank on my phone since the last update please sort it out,,app_bug,0.8436400346097482
F00125,2026-02-05,provider,support,21,,FYI Two refunds approved by email but nothing showing in the account Would appreciate a reply my number is [PHONE],PHONE,credits_refund,0.9053167331237815
F00126,2026-02-17,customer,support,22,,"Honestly, Would be nice to actually get a response from the person I was matched with Been using the site since December",,needs_review,0.21765866917567975
F00127,2026-02-23,provider,review,19,,Not happy. Bought 9 leads this month and only one picked up the phone Thanks email me at [EMAIL],EMAIL,lead_quality,0.858020277647576
F00128,2025-12-12,customer,review,21,,"Just to say Two appointments in a row moved at the last minute, I've lost a week Would appreciate a reply",,app_bug,0.8028400966834497
F00129,2026-01-12,provider,review,21,,"So Someone wanting an installation sent to me, I only do repairs, that's on you Otherwise fine email me at [EMAIL]",EMAIL,lead_quality,0.8637572173566963
F00130,2026-02-12,customer,survey,11,,"hi, lovely clean job, everything tested and certified before he left",,safety_issue,0.93765132051685
F00131,2025-10-15,customer,review,19,,"Was late again by half an hour, third time this month Would appreciate a reply email me at [EMAIL]",EMAIL,provider_no_show,0.8944520774738072
F00132,2025-11-06,provider,support,15,,Map view is blank on my phone since the last update This was in Z02,,app_bug,0.7818524120188036
F00133,2025-12-16,provider,review,16,,"honestly, quoted one price then asked for more once the work started please sort it out",,price_dispute,0.9195355488012107
F00134,2025-11-19,customer,review,17,,Turned up 25 minutes into a one hour slot and still charged the full hour Otherwise fine,,price_dispute,0.8199025994184035
F00135,2025-11-16,provider,support,15,,update - provider bought my lead but never contacted me second time this has happened,,provider_communication,0.9073215107849814
F00136,2025-09-16,provider,survey,15,,Not happy. Nice enough but I didn't feel much had been done after ten hours,,workmanship_quality,0.6428128113507879
F00137,2025-12-04,customer,review,15,,Update - Nice enough but I didn't feel much had been done after ten hours,,workmanship_quality,0.7188896820968327
F00138,2025-09-05,customer,support,9,,"cancelled on me twice last minute, really unreliable thanks",,provider_no_show,0.9474058474432355
F00139,2025-09-30,customer,survey,14,,"Honestly, Booked a morning slot, waited 40 minutes, nobody came. No explanation Otherwise fine",,provider_no_show,0.9014078503482447
F00140,2025-12-03,customer,review,16,,"Honestly, Got one text and then silence, no idea if I have a tradesperson or not",,provider_communication,0.6021047728927258
F00141,2025-11-07,provider,review,18,,"Update - Can't update my coverage zones, the save button is greyed out Second time this has happened",,app_bug,0.9617022393449786
F00142,2025-09-01,customer,review,22,,update - asked for cash up front for the full job then said the rate had gone up please sort it out,,price_dispute,0.688415382383647
F00143,2025-12-31,customer,support,11,,"Hi, Rates changed after the first day of work without warning",,price_dispute,0.9252486790482041
F00144,2026-02-28,provider,support,13,,not happy. map view is blank on my phone since the last update,,app_bug,0.9262132520713257
F00145,2025-11-03,customer,support,12,,Price on the profile said £36 but he charged £48 per hour,,price_dispute,0.9439970862131828
F00146,2025-12-10,customer,support,17,,feedback: price on the profile said £32 but he charged £44 per hour please sort it out,,price_dispute,0.9113904837144824
F00147,2025-09-07,customer,support,21,,"Just to say Filled in my details twice and heard nothing, is this site even active Cheers email me at [EMAIL]",EMAIL,needs_review,0.4703856225375291
F00148,2025-11-15,customer,survey,13,,"FYI Explains things in a way that actually makes sense, worth every penny",,workmanship_quality,0.9445089153818899
F00149,2025-09-29,customer,support,17,,Update - The multi-day discount on the profile turned out not to exist Would appreciate a reply,,app_bug,0.6706691465274582
F00150,2025-11-19,provider,review,19,,"FYI Was promised my money back for the fake enquiry, 6 days later still waiting Would appreciate a reply",,provider_no_show,0.7904623600932357
F00151,2026-01-30,customer,support,13,,"Hi, Expensive compared to what was advertised, felt misled Please sort it out",,price_dispute,0.5479243357988303
F00152,2025-09-04,customer,survey,12,,"Quick one: Felt rushed, didn't finish the sealing properly before leaving Thanks",,workmanship_quality,0.8516690959409546
F00153,2025-12-29,customer,support,17,,"update - booked a morning slot, waited 40 minutes, nobody came. no explanation please sort it out",,provider_no_show,0.8864437301273353
F00154,2026-02-21,customer,survey,16,,"Two appointments in a row moved at the last minute, I've lost a week Not impressed",,app_bug,0.5597463691449092
F00155,2025-11-04,provider,review,21,,"Update - The customer was actually two counties away, the address must have been typed wrong my number is [PHONE]",PHONE,lead_quality,0.7131524852327963
F00156,2026-02-21,provider,survey,14,,"the customer was actually two counties away, the address must have been typed wrong",,lead_quality,0.7506457369837576
F00157,2025-11-28,customer,review,21,,"still waiting for someone to call me back, it's been 8 days please sort it out my number is [PHONE]",PHONE,provider_communication,0.5149321948895971
F00160,2025-11-16,customer,review,20,,Asked for cash up front for the full job then said the rate had gone up Please sort it out,,price_dispute,0.6976556563954801
F00161,2025-12-20,customer,support,24,,"So Every visit had a clear plan and a recap at the end, finished in 8 days Otherwise fine my number is [PHONE]",PHONE,workmanship_quality,0.9076310977082535
F00163,2025-10-28,provider,review,19,,Update - The availability calendar doesn't keep my changes after I close it Been using the site since October,,app_bug,0.7434224671344654
F00164,2026-02-21,customer,survey,13,,"Snapped at me when I asked a question, made the whole thing uncomfortable",,needs_review,0.46642846459916715
F00165,2025-09-18,customer,support,19,,"FYI Snapped at me when I asked a question, made the whole thing uncomfortable Second time this has happened",,app_bug,0.6079555956837452
F00166,2025-09-08,provider,review,19,,FYI Customers keep saying they already found someone by the time I call Been using the site since October,,lead_quality,0.8807680583524673
F00167,2025-12-13,customer,support,17,,Nice enough but I didn't feel much had been done after ten hours Please sort it out,,workmanship_quality,0.6982933700808391
F00168,2025-12-21,customer,support,12,,"Honestly, Paid for the lead apparently but I never heard from anyone",,provider_communication,0.9599022307704651
F00170,2025-10-04,customer,survey,14,,Nobody got in touch after I filled in the form Please sort it out,,provider_communication,0.9258481212665404
F00171,2025-09-09,customer,survey,14,,"So Really thorough, explained the whole job clearly and finished ahead of time! Thanks",,workmanship_quality,0.9266056356704888
F00172,2025-11-23,customer,support,14,,"Hi, Was late again by half an hour, third time this month Otherwise fine",,provider_no_show,0.9292825594945752
F00173,2025-10-29,customer,support,8,,"great tradesperson, tidy and methodical, highly recommend cheers",,workmanship_quality,0.9468857747298913
F00174,2026-02-12,provider,survey,13,,"requested a refund for a dead lead 2 weeks ago, still nothing cheers",,lead_quality,0.527552570126342
F00175,2025-10-10,customer,support,17,,"So Booked a morning slot, waited 40 minutes, nobody came. No explanation Second time this has happened",,provider_no_show,0.8692256555229297
F00176,2025-12-08,provider,support,12,,The availability calendar doesn't keep my changes after I close it Cheers,,app_bug,0.8560752875853025
F00177,2026-02-11,provider,survey,20,,"Hi, Was promised my money back for the fake enquiry, 2 days later still waiting Second time this has happened",,provider_no_show,0.7360684379377784
F00178,2025-09-25,provider,support,18,,"login loop on android, keeps sending me back to the start screen been using the site since november",,app_bug,0.7741493809431836
F00179,2025-10-11,customer,survey,15,,Just to say Left exposed wiring behind the panel and said it would be fine,,safety_issue,0.9215041468678049
F00180,2025-09-09,provider,support,16,,"Honestly, The multi-day discount on the profile turned out not to exist Would appreciate a reply",,app_bug,0.6821590240084521
F00181,2025-10-27,customer,review,17,,"So Brilliant at talking me through the options, I was dreading this and it was painless Cheers",,needs_review,0.46955114609374304
F00182,2025-09-09,customer,support,16,,"just to say great tradesperson, tidy and methodical, highly recommend been using the site since january",,workmanship_quality,0.8658574037909732
F00183,2025-12-15,provider,survey,16,,"hi, the app crashes every time i open the leads tab second time this has happened",,app_bug,0.9498282818548569
F00184,2025-12-05,provider,support,14,,Quick one: Top up went through on my card but the balance didn't change,,credits_refund,0.7876150127561627
F00185,2025-12-19,customer,survey,21,,"Hi, Every visit had a clear plan and a recap at the end, finished in 4 days Please sort it out",,workmanship_quality,0.9044087605050136
F00187,2025-10-02,provider,support,12,,"update - customer never answered, wasted credits again would appreciate a reply",,lead_quality,0.8033880170467556
F00188,2026-01-17,provider,survey,13,,"Can't update my coverage zones, the save button is greyed out Not impressed",,app_bug,0.9463023335069507
F00189,2025-11-18,customer,support,13,,"Hi, Explains things in a way that actually makes sense, worth every penny",,workmanship_quality,0.9395459187774643
F00190,2025-11-29,customer,review,20,,"Hi, Brilliant at talking me through the options, I was dreading this and it was painless This was in Z30",,needs_review,0.3847389848391691
F00191,2025-09-30,provider,review,22,,"feedback: requested a refund for a dead lead 2 weeks ago, still nothing second time this has happened email me at [EMAIL]",EMAIL,lead_quality,0.669862690571832
F00192,2026-02-25,provider,support,13,,"Same customer sent to me twice, charged twice Second time this has happened",,price_dispute,0.6224732897297098
F00193,2025-09-11,customer,support,17,,"Hi, Lovely clean job, everything tested and certified before he left Been using the site since January",,safety_issue,0.8970564119596602
F00194,2025-10-01,customer,review,15,,"not happy. filled in my details twice and heard nothing, is this site even active",,app_bug,0.5704924203000121
F00195,2025-12-10,provider,support,20,,"Not happy. Booked a morning slot, waited 40 minutes, nobody came. No explanation Otherwise fine my number is [PHONE]",PHONE,provider_no_show,0.8172507212399642
F00196,2026-01-04,customer,support,20,,"hi, would be nice to actually get a response from the person i was matched with please sort it out",,needs_review,0.284608039467052
F00197,2025-09-05,provider,review,10,,"hi, uploaded a new profile photo and it shows sideways",,app_bug,0.787830379728244
F00198,2025-10-16,customer,review,10,,"honestly, sent three messages, no reply for a week thanks",,provider_communication,0.9462087548597203
F00199,2026-02-13,provider,support,19,,"Quick one: Getting enquiries from people who want work in three months, not now Cheers email me at [EMAIL]",EMAIL,needs_review,0.44491275788900575
F00200,2025-09-19,provider,review,10,,"So The refund button does nothing, credits just disappeared Thanks",,credits_refund,0.9143677651105268
F00201,2025-09-17,customer,review,17,,so price on the profile said £31 but he charged £42 per hour email me at [EMAIL],EMAIL,price_dispute,0.8738424879255436
F00202,2025-12-25,provider,support,9,,FYI Notifications arrive hours late so I miss leads,,provider_no_show,0.8486306465354336
F00203,2025-11-29,provider,support,16,,Feedback: He simply didn't show up on Saturday and went quiet afterwards Please sort it out,,provider_no_show,0.5113410215304974
F00204,2026-01-25,provider,support,20,,"feedback: booked a morning slot, waited 40 minutes, nobody came. no explanation this was in z13 email me at [EMAIL]",EMAIL,provider_no_show,0.9242830222935506
F00205,2026-02-23,provider,support,11,,"So The refund button does nothing, credits just disappeared Not impressed",,credits_refund,0.9165600762160732
F00206,2025-12-11,customer,support,15,,Not happy. Price on the profile said £31 but he charged £42 per hour Thanks,,price_dispute,0.8836035897517579
F00207,2025-11-06,provider,support,12,,Just to say Notifications arrive hours late so I miss leads Cheers,,provider_no_show,0.6708673727262792
F00208,2025-10-04,customer,support,14,,"Not happy. Great tradesperson, tidy and methodical, highly recommend Second time this has happened",,workmanship_quality,0.7992944843653383
F00210,2025-11-23,provider,review,18,,Just to say The availability calendar doesn't keep my changes after I close it Would appreciate a reply,,app_bug,0.902660304683021
F00211,2026-02-08,provider,review,21,,"Not happy. Was promised my money back for the fake enquiry, 14 days later still waiting Second time this has happened",,provider_no_show,0.6931446880000621
F00213,2025-09-17,provider,review,11,,"Isolation switch didn't seem to work properly, felt unsafe Otherwise fine",,safety_issue,0.9254893658771095
F00214,2026-01-26,customer,support,12,,"Feedback: Site left spotless and every connection checked, felt genuinely professional Cheers",,safety_issue,0.6559038499679731
F00215,2026-02-10,provider,support,11,,"FYI Customer never answered, wasted credits again Would appreciate a reply",,lead_quality,0.8097717350638314
F00216,2025-11-27,provider,review,13,,"So Was late again by half an hour, third time this month Thanks",,provider_no_show,0.9500246561255108
F00217,2025-11-14,provider,survey,20,,Update - Customers keep saying they already found someone by the time I call Been using the site since October,,lead_quality,0.8803084628104549
F00218,2026-01-09,customer,survey,17,,"Feedback: Every visit had a clear plan and a recap at the end, finished in 12 days",,workmanship_quality,0.9041095750760805
F00219,2025-09-11,customer,support,16,,So He simply didn't show up on Saturday and went quiet afterwards Would appreciate a reply,,needs_review,0.4577927759484515
F00220,2025-10-30,customer,support,13,,"Booked a morning slot, waited 40 minutes, nobody came. No explanation Not impressed",,provider_no_show,0.9195677305123845
F00221,2025-10-27,customer,support,18,,"no dust sheets, no mask, debris left all over a room with a baby in it not impressed",,safety_issue,0.9549110918166661
F00222,2025-09-06,provider,review,17,,Not happy. Two refunds approved by email but nothing showing in the account Please sort it out,,credits_refund,0.9327342798689885
F00223,2026-01-03,customer,support,22,,"Filled in my details twice and heard nothing, is this site even active Second time this has happened email me at [EMAIL]",EMAIL,app_bug,0.5605555433254225
F00224,2025-11-27,provider,review,20,,"So Left me waiting at the property in Z26 all morning, no message nothing Cheers my number is [PHONE]",PHONE,needs_review,0.3664275214345026
F00225,2025-12-29,customer,survey,12,,Quick one: Rates changed after the first day of work without warning,,price_dispute,0.9164911927279676
F00226,2025-11-04,provider,review,13,,"Honestly, Expensive compared to what was advertised, felt misled Would appreciate a reply",,app_bug,0.5740868715889216
F00227,2026-02-12,customer,support,19,,"Honestly, Still waiting for someone to call me back, it's been 12 days Cheers I live near [POSTCODE]",POSTCODE,provider_communication,0.533182196216397
F00228,2025-12-16,customer,support,16,,not happy. rates changed after the first day of work without warning please sort it out,,price_dispute,0.8802326822114733
F00229,2026-02-28,customer,survey,16,,"So Kept coming back for the same fault each week, no real progress at all Cheers",,workmanship_quality,0.8983843427737626
F00231,2025-09-01,provider,support,11,,update - uploaded a new profile photo and it shows sideways,,app_bug,0.8110486654697462
F00232,2025-09-01,provider,survey,15,,"Update - Charged for a lead I never accepted, please refund Please sort it out",,credits_refund,0.9258848269914727
F00233,2025-11-11,customer,review,17,,"Hi, Still waiting for someone to call me back, it's been 7 days Please sort it out",,provider_communication,0.5271054999938908
F00234,2026-02-04,customer,support,25,,FYI Turned up 25 minutes into a one hour slot and still charged the full hour Please sort it out my number is [PHONE],PHONE,price_dispute,0.7119953592793463
F00235,2026-01-28,customer,survey,15,,"Update - Great tradesperson, tidy and methodical, highly recommend Been using the site since September",,workmanship_quality,0.9002554927441346
F00236,2026-02-24,provider,survey,19,,"Update - My balance went down by 3 and I didn't buy anything, what happened This was in Z20",,needs_review,0.48061600248405556
F00237,2025-10-24,customer,review,19,,"Hi, Hidden fees for materials and disposal, not mentioned before Would appreciate a reply I live near [POSTCODE]",POSTCODE,price_dispute,0.8090268287699883
F00238,2025-10-06,customer,support,8,,"Sent three messages, no reply for a week",,provider_communication,0.9690475847664357
F00239,2026-01-02,customer,support,13,,"Hi, Still waiting for someone to call me back, it's been 8 days",,provider_communication,0.6055303074797367
F00241,2025-12-17,customer,survey,13,,"FYI Really thorough, explained the whole job clearly and finished ahead of time!",,workmanship_quality,0.9324862722769063
F00242,2025-09-22,customer,survey,12,,Feedback: The multi-day discount on the profile turned out not to exist,,needs_review,0.42838428872562523
F00243,2025-11-09,provider,review,11,,Feedback: Paid for a lead and the customer's number was disconnected,,lead_quality,0.9246388993491418
F00244,2026-01-30,customer,support,16,,"update - two appointments in a row moved at the last minute, i've lost a week",,app_bug,0.6417223027012122
F00245,2025-11-05,provider,support,12,,"Hi, The app crashes every time I open the leads tab Cheers",,app_bug,0.8933793081623378
F00246,2025-10-23,customer,support,12,,"Was told £32 an hour, invoice came in at £45, no explanation",,price_dispute,0.8933990925004485
F00247,2026-02-22,provider,review,18,,Third enquiry this week where the person says they never filled anything in Second time this has happened,,needs_review,0.46879336474862016
F00248,2026-01-16,provider,review,10,,paid for a lead and the customer's number was disconnected,,lead_quality,0.9436273896747627
F00249,2026-01-28,provider,support,11,,"so lovely clean job, everything tested and certified before he left",,safety_issue,0.9385641080490317
F00250,2026-01-10,customer,support,19,,"Just to say The ladder he used was visibly damaged, I mentioned it and got shrugged at Not impressed",,safety_issue,0.9179026168526316
F00251,2025-11-05,customer,review,12,,So The multi-day discount on the profile turned out not to exist,,needs_review,0.4365089783124734
F00252,2025-11-26,customer,support,22,,"Hi, Every visit had a clear plan and a recap at the end, finished in 5 days Second time this has happened",,workmanship_quality,0.8678725254837967
F00253,2026-02-21,customer,support,19,,"Update - Every visit had a clear plan and a recap at the end, finished in 12 days Thanks",,workmanship_quality,0.8925799678156453
F00254,2025-09-06,customer,survey,14,,Nobody got in touch after I filled in the form This was in Z25,,provider_communication,0.934555471009509
F00255,2025-11-22,customer,support,20,,"update - two appointments in a row moved at the last minute, i've lost a week this was in z27",,app_bug,0.5435868084773232
F00256,2025-12-23,provider,review,13,,"Hi, Notifications arrive hours late so I miss leads Would appreciate a reply",,app_bug,0.5240678280554004
F00257,2026-01-01,customer,survey,20,,Just to say Asked for cash up front for the full job then said the rate had gone up Cheers,,price_dispute,0.6696069817850043
F00258,2025-11-16,customer,review,9,,"Feedback: Sent three messages, no reply for a week",,provider_communication,0.9502339866279063
F00259,2026-02-23,provider,survey,21,,just to say customers keep saying they already found someone by the time i call cheers my number is [PHONE],PHONE,lead_quality,0.8616258618049859
F00261,2025-10-30,provider,survey,16,,quick one: notifications arrive hours late so i miss leads been using the site since december,,provider_no_show,0.7251258801177628
F00262,2026-03-01,provider,review,16,,"update - credits not refunded after the customer cancelled, support not replying would appreciate a reply",,credits_refund,0.8972403980583377
F00263,2025-11-18,provider,support,8,,Notifications arrive hours late so I miss leads,,provider_no_show,0.8128296644246569
F00264,2025-10-15,provider,review,10,,Update - Notifications arrive hours late so I miss leads,,provider_no_show,0.7993335566172106
F00265,2025-12-20,provider,review,15,,"Honestly, The app crashes every time I open the leads tab Would appreciate a reply",,app_bug,0.9465428211535645
F00266,2025-10-27,provider,survey,13,,Feedback: Customers keep saying they already found someone by the time I call,,lead_quality,0.9375444538565081
F00267,2026-01-02,provider,support,23,,"hi, third enquiry this week where the person says they never filled anything in would appreciate a reply my number is [PHONE]",PHONE,needs_review,0.42968671295751154
F00268,2025-10-08,provider,survey,10,,the app crashes every time i open the leads tab,,app_bug,0.9197366718847286
F00269,2025-09-06,customer,survey,15,,"Update - Filled in my details twice and heard nothing, is this site even active",,needs_review,0.46306767177497826
F00270,2025-09-16,provider,survey,14,,update - nobody got in touch after i filled in the form otherwise fine,,provider_communication,0.9393245317707264
F00271,2025-12-02,customer,review,16,,"Honestly, Provider bought my lead but never contacted me Not impressed my number is [PHONE]",PHONE,provider_communication,0.885420927493056
F00272,2025-09-06,provider,support,21,,"Lead was from Z30 which I don't even cover, why was it sent to me Been using the site since December",,lead_quality,0.8999546418085509
F00273,2025-12-19,provider,survey,19,,Customers keep saying they already found someone by the time I call Not impressed my number is [PHONE],PHONE,lead_quality,0.8960712165668333
F00274,2025-12-30,provider,review,17,,Notifications arrive hours late so I miss leads This was in Z24 my number is [PHONE],PHONE,provider_no_show,0.771340647665583
F00275,2025-11-05,customer,review,16,,rates changed after the first day of work without warning been using the site since september,,price_dispute,0.8859087764926324
F00277,2025-11-15,customer,review,17,,FYI Price on the profile said £38 but he charged £43 per hour Would appreciate a reply,,price_dispute,0.8629350235528005
F00278,2025-12-17,customer,survey,18,,"Honestly, Nice enough but I didn't feel much had been done after ten hours Please sort it out",,workmanship_quality,0.698107186290382
F00279,2025-12-28,customer,review,18,,"honestly, booked a morning slot, waited 40 minutes, nobody came. no explanation been using the site since november",,provider_no_show,0.8722552172782632
F00280,2026-02-08,provider,review,21,,"Update - Someone wanting an installation sent to me, I only do repairs, that's on you my number is [PHONE]",PHONE,lead_quality,0.9168827750540826
F00281,2025-12-25,customer,survey,25,,"FYI Snapped at me when I asked a question, made the whole thing uncomfortable Been using the site since December my number is [PHONE]",PHONE,workmanship_quality,0.5440601952864677
F00282,2025-09-07,customer,survey,13,,Update - Quoted one price then asked for more once the work started,,price_dispute,0.943611213174369
F00283,2025-12-18,provider,support,14,,"The refund button does nothing, credits just disappeared Been using the site since November",,credits_refund,0.8693535837225614
F00284,2025-10-13,customer,support,23,,"Quick one: Spent most of the visit on his phone, barely explained anything Second time this has happened I live near [POSTCODE]",POSTCODE,workmanship_quality,0.8464345145592822
F00285,2025-09-28,customer,review,17,,would be nice to actually get a response from the person i was matched with not impressed,,needs_review,0.3595792444039716
F00287,2026-01-12,provider,support,16,,"Just to say My balance went down by 8 and I didn't buy anything, what happened",,needs_review,0.4555117584545376
F00288,2025-12-05,customer,review,14,,"Isolation switch didn't seem to work properly, felt unsafe Second time this has happened",,safety_issue,0.8785838997008881
F00289,2026-01-16,customer,review,17,,"Honestly, Every visit had a clear plan and a recap at the end, finished in 3 days",,workmanship_quality,0.932296820191977
F00290,2026-02-11,provider,survey,21,,Just to say Two refunds approved by email but nothing showing in the account Not impressed my number is [PHONE],PHONE,credits_refund,0.9321014150283707
F00291,2026-01-26,customer,review,13,,"So Great tradesperson, tidy and methodical, highly recommend Second time this has happened",,workmanship_quality,0.8598997220006265
F00292,2025-10-07,customer,support,18,,"was told £36 an hour, invoice came in at £42, no explanation not impressed email me at [EMAIL]",EMAIL,price_dispute,0.8215786491667569
F00294,2025-10-10,provider,survey,13,,"feedback: requested a refund for a dead lead 2 weeks ago, still nothing",,lead_quality,0.8071092959826593
F00295,2025-10-08,provider,survey,19,,"Hi, Someone wanting an installation sent to me, I only do repairs, that's on you Would appreciate a reply",,lead_quality,0.8807933802291062
F00296,2025-11-24,provider,review,14,,Bought 9 leads this month and only one picked up the phone Not impressed,,lead_quality,0.9260972665428087
F00297,2025-11-02,provider,review,18,,third enquiry this week where the person says they never filled anything in my number is [PHONE],PHONE,lead_quality,0.5659679793264158
F00298,2025-09-01,provider,survey,17,,Quick one: The app crashes every time I open the leads tab I live near [POSTCODE],POSTCODE,app_bug,0.8554477212073152
F00299,2026-01-11,customer,review,16,,Feedback: Nice enough but I didn't feel much had been done after ten hours Not impressed,,workmanship_quality,0.7091434236338763
F00300,2025-12-24,customer,review,18,,"FYI Brilliant at talking me through the options, I was dreading this and it was painless Not impressed",,needs_review,0.4520151137669266
F00301,2025-10-14,customer,review,17,,Provider bought my lead but never contacted me Second time this has happened email me at [EMAIL],EMAIL,provider_communication,0.8694778143280099
F00302,2025-10-17,provider,survey,15,,"Lead was from Z26 which I don't even cover, why was it sent to me",,lead_quality,0.9329704708915407
F00304,2025-11-08,provider,review,18,,Bought 10 leads this month and only one picked up the phone Been using the site since December,,lead_quality,0.8707471704882428
F00306,2025-09-27,provider,review,13,,"Quick one: Spent most of the visit on his phone, barely explained anything",,workmanship_quality,0.9267904133864039
F00307,2025-10-24,customer,review,14,,"So Still waiting for someone to call me back, it's been 5 days Cheers",,provider_communication,0.6079307791269488
F00308,2025-09-11,customer,review,21,,"honestly, no dust sheets, no mask, debris left all over a room with a baby in it this was in z30",,safety_issue,0.9223350372982848
F00309,2025-10-25,provider,review,16,,"Quick one: Was promised my money back for the fake enquiry, 10 days later still waiting",,provider_no_show,0.6512777933504905
F00310,2025-09-14,customer,review,23,,"hi, asked for cash up front for the full job then said the rate had gone up been using the site since december",,price_dispute,0.6874306217803732
F00311,2025-10-23,customer,survey,20,,"Quick one: Still waiting for someone to call me back, it's been 9 days Cheers my number is [PHONE]",PHONE,provider_communication,0.5711749480957505
F00312,2025-10-24,provider,review,17,,"Not happy. Can't update my coverage zones, the save button is greyed out Would appreciate a reply",,app_bug,0.9790701688605805
F00313,2025-11-10,provider,review,23,,"Hi, Lead was from Z27 which I don't even cover, why was it sent to me Not impressed I live near [POSTCODE]",POSTCODE,lead_quality,0.8787370710109974
F00314,2026-01-28,provider,support,13,,Not happy. Paid for the lead apparently but I never heard from anyone,,provider_communication,0.9410239663173209
F00315,2025-11-23,provider,support,21,,"Got one text and then silence, no idea if I have a tradesperson or not Been using the site since December",,provider_communication,0.570864737921816
F00317,2025-11-28,provider,review,17,,"Not happy. Can't update my coverage zones, the save button is greyed out This was in Z22",,app_bug,0.9169030877153522
F00318,2026-01-23,provider,support,17,,Update - Third enquiry this week where the person says they never filled anything in Not impressed,,lead_quality,0.5720840716206634
F00319,2025-10-26,provider,review,19,,"Honestly, Customers keep saying they already found someone by the time I call Cheers I live near [POSTCODE]",POSTCODE,lead_quality,0.8748949910202461
F00320,2025-11-06,provider,review,14,,"FYI Can't update my coverage zones, the save button is greyed out Otherwise fine",,app_bug,0.8848399294854846
F00321,2025-11-15,customer,review,10,,"cancelled on me twice last minute, really unreliable otherwise fine",,provider_no_show,0.920394220977955
F00322,2025-11-07,customer,review,16,,"FYI Filled in my details twice and heard nothing, is this site even active Otherwise fine",,provider_communication,0.5239151221460893
F00323,2025-09-14,customer,review,16,,"Not happy. Great tradesperson, tidy and methodical, highly recommend Not impressed I live near [POSTCODE]",POSTCODE,workmanship_quality,0.8655314164935696
F00324,2026-01-25,customer,review,14,,"Honestly, Felt rushed, didn't finish the sealing properly before leaving Would appreciate a reply",,workmanship_quality,0.8370423731801159
F00325,2026-01-15,provider,review,15,,"Feedback: Login loop on Android, keeps sending me back to the start screen Otherwise fine",,app_bug,0.7869556188633606
F00327,2025-11-12,provider,support,15,,The availability calendar doesn't keep my changes after I close it Please sort it out,,app_bug,0.8153994642644903
F00328,2025-12-27,customer,survey,16,,"Hi, Would be nice to actually get a response from the person I was matched with",,needs_review,0.31096737381416883
F00329,2026-01-02,customer,support,12,,"spent most of the visit on his phone, barely explained anything cheers",,workmanship_quality,0.9275450356093998
F00330,2026-01-11,customer,review,18,,"FYI Warning light on the boiler the whole time, was told to ignore it email me at [EMAIL]",EMAIL,safety_issue,0.8776153506460309
F00331,2025-11-30,provider,support,13,,two refunds approved by email but nothing showing in the account otherwise fine,,credits_refund,0.9532878517957863
F00332,2025-12-13,customer,support,17,,would be nice to actually get a response from the person i was matched with otherwise fine,,needs_review,0.25861875780539473
F00333,2026-01-25,customer,support,22,,Paid for the lead apparently but I never heard from anyone Been using the site since December my number is [PHONE],PHONE,provider_communication,0.9084674285054718
F00334,2025-09-16,provider,survey,19,,Feedback: Nobody got in touch after I filled in the form Would appreciate a reply email me at [EMAIL],EMAIL,provider_communication,0.8862936813461944
F00335,2025-11-19,customer,review,17,,"So Kept coming back for the same fault each week, no real progress at all Not impressed",,workmanship_quality,0.8831109586579059
F00336,2025-11-08,customer,support,20,,"so got one text and then silence, no idea if i have a tradesperson or not would appreciate a reply",,needs_review,0.44294090182102613
F00338,2026-02-15,provider,support,16,,"Requested a refund for a dead lead 2 weeks ago, still nothing This was in Z20",,lead_quality,0.7785186277311671
F00339,2025-11-02,customer,review,19,,"Hi, Kept coming back for the same fault each week, no real progress at all This was in Z05",,workmanship_quality,0.8829751350921642
F00340,2026-02-28,customer,support,15,,"Quick one: Isolation switch didn't seem to work properly, felt unsafe This was in Z13",,safety_issue,0.8749025073768195
F00341,2025-10-04,provider,review,21,,"just to say someone wanting an installation sent to me, i only do repairs, that's on you please sort it out",,lead_quality,0.8978255059347994
F00342,2025-12-05,provider,review,23,,"Quick one: Can't update my coverage zones, the save button is greyed out Second time this has happened I live near [POSTCODE]",POSTCODE,app_bug,0.9328610121017875
F00343,2025-10-14,provider,review,16,,"Lead was from Z13 which I don't even cover, why was it sent to me Thanks",,lead_quality,0.9292219214868513
F00344,2025-10-31,provider,review,19,,Just to say The app crashes every time I open the leads tab Been using the site since November,,app_bug,0.7831952332474155
F00346,2025-11-25,provider,review,22,,FYI The availability calendar doesn't keep my changes after I close it Been using the site since December email me at [EMAIL],EMAIL,app_bug,0.7019188572970261
F00347,2025-10-06,customer,review,20,,"Quick one: Every visit had a clear plan and a recap at the end, finished in 5 days Not impressed",,workmanship_quality,0.8996964377153608
F00348,2025-10-13,provider,support,15,,"The customer was actually two counties away, the address must have been typed wrong Thanks",,lead_quality,0.7489675190501351
F00350,2025-11-29,customer,support,18,,"Not happy. Was late again by half an hour, third time this month my number is [PHONE]",PHONE,provider_no_show,0.8658450264505831
F00351,2026-02-03,customer,support,14,,"filled in my details twice and heard nothing, is this site even active cheers",,needs_review,0.4832460168308332
F00352,2025-09-09,customer,review,13,,"hi, he simply didn't show up on saturday and went quiet afterwards thanks",,provider_no_show,0.6587831824735623
F00353,2025-09-19,provider,support,12,,"Just to say Isolation switch didn't seem to work properly, felt unsafe",,safety_issue,0.9146499695993651
F00354,2026-01-16,customer,support,18,,"Just to say Booked a morning slot, waited 40 minutes, nobody came. No explanation This was in Z01",,provider_no_show,0.8809982644418495
F00355,2026-02-03,provider,support,16,,"Hi, Can't update my coverage zones, the save button is greyed out This was in Z07",,app_bug,0.8504464120617519
F00356,2025-12-12,customer,review,26,,"Update - Brilliant at talking me through the options, I was dreading this and it was painless Second time this has happened email me at [EMAIL]",EMAIL,app_bug,0.6974560106602484
F00357,2025-09-23,provider,survey,15,,"Quick one: Getting enquiries from people who want work in three months, not now Cheers",,needs_review,0.46571381747513785
F00358,2026-01-14,customer,survey,19,,Quick one: Price on the profile said £30 but he charged £49 per hour Second time this has happened,,price_dispute,0.8997482121777474
F00359,2025-09-14,customer,review,15,,He simply didn't show up on Saturday and went quiet afterwards Would appreciate a reply,,needs_review,0.4882953997609371
F00360,2026-02-05,provider,review,20,,"Honestly, The app crashes every time I open the leads tab Would appreciate a reply my number is [PHONE]",PHONE,app_bug,0.9423062558708204
F00361,2025-12-27,provider,support,17,,"feedback: login loop on android, keeps sending me back to the start screen this was in z07",,app_bug,0.7282377727690437
F00362,2025-10-07,provider,review,18,,"someone wanting an installation sent to me, i only do repairs, that's on you this was in z13",,lead_quality,0.9155708741809594
F00363,2025-11-12,customer,survey,18,,so paid for the lead apparently but i never heard from anyone been using the site since december,,provider_communication,0.9178333238930366
F00364,2025-12-01,customer,review,24,,"Update - Left me waiting at the property in Z21 all morning, no message nothing Second time this has happened email me at [EMAIL]",EMAIL,app_bug,0.5145061261030334
F00365,2025-11-11,customer,survey,17,,"Explains things in a way that actually makes sense, worth every penny Cheers email me at [EMAIL]",EMAIL,workmanship_quality,0.8639532848270024
F00366,2026-02-25,provider,support,24,,"FYI Requested a refund for a dead lead 2 weeks ago, still nothing Been using the site since January my number is [PHONE]",PHONE,lead_quality,0.6912940885207352
F00367,2026-01-14,customer,survey,19,,"Quick one: Filled in my details twice and heard nothing, is this site even active This was in Z25",,provider_communication,0.5356904294026538
F00368,2026-02-21,provider,review,21,,"Just to say Someone wanting an installation sent to me, I only do repairs, that's on you This was in Z12",,lead_quality,0.9187693758648907
F00369,2025-11-10,customer,review,16,,"Still waiting for someone to call me back, it's been 11 days email me at [EMAIL]",EMAIL,provider_communication,0.5498045306592981
F00370,2025-11-16,provider,review,23,,"quick one: login loop on android, keeps sending me back to the start screen this was in z10 my number is [PHONE]",PHONE,app_bug,0.7814841875500155
F00371,2026-01-16,provider,support,16,,"Still waiting for someone to call me back, it's been 9 days Please sort it out",,provider_communication,0.5405580248363352
F00372,2025-11-18,provider,review,10,,Not happy. Notifications arrive hours late so I miss leads,,provider_no_show,0.5070028832846725
F00373,2025-10-21,provider,review,17,,"Explains things in a way that actually makes sense, worth every penny my number is [PHONE]",PHONE,workmanship_quality,0.9376024891620124
F00374,2026-02-28,provider,review,18,,"Honestly, Lead was from Z16 which I don't even cover, why was it sent to me Not impressed",,lead_quality,0.9229432556251306
F00375,2025-10-06,customer,support,17,,"Was told £34 an hour, invoice came in at £42, no explanation Second time this has happened",,price_dispute,0.8553197822775191
F00376,2026-01-23,customer,review,15,,"update - felt rushed, didn't finish the sealing properly before leaving this was in z01",,workmanship_quality,0.8260297094952659
F00377,2026-02-21,customer,support,15,,"not happy. warning light on the boiler the whole time, was told to ignore it",,safety_issue,0.9209140049865367
F00378,2026-01-17,customer,support,14,,Quick one: He simply didn't show up on Saturday and went quiet afterwards Cheers,,provider_no_show,0.5436173716532412
F00380,2026-01-19,customer,survey,19,,"So Explains things in a way that actually makes sense, worth every penny Been using the site since November",,workmanship_quality,0.8983739709515425
F00381,2025-11-08,customer,review,21,,"explains things in a way that actually makes sense, worth every penny this was in z27 my number is [PHONE]",PHONE,workmanship_quality,0.8987116054990159
F00382,2025-10-21,provider,support,20,,"just to say getting enquiries from people who want work in three months, not now second time this has happened",,app_bug,0.6212778909276558
F00383,2025-12-10,provider,support,14,,feedback: third enquiry this week where the person says they never filled anything in,,lead_quality,0.6420360534284623
F00384,2026-01-29,customer,review,23,,Update - He simply didn't show up on Saturday and went quiet afterwards Second time this has happened my number is [PHONE],PHONE,app_bug,0.5591091547639455
F00385,2025-10-17,provider,review,17,,Two refunds approved by email but nothing showing in the account Been using the site since November,,credits_refund,0.914458976920886
F00386,2025-12-10,provider,support,21,,quick one: nobody got in touch after i filled in the form please sort it out I live near [POSTCODE],POSTCODE,provider_communication,0.8808864394502527
F00387,2025-12-03,customer,review,18,,feedback: the multi-day discount on the profile turned out not to exist cheers my number is [PHONE],PHONE,needs_review,0.4744352259188847
F00388,2025-12-07,customer,review,14,,So Price on the profile said £38 but he charged £40 per hour Thanks,,price_dispute,0.8827727785904157
F00389,2026-02-26,provider,review,16,,update - bought 8 leads this month and only one picked up the phone otherwise fine,,lead_quality,0.926439043689457
F00390,2025-11-05,provider,support,14,,Just to say The availability calendar doesn't keep my changes after I close it,,app_bug,0.8352247297164088
F00391,2025-09-20,provider,review,11,,"Can't update my coverage zones, the save button is greyed out",,app_bug,0.9519204831034727
F00393,2025-12-31,customer,support,19,,"Update - Spent most of the visit on his phone, barely explained anything Otherwise fine email me at [EMAIL]",EMAIL,workmanship_quality,0.8420440697764701
F00394,2025-09-25,customer,support,13,,Feedback: Rates changed after the first day of work without warning Otherwise fine,,price_dispute,0.9217546178532184
F00395,2025-12-05,customer,support,16,,update - nobody got in touch after i filled in the form this was in z30,,provider_communication,0.9060669227428204
F00396,2025-09-23,provider,support,13,,Uploaded a new profile photo and it shows sideways Would appreciate a reply,,app_bug,0.8991381958691073
F00397,2026-02-12,provider,review,19,,"Honestly, Charged for a lead I never accepted, please refund This was in Z18 my number is [PHONE]",PHONE,credits_refund,0.9062798881860827
F00398,2025-11-08,provider,review,22,,Just to say Third enquiry this week where the person says they never filled anything in Thanks my number is [PHONE],PHONE,lead_quality,0.5886388926464646
F00399,2025-11-17,provider,review,14,,"so filled in my details twice and heard nothing, is this site even active",,needs_review,0.49012620630767856
F00400,2025-12-27,customer,review,18,,"Hi, Was told £34 an hour, invoice came in at £47, no explanation Second time this has happened",,price_dispute,0.8474966154731686
F00401,2025-09-13,customer,support,17,,"Snapped at me when I asked a question, made the whole thing uncomfortable Would appreciate a reply",,app_bug,0.6760908310096926
F00403,2026-01-31,customer,survey,20,,Just to say Price on the profile said £31 but he charged £48 per hour Second time this has happened,,price_dispute,0.8694787265889646
F00404,2025-11-14,provider,support,15,,"Just to say Customer never answered, wasted credits again Been using the site since January",,lead_quality,0.8026918935328327
F00405,2025-12-06,customer,support,18,,"Honestly, Really thorough, explained the whole job clearly and finished ahead of time! I live near [POSTCODE]",POSTCODE,workmanship_quality,0.9179778569436999
F00406,2025-11-08,customer,survey,14,,"Honestly, Paid for the lead apparently but I never heard from anyone Not impressed",,provider_communication,0.9379458741121803
F00407,2026-02-16,customer,survey,14,,"explains things in a way that actually makes sense, worth every penny otherwise fine",,workmanship_quality,0.9416204498556002
F00408,2026-02-07,provider,support,18,,"Hi, Two refunds approved by email but nothing showing in the account Cheers my number is [PHONE]",PHONE,credits_refund,0.928643994624005
F00409,2025-09-18,customer,support,15,,Quick one: Paid for the lead apparently but I never heard from anyone Not impressed,,provider_communication,0.9276810400706489
F00410,2025-10-02,provider,review,16,,Two refunds approved by email but nothing showing in the account Second time this has happened,,credits_refund,0.9411260912066844
F00411,2025-11-15,provider,survey,11,,"Hi, The app crashes every time I open the leads tab",,app_bug,0.9108962753510832
F00412,2025-11-21,provider,review,16,,Map view is blank on my phone since the last update Second time this has happened,,app_bug,0.9421812368242607
F00413,2025-10-18,customer,support,23,,"update - every visit had a clear plan and a recap at the end, finished in 11 days my number is [PHONE]",PHONE,workmanship_quality,0.9008292396136718
F00414,2026-02-06,provider,review,13,,"feedback: still waiting for someone to call me back, it's been 9 days",,provider_communication,0.6225682969337776
F00415,2026-02-09,customer,support,10,,"not happy. expensive compared to what was advertised, felt misled",,app_bug,0.5749886373165062
F00416,2025-09-17,provider,review,13,,"Just to say Customer never answered, wasted credits again This was in Z25",,lead_quality,0.8426383565999428
F00417,2025-10-13,customer,support,24,,Not happy. Asked for cash up front for the full job then said the rate had gone up Been using the site since December,,price_dispute,0.6305436731595915
F00418,2025-11-12,provider,review,12,,so map view is blank on my phone since the last update,,app_bug,0.8810184707826705
F00419,2025-10-30,customer,review,15,,turned up 25 minutes into a one hour slot and still charged the full hour,,price_dispute,0.7919212562057245
F00420,2025-09-25,customer,survey,14,,"honestly, nice enough but i didn't feel much had been done after ten hours",,workmanship_quality,0.7353011437198063
F00421,2025-12-01,customer,support,14,,"FYI Great tradesperson, tidy and methodical, highly recommend Been using the site since September",,workmanship_quality,0.9105689493367511
F00422,2025-10-14,customer,support,18,,"Snapped at me when I asked a question, made the whole thing uncomfortable Second time this has happened",,app_bug,0.6831816876370398
F00423,2025-09-17,provider,review,15,,Paid for a lead and the customer's number was disconnected my number is [PHONE],PHONE,lead_quality,0.9083968208841363
F00424,2025-09-14,customer,review,17,,"update - booked a morning slot, waited 40 minutes, nobody came. no explanation this was in z27",,provider_no_show,0.9217515128795111
F00425,2025-11-25,customer,support,12,,So He simply didn't show up on Saturday and went quiet afterwards,,provider_no_show,0.6093659572952723
F00426,2025-11-22,customer,survey,12,,"was late again by half an hour, third time this month cheers",,provider_no_show,0.9506382296438565
F00427,2026-02-21,provider,review,16,,Paid for the lead apparently but I never heard from anyone Second time this has happened,,provider_communication,0.925094273219044
F00428,2025-10-19,customer,support,14,,"Felt rushed, didn't finish the sealing properly before leaving Second time this has happened",,workmanship_quality,0.8058635503325755
F00429,2026-01-16,provider,support,17,,Just to say Paid for a lead and the customer's number was disconnected Please sort it out,,lead_quality,0.8558062732045407
F00430,2025-11-11,provider,survey,23,,"Just to say Can't update my coverage zones, the save button is greyed out Please sort it out my number is [PHONE]",PHONE,app_bug,0.86687860629224
F00431,2025-11-19,customer,support,17,,feedback: paid for the lead apparently but i never heard from anyone my number is [PHONE],PHONE,provider_communication,0.9397670625712564
F00432,2026-01-11,provider,review,21,,"update - filled in my details twice and heard nothing, is this site even active not impressed email me at [EMAIL]",EMAIL,needs_review,0.4051084519064009
F00433,2026-01-06,provider,support,13,,"Feedback: Getting enquiries from people who want work in three months, not now",,needs_review,0.43216297052409514
F00434,2025-09-13,customer,support,15,,"Kept coming back for the same fault each week, no real progress at all Cheers",,workmanship_quality,0.910702311644415
F00435,2026-01-22,provider,support,11,,"feedback: charged for a lead i never accepted, please refund thanks",,credits_refund,0.940356100392712
F00436,2026-01-21,customer,support,16,,"So Filled in my details twice and heard nothing, is this site even active Otherwise fine",,provider_communication,0.5220580616397834
F00437,2026-01-26,customer,support,17,,Feedback: Asked for cash up front for the full job then said the rate had gone up,,price_dispute,0.7166484232969852
F00438,2026-02-28,customer,survey,21,,Just to say Nobody got in touch after I filled in the form This was in Z21 email me at [EMAIL],EMAIL,provider_communication,0.8660102627745195
F00439,2025-12-06,customer,support,13,,Update - Paid for the lead apparently but I never heard from anyone,,provider_communication,0.9532097303073693
F00440,2025-11-28,customer,survey,16,,"Booked a morning slot, waited 40 minutes, nobody came. No explanation Second time this has happened",,provider_no_show,0.8611288631678569
F00441,2025-10-30,provider,review,16,,"Feedback: Lead was from Z15 which I don't even cover, why was it sent to me",,lead_quality,0.9503172181246216
F00442,2025-11-02,customer,review,23,,"honestly, spent most of the visit on his phone, barely explained anything been using the site since december I live near [POSTCODE]",POSTCODE,workmanship_quality,0.8897701566135859
F00443,2026-01-06,provider,support,18,,"Getting enquiries from people who want work in three months, not now Been using the site since October",,needs_review,0.3764369481423982
F00444,2026-02-09,customer,survey,15,,"Honestly, Really thorough, explained the whole job clearly and finished ahead of time! Not impressed",,workmanship_quality,0.8960523257050271
F00445,2025-12-21,customer,survey,27,,"Update - Kept coming back for the same fault each week, no real progress at all Been using the site since November I live near [POSTCODE]",POSTCODE,workmanship_quality,0.8796700030847795
F00446,2026-02-05,provider,survey,14,,update - paid for a lead and the customer's number was disconnected otherwise fine,,lead_quality,0.8833998571081917
F00448,2026-02-17,provider,support,13,,update - two refunds approved by email but nothing showing in the account,,credits_refund,0.9448449814587017
F00449,2026-01-30,customer,survey,16,,"Not happy. Filled in my details twice and heard nothing, is this site even active Thanks",,app_bug,0.5392123748028892
F00451,2026-01-05,customer,support,17,,"Just to say Filled in my details twice and heard nothing, is this site even active Thanks",,needs_review,0.48981522603485683
F00452,2026-02-27,customer,review,14,,Feedback: Quoted one price then asked for more once the work started Otherwise fine,,price_dispute,0.9341777800921708
F00453,2025-12-11,customer,support,29,,Not happy. Asked for cash up front for the full job then said the rate had gone up Been using the site since January I live near [POSTCODE],POSTCODE,price_dispute,0.6095518502774855
F00454,2025-12-15,provider,support,16,,"Credits not refunded after the customer cancelled, support not replying Been using the site since January",,credits_refund,0.8934859125823752
F00455,2025-09-02,customer,support,20,,turned up 25 minutes into a one hour slot and still charged the full hour second time this has happened,,price_dispute,0.788253867907476
F00456,2026-01-16,customer,review,18,,"Update - Brilliant at talking me through the options, I was dreading this and it was painless Thanks",,needs_review,0.4992268173109574
F00457,2025-09-16,customer,review,16,,"So Kept coming back for the same fault each week, no real progress at all Thanks",,workmanship_quality,0.9117919419970355
F00458,2025-09-22,customer,support,22,,"FYI Brilliant at talking me through the options, I was dreading this and it was painless Been using the site since October",,needs_review,0.3746718722604787
F00459,2025-12-16,customer,review,15,,"snapped at me when i asked a question, made the whole thing uncomfortable not impressed",,app_bug,0.577510973413355
F00460,2025-10-09,customer,support,18,,"Honestly, Asked for cash up front for the full job then said the rate had gone up Cheers",,price_dispute,0.7064631582089487
F00461,2026-02-17,provider,support,14,,Uploaded a new profile photo and it shows sideways my number is [PHONE],PHONE,app_bug,0.8103826097648784
F00462,2025-10-11,customer,survey,22,,"So No dust sheets, no mask, debris left all over a room with a baby in it Second time this has happened",,safety_issue,0.922297306946974
F00463,2025-11-28,customer,support,12,,Paid for the lead apparently but I never heard from anyone Thanks,,provider_communication,0.9564666482695218
F00464,2025-12-17,customer,review,13,,"So Sent three messages, no reply for a week Please sort it out",,provider_communication,0.9069749844288831
F00465,2026-03-01,provider,survey,18,,Not happy. Two refunds approved by email but nothing showing in the account Cheers email me at [EMAIL],EMAIL,credits_refund,0.8978847156129715
F00466,2025-09-26,customer,survey,11,,"great tradesperson, tidy and methodical, highly recommend please sort it out",,workmanship_quality,0.9049102813291563
F00467,2026-01-24,customer,review,15,,"fyi snapped at me when i asked a question, made the whole thing uncomfortable cheers",,needs_review,0.4959674676266797
F00468,2025-11-16,provider,survey,9,,uploaded a new profile photo and it shows sideways,,app_bug,0.8086850582891966
F00469,2026-01-06,customer,review,14,,"Update - Booked a morning slot, waited 40 minutes, nobody came. No explanation Thanks",,provider_no_show,0.9392829141241269
F00470,2026-01-18,customer,review,18,,"just to say spent most of the visit on his phone, barely explained anything please sort it out",,workmanship_quality,0.8772448159703795
F00471,2025-12-25,customer,support,18,,"Feedback: Was told £35 an hour, invoice came in at £40, no explanation I live near [POSTCODE]",POSTCODE,price_dispute,0.836391985638364
F00472,2026-02-09,provider,review,21,,"Hi, Lead was from Z10 which I don't even cover, why was it sent to me my number is [PHONE]",PHONE,lead_quality,0.9221237553811183
F00473,2025-11-15,customer,support,14,,provider bought my lead but never contacted me otherwise fine email me at [EMAIL],EMAIL,provider_communication,0.8967999624338707
F00474,2025-09-10,customer,support,19,,"Snapped at me when I asked a question, made the whole thing uncomfortable Not impressed email me at [EMAIL]",EMAIL,app_bug,0.5974684275600614
F00475,2025-11-04,provider,support,14,,Just to say Map view is blank on my phone since the last update,,app_bug,0.8769251067110759
F00476,2025-09-17,customer,support,19,,"Quick one: Really thorough, explained the whole job clearly and finished ahead of time! Second time this has happened",,workmanship_quality,0.8542635057284403
F00477,2025-11-22,customer,support,10,,"Sent three messages, no reply for a week Not impressed",,provider_communication,0.9339542235343329
F00478,2025-12-16,customer,support,18,,Asked for cash up front for the full job then said the rate had gone up Otherwise fine,,price_dispute,0.7323738714313334
F00479,2025-10-06,customer,support,16,,"Was late again by half an hour, third time this month my number is [PHONE]",PHONE,provider_no_show,0.9018357937845861
F00480,2026-02-11,provider,review,16,,"Update - Requested a refund for a dead lead 2 weeks ago, still nothing Otherwise fine",,lead_quality,0.7657872750027531
F00481,2026-01-18,customer,support,21,,"Hi, Lovely clean job, everything tested and certified before he left Second time this has happened my number is [PHONE]",PHONE,safety_issue,0.8379590965829634
F00482,2025-09-01,customer,review,16,,"so two appointments in a row moved at the last minute, i've lost a week cheers",,app_bug,0.5712746875026907
F00484,2025-10-21,customer,review,14,,"The ladder he used was visibly damaged, I mentioned it and got shrugged at",,safety_issue,0.9428957209215612
F00485,2025-09-28,customer,support,17,,"honestly, was late again by half an hour, third time this month my number is [PHONE]",PHONE,provider_no_show,0.8825174919219729
F00487,2025-12-17,customer,review,9,,"sent three messages, no reply for a week cheers",,provider_communication,0.951562404144952
F00488,2025-09-11,provider,support,26,,"Just to say Getting enquiries from people who want work in three months, not now Been using the site since December my number is [PHONE]",PHONE,needs_review,0.38934871297161655
F00489,2025-11-24,provider,review,12,,FYI Map view is blank on my phone since the last update,,app_bug,0.8727440422943942
F00490,2025-12-19,customer,review,19,,"honestly, two appointments in a row moved at the last minute, i've lost a week this was in z07",,needs_review,0.45558689805045466
F00491,2026-02-24,provider,support,18,,"Quick one: Requested a refund for a dead lead 2 weeks ago, still nothing Would appreciate a reply",,lead_quality,0.7326969614442977
F00493,2025-09-04,customer,support,16,,"Explains things in a way that actually makes sense, worth every penny Would appreciate a reply",,workmanship_quality,0.9172026371322636
F00494,2026-01-07,customer,review,14,,"hi, booked a morning slot, waited 40 minutes, nobody came. no explanation otherwise fine",,provider_no_show,0.9077953773304018
F00495,2026-01-08,provider,review,12,,"Update - Same customer sent to me twice, charged twice Not impressed",,price_dispute,0.8262470839568371
F00496,2025-10-16,customer,review,22,,So Asked for cash up front for the full job then said the rate had gone up Second time this has happened,,price_dispute,0.591135503320461
F00498,2025-11-14,provider,support,20,,update - map view is blank on my phone since the last update not impressed my number is [PHONE],PHONE,app_bug,0.8579573788209488
F00499,2025-10-26,provider,support,13,,"Not happy. Charged for a lead I never accepted, please refund Not impressed",,credits_refund,0.9423418860857435
F00500,2025-09-16,customer,survey,16,,"hi, spent most of the visit on his phone, barely explained anything would appreciate a reply",,workmanship_quality,0.9052061712672264
F00501,2025-11-28,customer,support,12,,"Was told £37 an hour, invoice came in at £41, no explanation",,price_dispute,0.897470756641443
F00502,2025-09-21,provider,support,9,,"Not happy. Great tradesperson, tidy and methodical, highly recommend",,workmanship_quality,0.9124020996520354
F00503,2026-02-18,customer,survey,15,,"Not happy. Hidden fees for materials and disposal, not mentioned before This was in Z26",,price_dispute,0.8196042965884887
F00504,2025-12-18,provider,survey,18,,feedback: two refunds approved by email but nothing showing in the account cheers my number is [PHONE],PHONE,credits_refund,0.9395277346205463
F00505,2025-09-20,customer,review,13,,FYI Price on the profile said £34 but he charged £47 per hour,,price_dispute,0.9386296407444154
F00506,2025-11-25,provider,support,23,,"quick one: site left spotless and every connection checked, felt genuinely professional been using the site since december my number is [PHONE]",PHONE,safety_issue,0.5390350197397721
F00507,2026-02-26,customer,support,14,,"Feedback: Sent three messages, no reply for a week Second time this has happened",,provider_communication,0.8966260466408033
F00508,2025-09-09,customer,review,16,,Rates changed after the first day of work without warning Not impressed email me at [EMAIL],EMAIL,price_dispute,0.8719646921097818
F00510,2025-12-15,customer,review,21,,"Quick one: Got one text and then silence, no idea if I have a tradesperson or not Would appreciate a reply",,needs_review,0.45987656090778495
F00511,2026-02-19,provider,support,13,,Customers keep saying they already found someone by the time I call Thanks,,lead_quality,0.9274788180742322
F00512,2026-02-03,provider,survey,11,,So Paid for a lead and the customer's number was disconnected,,lead_quality,0.9190813010014459
F00513,2025-09-07,provider,review,22,,"just to say warning light on the boiler the whole time, was told to ignore it been using the site since october",,safety_issue,0.8802356806895457
F00514,2025-09-19,customer,review,18,,"left me waiting at the property in z11 all morning, no message nothing second time this has happened",,app_bug,0.5493316727372782
F00515,2025-09-07,customer,review,15,,"Honestly, Filled in my details twice and heard nothing, is this site even active Cheers",,provider_communication,0.5016905920325233
F00516,2025-11-06,customer,support,16,,"Hi, Site left spotless and every connection checked, felt genuinely professional Second time this has happened",,needs_review,0.44866816719066094
F00517,2026-01-11,customer,support,11,,"Honestly, Rates changed after the first day of work without warning",,price_dispute,0.9288999123017331
F00518,2025-10-05,customer,review,14,,"Feedback: Filled in my details twice and heard nothing, is this site even active",,needs_review,0.49787565845457343
F00519,2026-02-01,provider,survey,13,,"hi, requested a refund for a dead lead 2 weeks ago, still nothing",,lead_quality,0.7920315848343469
F00520,2025-12-09,customer,review,18,,"Quick one: Still waiting for someone to call me back, it's been 2 days email me at [EMAIL]",EMAIL,provider_communication,0.5814198791012412
F00521,2025-09-06,customer,survey,19,,"Update - Explains things in a way that actually makes sense, worth every penny Second time this has happened",,workmanship_quality,0.8838516271395341
F00522,2026-02-19,customer,survey,14,,"fyi cancelled on me twice last minute, really unreliable my number is [PHONE]",PHONE,provider_no_show,0.8696080931339127
F00523,2025-10-27,provider,support,19,,fyi top up went through on my card but the balance didn't change been using the site since october,,credits_refund,0.7876065668034659
F00524,2026-02-14,customer,review,18,,So Asked for cash up front for the full job then said the rate had gone up Cheers,,price_dispute,0.7075423754200976
F00525,2025-12-18,customer,review,18,,"Still waiting for someone to call me back, it's been 4 days Been using the site since November",,provider_communication,0.6412425672150833
F00526,2025-12-15,customer,survey,14,,"so isolation switch didn't seem to work properly, felt unsafe please sort it out",,safety_issue,0.9065050821128547
F00527,2026-02-11,provider,support,13,,"So Requested a refund for a dead lead 2 weeks ago, still nothing",,lead_quality,0.7754607067213416
F00528,2025-11-22,provider,support,17,,quick one: map view is blank on my phone since the last update would appreciate a reply,,app_bug,0.9293249267454667
F00529,2026-02-17,customer,review,17,,Update - Paid for the lead apparently but I never heard from anyone Would appreciate a reply,,provider_communication,0.9136887937284359
F00530,2025-12-16,customer,review,15,,So Left exposed wiring behind the panel and said it would be fine Otherwise fine,,safety_issue,0.9181013970456582
F00531,2026-01-12,provider,review,14,,"Hi, The availability calendar doesn't keep my changes after I close it Otherwise fine",,app_bug,0.79334044325784
F00532,2026-01-04,provider,survey,16,,"Update - Expensive compared to what was advertised, felt misled Been using the site since September",,needs_review,0.4262403312617077
F00535,2026-01-13,customer,review,21,,"Just to say Filled in my details twice and heard nothing, is this site even active Thanks email me at [EMAIL]",EMAIL,provider_communication,0.5155870209680092
F00536,2025-12-22,customer,support,14,,So Price on the profile said £32 but he charged £48 per hour Thanks,,price_dispute,0.9218110080113691
F00538,2026-01-26,customer,support,16,,"Honestly, Quoted one price then asked for more once the work started Would appreciate a reply",,price_dispute,0.9029595897153676
F00539,2025-09-10,customer,support,17,,"feedback: explains things in a way that actually makes sense, worth every penny please sort it out",,workmanship_quality,0.9111097697115683
F00540,2025-11-10,provider,review,15,,"Not happy. Charged for a lead I never accepted, please refund This was in Z06",,credits_refund,0.9142144904244828
F00541,2025-11-25,customer,support,12,,"FYI Was late again by half an hour, third time this month",,provider_no_show,0.9560266199250653
F00542,2025-12-31,provider,review,20,,"Update - Someone wanting an installation sent to me, I only do repairs, that's on you This was in Z27",,lead_quality,0.9127193548480003
F00543,2025-11-29,provider,survey,17,,Just to say Notifications arrive hours late so I miss leads Been using the site since September,,provider_no_show,0.5431076060601333
F00544,2025-12-16,customer,review,18,,"not happy. kept coming back for the same fault each week, no real progress at all not impressed",,workmanship_quality,0.8605081207950133
F00545,2026-02-06,provider,review,15,,Quick one: Map view is blank on my phone since the last update Not impressed,,app_bug,0.8640673126835056
F00546,2026-01-10,provider,review,16,,"FYI Felt rushed, didn't finish the sealing properly before leaving Been using the site since October",,workmanship_quality,0.8538536814891758
F00547,2026-02-05,provider,survey,12,,Top up went through on my card but the balance didn't change,,credits_refund,0.8409965593140978
F00548,2026-01-17,customer,review,11,,"Update - Expensive compared to what was advertised, felt misled Cheers",,needs_review,0.4279397539676924
F00549,2025-09-11,provider,survey,15,,Feedback: Bought 13 leads this month and only one picked up the phone Otherwise fine,,lead_quality,0.9020032811550042
F00550,2025-09-30,customer,survey,14,,"hi, explains things in a way that actually makes sense, worth every penny cheers",,workmanship_quality,0.9226820377072679
F00551,2026-02-15,provider,review,18,,"Was promised my money back for the fake enquiry, 2 days later still waiting Would appreciate a reply",,provider_no_show,0.7655479853536938
F00552,2025-11-12,provider,support,15,,Quick one: Map view is blank on my phone since the last update Otherwise fine,,app_bug,0.8254809416815437
F00553,2025-09-16,provider,support,17,,Feedback: Bought 7 leads this month and only one picked up the phone This was in Z08,,lead_quality,0.9075938639377452
F00554,2025-09-25,provider,support,11,,The app crashes every time I open the leads tab Cheers,,app_bug,0.9007044661771578
F00556,2025-12-06,provider,survey,18,,fyi nice enough but i didn't feel much had been done after ten hours please sort it out,,workmanship_quality,0.7158388548163399
F00557,2025-12-30,provider,support,17,,"honestly, requested a refund for a dead lead 2 weeks ago, still nothing would appreciate a reply",,lead_quality,0.7311352108340896
F00560,2025-10-06,provider,review,14,,"same customer sent to me twice, charged twice thanks my number is [PHONE]",PHONE,price_dispute,0.6340572475064742
F00561,2025-10-26,provider,review,13,,top up went through on my card but the balance didn't change cheers,,credits_refund,0.8568290455511345
F00562,2025-09-17,customer,support,23,,"So Every visit had a clear plan and a recap at the end, finished in 8 days Been using the site since January",,workmanship_quality,0.9000332406556919
F00563,2026-01-09,provider,survey,8,,"same customer sent to me twice, charged twice",,price_dispute,0.7711528048676723
F00564,2025-11-24,provider,review,19,,"Honestly, Someone wanting an installation sent to me, I only do repairs, that's on you email me at [EMAIL]",EMAIL,lead_quality,0.9109343327199028
F00565,2026-02-17,customer,survey,11,,He simply didn't show up on Saturday and went quiet afterwards,,provider_no_show,0.5834967215225074
F00566,2025-09-04,customer,survey,16,,"Honestly, Warning light on the boiler the whole time, was told to ignore it Not impressed",,safety_issue,0.9226590601437998
F00567,2025-09-27,provider,review,13,,"honestly, same customer sent to me twice, charged twice would appreciate a reply",,price_dispute,0.6449829054867937
F00568,2025-09-20,customer,review,19,,"Honestly, Snapped at me when I asked a question, made the whole thing uncomfortable Second time this has happened",,app_bug,0.6666098414070012
F00569,2026-01-28,provider,survey,18,,Just to say Uploaded a new profile photo and it shows sideways Thanks my number is [PHONE],PHONE,app_bug,0.7392170197609472
F00570,2026-01-29,customer,survey,23,,"Just to say Every visit had a clear plan and a recap at the end, finished in 9 days Please sort it out",,workmanship_quality,0.8943886164238368
F00571,2025-10-18,customer,support,16,,"Got one text and then silence, no idea if I have a tradesperson or not Cheers",,provider_communication,0.5451767711660144
F00572,2025-11-26,customer,support,19,,"Feedback: Still waiting for someone to call me back, it's been 5 days Thanks my number is [PHONE]",PHONE,provider_communication,0.612410105226709
F00573,2025-12-23,provider,survey,16,,Top up went through on my card but the balance didn't change Would appreciate a reply,,credits_refund,0.6619527926049767
F00574,2025-12-24,customer,support,18,,"FYI Filled in my details twice and heard nothing, is this site even active email me at [EMAIL]",EMAIL,needs_review,0.4913106030511221
F00575,2025-09-13,provider,review,12,,"Not happy. Credits not refunded after the customer cancelled, support not replying",,credits_refund,0.9285058036171514
F00576,2025-11-29,customer,review,19,,nice enough but i didn't feel much had been done after ten hours been using the site since october,,workmanship_quality,0.7394022978915001
F00577,2025-10-06,customer,review,12,,"Honestly, Spent most of the visit on his phone, barely explained anything",,workmanship_quality,0.9295435332459158
F00578,2025-10-23,provider,support,11,,"Honestly, Customer never answered, wasted credits again Please sort it out",,lead_quality,0.8759660953945888
F00580,2025-09-05,provider,review,10,,"Hi, Same customer sent to me twice, charged twice Thanks",,price_dispute,0.7591939498218293
F00581,2025-10-17,customer,support,14,,"Honestly, Explains things in a way that actually makes sense, worth every penny Thanks",,workmanship_quality,0.9359767560778088
F00582,2025-10-08,provider,review,13,,"FYI Getting enquiries from people who want work in three months, not now",,needs_review,0.437236976857459
F00583,2025-10-13,provider,support,23,,Quick one: Top up went through on my card but the balance didn't change Would appreciate a reply I live near [POSTCODE],POSTCODE,credits_refund,0.5709001734411511
F00584,2025-09-08,provider,review,24,,"Hi, Customers keep saying they already found someone by the time I call Been using the site since October my number is [PHONE]",PHONE,lead_quality,0.849604069802461
F00585,2026-01-30,customer,support,13,,"so great tradesperson, tidy and methodical, highly recommend I live near [POSTCODE]",POSTCODE,workmanship_quality,0.9063885583008264
F00586,2025-11-11,provider,survey,18,,FYI Map view is blank on my phone since the last update Been using the site since September,,app_bug,0.7788539106656294
F00587,2025-10-07,customer,support,16,,"Honestly, Would be nice to actually get a response from the person I was matched with",,needs_review,0.32416903365300914
F00588,2025-10-20,provider,support,20,,"not happy. explains things in a way that actually makes sense, worth every penny been using the site since october",,workmanship_quality,0.8937172637196499
F00589,2025-12-14,customer,support,14,,"Hi, Provider bought my lead but never contacted me Second time this has happened",,provider_communication,0.9006224102692394
F00590,2025-11-30,customer,support,14,,"fyi expensive compared to what was advertised, felt misled second time this has happened",,app_bug,0.5624631025743408
F00591,2025-12-01,customer,review,18,,quick one: price on the profile said £30 but he charged £45 per hour please sort it out,,price_dispute,0.9120500161821604
F00592,2026-02-17,customer,support,13,,"booked a morning slot, waited 40 minutes, nobody came. no explanation otherwise fine",,provider_no_show,0.9131510239025568
F00593,2025-09-26,customer,review,15,,"Was late again by half an hour, third time this month email me at [EMAIL]",EMAIL,provider_no_show,0.945749511540663
F00595,2025-09-22,customer,support,20,,"Not happy. Was told £35 an hour, invoice came in at £40, no explanation Been using the site since January",,price_dispute,0.7992559298226014
F00596,2026-02-06,customer,survey,16,,so the multi-day discount on the profile turned out not to exist this was in z26,,needs_review,0.36537359384138896
F00597,2026-02-12,provider,support,22,,so two refunds approved by email but nothing showing in the account been using the site since october email me at [EMAIL],EMAIL,credits_refund,0.8418309216966569
F00598,2026-01-02,provider,review,17,,"Hi, The app crashes every time I open the leads tab Been using the site since December",,app_bug,0.7977030527698867
F00599,2025-11-03,provider,survey,21,,"Snapped at me when I asked a question, made the whole thing uncomfortable Please sort it out email me at [EMAIL]",EMAIL,app_bug,0.5525219916858278
F00600,2025-11-03,provider,review,16,,"Update - Getting enquiries from people who want work in three months, not now Otherwise fine",,needs_review,0.43116466256542635
F00602,2025-11-20,customer,review,18,,"Quick one: Still waiting for someone to call me back, it's been 10 days Please sort it out",,needs_review,0.47832816619382806
F00603,2025-10-10,customer,review,20,,Just to say Turned up 25 minutes into a one hour slot and still charged the full hour Otherwise fine,,price_dispute,0.7745472076231671
F00604,2026-01-26,customer,support,15,,"Quick one: Was late again by half an hour, third time this month Otherwise fine",,provider_no_show,0.904635596609987
F00605,2025-09-24,customer,support,14,,"Just to say Great tradesperson, tidy and methodical, highly recommend This was in Z02",,workmanship_quality,0.8615285071376306
F00606,2025-12-22,customer,review,19,,provider [NAME] didn't turn up for the first visit and never called not impressed my number is [PHONE],"NAME,PHONE",provider_no_show,0.8048039020186002
F00607,2025-11-22,customer,review,13,,update - the multi-day discount on the profile turned out not to exist,,needs_review,0.46639070764991736
F00608,2026-02-17,provider,support,13,,"Honestly, Can't update my coverage zones, the save button is greyed out Cheers",,app_bug,0.9324990390404992
F00609,2026-02-15,customer,support,19,,"just to say explains things in a way that actually makes sense, worth every penny this was in z19",,workmanship_quality,0.8983001762441557
F00610,2025-10-14,customer,review,12,,He simply didn't show up on Saturday and went quiet afterwards Thanks,,provider_no_show,0.6029562197738433
F00611,2026-02-02,customer,review,14,,So Nice enough but I didn't feel much had been done after ten hours,,workmanship_quality,0.7351838149222869
F00612,2025-10-24,customer,survey,18,,"Hi, Nice enough but I didn't feel much had been done after ten hours Would appreciate a reply",,workmanship_quality,0.6519648173631479
F00613,2026-01-30,provider,support,16,,Paid for a lead and the customer's number was disconnected Been using the site since January,,lead_quality,0.8753818969026836
F00614,2025-09-25,provider,support,16,,"Hi, The customer was actually two counties away, the address must have been typed wrong Thanks",,lead_quality,0.7211216145138146
F00616,2026-02-27,provider,review,17,,Quick one: Two refunds approved by email but nothing showing in the account Would appreciate a reply,,credits_refund,0.8895960414136581
F00617,2025-09-15,customer,support,7,,"great tradesperson, tidy and methodical, highly recommend",,workmanship_quality,0.9551365744179097
F00618,2025-11-13,customer,support,12,,provider [NAME] didn't turn up for the first visit and never called,NAME,provider_no_show,0.8860192288893303
F00619,2025-11-09,customer,survey,18,,"Not happy. Got one text and then silence, no idea if I have a tradesperson or not Thanks",,needs_review,0.451325915423485
F00620,2026-01-29,provider,support,19,,Quick one: Bought 2 leads this month and only one picked up the phone Second time this has happened,,lead_quality,0.8743984015643262
F00622,2025-09-28,provider,support,13,,"Spent most of the visit on his phone, barely explained anything Not impressed",,workmanship_quality,0.9155034876012603
F00623,2025-12-02,provider,support,16,,"Honestly, Third enquiry this week where the person says they never filled anything in Otherwise fine",,lead_quality,0.6173099604933556
F00624,2025-12-17,customer,survey,18,,"Really thorough, explained the whole job clearly and finished ahead of time! Been using the site since September",,workmanship_quality,0.9134134146149544
F00626,2026-01-27,provider,review,14,,Customers keep saying they already found someone by the time I call Otherwise fine,,lead_quality,0.9279790835472078
F00627,2025-12-25,customer,support,12,,so quoted one price then asked for more once the work started,,price_dispute,0.9377215239137857
F00628,2026-02-05,customer,support,15,,"Booked a morning slot, waited 40 minutes, nobody came. No explanation This was in Z20",,provider_no_show,0.9307438759590253
F00629,2026-01-20,customer,survey,17,,"Hi, Left exposed wiring behind the panel and said it would be fine Would appreciate a reply",,safety_issue,0.8825349532109071
F00632,2025-11-20,provider,survey,15,,"Lead was from Z14 which I don't even cover, why was it sent to me",,lead_quality,0.9513203042462061
F00633,2025-10-15,customer,review,17,,"Hi, Provider [NAME] didn't turn up for the first visit and never called [NAME] appreciate a reply",NAME,provider_no_show,0.8621862734909077
F00634,2025-11-20,provider,review,13,,Notifications arrive hours late so I miss leads Second time this has happened,,app_bug,0.5600226759487815
F00635,2025-09-19,customer,survey,17,,"FYI Was late again by half an hour, third time this month Second time this has happened",,provider_no_show,0.8865836563505344
F00636,2025-10-22,customer,review,14,,"Hi, Nice enough but I didn't feel much had been done after ten hours",,workmanship_quality,0.7409900805516405
F00637,2025-12-06,customer,review,13,,Feedback: Nobody got in touch after I filled in the form Not impressed,,provider_communication,0.934748392341665
F00638,2025-11-18,provider,review,18,,Quick one: Top up went through on my card but the balance didn't change This was in Z14,,credits_refund,0.7681217491853432
F00639,2025-12-14,customer,review,20,,"update - no dust sheets, no mask, debris left all over a room with a baby in it otherwise fine",,safety_issue,0.9470294787091728
F00640,2026-02-12,customer,support,21,,"FYI Kept coming back for the same fault each week, no real progress at all Cheers my number is [PHONE]",PHONE,workmanship_quality,0.8831906404811233
F00641,2025-09-13,customer,review,11,,"So Felt rushed, didn't finish the sealing properly before leaving Thanks",,workmanship_quality,0.8829453831847214
F00642,2025-09-28,provider,support,21,,"Update - The customer was actually two counties away, the address must have been typed wrong Second time this has happened",,lead_quality,0.6133500710006747
F00643,2026-01-29,provider,survey,14,,fyi uploaded a new profile photo and it shows sideways this was in z03,,app_bug,0.6323026002822888
F00644,2025-12-25,provider,support,20,,So Third enquiry this week where the person says they never filled anything in Thanks my number is [PHONE],PHONE,lead_quality,0.5837382966011919
F00646,2025-09-11,customer,review,22,,"Quick one: Two appointments in a row moved at the last minute, I've lost a week Been using the site since December",,app_bug,0.5399265945470951
F00647,2026-01-19,provider,support,11,,"So Same customer sent to me twice, charged twice Otherwise fine",,price_dispute,0.8098195004455123
F00648,2025-09-07,provider,review,17,,"Update - Lead was from Z05 which I don't even cover, why was it sent to me",,lead_quality,0.9488322965586885
F00649,2025-11-01,provider,review,16,,"Quick one: Login loop on Android, keeps sending me back to the start screen Not impressed",,app_bug,0.8562019629914488
F00650,2025-11-13,provider,support,11,,just to say notifications arrive hours late so i miss leads,,provider_no_show,0.6502975973558452
F00651,2026-01-24,provider,survey,19,,"So Can't update my coverage zones, the save button is greyed out Not impressed my number is [PHONE]",PHONE,app_bug,0.9147087626365823
F00652,2025-10-19,customer,review,12,,price on the profile said £34 but he charged £48 per hour,,price_dispute,0.9508786926797479
F00653,2026-02-05,customer,support,16,,"FYI Brilliant at talking me through the options, I was dreading this and it was painless",,needs_review,0.4301286104085833
F00654,2025-10-27,provider,survey,23,,"Was promised my money back for the fake enquiry, 10 days later still waiting Would appreciate a reply my number is [PHONE]",PHONE,needs_review,0.49408944509054475
F00656,2026-01-19,provider,support,17,,"Just to say Same customer sent to me twice, charged twice Been using the site since September",,price_dispute,0.7098835307091412
F00657,2025-09-05,customer,support,19,,Update - He simply didn't show up on Saturday and went quiet afterwards Been using the site since December,,provider_no_show,0.527362204916392
F00658,2025-09-22,provider,review,10,,so notifications arrive hours late so i miss leads thanks,,provider_no_show,0.8189617425678649
F00659,2026-01-27,provider,support,21,,"So Lead was from Z26 which I don't even cover, why was it sent to me my number is [PHONE]",PHONE,lead_quality,0.8976773960456826
F00660,2025-10-02,customer,survey,12,,"So Great tradesperson, tidy and methodical, highly recommend This was in Z25",,workmanship_quality,0.885366017057529
F00661,2025-09-21,customer,support,14,,"Hi, Was late again by half an hour, third time this month Not impressed",,provider_no_show,0.9342331003898057
F00662,2025-11-15,provider,support,15,,"Was promised my money back for the fake enquiry, 6 days later still waiting Thanks",,provider_no_show,0.8446102896467483
F00663,2026-01-20,customer,survey,14,,Not happy. Provider bought my lead but never contacted me Would appreciate a reply,,provider_communication,0.8614058820428331
F00664,2026-02-18,customer,review,15,,"hi, still waiting for someone to call me back, it's been 7 days otherwise fine",,provider_communication,0.6129340356062872
F00666,2025-11-01,customer,support,15,,Paid for the lead apparently but I never heard from anyone Please sort it out,,provider_communication,0.9398399574738605
F00667,2026-01-27,customer,survey,20,,"brilliant at talking me through the options, i was dreading this and it was painless second time this has happened",,app_bug,0.6964547515200529
F00669,2025-12-08,provider,review,9,,"so the refund button does nothing, credits just disappeared",,credits_refund,0.9243545804078187
F00670,2026-02-20,provider,review,20,,"quick one: was promised my money back for the fake enquiry, 12 days later still waiting would appreciate a reply",,provider_no_show,0.7166130363968963
F00671,2025-09-17,customer,review,26,,"Update - Filled in my details twice and heard nothing, is this site even active Been using the site since November my number is [PHONE]",PHONE,needs_review,0.4777464639811628
F00672,2025-12-21,customer,support,20,,Update - Provider bought my lead but never contacted me Second time this has happened my number is [PHONE],PHONE,provider_communication,0.8688775775283624
F00674,2025-11-06,provider,review,17,,"still waiting for someone to call me back, it's been 5 days second time this has happened",,needs_review,0.4583274139628334
F00675,2025-12-24,provider,review,17,,Not happy. Third enquiry this week where the person says they never filled anything in Otherwise fine,,lead_quality,0.5098477088266683
F00676,2026-01-08,customer,review,15,,"Not happy. Snapped at me when I asked a question, made the whole thing uncomfortable",,app_bug,0.5975546611045915
F00678,2025-12-03,customer,support,26,,"Just to say The ladder he used was visibly damaged, I mentioned it and got shrugged at Please sort it out my number is [PHONE]",PHONE,safety_issue,0.8771010241031151
F00679,2025-12-15,customer,support,15,,"FYI Cancelled on me twice last minute, really unreliable Been using the site since December",,provider_no_show,0.8711403980613447
F00680,2025-12-10,provider,review,17,,paid for a lead and the customer's number was disconnected not impressed my number is [PHONE],PHONE,lead_quality,0.8636937360936515
F00682,2025-10-31,customer,review,27,,"honestly, every visit had a clear plan and a recap at the end, finished in 8 days been using the site since september email me at [EMAIL]",EMAIL,workmanship_quality,0.8523449234846378
F00683,2025-09-06,provider,survey,23,,"just to say the customer was actually two counties away, the address must have been typed wrong been using the site since october",,lead_quality,0.6797999538468833
F00684,2025-10-20,customer,survey,21,,Not happy. Turned up 25 minutes into a one hour slot and still charged the full hour This was in Z11,,price_dispute,0.5490044362304055
F00685,2025-12-03,provider,survey,13,,"so login loop on android, keeps sending me back to the start screen",,app_bug,0.8480330983494011
F00687,2025-09-23,provider,support,13,,Top up went through on my card but the balance didn't change Thanks,,credits_refund,0.8288451018385614
F00688,2025-12-20,customer,review,15,,"Felt rushed, didn't finish the sealing properly before leaving Been using the site since November",,workmanship_quality,0.8409065143893094
F00689,2025-11-30,customer,support,18,,Asked for cash up front for the full job then said the rate had gone up Not impressed,,price_dispute,0.7145829565434139
F00690,2025-10-03,provider,support,14,,Quick one: Bought 12 leads this month and only one picked up the phone,,lead_quality,0.8971833449244222
F00692,2026-01-04,provider,support,14,,Not happy. Customers keep saying they already found someone by the time I call,,lead_quality,0.9083284294410633
F00693,2026-01-30,customer,survey,25,,Feedback: Turned up 25 minutes into a one hour slot and still charged the full hour This was in Z01 I live near [POSTCODE],POSTCODE,price_dispute,0.7191147370748092
F00694,2025-12-14,provider,review,13,,"my balance went down by 6 and i didn't buy anything, what happened",,needs_review,0.44201559417963043
F00695,2026-01-03,customer,review,14,,FYI Quoted one price then asked for more once the work started Not impressed,,price_dispute,0.9364645506083918
F00697,2026-01-18,provider,support,15,,so paid for a lead and the customer's number was disconnected this was in z05,,lead_quality,0.8688386576768693
F00698,2025-10-11,provider,support,11,,"so customer never answered, wasted credits again this was in z21",,lead_quality,0.8704227818730956
F00699,2026-02-02,customer,support,12,,"Feedback: Site left spotless and every connection checked, felt genuinely professional Thanks",,safety_issue,0.6446873883043642
F00700,2025-09-20,provider,support,13,,"Was late again by half an hour, third time this month Otherwise fine",,provider_no_show,0.9302612799576507
F00701,2025-11-15,customer,review,18,,Not happy. Turned up 25 minutes into a one hour slot and still charged the full hour Cheers,,price_dispute,0.7587270486042286
F00702,2025-11-27,customer,support,15,,"So Snapped at me when I asked a question, made the whole thing uncomfortable Thanks",,needs_review,0.4849345104763893
F00703,2026-02-01,customer,review,8,,"FYI Great tradesperson, tidy and methodical, highly recommend",,workmanship_quality,0.9432142404969457
F00704,2026-02-24,customer,review,13,,FYI Nobody got in touch after I filled in the form Otherwise fine,,provider_communication,0.9338888696466532
F00705,2026-01-17,provider,review,16,,"Hi, Map view is blank on my phone since the last update Please sort it out",,app_bug,0.8428915161885339
F00706,2025-10-04,provider,support,14,,So Uploaded a new profile photo and it shows sideways This was in Z09,,app_bug,0.6795647667175244
F00707,2025-09-12,provider,support,19,,"Honestly, Customers keep saying they already found someone by the time I call Thanks my number is [PHONE]",PHONE,lead_quality,0.892214325617197
F00708,2025-11-05,customer,review,19,,"fyi spent most of the visit on his phone, barely explained anything otherwise fine my number is [PHONE]",PHONE,workmanship_quality,0.8920483824901155
F00710,2026-02-15,customer,support,17,,"left me waiting at the property in z07 all morning, no message nothing would appreciate a reply",,app_bug,0.5136509856406745
F00711,2025-09-08,provider,review,15,,Not happy. Notifications arrive hours late so I miss leads Second time this has happened,,app_bug,0.7719205694166154
F00712,2025-11-07,customer,survey,20,,"no dust sheets, no mask, debris left all over a room with a baby in it email me at [EMAIL]",EMAIL,safety_issue,0.9260419848947902
F00713,2026-01-10,customer,review,14,,Quick one: Nobody got in touch after I filled in the form Otherwise fine,,provider_communication,0.9286907397528884
F00714,2025-09-01,provider,support,14,,"Feedback: Getting enquiries from people who want work in three months, not now Thanks",,needs_review,0.422847150414519
F00715,2026-02-19,customer,review,10,,Not happy. Provider bought my lead but never contacted me,,provider_communication,0.9242112611353571
F00716,2026-01-21,provider,review,13,,Customers keep saying they already found someone by the time I call Cheers,,lead_quality,0.921887135896232
F00717,2025-12-30,customer,survey,14,,"Snapped at me when I asked a question, made the whole thing uncomfortable Thanks",,needs_review,0.47522469218948316
F00718,2025-12-07,customer,review,18,,"Not happy. Explains things in a way that actually makes sense, worth every penny Please sort it out",,workmanship_quality,0.8828789775943137
F00721,2025-09-18,provider,support,17,,"Honestly, The app crashes every time I open the leads tab Been using the site since October",,app_bug,0.7910222176323771
F00722,2025-09-07,customer,review,20,,"Update - The ladder he used was visibly damaged, I mentioned it and got shrugged at Please sort it out",,safety_issue,0.9119826668798954
F00723,2025-09-28,customer,support,18,,"fyi was late again by half an hour, third time this month been using the site since september",,provider_no_show,0.8903532192197972
F00724,2025-09-02,provider,review,10,,"customer never answered, wasted credits again please sort it out",,lead_quality,0.8843823300899044
F00725,2025-09-02,provider,support,9,,"Honestly, Same customer sent to me twice, charged twice",,price_dispute,0.6835134397531687
F00727,2026-01-27,provider,support,10,,"Credits not refunded after the customer cancelled, support not replying",,credits_refund,0.9508047699007672
F00728,2025-10-12,provider,survey,17,,Just to say Third enquiry this week where the person says they never filled anything in Cheers,,lead_quality,0.6018060381075665
F00729,2026-02-18,customer,support,20,,"FYI Left me waiting at the property in Z22 all morning, no message nothing Cheers my number is [PHONE]",PHONE,needs_review,0.3928912988113272
F00730,2026-01-20,provider,review,15,,"Just to say The refund button does nothing, credits just disappeared Would appreciate a reply",,credits_refund,0.8713239588569861
F00731,2025-12-10,provider,support,17,,FYI Paid for the lead apparently but I never heard from anyone Second time this has happened,,provider_communication,0.9053093568531405
F00732,2026-01-12,customer,review,14,,"not happy. really thorough, explained the whole job clearly and finished ahead of time!",,workmanship_quality,0.9100376190759075
F00733,2025-12-23,provider,support,14,,not happy. paid for a lead and the customer's number was disconnected not impressed,,lead_quality,0.8611748679620603
F00734,2025-11-27,provider,review,16,,Just to say Price on the profile said £37 but he charged £48 per hour Thanks,,price_dispute,0.8853833009918091
F00735,2025-11-29,customer,survey,20,,"Hi, Would be nice to actually get a response from the person I was matched with This was in Z30",,needs_review,0.21657551883787265
F00736,2025-09-24,customer,review,11,,"lovely clean job, everything tested and certified before he left cheers",,safety_issue,0.9330157875752482
F00738,2025-11-07,provider,support,14,,"Honestly, Getting enquiries from people who want work in three months, not now Thanks",,needs_review,0.4414189287053616
F00739,2025-11-12,provider,support,15,,Update - Uploaded a new profile photo and it shows sideways Would appreciate a reply,,app_bug,0.8982860183774917
F00740,2025-12-05,customer,review,18,,"honestly, turned up 25 minutes into a one hour slot and still charged the full hour not impressed",,price_dispute,0.7927549347812078
F00741,2026-02-14,provider,support,15,,Two refunds approved by email but nothing showing in the account This was in Z20,,credits_refund,0.9128019657024001
F00742,2026-01-11,provider,support,17,,"Just to say Login loop on Android, keeps sending me back to the start screen Otherwise fine",,app_bug,0.8011902143836875
F00743,2026-02-08,provider,review,19,,Notifications arrive hours late so I miss leads Been using the site since November my number is [PHONE],PHONE,provider_no_show,0.6374917602390477
F00744,2026-01-09,provider,support,17,,So Bought 13 leads this month and only one picked up the phone This was in Z07,,lead_quality,0.8786753247847946
F00745,2025-09-22,customer,survey,15,,"Honestly, Two appointments in a row moved at the last minute, I've lost a week",,app_bug,0.5508787286651499
F00746,2025-09-12,provider,support,16,,Update - The app crashes every time I open the leads tab Please sort it out,,app_bug,0.8701785319030609
F00747,2025-10-26,customer,support,13,,so rates changed after the first day of work without warning otherwise fine,,price_dispute,0.9245788028528776
F00748,2026-02-13,provider,support,16,,Uploaded a new profile photo and it shows sideways Otherwise fine my number is [PHONE],PHONE,app_bug,0.7320736242839919
F00749,2026-02-03,provider,review,15,,Just to say Two refunds approved by email but nothing showing in the account Thanks,,credits_refund,0.9506489713887885
F00750,2025-12-22,customer,support,17,,"Not happy. Snapped at me when I asked a question, made the whole thing uncomfortable Otherwise fine",,app_bug,0.5367042690041871
F00751,2026-02-14,provider,survey,14,,not happy. paid for a lead and the customer's number was disconnected otherwise fine,,lead_quality,0.8655779360774641
F00752,2025-09-13,customer,review,19,,"got one text and then silence, no idea if i have a tradesperson or not would appreciate a reply",,needs_review,0.45307235625982617
F00753,2025-11-11,customer,support,18,,"FYI Really thorough, explained the whole job clearly and finished ahead of time! Second time this has happened",,workmanship_quality,0.8797416992261463
F00754,2026-01-27,provider,support,19,,"Honestly, Top up went through on my card but the balance didn't change Been using the site since October",,credits_refund,0.7666112305434335
F00755,2025-11-06,provider,review,15,,So Uploaded a new profile photo and it shows sideways I live near [POSTCODE],POSTCODE,app_bug,0.7230295558376016
F00756,2025-09-28,provider,review,21,,"Quick one: Lead was from Z04 which I don't even cover, why was it sent to me email me at [EMAIL]",EMAIL,lead_quality,0.8935218320491694
F00757,2026-02-03,provider,support,10,,FYI Notifications arrive hours late so I miss leads Cheers,,provider_no_show,0.8452993734526543
F00758,2026-01-26,customer,support,17,,"Hi, Explains things in a way that actually makes sense, worth every penny This was in Z03",,workmanship_quality,0.9003333201753685
F00759,2026-02-10,customer,support,14,,Quick one: Rates changed after the first day of work without warning Otherwise fine,,price_dispute,0.9096967841792283
F00760,2025-12-09,provider,support,16,,"Hi, Rates changed after the first day of work without warning my number is [PHONE]",PHONE,price_dispute,0.8783673967544612
F00761,2025-09-12,provider,review,16,,"the customer was actually two counties away, the address must have been typed wrong otherwise fine",,lead_quality,0.7476750973831784
F00762,2026-01-02,customer,review,19,,"feedback: still waiting for someone to call me back, it's been 11 days otherwise fine email me at [EMAIL]",EMAIL,provider_communication,0.5588658912918368
F00763,2025-12-08,provider,survey,17,,"Can't update my coverage zones, the save button is greyed out Been using the site since November",,app_bug,0.8783508773512583
F00764,2025-11-21,customer,review,22,,Feedback: Turned up 25 minutes into a one hour slot and still charged the full hour Been using the site since December,,price_dispute,0.7830499982230823
F00765,2025-09-26,customer,review,11,,"Hi, Cancelled on me twice last minute, really unreliable Not impressed",,provider_no_show,0.9083652126456337
F00766,2026-02-07,provider,survey,16,,"just to say requested a refund for a dead lead 2 weeks ago, still nothing cheers",,needs_review,0.45388488715519837
F00767,2026-01-08,provider,review,17,,"Update - Got one text and then silence, no idea if I have a tradesperson or not",,provider_communication,0.5313107859947076
F00768,2025-09-30,customer,survey,17,,Asked for cash up front for the full job then said the rate had gone up Thanks,,price_dispute,0.7015884021771998
F00769,2026-02-25,provider,support,17,,"not happy. my balance went down by 2 and i didn't buy anything, what happened not impressed",,app_bug,0.5002390519674993
F00770,2025-09-09,provider,survey,15,,"so same customer sent to me twice, charged twice been using the site since january",,price_dispute,0.7364327263912155
F00771,2026-01-21,customer,review,17,,"fyi explains things in a way that actually makes sense, worth every penny please sort it out",,workmanship_quality,0.9133170365634694
F00772,2025-09-15,customer,review,12,,paid for the lead apparently but i never heard from anyone cheers,,provider_communication,0.9656015053192379
F00773,2025-11-23,provider,survey,17,,"FYI Can't update my coverage zones, the save button is greyed out Second time this has happened",,app_bug,0.955045865947137
F00775,2025-12-15,provider,support,9,,"honestly, notifications arrive hours late so i miss leads",,provider_no_show,0.701589942579688
F00776,2025-11-01,customer,survey,15,,quoted one price then asked for more once the work started would appreciate a reply,,price_dispute,0.9085202135344718
F00777,2025-10-21,provider,review,13,,"Customer never answered, wasted credits again Not impressed my number is [PHONE]",PHONE,lead_quality,0.8373922306150361
F00778,2026-02-22,customer,support,17,,"filled in my details twice and heard nothing, is this site even active please sort it out",,needs_review,0.445868820229192
F00779,2026-02-09,provider,review,17,,Update - The availability calendar doesn't keep my changes after I close it email me at [EMAIL],EMAIL,app_bug,0.8008118446200674
F00780,2025-10-02,provider,support,24,,Not happy. The multi-day discount on the profile turned out not to exist Been using the site since November my number is [PHONE],PHONE,app_bug,0.5643160204682356
F00781,2025-11-16,provider,survey,13,,not happy. the app crashes every time i open the leads tab cheers,,app_bug,0.9358180557953639
F00782,2026-01-16,customer,review,19,,"honestly, still waiting for someone to call me back, it's been 14 days been using the site since january",,provider_communication,0.6395725802714769
F00784,2026-02-21,customer,support,11,,paid for the lead apparently but i never heard from anyone,,provider_communication,0.9685309460719698
F00785,2025-11-21,provider,review,18,,"Not happy. Can't update my coverage zones, the save button is greyed out Second time this has happened",,app_bug,0.976396292881625
F00786,2025-11-19,provider,survey,17,,Just to say Uploaded a new profile photo and it shows sideways Second time this has happened,,app_bug,0.8829813586147525
F00788,2026-02-10,customer,review,14,,"Feedback: Snapped at me when I asked a question, made the whole thing uncomfortable",,workmanship_quality,0.5352411059547869
F00789,2026-02-08,customer,review,12,,FYI Nobody got in touch after I filled in the form Cheers,,provider_communication,0.9369382269385788
F00790,2025-09-17,customer,survey,13,,So Provider bought my lead but never contacted me This was in Z01,,provider_communication,0.8807752526376577
F00791,2026-01-08,provider,support,17,,"Hi, Credits not refunded after the customer cancelled, support not replying Been using the site since November",,credits_refund,0.8921887193807493
F00792,2026-01-06,customer,review,18,,FYI Nice enough but I didn't feel much had been done after ten hours This was in Z12,,workmanship_quality,0.7383278067388137
F00794,2025-09-07,customer,review,17,,"Just to say Two appointments in a row moved at the last minute, I've lost a week",,app_bug,0.6487755096101147
F00795,2026-01-19,customer,support,25,,"Hi, Turned up 25 minutes into a one hour slot and still charged the full hour Second time this has happened email me at [EMAIL]",EMAIL,price_dispute,0.7296539031274754
F00796,2025-11-09,customer,review,12,,Nobody got in touch after I filled in the form Not impressed,,provider_communication,0.9379487198389254
F00797,2025-11-25,customer,review,10,,"Honestly, Felt rushed, didn't finish the sealing properly before leaving",,workmanship_quality,0.8740577478791116
F00798,2025-10-13,provider,support,16,,"Feedback: Was promised my money back for the fake enquiry, 4 days later still waiting Cheers",,provider_no_show,0.8060880800998209
F00799,2025-09-09,customer,support,13,,"Update - Was late again by half an hour, third time this month",,provider_no_show,0.9412655299349313
F00801,2026-01-05,provider,survey,14,,"Honestly, Bought 10 leads this month and only one picked up the phone Cheers",,lead_quality,0.9111645078045154
F00802,2025-11-12,provider,review,19,,"FYI No dust sheets, no mask, debris left all over a room with a baby in it Not impressed",,safety_issue,0.9463289927567582
F00803,2025-12-08,provider,support,11,,paid for a lead and the customer's number was disconnected cheers,,lead_quality,0.9296901326473599
F00804,2025-10-12,customer,support,17,,"Left me waiting at the property in Z18 all morning, no message nothing This was in Z18",,provider_no_show,0.5820326404735566
F00806,2026-02-15,customer,review,13,,Update - He simply didn't show up on Saturday and went quiet afterwards,,provider_no_show,0.5617717904657245
F00808,2025-10-30,customer,support,17,,FYI The multi-day discount on the profile turned out not to exist Second time this has happened,,app_bug,0.6614337686341164
F00810,2025-10-12,customer,support,17,,"Hi, Still waiting for someone to call me back, it's been 9 days Please sort it out",,provider_communication,0.5271054999938908
F00811,2026-01-05,provider,review,29,,"just to say got one text and then silence, no idea if i have a tradesperson or not been using the site since september I live near [POSTCODE]",POSTCODE,provider_communication,0.5786315092042897
F00812,2026-01-27,provider,review,17,,"fyi was promised my money back for the fake enquiry, 6 days later still waiting not impressed",,provider_no_show,0.8344764314504907
F00814,2025-11-29,customer,survey,18,,so the multi-day discount on the profile turned out not to exist otherwise fine email me at [EMAIL],EMAIL,needs_review,0.36830524322658276
F00815,2025-11-26,customer,support,20,,"not happy. the ladder he used was visibly damaged, i mentioned it and got shrugged at this was in z12",,safety_issue,0.8867223420225403
F00816,2025-11-05,provider,survey,16,,"update - credits not refunded after the customer cancelled, support not replying this was in z12",,credits_refund,0.8991987084833167
F00817,2025-11-25,customer,review,16,,Rates changed after the first day of work without warning Thanks I live near [POSTCODE],POSTCODE,price_dispute,0.880225106548276
F00818,2025-12-27,customer,support,18,,"Feedback: Booked a morning slot, waited 40 minutes, nobody came. No explanation Thanks my number is [PHONE]",PHONE,provider_no_show,0.8817779059074795
F00819,2026-01-09,customer,survey,23,,"Quick one: Got one text and then silence, no idea if I have a tradesperson or not Been using the site since September",,provider_communication,0.5732032376027592
F00820,2026-01-15,provider,review,18,,Bought 7 leads this month and only one picked up the phone Been using the site since November,,lead_quality,0.8942266074916649
F00822,2026-01-27,customer,review,18,,Just to say Turned up 25 minutes into a one hour slot and still charged the full hour,,price_dispute,0.7436270692287092
F00823,2025-09-22,customer,support,15,,"Feedback: Was told £34 an hour, invoice came in at £48, no explanation Not impressed",,price_dispute,0.8853697262945811
F00825,2025-10-02,provider,review,20,,The multi-day discount on the profile turned out not to exist This was in Z25 I live near [POSTCODE],POSTCODE,needs_review,0.34233669697878405
F00826,2026-02-28,provider,support,17,,"Hi, Getting enquiries from people who want work in three months, not now Please sort it out",,needs_review,0.42490655497490676
F00827,2025-09-17,customer,review,13,,just to say nobody got in touch after i filled in the form,,provider_communication,0.9457769339104762
F00828,2025-09-06,provider,review,10,,"FYI Charged for a lead I never accepted, please refund",,credits_refund,0.9615598009149949
F00829,2025-11-23,customer,support,21,,"Honestly, Asked for cash up front for the full job then said the rate had gone up Please sort it out",,price_dispute,0.7041395699931623
F00830,2025-11-27,customer,support,11,,"Just to say Sent three messages, no reply for a week",,provider_communication,0.9544542376414205
F00831,2026-02-12,provider,support,14,,Top up went through on my card but the balance didn't change Not impressed,,credits_refund,0.8316017415726471
F00832,2026-02-06,provider,support,13,,Update - The app crashes every time I open the leads tab Thanks,,app_bug,0.889224718776471
F00833,2025-09-09,provider,review,17,,"Feedback: Login loop on Android, keeps sending me back to the start screen Would appreciate a reply",,app_bug,0.8999177313126716
F00835,2026-02-01,provider,review,11,,"Credits not refunded after the customer cancelled, support not replying Thanks",,credits_refund,0.932305297074635
F00836,2026-01-14,provider,review,14,,"just to say customer never answered, wasted credits again second time this has happened",,lead_quality,0.796801203925072
F00837,2025-12-17,customer,support,17,,"Spent most of the visit on his phone, barely explained anything Been using the site since November",,workmanship_quality,0.9115831840007698
F00838,2025-11-09,provider,review,13,,third enquiry this week where the person says they never filled anything in,,lead_quality,0.6275055442411033
F00839,2025-09-25,customer,support,23,,"not happy. two appointments in a row moved at the last minute, i've lost a week otherwise fine I live near [POSTCODE]",POSTCODE,app_bug,0.6596019695532075
F00840,2025-09-03,customer,survey,21,,"Hi, Kept coming back for the same fault each week, no real progress at all Been using the site since November",,workmanship_quality,0.880684509217988
F00842,2025-10-27,customer,review,14,,Not happy. He simply didn't show up on Saturday and went quiet afterwards Cheers,,needs_review,0.4421854608907126
F00843,2025-09-03,customer,survey,14,,"just to say great tradesperson, tidy and methodical, highly recommend this was in z05",,workmanship_quality,0.8622744704960805
F00844,2025-12-17,provider,review,19,,"just to say charged for a lead i never accepted, please refund not impressed my number is [PHONE]",PHONE,credits_refund,0.9360690329343032
F00845,2025-11-15,customer,review,15,,Update - Provider [NAME] didn't turn up for the first visit and never called [NAME],NAME,provider_no_show,0.877811916744134
F00846,2025-12-08,customer,support,10,,"lovely clean job, everything tested and certified before he left",,safety_issue,0.9414660706703117
F00848,2026-01-04,customer,support,12,,"Honestly, Was late again by half an hour, third time this month",,provider_no_show,0.9383828373544798
F00851,2025-12-27,provider,support,16,,"just to say spent most of the visit on his phone, barely explained anything not impressed",,workmanship_quality,0.8775635328256476
F00852,2025-12-04,customer,review,16,,"Still waiting for someone to call me back, it's been 14 days Please sort it out",,provider_communication,0.5255411330395109
F00854,2025-10-06,provider,survey,23,,"No dust sheets, no mask, debris left all over a room with a baby in it Not impressed my number is [PHONE]",PHONE,safety_issue,0.9308022619305092
F00855,2026-02-17,provider,review,17,,"honestly, login loop on android, keeps sending me back to the start screen this was in z08",,app_bug,0.7535015297811715
F00857,2025-11-09,customer,review,18,,"Quick one: Brilliant at talking me through the options, I was dreading this and it was painless Cheers",,app_bug,0.5010206855707278
F00858,2025-09-26,customer,survey,17,,Update - The multi-day discount on the profile turned out not to exist This was in Z07,,needs_review,0.36950511040004913
F00859,2026-01-30,customer,support,16,,Price on the profile said £33 but he charged £48 per hour email me at [EMAIL],EMAIL,price_dispute,0.9011089168558072
F00860,2025-10-14,provider,support,24,,"not happy. was promised my money back for the fake enquiry, 10 days later still waiting please sort it out email me at [EMAIL]",EMAIL,provider_no_show,0.592853446310715
F00861,2026-01-20,customer,support,17,,"Just to say Expensive compared to what was advertised, felt misled Been using the site since September",,needs_review,0.40188963191848465
F00862,2025-09-30,customer,survey,19,,"feedback: kept coming back for the same fault each week, no real progress at all please sort it out",,workmanship_quality,0.8918465872691598
F00863,2025-11-06,provider,survey,17,,"Login loop on Android, keeps sending me back to the start screen Second time this has happened",,app_bug,0.9197583371115672
F00864,2025-12-11,customer,support,20,,"Not happy. Kept coming back for the same fault each week, no real progress at all Please sort it out",,workmanship_quality,0.855862628773858
F00865,2025-10-22,provider,survey,19,,FYI Bought 3 leads this month and only one picked up the phone Been using the site since January,,lead_quality,0.8935444812683285
F00866,2026-01-16,provider,review,20,,"hi, someone wanting an installation sent to me, i only do repairs, that's on you I live near [POSTCODE]",POSTCODE,lead_quality,0.9041526299694016
F00868,2026-01-25,customer,support,17,,"Quick one: Snapped at me when I asked a question, made the whole thing uncomfortable Not impressed",,app_bug,0.6001334200373766
F00869,2025-12-17,provider,review,20,,"The customer was actually two counties away, the address must have been typed wrong Cheers I live near [POSTCODE]",POSTCODE,lead_quality,0.69592682813021
F00870,2025-11-07,customer,review,13,,FYI Paid for the lead apparently but I never heard from anyone Thanks,,provider_communication,0.9382817861400694
F00871,2026-02-07,customer,review,19,,"So Snapped at me when I asked a question, made the whole thing uncomfortable Second time this has happened",,app_bug,0.6462595381128424
F00872,2025-09-02,customer,review,14,,"Not happy. Expensive compared to what was advertised, felt misled Please sort it out",,app_bug,0.519725519386315
F00874,2026-02-21,provider,support,15,,"Not happy. Sent three messages, no reply for a week Second time this has happened",,provider_communication,0.8496356829738798
F00875,2025-12-28,customer,survey,15,,"So Isolation switch didn't seem to work properly, felt unsafe Second time this has happened",,safety_issue,0.8675097283520816
F00876,2025-12-03,customer,review,16,,"Just to say Was late again by half an hour, third time this month Otherwise fine",,provider_no_show,0.8483497758687181
F00877,2025-10-25,customer,review,22,,quick one: nice enough but i didn't feel much had been done after ten hours otherwise fine my number is [PHONE],PHONE,workmanship_quality,0.6678711669801073
F00878,2026-02-13,customer,support,23,,"Just to say Got one text and then silence, no idea if I have a tradesperson or not Second time this has happened",,needs_review,0.4235645951668209
F00879,2025-09-17,customer,support,17,,"hi, kept coming back for the same fault each week, no real progress at all not impressed",,workmanship_quality,0.8863286984685601
F00880,2026-01-16,customer,support,17,,So Turned up 25 minutes into a one hour slot and still charged the full hour Thanks,,price_dispute,0.7087417819345011
F00882,2025-11-07,provider,support,16,,"Can't update my coverage zones, the save button is greyed out Cheers email me at [EMAIL]",EMAIL,app_bug,0.8963863477259548
F00883,2025-10-19,customer,review,17,,"Left me waiting at the property in Z04 all morning, no message nothing This was in Z04",,provider_no_show,0.6335417939309749
F00884,2025-12-28,customer,review,20,,"quick one: really thorough, explained the whole job clearly and finished ahead of time! been using the site since october",,workmanship_quality,0.888375295513836
F00885,2026-02-19,customer,survey,13,,"Not happy. Great tradesperson, tidy and methodical, highly recommend Please sort it out",,workmanship_quality,0.8573465999562553
F00886,2025-12-02,customer,survey,20,,"just to say brilliant at talking me through the options, i was dreading this and it was painless not impressed",,app_bug,0.5128565001373091
F00887,2025-10-05,provider,review,17,,Feedback: Paid for the lead apparently but I never heard from anyone Second time this has happened,,provider_communication,0.9090047578661007
F00889,2026-01-25,customer,support,16,,Update - Nobody got in touch after I filled in the form Please sort it out,,provider_communication,0.9173463354931021
F00890,2025-09-24,provider,survey,18,,Provider [NAME] didn't turn up for the first visit and never called [NAME] using the site since October,NAME,provider_no_show,0.8525183471201075
F00891,2025-12-13,customer,review,11,,"Spent most of the visit on his phone, barely explained anything",,workmanship_quality,0.9440154709706285
F00892,2026-01-29,provider,review,17,,"Just to say Hidden fees for materials and disposal, not mentioned before Second time this has happened",,price_dispute,0.8009799007883246
F00893,2025-12-28,provider,support,22,,fyi bought 7 leads this month and only one picked up the phone please sort it out my number is [PHONE],PHONE,lead_quality,0.885287661817303
F00894,2025-11-25,customer,review,15,,The multi-day discount on the profile turned out not to exist Please sort it out,,needs_review,0.43503968992237785
F00895,2025-09-07,customer,support,13,,"hi, price on the profile said £35 but he charged £48 per hour",,price_dispute,0.9400699005119505
F00896,2025-10-18,customer,survey,21,,"Hi, Brilliant at talking me through the options, I was dreading this and it was painless Second time this has happened",,app_bug,0.6812592393297136
F00897,2026-01-09,customer,review,21,,update - would be nice to actually get a response from the person i was matched with this was in z03,,needs_review,0.2608140283723133
F00899,2025-09-25,provider,review,19,,"Honestly, Nice enough but I didn't feel much had been done after ten hours my number is [PHONE]",PHONE,workmanship_quality,0.7097212496177969
F00900,2025-12-19,customer,review,21,,"Spent most of the visit on his phone, barely explained anything Second time this has happened I live near [POSTCODE]",POSTCODE,workmanship_quality,0.8685020464647072
F00901,2025-10-26,customer,review,16,,Asked for cash up front for the full job then said the rate had gone up,,price_dispute,0.7117416359066703
F00902,2025-11-07,customer,survey,18,,Update - Nobody got in touch after I filled in the form Been using the site since January,,provider_communication,0.927482124482738
F00903,2025-09-22,customer,survey,16,,"FYI Booked a morning slot, waited 40 minutes, nobody came. No explanation email me at [EMAIL]",EMAIL,provider_no_show,0.938383814943479
F00904,2025-11-25,customer,review,20,,"Honestly, Nice enough but I didn't feel much had been done after ten hours Been using the site since September",,workmanship_quality,0.7355141014043349
F00905,2025-11-01,provider,review,16,,"Hi, The availability calendar doesn't keep my changes after I close it Would appreciate a reply",,app_bug,0.9179536627849884
F00906,2026-01-20,provider,support,19,,"hi, bought 8 leads this month and only one picked up the phone been using the site since september",,lead_quality,0.8714568602037519
F00907,2026-01-22,customer,support,10,,"Feedback: Hidden fees for materials and disposal, not mentioned before",,price_dispute,0.8983425488176454
F00908,2025-09-12,customer,review,25,,"Not happy. Brilliant at talking me through the options, I was dreading this and it was painless Would appreciate a reply email me at [EMAIL]",EMAIL,app_bug,0.7384043005246097
F00909,2025-09-11,customer,support,19,,"Hi, Warning light on the boiler the whole time, was told to ignore it Second time this has happened",,safety_issue,0.8805486704593015
F00910,2026-01-04,customer,review,16,,Quoted one price then asked for more once the work started Second time this has happened,,price_dispute,0.9014373084840447
F00911,2026-01-06,customer,review,14,,"hi, spent most of the visit on his phone, barely explained anything not impressed",,workmanship_quality,0.9016366890018925
F00912,2025-12-06,customer,support,12,,Provider [NAME] didn't turn up for the first visit and never called,NAME,provider_no_show,0.8860192288893303
F00913,2026-01-19,provider,review,13,,"honestly, the availability calendar doesn't keep my changes after i close it thanks",,app_bug,0.8363877827903511
F00914,2026-01-10,customer,support,22,,"quick one: site left spotless and every connection checked, felt genuinely professional second time this has happened my number is [PHONE]",PHONE,needs_review,0.4602661238102147
F00916,2025-11-12,provider,support,14,,"my balance went down by 14 and i didn't buy anything, what happened thanks",,needs_review,0.49242419023297046
F00917,2026-01-30,provider,review,17,,"Quick one: Was promised my money back for the fake enquiry, 4 days later still waiting Cheers",,provider_no_show,0.7739637953955563
F00918,2025-10-30,customer,review,17,,so provider [NAME] didn't turn up for the first visit and never called this was in z24,NAME,provider_no_show,0.8886953067725885
F00919,2025-12-08,customer,review,14,,"Kept coming back for the same fault each week, no real progress at all",,workmanship_quality,0.9258840175888117
F00920,2025-10-18,customer,support,15,,The multi-day discount on the profile turned out not to exist email me at [EMAIL],EMAIL,needs_review,0.46182943220955264
F00921,2025-10-30,provider,support,14,,"Hi, Map view is blank on my phone since the last update Not impressed",,app_bug,0.8643947589843348
F00922,2025-10-01,provider,survey,16,,Just to say Bought 8 leads this month and only one picked up the phone Cheers,,lead_quality,0.9124802410900644
F00923,2025-12-19,customer,survey,19,,Nice enough but I didn't feel much had been done after ten hours Been using the site since December,,workmanship_quality,0.7296590169795092
F00924,2025-12-15,provider,review,17,,"Not happy. Charged for a lead I never accepted, please refund Been using the site since December",,credits_refund,0.9053840750672975
F00925,2025-10-19,customer,review,21,,"Hi, Would be nice to actually get a response from the person I was matched with my number is [PHONE]",PHONE,needs_review,0.3581728108991726
F00926,2026-01-29,provider,support,19,,"quick one: can't update my coverage zones, the save button is greyed out been using the site since january",,app_bug,0.8776489681614454
F00927,2025-10-23,provider,support,14,,So Provider bought my lead but never contacted me Second time this has happened,,provider_communication,0.9025108141438238
F00930,2026-01-03,customer,review,14,,"update - sent three messages, no reply for a week please sort it out",,provider_communication,0.894807642626524
F00931,2025-12-20,customer,review,17,,"Honestly, Spent most of the visit on his phone, barely explained anything Second time this has happened",,workmanship_quality,0.871241275713998
F00932,2026-01-13,customer,support,16,,"Not happy. Kept coming back for the same fault each week, no real progress at all",,workmanship_quality,0.8935854381455646
F00933,2025-12-17,customer,survey,16,,"explains things in a way that actually makes sense, worth every penny please sort it out",,workmanship_quality,0.918987813408549
F00934,2025-12-27,customer,survey,17,,"hi, got one text and then silence, no idea if i have a tradesperson or not thanks",,provider_communication,0.5358366420886281
F00935,2026-02-02,provider,support,19,,"so my balance went down by 9 and i didn't buy anything, what happened second time this has happened",,app_bug,0.5106855236680612
F00936,2026-02-24,provider,review,15,,"Honestly, Left me waiting at the property in Z29 all morning, no message nothing Thanks",,provider_no_show,0.6108408824766702
F00937,2025-09-15,provider,survey,12,,FYI Uploaded a new profile photo and it shows sideways Otherwise fine,,app_bug,0.708068559850111
F00938,2025-11-29,customer,support,13,,"Warning light on the boiler the whole time, was told to ignore it",,safety_issue,0.9375445626535102
F00939,2025-12-17,customer,support,19,,"honestly, asked for cash up front for the full job then said the rate had gone up otherwise fine",,price_dispute,0.7364369873321477
F00940,2026-02-20,customer,survey,16,,"just to say hidden fees for materials and disposal, not mentioned before this was in z08",,price_dispute,0.8153153305434273
F00941,2025-12-29,provider,review,17,,"Quick one: Can't update my coverage zones, the save button is greyed out Would appreciate a reply",,app_bug,0.9658487121659698
F00942,2025-11-17,customer,support,20,,"Update - Two appointments in a row moved at the last minute, I've lost a week This was in Z05",,app_bug,0.5508113349285602
F00944,2025-09-22,provider,support,20,,"hi, the customer was actually two counties away, the address must have been typed wrong second time this has happened",,lead_quality,0.597224834487391
F00945,2025-10-07,provider,support,13,,Two refunds approved by email but nothing showing in the account Not impressed,,credits_refund,0.9481345699488682
F00946,2025-12-05,provider,support,19,,"The customer was actually two counties away, the address must have been typed wrong Second time this has happened",,lead_quality,0.6251168986999853
F00947,2025-10-30,provider,support,19,,quick one: bought 10 leads this month and only one picked up the phone second time this has happened,,lead_quality,0.8441120353524725
F00948,2026-02-11,provider,support,18,,"Quick one: Requested a refund for a dead lead 2 weeks ago, still nothing Please sort it out",,lead_quality,0.763437803501736
F00949,2025-09-23,customer,support,17,,"honestly, asked for cash up front for the full job then said the rate had gone up",,price_dispute,0.7171572227031587
F00950,2026-02-14,customer,review,20,,"Every visit had a clear plan and a recap at the end, finished in 5 days This was in Z03",,workmanship_quality,0.912371971637482
F00951,2026-01-20,provider,review,18,,Not happy. Bought 4 leads this month and only one picked up the phone This was in Z01,,lead_quality,0.884232670752968
F00953,2025-11-20,customer,review,22,,"Quick one: Every visit had a clear plan and a recap at the end, finished in 11 days Please sort it out",,workmanship_quality,0.8723477219782589
F00954,2025-09-08,customer,survey,19,,"Just to say Really thorough, explained the whole job clearly and finished ahead of time! Please sort it out",,workmanship_quality,0.8877905788815139
F00955,2025-10-23,provider,review,23,,Not happy. Top up went through on my card but the balance didn't change Would appreciate a reply my number is [PHONE],PHONE,credits_refund,0.5634531582912243
F00956,2025-12-06,provider,survey,14,,"Hi, Uploaded a new profile photo and it shows sideways Please sort it out",,app_bug,0.7338716412552626
F00958,2025-10-31,customer,review,15,,"Update - Explains things in a way that actually makes sense, worth every penny Thanks",,workmanship_quality,0.9253761847470668
F00959,2026-01-09,provider,support,17,,"Hi, Customers keep saying they already found someone by the time I call Would appreciate a reply",,lead_quality,0.8713561599211032
F00960,2025-11-09,customer,survey,24,,"Kept coming back for the same fault each week, no real progress at all Second time this has happened my number is [PHONE]",PHONE,workmanship_quality,0.8503661567135695
F00962,2025-12-16,customer,survey,15,,"not happy. really thorough, explained the whole job clearly and finished ahead of time! thanks",,workmanship_quality,0.8999219744406675
F00963,2026-02-10,customer,support,13,,"so still waiting for someone to call me back, it's been 2 days",,provider_communication,0.6108813349133333
F00964,2025-12-24,provider,support,15,,Map view is blank on my phone since the last update This was in Z05,,app_bug,0.8086583024722648
F00965,2025-10-05,provider,support,17,,"Quick one: Lead was from Z22 which I don't even cover, why was it sent to me",,lead_quality,0.9402989424507427
F00966,2025-11-17,provider,review,19,,"fyi login loop on android, keeps sending me back to the start screen thanks my number is [PHONE]",PHONE,app_bug,0.8002969731559278
F00967,2025-12-08,customer,survey,22,,"every visit had a clear plan and a recap at the end, finished in 6 days been using the site since september",,workmanship_quality,0.9211889597915706
F00968,2025-09-25,provider,review,16,,"Login loop on Android, keeps sending me back to the start screen This was in Z06",,app_bug,0.7613860352947447
F00969,2025-12-12,provider,support,18,,"update - login loop on android, keeps sending me back to the start screen would appreciate a reply",,app_bug,0.9169492813509069
F00971,2026-02-13,provider,review,17,,"Not happy. Credits not refunded after the customer cancelled, support not replying my number is [PHONE]",PHONE,credits_refund,0.9140073892754594
F00972,2026-01-13,customer,review,14,,Just to say Nobody got in touch after I filled in the form Cheers,,provider_communication,0.9296860600574424
F00973,2025-09-26,customer,review,13,,Nice enough but I didn't feel much had been done after ten hours,,workmanship_quality,0.738518414758125
F00974,2026-01-31,provider,review,21,,"honestly, third enquiry this week where the person says they never filled anything in otherwise fine my number is [PHONE]",PHONE,lead_quality,0.5918101710766167
F00976,2025-11-15,provider,survey,10,,fyi notifications arrive hours late so i miss leads thanks,,provider_no_show,0.8367645773641369
F00977,2025-09-25,customer,support,10,,Provider bought my lead but never contacted me Otherwise fine,,provider_communication,0.9376951452681347
F00978,2026-01-23,provider,support,13,,"hi, notifications arrive hours late so i miss leads this was in z28",,provider_no_show,0.8362686066565197
F00979,2026-01-17,provider,review,19,,"Just to say Credits not refunded after the customer cancelled, support not replying Thanks I live near [POSTCODE]",POSTCODE,credits_refund,0.9071123922458175
F00980,2025-12-09,provider,review,20,,"quick one: someone wanting an installation sent to me, i only do repairs, that's on you would appreciate a reply",,lead_quality,0.8849943056916616
F00981,2026-01-23,provider,survey,15,,"Quick one: Charged for a lead I never accepted, please refund This was in Z25",,credits_refund,0.8892653180476139
F00983,2025-10-25,customer,review,12,,"Hi, Spent most of the visit on his phone, barely explained anything",,workmanship_quality,0.9308982931434764
F00984,2025-09-14,customer,support,15,,"Quick one: Felt rushed, didn't finish the sealing properly before leaving Please sort it out",,workmanship_quality,0.8112275346127016
F00985,2025-11-27,provider,support,14,,"hi, can't update my coverage zones, the save button is greyed out not impressed",,app_bug,0.9387195780709624
F00986,2026-02-08,provider,survey,16,,"getting enquiries from people who want work in three months, not now this was in z17",,needs_review,0.3588787056882174
F00987,2026-01-07,provider,review,19,,"Just to say No dust sheets, no mask, debris left all over a room with a baby in it",,safety_issue,0.9542723062238225
F00990,2025-10-12,customer,support,15,,"expensive compared to what was advertised, felt misled otherwise fine my number is [PHONE]",PHONE,needs_review,0.38808034681350506
F00991,2026-01-23,provider,review,17,,"feedback: can't update my coverage zones, the save button is greyed out second time this has happened",,app_bug,0.9545847594589212
F00992,2025-12-25,customer,review,13,,"FYI Sent three messages, no reply for a week Would appreciate a reply",,provider_communication,0.8919817369837191
F00993,2026-02-03,customer,review,18,,"So No dust sheets, no mask, debris left all over a room with a baby in it Thanks",,safety_issue,0.9470189738301271
F00995,2025-12-05,customer,survey,14,,Not happy. Provider [NAME] didn't turn up for the first visit and never called,NAME,provider_no_show,0.8453641706418894
F00996,2026-01-12,customer,support,18,,"not happy. two appointments in a row moved at the last minute, i've lost a week not impressed",,app_bug,0.6543081737532436
F00997,2025-09-15,provider,support,21,,"so lead was from z13 which i don't even cover, why was it sent to me my number is [PHONE]",PHONE,lead_quality,0.8962542522806834
F00998,2025-12-01,customer,review,13,,"fyi great tradesperson, tidy and methodical, highly recommend second time this has happened",,workmanship_quality,0.8708387445132918
F00999,2025-12-29,provider,support,17,,"Login loop on Android, keeps sending me back to the start screen my number is [PHONE]",PHONE,app_bug,0.8610859081117467
F01000,2025-10-14,provider,review,16,,Just to say Third enquiry this week where the person says they never filled anything in,,lead_quality,0.6203898030990629
F01002,2025-12-01,provider,support,12,,"Still waiting for someone to call me back, it's been 7 days",,provider_communication,0.6215055478607748
F01003,2025-12-02,customer,support,21,,"Not happy. Filled in my details twice and heard nothing, is this site even active Not impressed email me at [EMAIL]",EMAIL,app_bug,0.5583510753456249
F01004,2025-09-18,provider,support,23,,fyi third enquiry this week where the person says they never filled anything in please sort it out my number is [PHONE],PHONE,lead_quality,0.5779694871128384
F01005,2026-02-02,provider,support,10,,"Quick one: Same customer sent to me twice, charged twice",,price_dispute,0.7533719649671005
F01006,2025-10-07,customer,review,26,,"FYI Kept coming back for the same fault each week, no real progress at all Been using the site since December I live near [POSTCODE]",POSTCODE,workmanship_quality,0.8815031802594278
F01008,2025-12-16,provider,survey,19,,"hi, login loop on android, keeps sending me back to the start screen been using the site since november",,app_bug,0.7595293880967947
F01009,2025-12-15,provider,review,21,,"Just to say My balance went down by 3 and I didn't buy anything, what happened Second time this has happened",,app_bug,0.5567016418119165
F01010,2025-11-25,customer,support,16,,"Great tradesperson, tidy and methodical, highly recommend Please sort it out my number is [PHONE]",PHONE,workmanship_quality,0.8688552855652906
F01012,2025-11-12,provider,review,17,,"snapped at me when i asked a question, made the whole thing uncomfortable please sort it out",,app_bug,0.5251292633818853
F01013,2025-12-25,customer,survey,14,,"Just to say Site left spotless and every connection checked, felt genuinely professional Cheers",,safety_issue,0.6496359165475354
F01015,2025-11-27,customer,support,13,,Provider bought my lead but never contacted me Second time this has happened,,provider_communication,0.9193918372849557
F01016,2025-09-08,customer,support,20,,"Was late again by half an hour, third time this month Would appreciate a reply my number is [PHONE]",PHONE,provider_no_show,0.8018686124326172
F01017,2025-10-05,customer,support,14,,"Hi, Provider bought my lead but never contacted me my number is [PHONE]",PHONE,provider_communication,0.9036524633021524
F01018,2025-10-19,provider,review,17,,so bought 7 leads this month and only one picked up the phone this was in z12,,lead_quality,0.9226398404846438
F01019,2025-09-04,customer,review,14,,"Feedback: Hidden fees for materials and disposal, not mentioned before email me at [EMAIL]",EMAIL,price_dispute,0.8515622138471222
F01020,2026-02-09,provider,support,17,,top up went through on my card but the balance didn't change second time this has happened,,credits_refund,0.7831434197150337
F01021,2025-11-22,customer,review,12,,"Update - Lovely clean job, everything tested and certified before he left",,safety_issue,0.9381072987184934
F01022,2026-02-21,provider,review,12,,"feedback: charged for a lead i never accepted, please refund not impressed",,credits_refund,0.9408189120681479
F01023,2025-10-06,customer,support,17,,"Quick one: Kept coming back for the same fault each week, no real progress at all Thanks",,workmanship_quality,0.8963986876182364
F01024,2026-01-04,customer,support,16,,So Quoted one price then asked for more once the work started Please sort it out,,price_dispute,0.9173404118610061
F01025,2025-10-30,provider,support,17,,"Just to say Credits not refunded after the customer cancelled, support not replying Please sort it out",,credits_refund,0.9299555500435731
F01026,2025-12-14,customer,survey,16,,"hi, he simply didn't show up on saturday and went quiet afterwards email me at [EMAIL]",EMAIL,provider_no_show,0.6730592877292958
F01027,2026-01-17,customer,support,16,,so turned up 25 minutes into a one hour slot and still charged the full hour,,price_dispute,0.7547607862967328
F01028,2026-02-06,provider,support,15,,FYI Paid for a lead and the customer's number was disconnected Please sort it out,,lead_quality,0.8804515373445672
F01029,2026-02-08,provider,survey,13,,"hi, customers keep saying they already found someone by the time i call",,lead_quality,0.9263010042116337
F01030,2025-10-14,customer,review,18,,provider [NAME] didn't turn up for the first visit and never called cheers my number is [PHONE],"NAME,PHONE",provider_no_show,0.8007342904426653
F01031,2026-01-25,customer,survey,13,,"still waiting for someone to call me back, it's been 6 days thanks",,provider_communication,0.6200810711901222
F01032,2025-09-16,customer,review,20,,"quick one: the ladder he used was visibly damaged, i mentioned it and got shrugged at this was in z26",,safety_issue,0.892253066188826
F01034,2025-10-27,provider,survey,16,,FYI Uploaded a new profile photo and it shows sideways Been using the site since September,,app_bug,0.6661424845497367
F01036,2025-09-15,provider,review,21,,"quick one: lead was from z18 which i don't even cover, why was it sent to me would appreciate a reply",,lead_quality,0.891285165148098
F01037,2026-02-22,provider,support,16,,So Two refunds approved by email but nothing showing in the account Please sort it out,,credits_refund,0.9384108095945597
F01039,2025-12-27,provider,survey,12,,"hi, the availability calendar doesn't keep my changes after i close it",,app_bug,0.8590036624089691
F01041,2025-11-25,customer,review,8,,"expensive compared to what was advertised, felt misled",,needs_review,0.4637035014430738
F01042,2025-12-01,customer,support,12,,Update - Nobody got in touch after I filled in the form,,provider_communication,0.9576111049040743
F01043,2025-10-18,customer,survey,11,,"Quick one: Isolation switch didn't seem to work properly, felt unsafe",,safety_issue,0.9158437586821262
F01044,2026-02-02,customer,review,19,,"Not happy. Snapped at me when I asked a question, made the whole thing uncomfortable This was in Z14",,app_bug,0.5064029485120918
F01045,2026-01-12,provider,support,12,,"Not happy. Same customer sent to me twice, charged twice Otherwise fine",,price_dispute,0.7760480235971335
F01047,2025-10-29,customer,review,23,,"FYI Brilliant at talking me through the options, I was dreading this and it was painless Otherwise fine my number is [PHONE]",PHONE,needs_review,0.3977949002772542
F01048,2026-01-04,customer,support,17,,"Expensive compared to what was advertised, felt misled Please sort it out my number is [PHONE]",PHONE,needs_review,0.3716195384339153
F01050,2026-02-17,customer,support,22,,Feedback: Asked for cash up front for the full job then said the rate had gone up Second time this has happened,,price_dispute,0.5910794325533628
F01052,2026-01-30,customer,review,18,,"so brilliant at talking me through the options, i was dreading this and it was painless not impressed",,needs_review,0.49254053093794253
F01053,2026-02-24,provider,support,17,,"Just to say The refund button does nothing, credits just disappeared Been using the site since January",,credits_refund,0.8581931810352832
F01054,2025-09-19,customer,review,15,,"honestly, filled in my details twice and heard nothing, is this site even active thanks",,provider_communication,0.5068792759428151
F01055,2026-02-05,provider,support,12,,"hi, the app crashes every time i open the leads tab thanks",,app_bug,0.8921489628742024
F01056,2026-01-11,provider,review,14,,"Feedback: Can't update my coverage zones, the save button is greyed out Otherwise fine",,app_bug,0.883535342925754
F01057,2025-09-21,provider,survey,20,,"Just to say Lead was from Z11 which I don't even cover, why was it sent to me Not impressed",,lead_quality,0.903137100143183
F01058,2025-11-01,provider,support,19,,"Hi, Paid for a lead and the customer's number was disconnected This was in Z21 email me at [EMAIL]",EMAIL,lead_quality,0.8197531532937368
F01059,2025-09-07,customer,support,12,,"Hi, The multi-day discount on the profile turned out not to exist",,needs_review,0.4756720501488533
F01060,2026-01-02,customer,review,24,,"FYI The ladder he used was visibly damaged, I mentioned it and got shrugged at This was in Z01 my number is [PHONE]",PHONE,safety_issue,0.8530045991586858
F01061,2026-01-20,customer,review,9,,"feedback: cancelled on me twice last minute, really unreliable",,provider_no_show,0.9287737179425724
F01062,2025-12-25,provider,survey,18,,"The customer was actually two counties away, the address must have been typed wrong Would appreciate a reply",,lead_quality,0.6175237912333134
F01063,2025-11-20,provider,support,22,,Quick one: The availability calendar doesn't keep my changes after I close it This was in Z07 my number is [PHONE],PHONE,app_bug,0.739681955597839
F01064,2025-10-24,provider,review,14,,"update - same customer sent to me twice, charged twice this was in z13",,price_dispute,0.6915988868268865
F01065,2026-02-25,provider,support,9,,"honestly, customer never answered, wasted credits again not impressed",,lead_quality,0.8715264427209269
F01066,2025-09-25,customer,support,16,,"Hi, Booked a morning slot, waited 40 minutes, nobody came. No explanation Please sort it out",,provider_no_show,0.8858698541848167
F01067,2025-12-07,customer,support,18,,quick one: asked for cash up front for the full job then said the rate had gone up,,price_dispute,0.7067301919249612
F01068,2026-02-03,customer,support,21,,So Nice enough but I didn't feel much had been done after ten hours Not impressed my number is [PHONE],PHONE,workmanship_quality,0.6474173051476355
F01069,2025-12-15,customer,survey,14,,"Left me waiting at the property in Z29 all morning, no message nothing Thanks",,provider_no_show,0.6115768078677626
F01070,2025-11-08,provider,support,19,,"Hi, Bought 12 leads this month and only one picked up the phone Been using the site since December",,lead_quality,0.8464515477669016
F01071,2025-09-18,provider,survey,14,,"Feedback: Charged for a lead I never accepted, please refund Please sort it out",,credits_refund,0.9222023341418156
F01072,2025-09-15,provider,support,14,,so customers keep saying they already found someone by the time i call thanks,,lead_quality,0.9093730859751735
F01073,2025-09-11,customer,support,14,,"Really thorough, explained the whole job clearly and finished ahead of time! Not impressed",,workmanship_quality,0.9109091545165997
F01074,2025-12-26,customer,support,15,,"Quick one: Sent three messages, no reply for a week I live near [POSTCODE]",POSTCODE,provider_communication,0.9172706066935298
F01075,2025-11-18,customer,review,20,,"Honestly, Snapped at me when I asked a question, made the whole thing uncomfortable Thanks my number is [PHONE]",PHONE,needs_review,0.4802146779338245
F01076,2025-11-21,provider,support,16,,Quick one: Notifications arrive hours late so I miss leads Not impressed email me at [EMAIL],EMAIL,provider_no_show,0.7636832865334817
F01077,2025-10-12,customer,support,22,,"Honestly, Would be nice to actually get a response from the person I was matched with Been using the site since September",,needs_review,0.2538576170648655
F01078,2025-09-08,customer,review,9,,"Update - Great tradesperson, tidy and methodical, highly recommend",,workmanship_quality,0.9351196550295635
F01079,2025-12-06,customer,support,13,,"feedback: explains things in a way that actually makes sense, worth every penny",,workmanship_quality,0.9429246940971566
F01081,2026-01-10,customer,review,16,,"Lovely clean job, everything tested and certified before he left Been using the site since December",,safety_issue,0.9097956350608241
F01082,2026-02-06,customer,support,18,,"hi, price on the profile said £30 but he charged £40 per hour second time this has happened",,price_dispute,0.8669431075015307
F01084,2025-10-14,customer,review,17,,Quick one: Paid for the lead apparently but I never heard from anyone Would appreciate a reply,,provider_communication,0.9142289224230017
F01085,2026-01-31,provider,review,17,,"Just to say Was promised my money back for the fake enquiry, 14 days later still waiting",,provider_no_show,0.7026211802956674
F01086,2025-10-17,customer,review,13,,price on the profile said £37 but he charged £47 per hour cheers,,price_dispute,0.9077543459874811
F01087,2025-10-08,customer,review,20,,Would be nice to actually get a response from the person I was matched with Second time this has happened,,app_bug,0.6171944807513177
F01088,2026-02-26,customer,review,17,,"Honestly, Got one text and then silence, no idea if I have a tradesperson or not Cheers",,provider_communication,0.6027753621077454
F01089,2025-12-06,customer,support,12,,"Not happy. Lovely clean job, everything tested and certified before he left",,safety_issue,0.9260140188223276
F01090,2025-12-09,customer,review,10,,rates changed after the first day of work without warning,,price_dispute,0.9336179156935683
F01091,2025-10-18,provider,support,18,,Quick one: Customers keep saying they already found someone by the time I call This was in Z23,,lead_quality,0.88873606821453
F01092,2025-09-16,provider,review,14,,"Honestly, Customers keep saying they already found someone by the time I call Thanks",,lead_quality,0.9198258514019497
F01093,2025-11-19,provider,support,18,,"not happy. login loop on android, keeps sending me back to the start screen please sort it out",,app_bug,0.8828384051493301
F01094,2025-11-18,provider,survey,10,,FYI Uploaded a new profile photo and it shows sideways,,app_bug,0.7787606753411838
F01095,2025-10-28,provider,survey,18,,"Just to say Lead was from Z19 which I don't even cover, why was it sent to me",,lead_quality,0.9247236508781654
F01096,2026-02-18,customer,survey,22,,"Hi, Turned up 25 minutes into a one hour slot and still charged the full hour Been using the site since December",,price_dispute,0.7869366175586194
F01098,2025-12-21,provider,review,14,,"FYI Login loop on Android, keeps sending me back to the start screen Thanks",,app_bug,0.8245315780620295
F01099,2025-12-21,provider,review,15,,"hi, uploaded a new profile photo and it shows sideways second time this has happened",,app_bug,0.8869730510905232
F01100,2025-11-01,provider,support,9,,So Notifications arrive hours late so I miss leads,,provider_no_show,0.8294522166880998
F01101,2025-11-16,provider,review,14,,"Quick one: Same customer sent to me twice, charged twice This was in Z11",,price_dispute,0.5078184700791722
F01102,2025-12-24,customer,survey,14,,Not happy. Provider [NAME] didn't turn up for the first visit and never called,NAME,provider_no_show,0.8453641706418894
F01103,2025-11-30,customer,survey,18,,Not happy. He simply didn't show up on Saturday and went quiet afterwards my number is [PHONE],PHONE,app_bug,0.5190448217687448
F01104,2026-01-06,provider,review,17,,"Just to say The customer was actually two counties away, the address must have been typed wrong",,lead_quality,0.7145748850611362
F01105,2025-10-31,customer,review,10,,"feedback: felt rushed, didn't finish the sealing properly before leaving",,workmanship_quality,0.8927690731360383
F01106,2025-09-03,customer,support,15,,"Update - Great tradesperson, tidy and methodical, highly recommend Been using the site since October",,workmanship_quality,0.8987103066566338
F01107,2026-02-13,provider,survey,20,,Just to say The app crashes every time I open the leads tab Not impressed my number is [PHONE],PHONE,app_bug,0.8736778828919067
F01108,2026-02-18,provider,support,12,,Quick one: Nobody got in touch after I filled in the form,,provider_communication,0.9474354719624741
F01109,2026-02-15,customer,review,24,,"just to say two appointments in a row moved at the last minute, i've lost a week not impressed my number is [PHONE]",PHONE,app_bug,0.6675990293565143
F01110,2025-09-06,customer,support,15,,"so filled in my details twice and heard nothing, is this site even active cheers",,needs_review,0.491856676727478
F01111,2025-09-08,provider,support,12,,"Same customer sent to me twice, charged twice This was in Z12",,needs_review,0.4960565133933658
F01112,2026-02-16,provider,review,19,,fyi two refunds approved by email but nothing showing in the account not impressed my number is [PHONE],PHONE,credits_refund,0.9336808050665928
F01113,2025-11-14,provider,review,17,,"So Getting enquiries from people who want work in three months, not now Please sort it out",,needs_review,0.42835859352718075
F01114,2025-12-09,provider,review,18,,Just to say Uploaded a new profile photo and it shows sideways Cheers my number is [PHONE],PHONE,app_bug,0.7618754808970608
F01115,2026-02-02,customer,survey,10,,"so hidden fees for materials and disposal, not mentioned before",,price_dispute,0.9059604079357382
F01116,2025-12-10,customer,survey,21,,"so every visit had a clear plan and a recap at the end, finished in 4 days would appreciate a reply",,workmanship_quality,0.9108193336910277
F01117,2026-03-01,provider,review,20,,"FYI Credits not refunded after the customer cancelled, support not replying Second time this has happened email me at [EMAIL]",EMAIL,credits_refund,0.8680729200904538
F01118,2025-12-16,customer,support,20,,"So Brilliant at talking me through the options, I was dreading this and it was painless Please sort it out",,needs_review,0.4503448041615006
F01120,2026-01-18,customer,review,9,,"hi, expensive compared to what was advertised, felt misled",,price_dispute,0.565411566930196
F01121,2025-11-16,provider,support,14,,Feedback: Customers keep saying they already found someone by the time I call Thanks,,lead_quality,0.9270349869118794
F01122,2025-09-21,customer,review,20,,update - asked for cash up front for the full job then said the rate had gone up otherwise fine,,price_dispute,0.7237627943283147
F01123,2025-12-19,customer,survey,16,,"Update - Warning light on the boiler the whole time, was told to ignore it Thanks",,safety_issue,0.9208655323105904
F01125,2025-09-23,customer,support,9,,FYI Provider bought my lead but never contacted me,,provider_communication,0.9543177214756887
F01126,2026-01-05,provider,support,18,,"Quick one: Lead was from Z14 which I don't even cover, why was it sent to me Cheers",,lead_quality,0.9243936501845894
F01127,2025-09-01,provider,support,16,,"just to say filled in my details twice and heard nothing, is this site even active",,needs_review,0.4807268953355286
F01130,2026-02-22,provider,review,15,,"Update - My balance went down by 13 and I didn't buy anything, what happened",,app_bug,0.6582772652042899
F01131,2025-11-10,customer,support,16,,"So Isolation switch didn't seem to work properly, felt unsafe Thanks my number is [PHONE]",PHONE,safety_issue,0.8693054350089406
F01132,2025-12-05,provider,support,14,,"hi, customers keep saying they already found someone by the time i call thanks",,lead_quality,0.9160190971412786
F01133,2026-01-15,customer,review,20,,Just to say Nice enough but I didn't feel much had been done after ten hours Would appreciate a reply,,workmanship_quality,0.5944846780157967
F01134,2025-12-24,customer,support,17,,Not happy. He simply didn't show up on Saturday and went quiet afterwards This was in Z29,,provider_no_show,0.5982887754539105
F01135,2025-12-22,customer,support,21,,"so brilliant at talking me through the options, i was dreading this and it was painless second time this has happened",,app_bug,0.6833435884592723
F01136,2025-11-20,customer,survey,17,,"So Still waiting for someone to call me back, it's been 6 days Please sort it out",,provider_communication,0.5320492780092103
F01138,2026-01-12,customer,review,16,,Would be nice to actually get a response from the person I was matched with Cheers,,needs_review,0.33227305972014454
F01140,2025-10-31,customer,support,25,,Update - Turned up 25 minutes into a one hour slot and still charged the full hour Would appreciate a reply email me at [EMAIL],EMAIL,price_dispute,0.608744661376089
F01141,2026-02-19,provider,survey,15,,"update - charged for a lead i never accepted, please refund this was in z16",,credits_refund,0.9104954193722481
F01142,2025-10-13,provider,support,18,,Just to say Third enquiry this week where the person says they never filled anything in Otherwise fine,,lead_quality,0.6027398166398867
F01143,2025-12-30,provider,support,18,,"Hi, Bought 14 leads this month and only one picked up the phone Second time this has happened",,lead_quality,0.8557488814392329
F01144,2025-09-03,provider,review,14,,Update - Notifications arrive hours late so I miss leads Please sort it out,,provider_no_show,0.7210520991218169
F01145,2026-02-17,provider,review,13,,Quick one: The app crashes every time I open the leads tab Thanks,,app_bug,0.8861610442386187
F01146,2026-02-21,provider,review,19,,"Hi, Was promised my money back for the fake enquiry, 4 days later still waiting Would appreciate a reply",,provider_no_show,0.7901025382060125
F01149,2025-09-20,provider,support,12,,Map view is blank on my phone since the last update Cheers,,app_bug,0.8854906408706884
F01152,2025-11-16,provider,support,11,,"Honestly, Notifications arrive hours late so I miss leads Not impressed",,provider_no_show,0.7039716762675178
F01153,2026-01-13,provider,review,17,,"update - can't update my coverage zones, the save button is greyed out would appreciate a reply",,app_bug,0.9654024529515625
F01154,2025-11-02,customer,support,15,,Just to say Paid for the lead apparently but I never heard from anyone Thanks,,provider_communication,0.9351058126893632
F01155,2025-11-03,customer,review,17,,Nice enough but I didn't feel much had been done after ten hours Would appreciate a reply,,workmanship_quality,0.6353193249629694
F01156,2025-10-07,customer,review,19,,"got one text and then silence, no idea if i have a tradesperson or not please sort it out",,provider_communication,0.5081637067559194
F01157,2025-10-15,customer,survey,14,,"Honestly, Snapped at me when I asked a question, made the whole thing uncomfortable",,needs_review,0.4599016149027751
F01158,2026-01-13,customer,support,20,,"Every visit had a clear plan and a recap at the end, finished in 13 days Please sort it out",,workmanship_quality,0.9022084345720904
F01159,2026-02-04,provider,review,16,,"Not happy. My balance went down by 8 and I didn't buy anything, what happened Cheers",,needs_review,0.45957395745333496
F01160,2025-09-19,customer,support,14,,"FYI Was late again by half an hour, third time this month Not impressed",,provider_no_show,0.9396199342285673
F01161,2026-02-08,customer,support,17,,"hi, the ladder he used was visibly damaged, i mentioned it and got shrugged at not impressed",,safety_issue,0.922472266537495
F01162,2025-09-07,provider,support,14,,quick one: customers keep saying they already found someone by the time i call,,lead_quality,0.9196876708115269
F01163,2025-12-14,provider,survey,14,,"Update - Credits not refunded after the customer cancelled, support not replying Otherwise fine",,credits_refund,0.9291454064376689
F01164,2026-02-25,customer,support,26,,"so no dust sheets, no mask, debris left all over a room with a baby in it please sort it out my number is [PHONE]",PHONE,safety_issue,0.9082533161548421
F01165,2026-01-07,provider,review,16,,"Honestly, Map view is blank on my phone since the last update This was in Z26",,app_bug,0.785788927284554
F01166,2026-02-27,customer,survey,16,,Update - Nice enough but I didn't feel much had been done after ten hours Cheers,,workmanship_quality,0.7055913288184109
F01167,2026-01-08,customer,review,26,,"Just to say Two appointments in a row moved at the last minute, I've lost a week This was in Z14 my number is [PHONE]",PHONE,app_bug,0.578840228532645
F01168,2025-12-26,customer,review,15,,"Feedback: Really thorough, explained the whole job clearly and finished ahead of time! Otherwise fine",,workmanship_quality,0.912232499788278
F01169,2025-10-22,customer,support,25,,"FYI Got one text and then silence, no idea if I have a tradesperson or not This was in Z15 my number is [PHONE]",PHONE,provider_communication,0.5544923250649935
F01170,2025-12-06,customer,survey,12,,Not happy. Rates changed after the first day of work without warning,,price_dispute,0.9034509886820731
F01171,2025-09-17,provider,support,14,,FYI Left exposed wiring behind the panel and said it would be fine Thanks,,safety_issue,0.9111177894997051
F01172,2026-02-07,customer,support,17,,"Honestly, Booked a morning slot, waited 40 minutes, nobody came. No explanation Second time this has happened",,provider_no_show,0.8491555945103166
F01173,2025-09-09,customer,review,17,,"so got one text and then silence, no idea if i have a tradesperson or not cheers",,provider_communication,0.5414208902665052
F01174,2026-02-06,customer,support,13,,"So Explains things in a way that actually makes sense, worth every penny",,workmanship_quality,0.9376331269849426
F01175,2025-10-09,customer,support,16,,"hi, booked a morning slot, waited 40 minutes, nobody came. no explanation this was in z20",,provider_no_show,0.9269898523266612
F01176,2025-09-26,customer,review,24,,Quick one: Nice enough but I didn't feel much had been done after ten hours Would appreciate a reply my number is [PHONE],PHONE,workmanship_quality,0.5318329402561635
F01177,2026-01-30,customer,review,16,,"Just to say Spent most of the visit on his phone, barely explained anything Otherwise fine",,workmanship_quality,0.8887666475652077
F01178,2025-12-15,provider,survey,15,,Not happy. Uploaded a new profile photo and it shows sideways Please sort it out,,app_bug,0.8328310202355163
F01179,2025-12-08,customer,survey,22,,"fyi every visit had a clear plan and a recap at the end, finished in 10 days my number is [PHONE]",PHONE,workmanship_quality,0.8961689726887588
F01180,2025-11-17,provider,survey,11,,Map view is blank on my phone since the last update,,app_bug,0.8934183402404787
F01181,2025-11-17,customer,support,19,,"Update - Really thorough, explained the whole job clearly and finished ahead of time! my number is [PHONE]",PHONE,workmanship_quality,0.9217067864708257
F01183,2025-10-30,provider,survey,13,,so notifications arrive hours late so i miss leads this was in z14,,provider_no_show,0.8454862865120726
F01184,2025-12-27,customer,review,13,,Quoted one price then asked for more once the work started Otherwise fine,,price_dispute,0.9362452933569174
F01185,2025-09-19,provider,survey,17,,Not happy. Third enquiry this week where the person says they never filled anything in Not impressed,,needs_review,0.48848181319076955
F01187,2025-10-13,customer,review,10,,nobody got in touch after i filled in the form,,provider_communication,0.9666132545690269
F01188,2025-11-07,customer,support,12,,so paid for the lead apparently but i never heard from anyone,,provider_communication,0.954578939398137
F01189,2026-02-21,customer,survey,21,,"quick one: the ladder he used was visibly damaged, i mentioned it and got shrugged at second time this has happened",,safety_issue,0.8835650498423157
F01191,2026-01-08,provider,review,18,,"Was promised my money back for the fake enquiry, 4 days later still waiting This was in Z01",,provider_no_show,0.8217253440028628
F01192,2025-12-16,provider,review,15,,"Not happy. Getting enquiries from people who want work in three months, not now Cheers",,app_bug,0.5734057263531953
F01194,2026-01-31,provider,support,13,,"Quick one: Charged for a lead I never accepted, please refund Otherwise fine",,credits_refund,0.9321699284637808
F01196,2025-12-08,provider,support,13,,FYI Paid for a lead and the customer's number was disconnected Not impressed,,lead_quality,0.8821333212746256
F01197,2025-09-25,customer,review,15,,"Warning light on the boiler the whole time, was told to ignore it Not impressed",,safety_issue,0.9280190772687728
F01199,2026-01-16,customer,review,16,,"not happy. cancelled on me twice last minute, really unreliable been using the site since november",,provider_no_show,0.8432428106012121
F01200,2025-10-12,customer,review,19,,"Just to say Kept coming back for the same fault each week, no real progress at all Otherwise fine",,workmanship_quality,0.8720451054854125
F01202,2026-01-09,customer,support,15,,So Left exposed wiring behind the panel and said it would be fine Not impressed,,safety_issue,0.9168600001531361
F01204,2025-10-12,provider,support,11,,"Just to say Same customer sent to me twice, charged twice",,price_dispute,0.7437321141795898
F01205,2025-10-10,customer,support,18,,"Hi, Brilliant at talking me through the options, I was dreading this and it was painless Otherwise fine",,needs_review,0.41513898217774103
F01206,2025-12-14,customer,survey,14,,"hi, booked a morning slot, waited 40 minutes, nobody came. no explanation not impressed",,provider_no_show,0.9141837977251945
F01207,2026-01-23,provider,support,18,,"So Can't update my coverage zones, the save button is greyed out Thanks I live near [POSTCODE]",POSTCODE,app_bug,0.8711882218792051
F01208,2025-12-17,provider,review,14,,Quick one: Left exposed wiring behind the panel and said it would be fine,,safety_issue,0.9173885209749848
F01210,2025-09-18,provider,survey,12,,Just to say Notifications arrive hours late so I miss leads Thanks,,provider_no_show,0.6537658276656435
F01211,2025-10-22,customer,survey,19,,"honestly, still waiting for someone to call me back, it's been 11 days thanks my number is [PHONE]",PHONE,provider_communication,0.5858334271942152
F01212,2025-09-07,customer,review,11,,Quoted one price then asked for more once the work started,,price_dispute,0.9467340785589422
F01213,2026-02-05,provider,review,19,,Update - Notifications arrive hours late so I miss leads This was in Z23 I live near [POSTCODE],POSTCODE,provider_no_show,0.7182387814966544
F01214,2025-11-10,provider,support,25,,"hi, was promised my money back for the fake enquiry, 14 days later still waiting been using the site since september email me at [EMAIL]",EMAIL,provider_no_show,0.7881737442790798
F01215,2025-11-05,provider,survey,18,,"Not happy. Was told £34 an hour, invoice came in at £48, no explanation Would appreciate a reply",,price_dispute,0.8386248295899774
F01217,2025-11-06,provider,review,18,,"Someone wanting an installation sent to me, I only do repairs, that's on you This was in Z10",,lead_quality,0.9207665473310522
F01218,2026-01-26,customer,review,14,,Just to say The multi-day discount on the profile turned out not to exist,,needs_review,0.4727766918432973
F01219,2025-12-21,customer,review,19,,Just to say Would be nice to actually get a response from the person I was matched with Cheers,,needs_review,0.3256101041057752
F01221,2025-09-12,provider,support,18,,"just to say can't update my coverage zones, the save button is greyed out would appreciate a reply",,app_bug,0.9585044654407542
F01222,2026-01-18,customer,support,13,,"Feedback: Cancelled on me twice last minute, really unreliable Would appreciate a reply",,provider_no_show,0.854515749176954
F01225,2025-12-04,customer,review,17,,"Hi, He simply didn't show up on Saturday and went quiet afterwards Second time this has happened",,needs_review,0.44641796124093697
F01226,2025-12-09,provider,survey,17,,"update - the customer was actually two counties away, the address must have been typed wrong thanks",,lead_quality,0.7352200428184894
F01227,2025-10-23,provider,survey,19,,"Quick one: Credits not refunded after the customer cancelled, support not replying Not impressed my number is [PHONE]",PHONE,credits_refund,0.9027407524077912
F01228,2025-12-13,provider,review,19,,"Quick one: Login loop on Android, keeps sending me back to the start screen Second time this has happened",,app_bug,0.9175437575178741
F01229,2026-01-09,provider,support,16,,Quick one: Third enquiry this week where the person says they never filled anything in Thanks,,lead_quality,0.6180251747433442
F01230,2025-09-16,customer,review,14,,"Quick one: Cancelled on me twice last minute, really unreliable This was in Z10",,provider_no_show,0.8925201605985469
F01231,2025-10-25,customer,survey,17,,Not happy. Turned up 25 minutes into a one hour slot and still charged the full hour,,price_dispute,0.7637678154109093
F01232,2025-10-27,provider,support,17,,"FYI Credits not refunded after the customer cancelled, support not replying Been using the site since September",,credits_refund,0.8863546796301413
F01233,2026-01-30,provider,support,24,,"Just to say Was promised my money back for the fake enquiry, 11 days later still waiting Otherwise fine my number is [PHONE]",PHONE,needs_review,0.4989969112141087
F01234,2025-10-31,provider,review,16,,fyi the app crashes every time i open the leads tab my number is [PHONE],PHONE,app_bug,0.8931196071235009
F01235,2025-11-02,customer,support,17,,"update - felt rushed, didn't finish the sealing properly before leaving cheers I live near [POSTCODE]",POSTCODE,workmanship_quality,0.8325385888294121
F01237,2026-01-17,customer,support,21,,"Honestly, Quoted one price then asked for more once the work started Please sort it out my number is [PHONE]",PHONE,price_dispute,0.8750579691941268
F01238,2025-12-15,customer,review,14,,"just to say great tradesperson, tidy and methodical, highly recommend this was in z13",,workmanship_quality,0.8645399439674426
F01239,2025-09-03,provider,support,13,,"Honestly, The refund button does nothing, credits just disappeared Would appreciate a reply",,credits_refund,0.8400565987261586
F01240,2025-12-30,customer,support,16,,"Quick one: Cancelled on me twice last minute, really unreliable Been using the site since November",,provider_no_show,0.8640826588026757
F01241,2025-11-14,customer,survey,21,,"Spent most of the visit on his phone, barely explained anything Second time this has happened my number is [PHONE]",PHONE,workmanship_quality,0.8506016620726911
F01242,2026-01-01,customer,review,16,,"was late again by half an hour, third time this month second time this has happened",,provider_no_show,0.8733414665503025
F01243,2025-09-29,customer,support,22,,"Update - Hidden fees for materials and disposal, not mentioned before Been using the site since October I live near [POSTCODE]",POSTCODE,price_dispute,0.7967404457858649
F01244,2025-10-07,customer,review,22,,"Hi, Every visit had a clear plan and a recap at the end, finished in 6 days my number is [PHONE]",PHONE,workmanship_quality,0.9110599022653069
F01245,2026-02-17,provider,support,15,,"Update - Same customer sent to me twice, charged twice Second time this has happened",,price_dispute,0.6770639659928298
F01246,2025-10-17,provider,survey,15,,Feedback: Third enquiry this week where the person says they never filled anything in Thanks,,lead_quality,0.6405887885670156
F01247,2026-01-15,provider,review,10,,"So Cancelled on me twice last minute, really unreliable Cheers",,provider_no_show,0.9283566705574371
F01249,2026-02-22,provider,review,13,,Bought 11 leads this month and only one picked up the phone Cheers,,lead_quality,0.9210381877550586
F01250,2025-11-01,provider,survey,16,,"Just to say My balance went down by 2 and I didn't buy anything, what happened",,needs_review,0.4555117584545376
F01252,2025-12-27,provider,support,15,,"Feedback: Someone wanting an installation sent to me, I only do repairs, that's on you",,lead_quality,0.9407427750271395
F01254,2025-11-28,customer,support,14,,"Quick one: Was told £39 an hour, invoice came in at £49, no explanation",,price_dispute,0.8718318656214378
F01255,2025-09-15,provider,review,22,,"Hi, Lead was from Z27 which I don't even cover, why was it sent to me Been using the site since December",,lead_quality,0.8771438264410383
F01256,2026-01-23,customer,support,9,,"so expensive compared to what was advertised, felt misled",,needs_review,0.48170156410761555
F01257,2026-02-11,customer,survey,16,,"Not happy. Two appointments in a row moved at the last minute, I've lost a week",,app_bug,0.6885371816234583
F01258,2025-09-07,provider,review,13,,map view is blank on my phone since the last update otherwise fine,,app_bug,0.8390356713035836
F01259,2025-11-14,customer,support,20,,"so brilliant at talking me through the options, i was dreading this and it was painless would appreciate a reply",,app_bug,0.6461459170520563
F01260,2025-09-21,provider,support,17,,"Update - Charged for a lead I never accepted, please refund Thanks I live near [POSTCODE]",POSTCODE,credits_refund,0.9077532667378906
F01261,2026-02-24,customer,review,22,,"hi, no dust sheets, no mask, debris left all over a room with a baby in it second time this has happened",,safety_issue,0.9279441471872469
F01262,2026-02-01,customer,survey,10,,"Not happy. Cancelled on me twice last minute, really unreliable",,provider_no_show,0.900156756060492
F01263,2026-02-02,customer,survey,23,,"Quick one: Brilliant at talking me through the options, I was dreading this and it was painless Thanks my number is [PHONE]",PHONE,needs_review,0.4684852832790682
F01265,2025-12-03,provider,support,15,,"Hi, Someone wanting an installation sent to me, I only do repairs, that's on you",,lead_quality,0.930511739922716
F01267,2026-02-25,customer,review,20,,"Honestly, Quoted one price then asked for more once the work started Please sort it out email me at [EMAIL]",EMAIL,price_dispute,0.8763477327113622
F01269,2025-12-23,customer,support,21,,"so every visit had a clear plan and a recap at the end, finished in 5 days please sort it out",,workmanship_quality,0.907351699478661
F01271,2026-01-09,customer,review,18,,"not happy. every visit had a clear plan and a recap at the end, finished in 10 days",,workmanship_quality,0.8789524006729329
F01274,2025-12-02,provider,support,18,,"Was promised my money back for the fake enquiry, 5 days later still waiting Would appreciate a reply",,provider_no_show,0.7655479853536938
F01276,2025-12-23,provider,review,13,,The availability calendar doesn't keep my changes after I close it Otherwise fine,,app_bug,0.7956878518375251
F01277,2025-09-07,customer,review,13,,Not happy. He simply didn't show up on Saturday and went quiet afterwards,,needs_review,0.4493842038182408
F01278,2025-09-22,provider,review,15,,Just to say Two refunds approved by email but nothing showing in the account Cheers,,credits_refund,0.9562367686941807
F01279,2025-11-01,customer,support,14,,"Update - Explains things in a way that actually makes sense, worth every penny",,workmanship_quality,0.9380264207250965
F01280,2025-12-31,provider,review,16,,"not happy. was promised my money back for the fake enquiry, 4 days later still waiting",,provider_no_show,0.7904872877805024
F01281,2025-12-04,customer,support,13,,"so spent most of the visit on his phone, barely explained anything cheers",,workmanship_quality,0.9112250505285077
F01282,2026-02-08,provider,review,10,,"Hi, Notifications arrive hours late so I miss leads Thanks",,provider_no_show,0.7870711016158225
F01283,2025-12-02,customer,survey,18,,"Quick one: Brilliant at talking me through the options, I was dreading this and it was painless Thanks",,needs_review,0.49086078240164477
F01285,2025-12-11,customer,support,10,,"Honestly, Cancelled on me twice last minute, really unreliable Thanks",,provider_no_show,0.9299125586103256
F01286,2025-09-22,provider,support,18,,feedback: top up went through on my card but the balance didn't change second time this has happened,,credits_refund,0.7855785702426132
F01287,2025-12-30,provider,support,14,,"So Charged for a lead I never accepted, please refund Would appreciate a reply",,credits_refund,0.9103907930636254
F01288,2026-01-01,customer,support,20,,"Just to say Was told £33 an hour, invoice came in at £49, no explanation Second time this has happened",,price_dispute,0.808620537043418
F01289,2026-02-14,provider,review,15,,Map view is blank on my phone since the last update Would appreciate a reply,,app_bug,0.9393671516541707
F01290,2026-02-08,provider,survey,19,,Just to say Customers keep saying they already found someone by the time I call This was in Z16,,lead_quality,0.8837733851117845
F01291,2025-10-06,customer,review,17,,"honestly, still waiting for someone to call me back, it's been 14 days this was in z23",,provider_communication,0.5413614553024145
F01292,2026-01-13,customer,review,18,,"Update - Site left spotless and every connection checked, felt genuinely professional Cheers I live near [POSTCODE]",POSTCODE,safety_issue,0.6371615227570093
F01293,2025-09-30,customer,support,15,,"Quick one: Really thorough, explained the whole job clearly and finished ahead of time! Thanks",,workmanship_quality,0.905996373903883
F01294,2025-11-10,provider,support,13,,FYI The multi-day discount on the profile turned out not to exist Cheers,,needs_review,0.4745940644222195
F01295,2025-09-14,customer,support,20,,"hi, would be nice to actually get a response from the person i was matched with this was in z23",,needs_review,0.22188450448145397
F01296,2026-02-22,provider,review,17,,"quick one: can't update my coverage zones, the save button is greyed out this was in z20",,app_bug,0.8813092916724194
F01297,2026-01-13,provider,review,19,,nice enough but i didn't feel much had been done after ten hours thanks my number is [PHONE],PHONE,workmanship_quality,0.7317110699221132
F01298,2025-12-16,customer,survey,16,,"FYI Left me waiting at the property in Z06 all morning, no message nothing Otherwise fine",,provider_no_show,0.5548739957860468
F01299,2025-11-08,customer,review,12,,"So Spent most of the visit on his phone, barely explained anything",,workmanship_quality,0.9281674716769354
F01300,2026-03-01,customer,support,15,,"Warning light on the boiler the whole time, was told to ignore it Otherwise fine",,safety_issue,0.9269768453855379
F01303,2026-02-14,customer,support,16,,FYI Turned up 25 minutes into a one hour slot and still charged the full hour,,price_dispute,0.7298734428215542
F01304,2026-01-31,provider,support,9,,"Charged for a lead I never accepted, please refund",,credits_refund,0.9757655294999449
F01305,2025-11-16,customer,review,14,,"FYI Was late again by half an hour, third time this month Otherwise fine",,provider_no_show,0.9349627023676066
F01306,2025-09-05,customer,review,13,,feedback: he simply didn't show up on saturday and went quiet afterwards cheers,,provider_no_show,0.5787838943390385
F01307,2025-10-09,provider,support,14,,"update - customer never answered, wasted credits again been using the site since january",,lead_quality,0.8189077790543701
F01308,2025-11-16,customer,review,14,,"hi, paid for the lead apparently but i never heard from anyone not impressed",,provider_communication,0.9217336883361518
F01309,2026-01-29,customer,review,22,,so turned up 25 minutes into a one hour slot and still charged the full hour been using the site since january,,price_dispute,0.7614128688688229
F01310,2026-02-03,customer,support,19,,"fyi no dust sheets, no mask, debris left all over a room with a baby in it otherwise fine",,safety_issue,0.945803975159819
F01312,2025-11-23,provider,review,17,,the multi-day discount on the profile turned out not to exist cheers I live near [POSTCODE],POSTCODE,needs_review,0.41572960966725564
F01314,2026-02-28,customer,review,18,,"So Filled in my details twice and heard nothing, is this site even active Would appreciate a reply",,app_bug,0.5265722412945001
F01316,2025-10-18,customer,survey,9,,"FYI Sent three messages, no reply for a week",,provider_communication,0.9493067813040068
F01317,2025-12-10,customer,review,17,,quick one: nobody got in touch after i filled in the form my number is [PHONE],PHONE,provider_communication,0.9317034366240952
F01318,2025-10-25,customer,review,19,,quick one: asked for cash up front for the full job then said the rate had gone up thanks,,price_dispute,0.6968921568061991
F01319,2025-09-29,customer,support,16,,"Hi, Was late again by half an hour, third time this month Would appreciate a reply",,provider_no_show,0.9014235338300455
F01321,2025-09-19,customer,support,23,,"quick one: the ladder he used was visibly damaged, i mentioned it and got shrugged at otherwise fine my number is [PHONE]",PHONE,safety_issue,0.894395523385621
F01323,2026-03-01,customer,review,15,,"Hi, Nobody got in touch after I filled in the form email me at [EMAIL]",EMAIL,provider_communication,0.9353861920190453
F01324,2026-01-12,customer,review,17,,So Left exposed wiring behind the panel and said it would be fine Please sort it out,,safety_issue,0.9021354305632427
F01325,2025-09-23,customer,review,17,,"Warning light on the boiler the whole time, was told to ignore it Would appreciate a reply",,safety_issue,0.917377170402919
F01327,2025-10-01,provider,support,19,,just to say top up went through on my card but the balance didn't change please sort it out,,credits_refund,0.8450140188810931
F01329,2026-02-02,customer,survey,23,,"Just to say Filled in my details twice and heard nothing, is this site even active Not impressed my number is [PHONE]",PHONE,needs_review,0.4140622325177124
F01330,2025-12-04,customer,support,15,,"Feedback: Hidden fees for materials and disposal, not mentioned before Second time this has happened",,price_dispute,0.8378774674895387
F01331,2025-12-18,customer,support,16,,"Brilliant at talking me through the options, I was dreading this and it was painless Thanks",,needs_review,0.4740385307663448
F01332,2025-09-05,customer,review,19,,"Hi, Kept coming back for the same fault each week, no real progress at all This was in Z25",,workmanship_quality,0.8852567926675339
F01333,2025-10-30,customer,support,12,,"so isolation switch didn't seem to work properly, felt unsafe otherwise fine",,safety_issue,0.9151044620180523
F01334,2025-11-30,customer,review,20,,"Update - Sent three messages, no reply for a week Been using the site since December email me at [EMAIL]",EMAIL,provider_communication,0.8738171860023998
F01335,2025-11-20,provider,support,12,,"Getting enquiries from people who want work in three months, not now",,needs_review,0.4629946257026324
F01336,2025-11-24,customer,review,17,,"So Was late again by half an hour, third time this month Second time this has happened",,provider_no_show,0.8714061567138527
F01337,2025-12-04,customer,survey,11,,"Not happy. Expensive compared to what was advertised, felt misled Thanks",,app_bug,0.5686957515006467
F01338,2025-12-24,customer,review,20,,"Quick one: Cancelled on me twice last minute, really unreliable Been using the site since October email me at [EMAIL]",EMAIL,provider_no_show,0.8465435291368795
F01339,2026-02-21,provider,review,17,,"Update - Was promised my money back for the fake enquiry, 9 days later still waiting Thanks",,provider_no_show,0.8373983597876399
F01340,2026-01-20,provider,support,11,,"FYI Customer never answered, wasted credits again This was in Z04",,lead_quality,0.8506636150956652
F01341,2026-02-08,customer,review,12,,Left exposed wiring behind the panel and said it would be fine,,safety_issue,0.9312356647021051
F01342,2026-02-26,customer,support,17,,"So Explains things in a way that actually makes sense, worth every penny This was in Z22",,workmanship_quality,0.8955085176146993
F01343,2026-01-24,customer,support,10,,"Site left spotless and every connection checked, felt genuinely professional",,safety_issue,0.6616395895032663
F01344,2025-09-22,customer,support,17,,"FYI Explains things in a way that actually makes sense, worth every penny This was in Z12",,workmanship_quality,0.9107814521209681
F01345,2025-10-08,provider,review,11,,feedback: notifications arrive hours late so i miss leads otherwise fine,,provider_no_show,0.8197748129458559
F01346,2025-09-07,provider,review,14,,"Login loop on Android, keeps sending me back to the start screen Not impressed",,app_bug,0.8585486418174872
F01347,2026-01-05,provider,support,16,,quick one: paid for a lead and the customer's number was disconnected would appreciate a reply,,lead_quality,0.8469499070268252
F01349,2025-09-04,provider,review,12,,"Customer never answered, wasted credits again Cheers I live near [POSTCODE]",POSTCODE,lead_quality,0.8291809280902064
F01350,2025-10-06,customer,support,18,,Update - Would be nice to actually get a response from the person I was matched with Cheers,,needs_review,0.3644050393798009
F01351,2025-10-23,provider,support,13,,"requested a refund for a dead lead 2 weeks ago, still nothing thanks",,lead_quality,0.7950567393031577
F01352,2025-11-09,customer,review,16,,"quick one: kept coming back for the same fault each week, no real progress at all",,workmanship_quality,0.8978871901106743
F01353,2026-02-04,provider,support,14,,"honestly, customer never answered, wasted credits again otherwise fine I live near [POSTCODE]",POSTCODE,lead_quality,0.8215583151725284
F01354,2025-11-08,customer,review,17,,"Just to say Kept coming back for the same fault each week, no real progress at all",,workmanship_quality,0.893411713930275
F01355,2025-10-11,provider,survey,14,,"feedback: login loop on android, keeps sending me back to the start screen cheers",,app_bug,0.8253141905993898
F01356,2025-12-21,customer,survey,19,,"Update - Brilliant at talking me through the options, I was dreading this and it was painless Otherwise fine",,needs_review,0.4563392880376825
F01357,2025-09-09,customer,support,15,,"So Was told £35 an hour, invoice came in at £44, no explanation Not impressed",,price_dispute,0.8667827865755295
F01359,2026-01-27,provider,survey,15,,"Not happy. Charged for a lead I never accepted, please refund Would appreciate a reply",,credits_refund,0.9055565730418671
F01360,2025-10-10,customer,support,17,,"Honestly, Left exposed wiring behind the panel and said it would be fine Would appreciate a reply",,safety_issue,0.8774088416796332
F01361,2026-01-25,customer,review,18,,"feedback: really thorough, explained the whole job clearly and finished ahead of time! second time this has happened",,workmanship_quality,0.8777994617117674
F01362,2025-09-26,customer,review,14,,feedback: nice enough but i didn't feel much had been done after ten hours,,workmanship_quality,0.7517547128400858
F01363,2025-10-06,customer,support,23,,"So No dust sheets, no mask, debris left all over a room with a baby in it Been using the site since September",,safety_issue,0.9229340309055271
F01366,2025-12-11,provider,support,17,,Third enquiry this week where the person says they never filled anything in Would appreciate a reply,,needs_review,0.4534175350763707
F01367,2026-01-25,customer,review,16,,"FYI Was late again by half an hour, third time this month Please sort it out",,provider_no_show,0.9143998587672744
F01368,2025-11-19,provider,survey,17,,"Feedback: Getting enquiries from people who want work in three months, not now Please sort it out",,needs_review,0.4116001481774749
F01370,2025-10-17,customer,survey,14,,"Hi, Provider [NAME] didn't turn up for the first visit and never called [NAME]",NAME,provider_no_show,0.8899617764728092
F01371,2025-09-15,provider,support,17,,Just to say Notifications arrive hours late so I miss leads Been using the site since October,,provider_no_show,0.6308684797077159
F01372,2025-12-29,customer,survey,21,,"Just to say Every visit had a clear plan and a recap at the end, finished in 9 days Not impressed",,workmanship_quality,0.9054342620324342
F01373,2026-01-03,customer,support,11,,"Booked a morning slot, waited 40 minutes, nobody came. No explanation",,provider_no_show,0.9404899575421982
F01374,2025-09-10,provider,review,10,,"so charged for a lead i never accepted, please refund",,credits_refund,0.9604083996295095
F01375,2025-09-17,customer,support,11,,"Honestly, Cancelled on me twice last minute, really unreliable Not impressed",,provider_no_show,0.9022255573674588
F01376,2025-09-11,customer,support,9,,"Great tradesperson, tidy and methodical, highly recommend Otherwise fine",,workmanship_quality,0.9395165275368113
F01377,2025-12-27,provider,survey,15,,not happy. uploaded a new profile photo and it shows sideways this was in z22,,app_bug,0.788138085234685
F01380,2025-09-15,customer,survey,20,,"Explains things in a way that actually makes sense, worth every penny Would appreciate a reply email me at [EMAIL]",EMAIL,workmanship_quality,0.8401578734862482
F01381,2025-12-14,provider,support,15,,"Not happy. Requested a refund for a dead lead 2 weeks ago, still nothing Thanks",,lead_quality,0.7390861716800713
F01382,2025-12-19,customer,support,17,,"Not happy. Isolation switch didn't seem to work properly, felt unsafe Been using the site since November",,safety_issue,0.8798498977818494
F01383,2025-09-12,customer,support,13,,"Filled in my details twice and heard nothing, is this site even active",,needs_review,0.4812048039081705
F01384,2025-10-31,customer,support,22,,"brilliant at talking me through the options, i was dreading this and it was painless not impressed I live near [POSTCODE]",POSTCODE,needs_review,0.455323217566441
F01385,2025-12-11,customer,support,16,,"Quick one: Was told £39 an hour, invoice came in at £49, no explanation Otherwise fine",,price_dispute,0.8638494915888789
F01386,2026-01-07,provider,review,20,,The availability calendar doesn't keep my changes after I close it Would appreciate a reply my number is [PHONE],PHONE,app_bug,0.9162459035267904
F01388,2025-12-16,customer,review,18,,"hi, really thorough, explained the whole job clearly and finished ahead of time! second time this has happened",,workmanship_quality,0.8816809587554755
F01389,2025-11-01,provider,support,15,,"was promised my money back for the fake enquiry, 3 days later still waiting thanks",,provider_no_show,0.8446102896467483
F01390,2025-11-26,customer,survey,17,,"Hi, Site left spotless and every connection checked, felt genuinely professional Been using the site since December",,safety_issue,0.6479075199558787
F01391,2025-10-07,provider,survey,15,,Not happy. Map view is blank on my phone since the last update Not impressed,,app_bug,0.9103399460738782
F01392,2026-02-09,customer,review,20,,"Feedback: Got one text and then silence, no idea if I have a tradesperson or not This was in Z09",,provider_communication,0.5233501395584778
F01394,2025-10-28,provider,review,16,,Top up went through on my card but the balance didn't change This was in Z21,,credits_refund,0.8115067636428349
F01395,2025-12-10,provider,support,13,,"my balance went down by 4 and i didn't buy anything, what happened",,needs_review,0.44201559417963043
F01396,2025-10-13,customer,support,19,,"Feedback: Explains things in a way that actually makes sense, worth every penny Been using the site since December",,workmanship_quality,0.9116796144707195
F01397,2025-09-15,provider,review,20,,"Snapped at me when I asked a question, made the whole thing uncomfortable Otherwise fine I live near [POSTCODE]",POSTCODE,workmanship_quality,0.5208815219922185
F01399,2025-10-01,customer,support,18,,"so explains things in a way that actually makes sense, worth every penny I live near [POSTCODE]",POSTCODE,workmanship_quality,0.9274881294727458
F01401,2025-12-17,provider,survey,12,,Update - Uploaded a new profile photo and it shows sideways Cheers,,app_bug,0.7960501153879371
F01402,2026-02-22,customer,survey,21,,"FYI Felt rushed, didn't finish the sealing properly before leaving Been using the site since September my number is [PHONE]",PHONE,workmanship_quality,0.8460188526590533
F01403,2026-02-27,provider,support,11,,The availability calendar doesn't keep my changes after I close it,,app_bug,0.8641413361023496
F01405,2026-01-13,customer,support,16,,"Hi, Spent most of the visit on his phone, barely explained anything This was in Z16",,workmanship_quality,0.8938846373798319
F01408,2026-01-04,customer,support,13,,"Sent three messages, no reply for a week Second time this has happened",,provider_communication,0.9148070732220314
F01409,2025-12-04,provider,survey,16,,"Hi, The availability calendar doesn't keep my changes after I close it Please sort it out",,app_bug,0.8135679665251587
F01410,2025-11-07,provider,survey,13,,Just to say Notifications arrive hours late so I miss leads Otherwise fine,,provider_no_show,0.6597395706789448
F01411,2026-01-13,customer,survey,20,,"Update - Left me waiting at the property in Z25 all morning, no message nothing Thanks email me at [EMAIL]",EMAIL,provider_no_show,0.5291174260170832
F01412,2025-12-06,provider,support,18,,"Update - Login loop on Android, keeps sending me back to the start screen Please sort it out",,app_bug,0.8296590671672137
F01413,2025-12-14,customer,review,20,,"honestly, nobody got in touch after i filled in the form this was in z28 I live near [POSTCODE]",POSTCODE,provider_communication,0.8733127737443557
F01415,2026-01-16,customer,review,17,,so asked for cash up front for the full job then said the rate had gone up,,price_dispute,0.7188273464927349
F01416,2025-09-30,provider,survey,14,,"Not happy. Can't update my coverage zones, the save button is greyed out Thanks",,app_bug,0.9545735599299525
F01417,2025-09-02,provider,review,18,,"Hi, Provider [NAME] didn't turn up for the first visit and never called [NAME] time this has happened",NAME,provider_no_show,0.8477954440819507
F01418,2026-02-25,provider,support,19,,"Was promised my money back for the fake enquiry, 9 days later still waiting Second time this has happened",,provider_no_show,0.7032506632145419
F01419,2026-01-01,customer,support,19,,"Not happy. Snapped at me when I asked a question, made the whole thing uncomfortable Please sort it out",,app_bug,0.6335804187123203
F01420,2025-10-11,customer,review,15,,"Hi, Expensive compared to what was advertised, felt misled Been using the site since December",,price_dispute,0.5281841425523555
F01421,2026-01-04,provider,survey,16,,Customers keep saying they already found someone by the time I call Please sort it out,,lead_quality,0.9158983331676731
F01422,2026-02-12,provider,support,23,,"Update - Someone wanting an installation sent to me, I only do repairs, that's on you Otherwise fine my number is [PHONE]",PHONE,lead_quality,0.8945756079175851
F01423,2025-10-29,customer,survey,16,,FYI Paid for the lead apparently but I never heard from anyone Please sort it out,,provider_communication,0.9192570892847713
F01424,2025-12-05,customer,survey,15,,"Feedback: Was told £32 an hour, invoice came in at £42, no explanation Otherwise fine",,price_dispute,0.8583840487934866
F01425,2025-09-18,provider,survey,15,,"feedback: requested a refund for a dead lead 2 weeks ago, still nothing otherwise fine",,lead_quality,0.7869657028872422
F01426,2025-09-20,provider,support,18,,"so can't update my coverage zones, the save button is greyed out been using the site since october",,app_bug,0.8538369223900053
F01427,2025-12-18,provider,support,19,,"Just to say Lead was from Z02 which I don't even cover, why was it sent to me Cheers",,lead_quality,0.9079976077177229
F01428,2025-10-02,provider,review,11,,uploaded a new profile photo and it shows sideways otherwise fine,,app_bug,0.7407364117270946
F01429,2025-11-27,provider,review,16,,"Honestly, Filled in my details twice and heard nothing, is this site even active Otherwise fine",,provider_communication,0.5337128791882876
F01430,2025-12-18,customer,support,14,,"hi, cancelled on me twice last minute, really unreliable my number is [PHONE]",PHONE,provider_no_show,0.8633693816581348
F01431,2025-09-18,provider,support,14,,Update - Map view is blank on my phone since the last update Thanks,,app_bug,0.8857200692932253
F01433,2025-10-19,provider,survey,12,,Bought 5 leads this month and only one picked up the phone,,lead_quality,0.9548947668166216
F01434,2025-10-20,provider,support,21,,just to say bought 7 leads this month and only one picked up the phone been using the site since november,,lead_quality,0.8678043205305048
F01435,2025-12-26,provider,review,16,,Just to say Bought 13 leads this month and only one picked up the phone Cheers,,lead_quality,0.8921894403150372
F01436,2025-11-22,provider,support,17,,"so login loop on android, keeps sending me back to the start screen please sort it out",,app_bug,0.8144666091080184
F01438,2026-01-03,provider,review,19,,"Lead was from Z12 which I don't even cover, why was it sent to me Would appreciate a reply",,lead_quality,0.9181855340288732
F01440,2025-09-14,provider,review,17,,"Not happy. Booked a morning slot, waited 40 minutes, nobody came. No explanation This was in Z02",,provider_no_show,0.9043467257094593
F01442,2025-09-10,provider,survey,12,,"login loop on android, keeps sending me back to the start screen",,app_bug,0.8595195994335074
F01443,2025-12-29,customer,review,18,,"Every visit had a clear plan and a recap at the end, finished in 14 days Otherwise fine",,workmanship_quality,0.9044187247892647
F01444,2025-11-04,provider,support,14,,Update - Rates changed after the first day of work without warning Not impressed,,price_dispute,0.9171046304005139
F01445,2025-11-01,customer,review,18,,"Feedback: Snapped at me when I asked a question, made the whole thing uncomfortable This was in Z10",,workmanship_quality,0.5681125895309979
F01446,2025-12-29,customer,review,20,,FYI Turned up 25 minutes into a one hour slot and still charged the full hour Would appreciate a reply,,price_dispute,0.6931869579362081
F01447,2026-01-17,provider,support,11,,"hi, the refund button does nothing, credits just disappeared otherwise fine",,credits_refund,0.8976867419318554
F01448,2025-10-30,customer,support,15,,"FYI Still waiting for someone to call me back, it's been 4 days Otherwise fine",,provider_communication,0.6226576681744445
F01451,2026-01-24,provider,review,22,,"Not happy. Lead was from Z17 which I don't even cover, why was it sent to me Second time this has happened",,lead_quality,0.8658232100037688
F01452,2026-02-14,customer,support,16,,"Kept coming back for the same fault each week, no real progress at all Otherwise fine",,workmanship_quality,0.905088316231354
F01453,2025-10-23,customer,review,9,,"Honestly, Cancelled on me twice last minute, really unreliable",,provider_no_show,0.9274895024037981
F01454,2026-01-03,provider,review,19,,"Just to say Was promised my money back for the fake enquiry, 7 days later still waiting Otherwise fine",,provider_no_show,0.6128811993292097
F01456,2026-02-26,provider,support,17,,"FYI Login loop on Android, keeps sending me back to the start screen Please sort it out",,app_bug,0.8017916760260947
F01457,2026-01-29,provider,review,18,,Feedback: Notifications arrive hours late so I miss leads Please sort it out my number is [PHONE],PHONE,provider_no_show,0.6370491897488831
F01458,2025-09-13,customer,support,15,,Just to say Provider bought my lead but never contacted me Would appreciate a reply,,provider_communication,0.9028288360575301
F01460,2025-12-10,provider,review,14,,So Uploaded a new profile photo and it shows sideways This was in Z24,,app_bug,0.6268346694019795
F01461,2025-10-29,customer,review,17,,not happy. quoted one price then asked for more once the work started would appreciate a reply,,price_dispute,0.8773117029162781
F01462,2025-10-11,provider,support,12,,"hi, two refunds approved by email but nothing showing in the account",,credits_refund,0.944872529064809
F01463,2025-09-18,customer,support,19,,"Filled in my details twice and heard nothing, is this site even active Thanks my number is [PHONE]",PHONE,needs_review,0.48880539444045945
F01464,2025-12-22,customer,survey,17,,"Hi, Brilliant at talking me through the options, I was dreading this and it was painless Cheers",,needs_review,0.46711229168140944
F01465,2026-01-26,provider,review,12,,"Just to say Expensive compared to what was advertised, felt misled Cheers",,needs_review,0.402103587350283
F01466,2025-11-22,provider,support,20,,"The customer was actually two counties away, the address must have been typed wrong Thanks I live near [POSTCODE]",POSTCODE,lead_quality,0.6974805792572656
F01467,2026-01-22,customer,support,15,,Update - The multi-day discount on the profile turned out not to exist Not impressed,,needs_review,0.4585526874581075
F01469,2026-01-30,provider,support,19,,"FYI Charged for a lead I never accepted, please refund Please sort it out my number is [PHONE]",PHONE,credits_refund,0.8983191297334016
F01471,2025-12-01,provider,support,13,,"Can't update my coverage zones, the save button is greyed out Otherwise fine",,app_bug,0.9130364914834856
F01472,2025-10-21,customer,support,18,,Just to say Would be nice to actually get a response from the person I was matched with,,needs_review,0.33369628448444555
F01474,2025-09-01,customer,review,17,,"Update - The ladder he used was visibly damaged, I mentioned it and got shrugged at Thanks",,safety_issue,0.9280217701155735
F01475,2025-12-24,customer,review,19,,"Sent three messages, no reply for a week Been using the site since October my number is [PHONE]",PHONE,provider_communication,0.8823410924401268
F01476,2025-11-24,customer,support,16,,"feedback: spent most of the visit on his phone, barely explained anything please sort it out",,workmanship_quality,0.9049721732702344
F01477,2025-11-20,provider,support,18,,"Quick one: Two appointments in a row moved at the last minute, I've lost a week Otherwise fine",,app_bug,0.5987214356998876
F01478,2025-11-11,provider,support,17,,Not happy. Paid for a lead and the customer's number was disconnected Thanks email me at [EMAIL],EMAIL,lead_quality,0.8124860635771466
F01480,2026-01-22,provider,support,16,,"Quick one: Requested a refund for a dead lead 2 weeks ago, still nothing Not impressed",,lead_quality,0.7703273245118988
F01481,2025-11-01,customer,support,18,,"Filled in my details twice and heard nothing, is this site even active Second time this has happened",,app_bug,0.5898542966454191
F01482,2026-02-23,customer,review,24,,Quick one: Provider [NAME] didn't turn up for the first visit and never called [NAME] using the site since January email me at [EMAIL],"EMAIL,NAME",provider_no_show,0.827805973320473
F01484,2026-01-24,provider,support,12,,"Not happy. Charged for a lead I never accepted, please refund Thanks",,credits_refund,0.9470350270035863
F01485,2026-01-27,provider,survey,19,,"Someone wanting an installation sent to me, I only do repairs, that's on you Second time this has happened",,lead_quality,0.8950938079310083
F01486,2025-09-11,provider,support,15,,"So Someone wanting an installation sent to me, I only do repairs, that's on you",,lead_quality,0.9262070260885826
F01487,2025-11-26,provider,support,14,,Quick one: Price on the profile said £33 but he charged £44 per hour,,price_dispute,0.942078050386732
F01488,2026-01-18,customer,review,13,,"Spent most of the visit on his phone, barely explained anything Otherwise fine",,workmanship_quality,0.9242031482763557
F01490,2026-01-19,provider,support,18,,FYI The availability calendar doesn't keep my changes after I close it Thanks my number is [PHONE],PHONE,app_bug,0.7902942474340399
F01491,2025-10-16,provider,survey,16,,"just to say login loop on android, keeps sending me back to the start screen cheers",,app_bug,0.8373549193607553
F01492,2025-09-21,customer,support,12,,"update - sent three messages, no reply for a week otherwise fine",,provider_communication,0.9290967050386358
F01493,2025-12-27,provider,support,13,,FYI Top up went through on my card but the balance didn't change,,credits_refund,0.844041935265473
F01495,2025-11-10,provider,review,18,,feedback: third enquiry this week where the person says they never filled anything in please sort it out,,lead_quality,0.6241164585585252
F01496,2026-01-16,customer,review,17,,"feedback: lovely clean job, everything tested and certified before he left cheers my number is [PHONE]",PHONE,safety_issue,0.8872997958055648
F01497,2025-11-30,customer,review,14,,Just to say Paid for the lead apparently but I never heard from anyone,,provider_communication,0.9471105291821594
F01498,2026-02-11,provider,support,19,,Quick one: Map view is blank on my phone since the last update Been using the site since October,,app_bug,0.7710448555106663
F01499,2025-10-14,customer,support,22,,"Not happy. Every visit had a clear plan and a recap at the end, finished in 7 days Please sort it out",,workmanship_quality,0.8828137101167601
